# Blender 4.4.0
# www.blender.org
mtllib Beanstalk.mtl
o Beanstalk
v 0.285567 -3.998335 0.146595
v 0.185707 -4.101405 0.146595
v 0.085846 -3.998335 0.146595
v 0.044482 -3.749500 0.146595
v 0.085846 -3.500668 0.146595
v 0.185889 -3.397595 0.146440
v 0.285567 -3.500668 0.146595
v 0.326931 -3.749500 0.146595
v 0.179160 -3.855850 -0.117629
v 0.107170 -3.958920 -0.048423
v 0.035180 -3.855850 0.020784
v 0.005361 -3.607018 0.049450
v 0.035793 -3.358183 0.020145
v 0.109318 -3.255112 -0.049596
v 0.180153 -3.358183 -0.117872
v 0.208980 -3.607018 -0.146296
v -0.080665 -3.713367 -0.234367
v -0.084601 -3.816437 -0.134584
v -0.088537 -3.713367 -0.034801
v -0.090166 -3.464534 0.006531
v -0.085963 -3.215698 -0.038072
v -0.078523 -3.112630 -0.140166
v -0.077020 -3.215698 -0.237006
v -0.079035 -3.464534 -0.275698
v -0.348878 -3.570883 -0.138456
v -0.282562 -3.673952 -0.063795
v -0.216246 -3.570883 0.010867
v -0.188059 -3.322047 0.040168
v -0.211546 -3.073216 0.001305
v -0.273542 -2.970147 -0.079450
v -0.342445 -3.073216 -0.148668
v -0.375563 -3.322047 -0.170604
v -0.475765 -3.428398 0.116567
v -0.376215 -3.531471 0.124432
v -0.276664 -3.428398 0.132297
v -0.234142 -3.179565 0.129686
v -0.272383 -2.930732 0.112977
v -0.369922 -2.827660 0.094223
v -0.471424 -2.930732 0.093232
v -0.515855 -3.179565 0.106550
v -0.391160 -3.285916 0.385331
v -0.313437 -3.388986 0.323927
v -0.236162 -3.285916 0.258927
v -0.203748 -3.037081 0.223632
v -0.236322 -2.788249 0.232861
v -0.317713 -2.685177 0.282733
v -0.397376 -2.788249 0.352743
v -0.426113 -3.037081 0.399278
v -0.145137 -3.143431 0.518627
v -0.130458 -3.246501 0.422602
v -0.118405 -3.143431 0.320703
v -0.113749 -2.894600 0.269109
v -0.122818 -2.645764 0.294207
v -0.145767 -2.542695 0.383887
v -0.162711 -2.645764 0.490317
v -0.159005 -2.894600 0.548307
v 0.127677 -3.000949 0.446330
v 0.071408 -3.104017 0.367002
v 0.012396 -3.000949 0.283383
v -0.011569 -2.752113 0.239783
v 0.009906 -2.503282 0.262044
v 0.058188 -2.400210 0.343117
v 0.111132 -2.503282 0.433900
v 0.143108 -2.752113 0.475781
v 0.282659 -2.858464 0.207180
v 0.184168 -2.961535 0.187704
v 0.087256 -2.858464 0.165871
v 0.050533 -2.609630 0.148204
v 0.095407 -2.360795 0.149031
v 0.192368 -2.257725 0.176939
v 0.286015 -2.360795 0.208789
v 0.324230 -2.609630 0.218122
v 0.239134 -2.715979 -0.073930
v 0.149288 -2.819053 -0.020895
v 0.068039 -2.715979 0.028189
v 0.042122 -2.467148 0.038208
v 0.091918 -2.218313 0.008234
v 0.189682 -2.115242 -0.035527
v 0.272504 -2.218313 -0.075174
v 0.290465 -2.467148 -0.094448
v 0.021786 -2.573497 -0.251025
v -0.012615 -2.676566 -0.150848
v -0.032915 -2.573497 -0.061023
v -0.030031 -2.324663 -0.037929
v 0.003843 -2.075828 -0.093435
v 0.053327 -1.972758 -0.190298
v 0.078228 -2.075828 -0.275304
v 0.060188 -2.324663 -0.301664
v -0.250785 -2.431014 -0.235582
v -0.212918 -2.534083 -0.138305
v -0.160045 -2.431014 -0.060137
v -0.125610 -2.182180 -0.046756
v -0.119847 -1.933346 -0.110104
v -0.141981 -1.830275 -0.213698
v -0.191026 -1.933346 -0.293150
v -0.241225 -2.182180 -0.300166
v -0.432507 -2.288530 -0.045197
v -0.344043 -2.391601 0.002444
v -0.244764 -2.288530 0.023497
v -0.192460 -2.039696 0.009203
v -0.212014 -1.790862 -0.041076
v -0.291262 -1.687792 -0.102975
v -0.391035 -1.790862 -0.130428
v -0.452576 -2.039696 -0.101839
v -0.430768 -2.146044 0.211552
v -0.338063 -2.249115 0.190274
v -0.242092 -2.146044 0.139658
v -0.194064 -1.897211 0.094275
v -0.223181 -1.648378 0.070862
v -0.317087 -1.545308 0.076268
v -0.420325 -1.648378 0.118474
v -0.467177 -1.897211 0.179750
v -0.249047 -2.003561 0.399524
v -0.198688 -2.106632 0.324088
v -0.152106 -2.003561 0.223551
v -0.127044 -1.754727 0.159471
v -0.145042 -1.505893 0.163727
v -0.205530 -1.402825 0.229273
v -0.266059 -1.505893 0.324618
v -0.281028 -1.754727 0.398605
v 0.024537 -1.861078 0.422992
v 0.006225 -1.964149 0.333062
v -0.017194 -1.861078 0.228092
v -0.021168 -1.612245 0.166690
v -0.011947 -1.363410 0.186418
v -0.006774 -1.260339 0.277199
v 0.000643 -1.363410 0.385213
v 0.017729 -1.612245 0.445781
v 0.259829 -1.718595 0.263437
v 0.178422 -1.821664 0.206736
v 0.099103 -1.718595 0.144955
v 0.075265 -1.469759 0.106024
v 0.115401 -1.220927 0.121134
v 0.187844 -1.117856 0.189006
v 0.256853 -1.220927 0.262049
v 0.289645 -1.469759 0.289810
v 0.339850 -1.576110 -0.010007
v 0.233573 -1.679180 0.000395
v 0.141701 -1.576110 0.008705
v 0.117932 -1.327276 0.000851
v 0.177108 -1.078443 -0.007132
v 0.283638 -0.975372 -0.001466
v 0.375759 -1.078443 0.003142
v 0.399217 -1.327276 -0.005126
v 0.222034 -1.433627 -0.264242
v 0.144862 -1.536698 -0.187449
v 0.092021 -1.433627 -0.118185
v 0.088973 -1.184793 -0.102023
v 0.144729 -0.935959 -0.139360
v 0.231594 -0.832889 -0.203173
v 0.292800 -0.935959 -0.265668
v 0.286218 -1.184793 -0.294879
v -0.028294 -1.291142 -0.371175
v -0.037996 -1.394212 -0.265487
v -0.020224 -1.291142 -0.176813
v 0.007876 -1.042309 -0.155766
v 0.039458 -0.793476 -0.212036
v 0.062786 -0.690405 -0.313803
v 0.055283 -0.793476 -0.404849
v 0.013659 -1.042309 -0.429949
v -0.273177 -1.148659 -0.284573
v -0.214411 -1.251729 -0.201811
v -0.131985 -1.148659 -0.144167
v -0.078351 -0.899825 -0.138799
v -0.078325 -0.650992 -0.192808
v -0.127018 -0.547921 -0.280937
v -0.202549 -0.650992 -0.348412
v -0.266088 -0.899825 -0.348641
v -0.384805 -1.006176 -0.061293
v -0.291175 -1.109246 -0.038387
v -0.181845 -1.006176 -0.044310
v -0.120815 -0.757341 -0.065660
v -0.143212 -0.508508 -0.097307
v -0.235058 -0.405438 -0.129542
v -0.343522 -0.508508 -0.137516
v -0.406353 -0.757341 -0.106861
v -0.309150 -0.863692 0.181279
v -0.228476 -0.966762 0.137390
v -0.141406 -0.863692 0.067753
v -0.093659 -0.614858 0.022098
v -0.118579 -0.366024 0.021901
v -0.205098 -0.262954 0.059050
v -0.298385 -0.366024 0.115960
v -0.340295 -0.614858 0.168329
v -0.079266 -0.721208 0.324162
v -0.052624 -0.824278 0.236332
v -0.025564 -0.721208 0.132193
v -0.005527 -0.472374 0.076673
v -0.012284 -0.223540 0.101923
v -0.048139 -0.120470 0.188990
v -0.085914 -0.223540 0.287118
v -0.096746 -0.472374 0.343380
v 0.201949 -0.578724 0.290387
v 0.157148 -0.681794 0.203429
v 0.113918 -0.578724 0.111456
v 0.104371 -0.329890 0.065877
v 0.126893 -0.081057 0.097636
v 0.163301 0.022014 0.189205
v 0.197765 -0.081057 0.284000
v 0.215702 -0.329890 0.324960
v 0.396030 -0.436240 0.081453
v 0.299063 -0.539311 0.044569
v 0.210410 -0.436240 0.008881
v 0.183304 -0.187407 -0.010298
v 0.229343 0.061427 0.005045
v 0.321109 0.164497 0.049347
v 0.408523 0.061427 0.092239
v 0.440909 -0.187407 0.104015
v 0.395229 -0.293757 -0.202662
v 0.298112 -0.396827 -0.165183
v 0.215470 -0.293757 -0.127693
v 0.191591 -0.044923 -0.115946
v 0.239861 0.203911 -0.130316
v 0.338138 0.306981 -0.160200
v 0.428006 0.203911 -0.191940
v 0.451263 -0.044923 -0.211565
v 0.198817 -0.151273 -0.407062
v 0.156215 -0.254343 -0.315490
v 0.128842 -0.151273 -0.228187
v 0.126735 0.097561 -0.196173
v 0.153271 0.346395 -0.234708
v 0.201247 0.449465 -0.322616
v 0.238657 0.346395 -0.410053
v 0.237097 0.097561 -0.446120
v -0.077647 -0.008789 -0.421874
v -0.044102 -0.111859 -0.327981
v 0.001333 -0.008789 -0.240893
v 0.026894 0.240045 -0.208691
v 0.018501 0.488879 -0.249956
v -0.013442 0.591949 -0.343687
v -0.052855 0.488879 -0.434177
v -0.079374 0.240045 -0.466859
v -0.280146 0.133695 -0.248877
v -0.191429 0.030624 -0.202238
v -0.095202 0.133695 -0.162270
v -0.051254 0.382528 -0.148417
v -0.087047 0.631362 -0.169429
v -0.178969 0.734433 -0.214742
v -0.270424 0.631362 -0.259497
v -0.311027 0.382528 -0.274788
v -0.305177 0.276179 0.014641
v -0.208192 0.173108 -0.008368
v -0.107590 0.276179 -0.036437
v -0.064280 0.525012 -0.048995
v -0.106144 0.773846 -0.038369
v -0.204980 0.876916 -0.014361
v -0.303947 0.773846 0.011576
v -0.344224 0.525012 0.020992
v -0.140107 0.418662 0.234880
v -0.084069 0.315592 0.153579
v -0.027390 0.418662 0.069882
v -0.004108 0.667496 0.035816
v -0.027655 0.916330 0.070336
v -0.084069 1.019400 0.153579
v -0.140107 0.916330 0.234880
v -0.163441 0.667496 0.269034
v 0.137475 0.561146 0.294556
v 0.121981 0.458076 0.196234
v 0.106041 0.561146 0.097961
v 0.098632 0.809980 0.057894
v 0.104843 1.058814 0.099309
v 0.121407 1.161884 0.198070
v 0.137858 1.058814 0.295510
v 0.143847 0.809980 0.335426
v 0.382155 0.703630 0.148718
v 0.302317 0.600560 0.088165
v 0.222225 0.703630 0.027984
v 0.188094 0.952464 0.003451
v 0.220251 1.201297 0.028411
v 0.300129 1.304368 0.087690
v 0.381461 1.201297 0.147880
v 0.415073 0.952464 0.173766
v 0.453158 0.846114 -0.128180
v 0.355334 0.743043 -0.115240
v 0.255146 0.846114 -0.102905
v 0.212894 1.094947 -0.097488
v 0.249111 1.343781 -0.102634
v 0.344769 1.446851 -0.117664
v 0.447087 1.343781 -0.131154
v 0.493387 1.094947 -0.133897
v 0.299327 0.988597 -0.377747
v 0.242684 0.885527 -0.298715
v 0.183295 0.988597 -0.220309
v 0.154412 1.237431 -0.186928
v 0.168663 1.486265 -0.217403
v 0.218527 1.589335 -0.297060
v 0.279855 1.486265 -0.378435
v 0.316353 1.237431 -0.411227
v 0.005159 1.131081 -0.446920
v 0.028581 1.028011 -0.351942
v 0.045333 1.131081 -0.254841
v 0.044257 1.379915 -0.210930
v 0.022370 1.628748 -0.243933
v -0.009217 1.731820 -0.335314
v -0.025950 1.628748 -0.434263
v -0.016921 1.379915 -0.481682
v -0.252133 1.273565 -0.294762
v -0.161749 1.170494 -0.244245
v -0.079481 1.273565 -0.185558
v -0.055048 1.522398 -0.153413
v -0.105127 1.771232 -0.163436
v -0.201001 1.874302 -0.206602
v -0.283010 1.771232 -0.263086
v -0.301962 1.522398 -0.302642
v -0.325658 1.416049 -0.020926
v -0.220688 1.312978 -0.042819
v -0.121494 1.416049 -0.052240
v -0.088435 1.664883 -0.046576
v -0.142503 1.913716 -0.022257
v -0.248573 2.016786 0.011361
v -0.344712 1.913716 0.026980
v -0.377041 1.664883 0.010788
v -0.188881 1.558533 0.227029
v -0.123532 1.455462 0.143330
v -0.059765 1.558533 0.069858
v -0.040453 1.807367 0.049580
v -0.073829 2.056201 0.099620
v -0.132880 2.159270 0.192884
v -0.188401 2.056201 0.268987
v -0.214000 1.807367 0.281187
v 0.082497 1.701017 0.313582
v 0.075630 1.597945 0.210668
v 0.067842 1.701017 0.114203
v 0.057126 1.949850 0.082589
v 0.055796 2.198684 0.135200
v 0.073011 2.301754 0.238458
v 0.090662 2.198684 0.332054
v 0.091042 1.949850 0.363289
v 0.337467 1.843500 0.187078
v 0.264379 1.740430 0.121218
v 0.186142 1.843500 0.055965
v 0.143384 2.092333 0.035355
v 0.165462 2.341167 0.066425
v 0.245001 2.444239 0.123302
v 0.330651 2.341167 0.179472
v 0.366957 2.092333 0.209083
v 0.420211 1.985983 -0.087253
v 0.327361 1.882914 -0.078010
v 0.220296 1.985983 -0.070985
v 0.160902 2.234818 -0.061757
v 0.182145 2.483651 -0.062801
v 0.271128 2.586721 -0.083501
v 0.378453 2.483651 -0.103514
v 0.441692 2.234818 -0.101318
v 0.262420 2.128469 -0.342530
v 0.214432 2.025397 -0.266086
v 0.141387 2.128469 -0.187266
v 0.091348 2.377301 -0.145058
v 0.086761 2.626134 -0.167295
v 0.123239 2.729204 -0.248058
v 0.187314 2.626134 -0.337014
v 0.248867 2.377301 -0.374948
v -0.047558 2.270951 -0.407162
v -0.013233 2.167881 -0.318574
v -0.009203 2.270951 -0.214981
v -0.029151 2.519785 -0.156321
v -0.068157 2.768620 -0.173666
v -0.112875 2.871690 -0.256435
v -0.130147 2.768620 -0.360161
v -0.099834 2.519785 -0.424678
v -0.316495 2.413436 -0.235194
v -0.217739 2.310364 -0.197411
v -0.143556 2.413436 -0.131267
v -0.131793 2.662270 -0.081921
v -0.191176 2.911102 -0.071038
v -0.292695 3.014174 -0.096904
v -0.375135 2.911102 -0.152838
v -0.384360 2.662270 -0.213870
v -0.386453 2.555919 0.064629
v -0.280217 2.452848 0.023797
v -0.185601 2.555919 0.016632
v -0.159442 2.804752 0.037598
v -0.212977 3.053587 0.082850
v -0.312457 3.156657 0.135125
v -0.404692 3.053587 0.155911
v -0.437575 2.804752 0.123346
v -0.230025 2.698402 0.315350
v -0.173825 2.595334 0.216429
v -0.117721 2.698402 0.144418
v -0.102696 2.947238 0.136117
v -0.127871 3.196069 0.200949
v -0.170170 3.299141 0.305299
v -0.214774 3.196069 0.384957
v -0.243727 2.947238 0.387824
v 0.051678 2.840885 0.378642
v 0.030943 2.737816 0.273125
v 0.012562 2.840885 0.182165
v -0.002216 3.089720 0.161276
v 0.006445 3.338555 0.220055
v 0.042101 3.441624 0.320748
v 0.073675 3.338555 0.408540
v 0.073390 3.089720 0.434048
v 0.289186 2.983371 0.221690
v 0.207753 2.880298 0.165427
v 0.121315 2.983371 0.113304
v 0.075585 3.232203 0.105012
v 0.104071 3.481038 0.135913
v 0.193235 3.584108 0.179268
v 0.285883 3.481038 0.218777
v 0.323816 3.232203 0.240066
v 0.330758 3.125854 -0.060889
v 0.242075 3.022785 -0.038730
v 0.135817 3.125854 -0.014456
v 0.077714 3.374689 0.008628
v 0.100771 3.623521 0.006768
v 0.186772 3.726591 -0.028072
v 0.287055 3.623521 -0.066769
v 0.347792 3.374689 -0.077167
v 0.137731 3.268338 -0.287221
v 0.102609 3.165268 -0.206048
v 0.039916 3.268338 -0.114531
v -0.002573 3.517171 -0.060529
v -0.005923 3.766006 -0.080783
v 0.021424 3.869076 -0.167169
v 0.068379 3.766006 -0.265228
v 0.118589 3.517171 -0.314017
v -0.174430 3.410820 -0.302840
v -0.129369 3.307750 -0.221169
v -0.111709 3.410820 -0.115885
v -0.119727 3.659655 -0.051806
v -0.153510 3.908489 -0.065731
v -0.203543 4.011560 -0.145616
v -0.237434 3.908489 -0.245100
v -0.224557 3.659655 -0.310867
v -0.411328 3.553306 -0.092198
v -0.311441 3.450236 -0.068081
v -0.228941 3.553306 -0.010368
v -0.205265 3.802138 0.036291
v -0.254704 4.050973 0.048272
v -0.353307 4.154042 0.027383
v -0.444000 4.050973 -0.015631
v -0.468822 3.802138 -0.065726
v -0.434225 3.695789 0.216259
v -0.337936 3.592718 0.163516
v -0.244926 3.695789 0.143214
v -0.211330 3.944623 0.156224
v -0.252533 4.193459 0.197423
v -0.343042 4.296528 0.251334
v -0.433370 4.193459 0.286420
v -0.472716 3.944623 0.272245
v -0.240335 3.838272 0.442814
v -0.200966 3.735202 0.339179
v -0.155921 3.838272 0.258790
v -0.138701 4.087108 0.242722
v -0.152496 4.335941 0.298879
v -0.184372 4.439012 0.399529
v -0.219998 4.335941 0.488264
v -0.244686 4.087108 0.507480
v 0.048911 3.980758 0.463147
v 0.011622 3.877685 0.363225
v -0.019774 3.980758 0.275006
v -0.033885 4.229590 0.250380
v -0.016031 4.478424 0.299140
v 0.027621 4.581492 0.392593
v 0.068037 4.478424 0.480610
v 0.075801 4.229590 0.511511
v -0.463958 -4.121810 0.097064
v -0.367500 -4.224879 0.122910
v -0.271042 -4.121810 0.148756
v -0.231088 -3.872975 0.159461
v -0.271042 -3.624142 0.148756
v -0.367500 -3.521070 0.122910
v -0.463958 -3.624142 0.097064
v -0.503912 -3.872975 0.086358
v -0.429563 -3.979325 0.379825
v -0.342114 -4.082395 0.331609
v -0.254665 -3.979325 0.283393
v -0.218442 -3.730492 0.263421
v -0.254665 -3.481658 0.283393
v -0.342282 -3.378587 0.330452
v -0.429563 -3.481658 0.379825
v -0.465786 -3.730492 0.399797
v -0.208805 -3.836841 0.559833
v -0.179178 -3.939913 0.464469
v -0.149550 -3.836841 0.369104
v -0.137279 -3.588008 0.329603
v -0.149998 -3.339174 0.367617
v -0.181072 -3.236105 0.460609
v -0.209810 -3.339174 0.558317
v -0.221077 -3.588008 0.599334
v 0.075092 -3.694359 0.536609
v 0.030360 -3.797427 0.447327
v -0.014372 -3.694359 0.358046
v -0.032901 -3.445523 0.321064
v -0.015783 -3.196691 0.354532
v 0.026015 -3.093621 0.442175
v 0.071455 -3.196691 0.534193
v 0.093621 -3.445523 0.573590
v 0.263660 -3.551872 0.323116
v 0.169538 -3.654946 0.289754
v 0.075415 -3.551872 0.256391
v 0.036433 -3.303040 0.241295
v 0.075129 -3.054207 0.251455
v 0.167814 -2.951135 0.285967
v 0.261601 -3.054207 0.322988
v 0.302082 -3.303040 0.337144
v 0.252031 -3.409391 0.038494
v 0.160668 -3.512461 0.079703
v 0.069925 -3.409391 0.120506
v 0.033597 -3.160557 0.134441
v 0.075084 -2.911724 0.112531
v 0.170172 -2.808652 0.073850
v 0.260129 -2.911724 0.038036
v 0.292520 -3.160557 0.021804
v 0.047966 -3.266906 -0.159530
v 0.009552 -3.369976 -0.066288
v -0.026749 -3.266906 0.024986
v -0.038668 -3.018075 0.057026
v -0.014626 -2.769238 0.009487
v 0.033210 -2.666170 -0.084596
v 0.069361 -2.769238 -0.170494
v 0.072199 -3.018075 -0.201773
v -0.233642 -3.124423 -0.164329
v -0.199177 -3.227493 -0.068557
v -0.160478 -3.124423 0.020663
v -0.140267 -2.875587 0.047807
v -0.144614 -2.626757 -0.007555
v -0.168489 -2.523685 -0.110264
v -0.206775 -2.626757 -0.195343
v -0.237498 -2.875587 -0.215499
v -0.438469 -2.981940 0.022271
v -0.349739 -3.085010 0.070197
v -0.257662 -2.981940 0.106140
v -0.215868 -2.733104 0.106806
v -0.244947 -2.484271 0.064268
v -0.326963 -2.381201 0.003221
v -0.419604 -2.484271 -0.030916
v -0.468046 -2.733104 -0.018503
v -0.457286 -2.839454 0.292767
v -0.361671 -2.942527 0.269974
v -0.266530 -2.839454 0.231204
v -0.225490 -2.590623 0.197685
v -0.263103 -2.341788 0.181271
v -0.359905 -2.238718 0.188389
v -0.458838 -2.341788 0.227107
v -0.498611 -2.590623 0.275647
v -0.284248 -2.696972 0.498834
v -0.231042 -2.800040 0.420451
v -0.183434 -2.696972 0.325439
v -0.164224 -2.448138 0.268482
v -0.189694 -2.199303 0.276623
v -0.251972 -2.096233 0.344035
v -0.308069 -2.199303 0.439510
v -0.318116 -2.448138 0.507565
v -0.011800 -2.554487 0.531974
v -0.028116 -2.657557 0.440127
v -0.052280 -2.554487 0.336106
v -0.063001 -2.305655 0.277627
v -0.061080 -2.056821 0.297563
v -0.056983 -1.953748 0.387819
v -0.044299 -2.056821 0.496578
v -0.021108 -2.305655 0.557118
v 0.221084 -2.412004 0.372843
v 0.142326 -2.515076 0.316516
v 0.060275 -2.412004 0.254682
v 0.028131 -2.163171 0.215730
v 0.060467 -1.914337 0.227917
v 0.131066 -1.811267 0.292656
v 0.204696 -1.914337 0.365750
v 0.245002 -2.163171 0.396275
v 0.296513 -2.269520 0.097799
v 0.193898 -2.372591 0.109563
v 0.097798 -2.269520 0.117823
v 0.064934 -2.020686 0.108524
v 0.116298 -1.771852 0.095960
v 0.220496 -1.668782 0.097996
v 0.315798 -1.771852 0.103014
v 0.347072 -2.020686 0.098440
v 0.175019 -2.127036 -0.157100
v 0.100874 -2.230107 -0.079085
v 0.042823 -2.127036 -0.009679
v 0.030832 -1.878201 0.004147
v 0.080134 -1.629369 -0.038503
v 0.166321 -1.526299 -0.105277
v 0.230447 -1.629369 -0.165999
v 0.230633 -1.878201 -0.191169
v -0.078799 -1.984554 -0.264275
v -0.086677 -2.087624 -0.157046
v -0.074338 -1.984554 -0.068145
v -0.054277 -1.735720 -0.050653
v -0.026631 -1.486885 -0.113631
v -0.001638 -1.383815 -0.218622
v -0.005764 -1.486885 -0.307107
v -0.043077 -1.735720 -0.326794
v -0.328736 -1.842070 -0.176331
v -0.268378 -1.945139 -0.091725
v -0.190295 -1.842070 -0.035318
v -0.143471 -1.593235 -0.035451
v -0.145858 -1.344402 -0.097901
v -0.191852 -1.241331 -0.190897
v -0.264976 -1.344402 -0.254854
v -0.326185 -1.593235 -0.246355
v -0.444680 -1.699584 0.048889
v -0.349355 -1.802655 0.073606
v -0.243884 -1.699584 0.064181
v -0.188516 -1.450752 0.034516
v -0.212892 -1.201918 -0.007508
v -0.303247 -1.098848 -0.045992
v -0.410663 -1.201918 -0.048594
v -0.471124 -1.450752 -0.004745
v -0.371309 -1.557101 0.290351
v -0.289160 -1.660172 0.247595
v -0.206311 -1.557101 0.172819
v -0.163926 -1.308268 0.117233
v -0.191254 -1.059433 0.105159
v -0.278775 -0.956364 0.135638
v -0.371579 -1.059433 0.199006
v -0.408666 -1.308268 0.266972
v -0.144490 -1.414618 0.424721
v -0.116449 -1.517688 0.339353
v -0.093678 -1.414618 0.230897
v -0.078370 -1.165784 0.165481
v -0.088275 -0.916951 0.179412
v -0.128011 -0.813880 0.260401
v -0.166203 -0.916951 0.364160
v -0.169860 -1.165784 0.433791
v 0.130971 -1.272134 0.382360
v 0.088351 -1.375205 0.298248
v 0.042475 -1.272134 0.203716
v 0.030080 -1.023300 0.149640
v 0.050083 -0.774467 0.172824
v 0.080989 -0.671396 0.262326
v 0.112825 -0.774467 0.361913
v 0.136819 -1.023300 0.410428
v 0.323487 -1.129651 0.172025
v 0.227786 -1.232721 0.135710
v 0.138322 -1.129651 0.097177
v 0.111415 -0.880816 0.070556
v 0.158722 -0.631983 0.081347
v 0.248333 -0.528913 0.130175
v 0.332358 -0.631983 0.180034
v 0.365403 -0.880816 0.194115
v 0.332913 -0.987167 -0.111270
v 0.231675 -1.090237 -0.075693
v 0.147923 -0.987167 -0.042593
v 0.127406 -0.738333 -0.038410
v 0.183973 -0.489499 -0.055163
v 0.286996 -0.386429 -0.077134
v 0.375618 -0.489499 -0.100664
v 0.394401 -0.738333 -0.118503
v 0.152351 -0.844683 -0.324245
v 0.098916 -0.947753 -0.232301
v 0.068933 -0.844683 -0.149636
v 0.072666 -0.595849 -0.126221
v 0.114364 -0.347015 -0.169509
v 0.175407 -0.243945 -0.252865
v 0.215673 -0.347015 -0.333509
v 0.203957 -0.595849 -0.365494
v -0.116884 -0.702199 -0.358319
v -0.096191 -0.805269 -0.257714
v -0.053428 -0.702199 -0.173653
v -0.020226 -0.453365 -0.151451
v -0.009504 -0.204532 -0.204090
v -0.022284 -0.101461 -0.303857
v -0.055579 -0.204532 -0.393387
v -0.096660 -0.453365 -0.416481
v -0.327250 -0.559715 -0.206099
v -0.247422 -0.662786 -0.146686
v -0.151066 -0.559715 -0.108203
v -0.098244 -0.310882 -0.105649
v -0.117935 -0.062048 -0.144306
v -0.194714 0.041022 -0.208000
v -0.285570 -0.062048 -0.256565
v -0.340890 -0.310882 -0.255469
v -0.371355 -0.417232 0.044465
v -0.275356 -0.520302 0.036368
v -0.170415 -0.417232 0.007601
v -0.117686 -0.168398 -0.016420
v -0.150909 0.080436 -0.025582
v -0.249797 0.183506 -0.021244
v -0.354312 0.080436 -0.003836
v -0.403904 -0.168398 0.023335
v -0.227890 -0.274748 0.265971
v -0.164281 -0.377818 0.196615
v -0.098542 -0.274748 0.111857
v -0.065152 -0.025914 0.067262
v -0.089288 0.222920 0.088400
v -0.158341 0.325990 0.157769
v -0.228357 0.222920 0.234162
v -0.256213 -0.025914 0.278612
v 0.038596 -0.132264 0.346541
v 0.035992 -0.235334 0.250601
v 0.032953 -0.132264 0.147475
v 0.035920 0.116570 0.099142
v 0.037941 0.365404 0.136013
v 0.036011 0.468474 0.234436
v 0.033741 0.365404 0.335075
v 0.035285 0.116570 0.380682
v 0.300012 0.010220 0.233594
v 0.229036 -0.092851 0.162775
v 0.160027 0.010220 0.091078
v 0.135092 0.259054 0.058586
v 0.165142 0.507887 0.087576
v 0.232915 0.610958 0.161016
v 0.300305 0.507887 0.234694
v 0.328479 0.259054 0.264529
v 0.414320 0.152704 -0.027310
v 0.312304 0.049633 -0.030683
v 0.216163 0.152704 -0.033597
v 0.179402 0.401537 -0.036549
v 0.223078 0.650371 -0.034796
v 0.323715 0.753442 -0.028573
v 0.423372 0.650371 -0.022194
v 0.462019 0.401537 -0.021509
v 0.313847 0.295187 -0.294798
v 0.237400 0.192117 -0.227340
v 0.169984 0.295187 -0.161124
v 0.144399 0.544021 -0.135277
v 0.176373 0.792855 -0.162615
v 0.249390 0.895925 -0.227958
v 0.323405 0.792855 -0.293891
v 0.352036 0.544021 -0.321583
v 0.048134 0.437671 -0.415368
v 0.045865 0.334601 -0.316807
v 0.047767 0.437671 -0.220796
v 0.048370 0.686505 -0.181450
v 0.048314 0.935339 -0.221055
v 0.050022 1.038409 -0.318437
v 0.049515 0.935339 -0.415827
v 0.052301 0.686505 -0.457300
v -0.223282 0.580155 -0.321075
v -0.150893 0.477085 -0.251612
v -0.080552 0.580155 -0.180253
v -0.054224 0.828989 -0.148350
v -0.085551 1.077823 -0.176087
v -0.158907 1.180893 -0.244715
v -0.231065 1.077823 -0.314203
v -0.258385 0.828989 -0.345262
v -0.348444 0.722639 -0.075088
v -0.245008 0.619568 -0.071808
v -0.144007 0.722639 -0.062899
v -0.103223 0.971472 -0.057616
v -0.150073 1.220306 -0.054558
v -0.255108 1.323376 -0.054724
v -0.354643 1.220306 -0.062772
v -0.392589 0.971472 -0.073064
v -0.267920 0.865122 0.185954
v -0.187434 0.762052 0.124269
v -0.106848 0.865122 0.064109
v -0.075516 1.113956 0.042866
v -0.112614 1.362790 0.076732
v -0.192544 1.465860 0.145989
v -0.269546 1.362790 0.204241
v -0.301423 1.113956 0.218095
v -0.025800 1.007606 0.329701
v -0.008100 0.904536 0.230414
v 0.009171 1.007606 0.133939
v 0.013783 1.256440 0.097615
v 0.004857 1.505273 0.144810
v -0.008326 1.608346 0.248104
v -0.021127 1.505273 0.344151
v -0.030662 1.256440 0.376043
v 0.253084 1.150090 0.271695
v 0.197784 1.047019 0.188476
v 0.141576 1.150090 0.106171
v 0.115072 1.398923 0.074885
v 0.134945 1.647757 0.112603
v 0.194175 1.750827 0.193467
v 0.254554 1.647757 0.272390
v 0.277207 1.398923 0.305941
v 0.412337 1.292574 0.035489
v 0.315900 1.189503 0.014976
v 0.215630 1.292574 -0.005774
v 0.167905 1.541408 -0.011442
v 0.199714 1.790241 -0.001904
v 0.294949 1.893312 0.011529
v 0.398666 1.790241 0.026589
v 0.447648 1.541408 0.039418
v 0.348479 1.435058 -0.247747
v 0.270742 1.331987 -0.192493
v 0.183144 1.435058 -0.137480
v 0.136957 1.683892 -0.110589
v 0.153818 1.932725 -0.129753
v 0.222815 2.035795 -0.190189
v 0.309871 1.932725 -0.252566
v 0.364810 1.683892 -0.274368
v 0.085027 1.577542 -0.401541
v 0.079942 1.474470 -0.307538
v 0.058196 1.577542 -0.208597
v 0.034960 1.826375 -0.159507
v 0.018020 2.075209 -0.187682
v 0.012326 2.178279 -0.279613
v 0.028546 2.075209 -0.382784
v 0.062638 1.826375 -0.434013
v -0.217358 1.720025 -0.323198
v -0.143767 1.616955 -0.255057
v -0.088202 1.720025 -0.171901
v -0.080009 1.968859 -0.123929
v -0.128259 2.217692 -0.133846
v -0.209204 2.320765 -0.192785
v -0.270588 2.217692 -0.272841
v -0.271514 1.968859 -0.329985
v -0.376421 1.862508 -0.063411
v -0.267484 1.759439 -0.067154
v -0.170903 1.862508 -0.046858
v -0.142688 2.111342 -0.021211
v -0.200125 2.360177 0.003185
v -0.308892 2.463247 0.019112
v -0.405694 2.360177 0.007856
v -0.433827 2.111342 -0.030363
v -0.309680 2.004993 0.221263
v -0.226393 1.901922 0.146197
v -0.145852 2.004993 0.094452
v -0.120793 2.253826 0.091418
v -0.160767 2.502659 0.145600
v -0.235601 2.605731 0.230699
v -0.308160 2.502659 0.289865
v -0.341700 2.253826 0.282731
v -0.066413 2.147476 0.373628
v -0.050964 2.044406 0.266158
v -0.033434 2.147476 0.174252
v -0.032538 2.396311 0.151700
v -0.039796 2.645145 0.214059
v -0.041388 2.748215 0.323757
v -0.046703 2.645145 0.415702
v -0.061487 2.396311 0.435840
v 0.212626 2.289961 0.312412
v 0.155152 2.186889 0.228143
v 0.096751 2.289961 0.150034
v 0.064582 2.538795 0.129897
v 0.085581 2.787627 0.174522
v 0.154451 2.890698 0.250270
v 0.222797 2.787627 0.319360
v 0.243598 2.538795 0.347998
v 0.360903 2.432445 0.069572
v 0.267110 2.329374 0.054053
v 0.162467 2.432445 0.039260
v 0.106896 2.681277 0.044112
v 0.134348 2.930112 0.056462
v 0.229194 3.033181 0.058011
v 0.334968 2.930112 0.057941
v 0.389705 2.681277 0.066949
v 0.273699 2.574928 -0.208819
v 0.206455 2.471859 -0.149475
v 0.116299 2.574928 -0.086273
v 0.062262 2.823763 -0.046865
v 0.070153 3.072594 -0.060828
v 0.127796 3.175668 -0.128771
v 0.208165 3.072594 -0.204925
v 0.271576 2.823763 -0.235772
v -0.007765 2.717411 -0.336538
v 0.000960 2.614341 -0.246734
v -0.020430 2.717411 -0.140608
v -0.047890 2.966245 -0.077839
v -0.072758 3.215080 -0.095007
v -0.092112 3.318149 -0.183036
v -0.087349 3.215080 -0.291485
v -0.049352 2.966245 -0.355995
v -0.307149 2.859896 -0.220837
v -0.224362 2.756824 -0.166463
v -0.166955 2.859896 -0.081008
v -0.158839 3.108728 -0.021207
v -0.208437 3.357563 -0.016184
v -0.294992 3.460634 -0.062164
v -0.365484 3.357563 -0.137322
v -0.369520 3.108728 -0.206033
v -0.439530 3.002379 0.067374
v -0.332352 2.899311 0.045609
v -0.236419 3.002379 0.061817
v -0.206199 3.251215 0.095366
v -0.256658 3.500047 0.133530
v -0.358991 3.603117 0.164028
v -0.456643 3.500047 0.163591
v -0.491705 3.251215 0.121268
v -0.335576 3.144862 0.353508
v -0.265494 3.041793 0.263652
v -0.192637 3.144862 0.206793
v -0.166113 3.393696 0.207760
v -0.193259 3.642530 0.269672
v -0.252106 3.745601 0.363333
v -0.315717 3.642530 0.432059
v -0.353506 3.393696 0.427265
v -0.068598 3.287345 0.476135
v -0.072589 3.184275 0.364987
v -0.068255 3.287345 0.274246
v -0.067764 3.536180 0.255877
v -0.061177 3.785013 0.318249
v -0.044293 3.888085 0.425509
v -0.035364 3.785013 0.517917
v -0.048736 3.536180 0.540286
v 0.199393 3.429832 0.372351
v 0.126768 3.326761 0.297910
v 0.057522 3.429832 0.231962
v 0.025969 3.678663 0.219115
v 0.057843 3.927498 0.258653
v 0.138840 4.030567 0.322123
v 0.216414 3.927498 0.379976
v 0.239580 3.678663 0.403731
v 0.305194 3.572315 0.108401
v 0.209013 3.469244 0.108664
v 0.105160 3.572315 0.112684
v 0.055824 3.821147 0.127143
v 0.090802 4.069983 0.132994
v 0.187338 4.173054 0.120405
v 0.288838 4.069983 0.104873
v 0.337703 3.821147 0.102815
v 0.176934 3.714797 -0.150224
v 0.118361 3.611727 -0.081012
v 0.041774 3.714797 -0.003186
v 0.001412 3.963632 0.042747
v 0.016589 4.212466 0.022579
v 0.070798 4.315536 -0.054505
v 0.135186 4.212466 -0.138186
v 0.180193 3.963632 -0.176268
v -0.110572 3.857283 -0.234817
v -0.093733 3.754210 -0.145031
v -0.096342 3.857283 -0.037029
v -0.105608 4.106115 0.023189
v -0.121122 4.354949 -0.001433
v -0.141594 4.458018 -0.094140
v -0.153075 4.354949 -0.197835
v -0.140005 4.106115 -0.255371
vn 0.5098 -0.6239 -0.5924
vn 0.3115 -0.6506 -0.6926
vn 0.1696 -0.6503 -0.7405
vn -0.7845 -0.5855 -0.2041
vn -0.7659 -0.6113 0.1991
vn -0.7915 -0.6112 -0.0002
vn -0.9686 -0.1500 0.1984
vn -0.6820 -0.1575 0.7142
vn -0.9187 -0.1579 0.3619
vn -0.8363 0.1517 0.5268
vn -0.3987 0.1655 0.9020
vn -0.7411 0.1609 0.6519
vn -0.4236 0.5898 0.6875
vn -0.0344 0.6165 0.7866
vn -0.2310 0.6159 0.7532
vn 0.7805 0.6206 0.0756
vn 0.7526 0.6434 -0.1402
vn 0.7129 0.6413 -0.2835
vn 0.9418 0.1500 -0.3007
vn 0.8253 0.1577 -0.5423
vn 0.6853 0.1555 -0.7114
vn 0.8874 -0.1520 -0.4351
vn 0.7378 -0.1625 -0.6552
vn 0.5740 -0.1626 -0.8026
vn -0.2555 -0.6506 -0.7152
vn -0.3909 -0.6503 -0.6514
vn -0.4142 -0.6113 0.6744
vn -0.5707 -0.6112 0.5484
vn 0.0012 -0.1550 0.9879
vn -0.4120 -0.1571 0.8975
vn 0.3334 0.1703 0.9273
vn -0.0819 0.1676 0.9824
vn 0.5159 0.6132 0.5982
vn 0.3507 0.6152 0.7061
vn 0.4490 0.6332 -0.6304
vn 0.3263 0.6309 -0.7039
vn 0.2179 0.1496 -0.9644
vn 0.0051 0.1473 -0.9891
vn 0.0780 -0.1631 -0.9835
vn -0.1421 -0.1636 -0.9762
vn -0.6798 -0.6506 -0.3385
vn -0.7333 -0.6503 -0.1986
vn 0.1688 -0.6113 0.7732
vn -0.0314 -0.6112 0.7909
vn 0.6866 -0.1521 0.7109
vn 0.3252 -0.1542 0.9330
vn 0.8797 0.1607 0.4476
vn 0.6181 0.1677 0.7680
vn 0.7948 0.6009 0.0848
vn 0.7465 0.6059 0.2751
vn -0.1109 0.6261 -0.7718
vn -0.2409 0.6262 -0.7415
vn -0.5117 0.1465 -0.8466
vn -0.6732 0.1480 -0.7245
vn -0.6256 -0.1645 -0.7626
vn -0.7780 -0.1648 -0.6063
vn -0.7254 -0.6497 0.2274
vn -0.6670 -0.6488 0.3663
vn 0.6578 -0.6100 0.4418
vn 0.5250 -0.6104 0.5932
vn 0.9859 -0.1613 0.0438
vn 0.8812 -0.1550 0.4465
vn 0.9520 0.1341 -0.2752
vn 0.9794 0.1502 0.1348
vn 0.6502 0.5816 -0.4889
vn 0.7432 0.5881 -0.3192
vn -0.6025 0.6319 -0.4876
vn -0.6720 0.6354 -0.3803
vn -0.9519 0.1606 -0.2609
vn -0.9833 0.1672 -0.0723
vn -0.9804 -0.1602 -0.1150
vn -0.9831 -0.1567 0.0945
vn -0.3660 -0.6445 0.6713
vn -0.2316 -0.6422 0.7307
vn 0.7789 -0.6126 -0.1343
vn 0.7891 -0.6109 0.0644
vn 0.7441 -0.1822 -0.6428
vn 0.9445 -0.1702 -0.2811
vn 0.5109 0.1055 -0.8531
vn 0.8102 0.1200 -0.5737
vn 0.1509 0.5667 -0.8100
vn 0.3290 0.5698 -0.7530
vn -0.7589 0.6498 0.0425
vn -0.7361 0.6549 0.1711
vn -0.8690 0.1895 0.4571
vn -0.7653 0.1974 0.6127
vn -0.7907 -0.1433 0.5952
vn -0.6535 -0.1373 0.7444
vn 0.1985 -0.6377 0.7443
vn 0.3331 -0.6368 0.6953
vn 0.4703 -0.6198 -0.6282
vn 0.6136 -0.6169 -0.4928
vn 0.1049 -0.1960 -0.9750
vn 0.4957 -0.1903 -0.8474
vn -0.1996 0.1013 -0.9746
vn 0.2085 0.0991 -0.9730
vn -0.4267 0.5726 -0.7000
vn -0.2607 0.5680 -0.7807
vn -0.5260 0.6665 0.5283
vn -0.4192 0.6692 0.6135
vn -0.3318 0.2118 0.9193
vn -0.1463 0.2137 0.9659
vn -0.1718 -0.1258 0.9771
vn 0.0299 -0.1240 0.9918
vn 0.6501 -0.6403 0.4092
vn 0.7136 -0.6427 0.2787
vn -0.0847 -0.6219 -0.7785
vn 0.1115 -0.6219 -0.7751
vn -0.5855 -0.1829 -0.7898
vn -0.2093 -0.1941 -0.9584
vn -0.7999 0.1353 -0.5848
vn -0.4946 0.1110 -0.8620
vn -0.7667 0.6004 -0.2274
vn -0.6981 0.5900 -0.4056
vn -0.0410 0.6685 0.7426
vn 0.1003 0.6661 0.7391
vn 0.3656 0.2039 0.9082
vn 0.5451 0.1947 0.8155
vn 0.5318 -0.1307 0.8367
vn 0.6942 -0.1379 0.7065
vn 0.7445 -0.6528 -0.1396
vn 0.7009 -0.6560 -0.2798
vn -0.5973 -0.6112 -0.5193
vn -0.4475 -0.6161 -0.6482
vn -0.9725 -0.1416 -0.1850
vn -0.8048 -0.1683 -0.5691
vn -0.9753 0.1911 0.1104
vn -0.9389 0.1577 -0.3059
vn -0.6994 0.6282 0.3409
vn -0.7681 0.6205 0.1578
vn 0.4751 0.6517 0.5912
vn 0.5838 0.6448 0.4934
vn 0.8873 0.1601 0.4325
vn 0.9616 0.1428 0.2344
vn 0.9525 -0.1650 0.2559
vn 0.9829 -0.1782 0.0461
vn 0.4442 -0.6633 -0.6022
vn 0.3213 -0.6641 -0.6751
vn -0.8082 -0.5883 0.0272
vn -0.7843 -0.5967 -0.1697
vn -0.8434 -0.0927 0.5293
vn -0.9838 -0.1202 0.1333
vn -0.6391 0.2312 0.7336
vn -0.8877 0.2119 0.4087
vn -0.2883 0.6366 0.7153
vn -0.4557 0.6366 0.6221
vn 0.7771 0.6196 0.1107
vn 0.7911 0.6107 -0.0345
vn 0.9503 0.1010 -0.2947
vn 0.8716 0.0874 -0.4824
vn 0.8622 -0.2080 -0.4619
vn 0.7474 -0.2167 -0.6281
vn -0.0830 -0.6624 -0.7445
vn -0.2177 -0.6601 -0.7189
vn -0.5868 -0.5624 0.5826
vn -0.7010 -0.5699 0.4286
vn -0.2685 -0.0702 0.9607
vn -0.6284 -0.0786 0.7739
vn 0.0078 0.2293 0.9733
vn -0.3748 0.2358 0.8966
vn 0.2615 0.6237 0.7367
vn 0.0764 0.6301 0.7727
vn 0.6574 0.5846 -0.4755
vn 0.5772 0.5793 -0.5755
vn 0.4872 0.0662 -0.8708
vn 0.3284 0.0649 -0.9423
vn 0.3098 -0.2273 -0.9232
vn 0.1356 -0.2264 -0.9646
vn -0.5743 -0.6489 -0.4991
vn -0.6564 -0.6441 -0.3927
vn -0.0456 -0.5513 0.8331
vn -0.2217 -0.5521 0.8038
vn 0.4327 -0.0942 0.8966
vn 0.0586 -0.0761 0.9954
vn 0.6519 0.1839 0.7357
vn 0.3190 0.2132 0.9235
vn 0.7066 0.5944 0.3839
vn 0.5885 0.6052 0.5360
vn 0.1611 0.5721 -0.8042
vn 0.0575 0.5738 -0.8169
vn -0.2289 0.0823 -0.9700
vn -0.3676 0.0916 -0.9254
vn -0.3985 -0.2082 -0.8932
vn -0.5390 -0.1991 -0.8184
vn -0.7802 -0.6250 0.0277
vn -0.7694 -0.6187 0.1586
vn 0.5098 -0.5688 0.6454
vn 0.3663 -0.5608 0.7425
vn 0.9107 -0.1573 0.3819
vn 0.7008 -0.1206 0.7031
vn 0.9870 0.1123 0.1153
vn 0.8617 0.1520 0.4842
vn 0.8063 0.5565 -0.2006
vn 0.8228 0.5682 -0.0094
vn -0.3934 0.5963 -0.6998
vn -0.4732 0.6037 -0.6416
vn -0.8091 0.1436 -0.5698
vn -0.8779 0.1582 -0.4520
vn -0.9037 -0.1555 -0.3989
vn -0.9562 -0.1420 -0.2561
vn -0.5677 -0.5983 0.5655
vn -0.4756 -0.5940 0.6488
vn 0.7831 -0.6066 0.1373
vn 0.7407 -0.5940 0.3140
vn 0.9196 -0.2239 -0.3227
vn 0.9798 -0.1901 0.0615
vn 0.8131 0.0537 -0.5796
vn 0.9723 0.0805 -0.2195
vn 0.4807 0.5306 -0.6981
vn 0.6139 0.5351 -0.5803
vn -0.7180 0.6400 -0.2736
vn -0.7430 0.6493 -0.1624
vn -0.9708 0.2166 0.1036
vn -0.9413 0.2294 0.2476
vn -0.9462 -0.0918 0.3103
vn -0.8867 -0.0801 0.4554
vn -0.0536 -0.5888 0.8065
vn 0.0684 -0.5907 0.8040
vn 0.6528 -0.6369 -0.4102
vn 0.7392 -0.6288 -0.2412
vn 0.4671 -0.2506 -0.8479
vn 0.7647 -0.2423 -0.5972
vn 0.2286 0.0489 -0.9723
vn 0.5839 0.0430 -0.8107
vn -0.0821 0.5414 -0.8367
vn 0.0881 0.5338 -0.8410
vn -0.6975 0.6731 0.2460
vn -0.6400 0.6774 0.3626
vn -0.6621 0.2572 0.7039
vn -0.5322 0.2591 0.8060
vn -0.5113 -0.0561 0.8576
vn -0.3589 -0.0555 0.9317
vn 0.4682 -0.6098 0.6395
vn 0.5639 -0.6180 0.5478
vn 0.2163 -0.6409 -0.7365
vn 0.3904 -0.6425 -0.6593
vn -0.2060 -0.2216 -0.9531
vn 0.1871 -0.2449 -0.9513
vn -0.4607 0.1040 -0.8814
vn -0.0782 0.0659 -0.9948
vn -0.5862 0.5846 -0.5609
vn -0.4532 0.5696 -0.6857
vn -0.3668 0.6786 0.6364
vn -0.2428 0.6755 0.6963
vn -0.0569 0.2428 0.9684
vn 0.1294 0.2292 0.9648
vn 0.1584 -0.0762 0.9844
vn 0.3413 -0.0915 0.9355
vn 0.7433 -0.6462 0.1730
vn 0.7559 -0.6539 0.0308
vn -0.3297 -0.6196 -0.7123
vn -0.1435 -0.6294 -0.7638
vn -0.7975 -0.1504 -0.5843
vn -0.4842 -0.1956 -0.8528
vn -0.9210 0.1851 -0.3427
vn -0.7027 0.1376 -0.6980
vn -0.7805 0.6247 -0.0219
vn -0.7590 0.6143 -0.2157
vn 0.1447 0.6598 0.7374
vn 0.2862 0.6519 0.7022
vn 0.5955 0.1803 0.7829
vn 0.7493 0.1569 0.6434
vn 0.7557 -0.1444 0.6388
vn 0.8688 -0.1673 0.4660
vn 0.6500 -0.6698 -0.3591
vn 0.5702 -0.6714 -0.4735
vn -0.7497 -0.5808 -0.3172
vn -0.6409 -0.5950 -0.4849
vn -0.9909 -0.0748 0.1120
vn -0.9435 -0.1167 -0.3102
vn -0.8995 0.2388 0.3660
vn -0.9761 0.2137 -0.0402
vn -0.5862 0.6364 0.5013
vn -0.6919 0.6364 0.3410
vn 0.6322 0.6260 0.4565
vn 0.7155 0.6164 0.3288
vn 0.9807 0.1013 0.1670
vn 0.9957 0.0837 -0.0393
vn 0.9751 -0.2176 -0.0435
vn 0.9429 -0.2310 -0.2400
vn 0.2420 -0.6697 -0.7021
vn 0.1142 -0.6667 -0.7366
vn -0.7918 -0.5389 0.2874
vn -0.8289 -0.5507 0.0982
vn -0.6618 -0.0419 0.7485
vn -0.9041 -0.0538 0.4240
vn -0.4336 0.2388 0.8689
vn -0.7386 0.2454 0.6280
vn -0.1086 0.6255 0.7726
vn -0.2893 0.6310 0.7198
vn 0.7984 0.5881 -0.1293
vn 0.7699 0.5818 -0.2623
vn 0.8236 0.0556 -0.5644
vn 0.7128 0.0536 -0.6994
vn 0.6741 -0.2480 -0.6957
vn 0.5420 -0.2469 -0.8033
vn -0.2939 -0.6535 -0.6976
vn -0.4140 -0.6483 -0.6390
vn -0.4082 -0.5205 0.7500
vn -0.5475 -0.5218 0.6542
vn -0.0171 -0.0692 0.9975
vn -0.3858 -0.0480 0.9213
vn 0.2394 0.1958 0.9510
vn -0.1393 0.2234 0.9647
vn 0.4499 0.6050 0.6569
vn 0.2708 0.6122 0.7429
vn 0.4956 0.5706 -0.6548
vn 0.4075 0.5717 -0.7121
vn 0.2257 0.0696 -0.9717
vn 0.0841 0.0788 -0.9933
vn 0.0340 -0.2259 -0.9736
vn -0.1149 -0.2161 -0.9696
vn -0.7092 -0.6281 -0.3203
vn -0.7594 -0.6214 -0.1926
vn 0.1692 -0.5436 0.8221
vn 0.0109 -0.5334 0.8458
vn 0.6317 -0.1396 0.7625
vn 0.3052 -0.0989 0.9472
vn 0.8229 0.1323 0.5526
vn 0.5377 0.1671 0.8264
vn 0.7973 0.5803 0.1658
vn 0.7243 0.5884 0.3594
vn -0.0495 0.5910 -0.8052
vn -0.1435 0.5978 -0.7887
vn -0.4659 0.1289 -0.8754
vn -0.5823 0.1432 -0.8003
vn -0.6265 -0.1691 -0.7609
vn -0.7355 -0.1553 -0.6595
vn -0.7569 -0.5991 0.2610
vn -0.7092 -0.5942 0.3794
vn 0.6378 -0.5941 0.4901
vn 0.5257 -0.5780 0.6242
vn 0.9677 -0.2110 0.1377
vn 0.8426 -0.1754 0.5092
vn 0.9837 0.0826 -0.1597
vn 0.9635 0.1050 0.2464
vn 0.7107 0.5604 -0.4253
vn 0.7863 0.5648 -0.2503
vn -0.5286 0.6325 -0.5662
vn -0.6004 0.6414 -0.4776
vn -0.9168 0.1977 -0.3470
vn -0.9579 0.2100 -0.1955
vn -0.9834 -0.1043 -0.1487
vn -0.9956 -0.0927 0.0118
vn -0.4025 -0.5863 0.7030
vn -0.2962 -0.5877 0.7530
vn 0.7716 -0.6333 -0.0608
vn 0.7711 -0.6233 0.1302
vn 0.8029 -0.2384 -0.5464
vn 0.9558 -0.2303 -0.1828
vn 0.6262 0.0769 -0.7759
vn 0.8790 0.0731 -0.4713
vn 0.2666 0.5630 -0.7822
vn 0.4250 0.5591 -0.7118
vn -0.7430 0.6642 -0.0821
vn -0.7421 0.6681 0.0534
vn -0.9101 0.2346 0.3415
vn -0.8332 0.2361 0.5000
vn -0.8389 -0.0686 0.5399
vn -0.7338 -0.0677 0.6760
vn 0.1286 -0.6048 0.7859
vn 0.2496 -0.6122 0.7503
vn 0.5321 -0.6395 -0.5548
vn 0.6522 -0.6411 -0.4046
vn 0.2470 -0.2157 -0.9447
vn 0.5967 -0.2343 -0.7675
vn -0.0349 0.1127 -0.9930
vn 0.3568 0.0879 -0.9300
vn -0.2987 0.5887 -0.7511
vn -0.1255 0.5796 -0.8052
vn -0.6063 0.6696 0.4291
vn -0.5149 0.6671 0.5383
vn -0.4729 0.2247 0.8520
vn -0.2983 0.2150 0.9300
vn -0.2982 -0.0831 0.9509
vn -0.1147 -0.0949 0.9889
vn 0.5837 -0.6392 0.5008
vn 0.6612 -0.6460 0.3814
vn 0.0343 -0.6231 -0.7814
vn 0.2244 -0.6307 -0.7429
vn -0.4491 -0.1658 -0.8779
vn -0.0499 -0.1970 -0.9791
vn -0.6917 0.1616 -0.7038
vn -0.3378 0.1338 -0.9317
vn -0.7134 0.6128 -0.3399
vn -0.6095 0.6075 -0.5094
vn -0.1660 0.6586 0.7339
vn -0.0185 0.6549 0.7555
vn 0.2028 0.1855 0.9615
vn 0.4052 0.1719 0.8979
vn 0.3870 -0.1342 0.9123
vn 0.5686 -0.1507 0.8087
vn 0.7505 -0.6604 -0.0253
vn 0.7312 -0.6611 -0.1682
vn -0.5204 -0.5983 -0.6093
vn -0.3437 -0.6073 -0.7163
vn -0.9385 -0.1180 -0.3246
vn -0.7059 -0.1442 -0.6935
vn -0.9817 0.1891 -0.0237
vn -0.8788 0.1776 -0.4429
vn -0.7452 0.6190 0.2479
vn -0.7832 0.6196 0.0514
vn 0.3933 0.6456 0.6547
vn 0.5196 0.6426 0.5631
vn 0.8163 0.1412 0.5601
vn 0.9216 0.1307 0.3654
vn 0.8993 -0.1870 0.3953
vn 0.9618 -0.1967 0.1904
vn 0.5317 -0.6594 -0.5315
vn 0.4257 -0.6571 -0.6221
vn -0.8179 -0.5712 -0.0689
vn -0.7684 -0.5797 -0.2711
vn -0.9041 -0.0988 0.4157
vn -0.9944 -0.1057 0.0011
vn -0.7323 0.1853 0.6553
vn -0.9359 0.1907 0.2963
vn -0.3746 0.6139 0.6948
vn -0.5301 0.6163 0.5824
vn 0.7514 0.6351 0.1792
vn 0.7740 0.6327 0.0232
vn 0.9753 0.1150 -0.1886
vn 0.9153 0.1134 -0.3865
vn 0.9130 -0.2090 -0.3503
vn 0.8252 -0.2083 -0.5250
vn 0.0335 -0.6521 -0.7574
vn -0.1155 -0.6511 -0.7501
vn -0.6527 -0.5553 0.5154
vn -0.7484 -0.5576 0.3591
vn -0.3952 -0.1130 0.9116
vn -0.7210 -0.1018 0.6854
vn -0.1001 0.1681 0.9807
vn -0.4853 0.1779 0.8560
vn 0.2052 0.6122 0.7636
vn 0.0108 0.6118 0.7910
vn 0.6539 0.6271 -0.4232
vn 0.5677 0.6263 -0.5343
vn 0.5633 0.1212 -0.8173
vn 0.4005 0.1274 -0.9074
vn 0.4246 -0.1953 -0.8841
vn 0.2554 -0.1881 -0.9484
vn -0.5004 -0.6494 -0.5726
vn -0.6121 -0.6490 -0.4518
vn -0.1547 -0.5656 0.8100
vn -0.3150 -0.5597 0.7665
vn 0.3105 -0.1444 0.9395
vn -0.0832 -0.1263 0.9885
vn 0.6045 0.1580 0.7808
vn 0.2197 0.1612 0.9621
vn 0.6839 0.6222 0.3810
vn 0.5514 0.6177 0.5607
vn 0.1830 0.6269 -0.7573
vn 0.0682 0.6298 -0.7737
vn -0.1289 0.1468 -0.9807
vn -0.3116 0.1539 -0.9377
vn -0.2750 -0.1689 -0.9465
vn -0.4604 -0.1641 -0.8724
vn -0.7625 -0.6451 -0.0492
vn -0.7583 -0.6429 0.1081
vn 0.4075 -0.5955 0.6924
vn 0.2479 -0.5854 0.7719
vn 0.8701 -0.1685 0.4632
vn 0.5989 -0.1576 0.7852
vn 0.9798 0.1601 0.1201
vn 0.8295 0.1567 0.5360
vn 0.7487 0.6214 -0.2311
vn 0.7817 0.6235 -0.0120
vn -0.3510 0.6410 -0.6826
vn -0.4616 0.6451 -0.6090
vn -0.7558 0.1669 -0.6332
vn -0.8755 0.1687 -0.4528
vn -0.8526 -0.1540 -0.4993
vn -0.9414 -0.1525 -0.3010
vn -0.5935 -0.6375 0.4913
vn -0.4988 -0.6365 0.5883
vn 0.7549 -0.6177 0.2202
vn 0.6790 -0.6126 0.4044
vn 0.9465 -0.1679 -0.2757
vn 0.9737 -0.1719 0.1495
vn 0.7886 0.1619 -0.5932
vn 0.9649 0.1608 -0.2077
vn 0.4061 0.6103 -0.6801
vn 0.5536 0.6138 -0.5628
vn -0.7105 0.6531 -0.2619
vn -0.7464 0.6549 -0.1182
vn -0.9836 0.1677 0.0667
vn -0.9431 0.1656 0.2885
vn -0.9616 -0.1519 0.2287
vn -0.8893 -0.1536 0.4308
vn -0.1315 -0.6387 0.7582
vn 0.0003 -0.6400 0.7684
vn 0.6997 -0.6173 -0.3597
vn 0.7664 -0.6199 -0.1686
vn 0.5066 -0.1575 -0.8477
vn 0.8088 -0.1643 -0.5647
vn 0.1919 0.1597 -0.9683
vn 0.5628 0.1609 -0.8108
vn -0.1414 0.6091 -0.7804
vn 0.0439 0.6083 -0.7925
vn -0.6967 0.6526 0.2979
vn -0.6237 0.6501 0.4340
vn -0.6751 0.1618 0.7198
vn -0.5048 0.1610 0.8481
vn -0.5597 -0.1578 0.8135
vn -0.3764 -0.1594 0.9126
vn 0.3968 -0.6473 0.6508
vn 0.5127 -0.6482 0.5631
vn 0.2689 -0.6116 -0.7441
vn 0.4452 -0.6133 -0.6524
vn -0.2031 -0.1563 -0.9666
vn 0.2117 -0.1562 -0.9648
vn -0.5215 0.1576 -0.8386
vn -0.1261 0.1587 -0.9792
vn -0.6366 0.6107 -0.4709
vn -0.4985 0.6115 -0.6144
vn -0.3024 0.6478 0.6992
vn -0.1599 0.6485 0.7442
vn -0.0182 0.1615 0.9867
vn 0.1989 0.1618 0.9666
vn 0.1243 -0.1622 0.9789
vn 0.3336 -0.1622 0.9287
vn 0.7339 -0.6501 0.1967
vn 0.7593 -0.6489 0.0489
vn -0.3191 -0.6132 -0.7226
vn -0.1252 -0.6119 -0.7810
vn -0.8182 -0.1606 -0.5521
vn -0.5059 -0.1585 -0.8479
vn -0.9610 0.1487 -0.2330
vn -0.7682 0.1544 -0.6213
vn -0.7890 0.6042 0.1112
vn -0.7886 0.6078 -0.0928
vn 0.2631 0.6551 0.7083
vn 0.4013 0.6583 0.6369
vn 0.6687 0.1681 0.7243
vn 0.8160 0.1719 0.5519
vn 0.7655 -0.1622 0.6226
vn 0.8864 -0.1616 0.4338
vn 0.6620 -0.6465 -0.3792
vn 0.5765 -0.6446 -0.5022
vn -0.7363 -0.6195 -0.2721
vn -0.6339 -0.6181 -0.4649
vn -0.9645 -0.1668 0.2045
vn -0.9563 -0.1642 -0.2421
vn -0.8390 0.1333 0.5275
vn -0.9839 0.1422 0.1087
vn -0.4823 0.5967 0.6413
vn -0.6256 0.5989 0.4999
vn 0.6793 0.6692 0.3012
vn 0.7280 0.6721 0.1355
vn 0.9828 0.1829 0.0267
vn 0.9592 0.1865 -0.2125
vn 0.9814 -0.1568 -0.1105
vn 0.9306 -0.1532 -0.3325
vn 0.2084 -0.6446 -0.7356
vn 0.0581 -0.6459 -0.7612
vn -0.7057 -0.6153 0.3513
vn -0.7720 -0.6182 0.1476
vn -0.5378 -0.1714 0.8255
vn -0.8380 -0.1696 0.5186
vn -0.2272 0.1316 0.9649
vn -0.6146 0.1293 0.7782
vn 0.1123 0.6084 0.7856
vn -0.0947 0.6017 0.7931
vn 0.6755 0.6733 -0.3006
vn 0.5906 0.6721 -0.4467
vn 0.6974 0.1906 -0.6909
vn 0.5098 0.1903 -0.8390
vn 0.6118 -0.1462 -0.7774
vn 0.4173 -0.1445 -0.8972
vn -0.3543 -0.6577 -0.6647
vn -0.4950 -0.6645 -0.5598
vn -0.2665 -0.6072 0.7486
vn -0.4333 -0.6088 0.6646
vn 0.1733 -0.1670 0.9706
vn -0.2422 -0.1710 0.9550
vn 0.5105 0.1588 0.8451
vn 0.0949 0.1388 0.9858
vn 0.6291 0.6428 0.4371
vn 0.4765 0.6291 0.6142
vn 0.2521 0.6642 -0.7037
vn 0.1080 0.6622 -0.7415
vn 0.0127 0.1833 -0.9830
vn -0.2266 0.1782 -0.9576
vn -0.0974 -0.1488 -0.9841
vn -0.3339 -0.1553 -0.9297
vn -0.7054 -0.6796 -0.2014
vn -0.7294 -0.6840 -0.0119
vn 0.2991 -0.6079 0.7355
vn 0.1309 -0.6059 0.7847
vn 0.8017 -0.1482 0.5790
vn 0.4759 -0.1609 0.8647
vn 0.9548 0.2041 0.2162
vn 0.7539 0.1761 0.6329
vn 0.7237 0.6681 -0.1726
vn 0.7469 0.6615 0.0674
vn -0.3080 0.6553 -0.6897
vn -0.4318 0.6545 -0.6206
vn -0.6757 0.1609 -0.7194
vn -0.8402 0.1506 -0.5209
vn -0.7511 -0.1758 -0.6364
vn -0.8919 -0.1896 -0.4105
vn -0.6249 -0.6842 0.3761
vn -0.5286 -0.6819 0.5055
vn 0.7226 -0.6105 0.3241
vn 0.6190 -0.6102 0.4945
vn 0.9776 -0.1206 -0.1724
vn 0.9496 -0.1371 0.2818
vn 0.8089 0.2318 -0.5404
vn 0.9693 0.2188 -0.1118
vn 0.3835 0.6650 -0.6409
vn 0.5498 0.6694 -0.4996
vn -0.7030 0.6490 -0.2910
vn -0.7486 0.6475 -0.1422
vn -0.9916 0.1271 -0.0243
vn -0.9630 0.1160 0.2432
vn -0.9718 -0.2142 0.0986
vn -0.9065 -0.2249 0.3574
vn -0.1990 -0.6748 0.7106
vn -0.0577 -0.6709 0.7393
vn 0.7448 -0.6044 -0.2829
vn 0.7907 -0.6070 -0.0792
vn 0.5681 -0.1076 -0.8159
vn 0.8639 -0.1126 -0.4909
vn 0.2024 0.2198 -0.9543
vn 0.5868 0.2310 -0.7761
vn -0.1569 0.6432 -0.7495
vn 0.0387 0.6520 -0.7572
vn -0.7099 0.6395 0.2952
vn -0.6326 0.6371 0.4403
vn -0.7103 0.1042 0.6961
vn -0.5150 0.1042 0.8508
vn -0.6105 -0.2296 0.7580
vn -0.4108 -0.2249 0.8835
vn 0.3381 -0.6604 0.6705
vn 0.4602 -0.6561 0.5981
vn 0.3351 -0.5996 -0.7268
vn 0.5071 -0.6003 -0.6185
vn -0.1504 -0.1312 -0.9799
vn 0.2674 -0.1144 -0.9568
vn -0.5134 0.1735 -0.8404
vn -0.1203 0.2025 -0.9719
vn -0.6451 0.6153 -0.4531
vn -0.5065 0.6250 -0.5940
vn -0.2887 0.6357 0.7159
vn -0.1377 0.6379 0.7577
vn -0.0211 0.1212 0.9924
vn 0.2054 0.1344 0.9694
vn 0.0776 -0.2027 0.9762
vn 0.2923 -0.1886 0.9375
vn 0.7205 -0.6446 0.2556
vn 0.7612 -0.6393 0.1092
vn -0.2659 -0.6163 -0.7412
vn -0.0676 -0.6086 -0.7906
vn -0.7895 -0.1866 -0.5847
vn -0.4681 -0.1543 -0.8701
vn -0.9679 0.1110 -0.2255
vn -0.7720 0.1456 -0.6188
vn -0.7956 0.5878 0.1469
vn -0.8002 0.5966 -0.0623
vn 0.2953 0.6551 0.6954
vn 0.4299 0.6635 0.6123
vn 0.6713 0.1769 0.7198
vn 0.8194 0.1964 0.5384
vn 0.7369 -0.1506 0.6590
vn 0.8721 -0.1332 0.4708
vn 0.6971 -0.6284 -0.3451
vn 0.6140 -0.6251 -0.4819
vn -0.6995 -0.6487 -0.2999
vn -0.5896 -0.6377 -0.4957
vn -0.9539 -0.2384 0.1823
vn -0.9383 -0.2131 -0.2724
vn -0.8243 0.0685 0.5619
vn -0.9875 0.0868 0.1315
vn -0.4440 0.5755 0.6868
vn -0.6046 0.5768 0.5493
vn 0.6783 0.6877 0.2590
vn 0.7133 0.6956 0.0861
vn 0.9714 0.2371 0.0146
vn 0.9373 0.2496 -0.2431
vn 0.9927 -0.0977 -0.0711
vn 0.9417 -0.0860 -0.3252
vn 0.2406 -0.6281 -0.7400
vn 0.0685 -0.6331 -0.7710
vn -0.6753 -0.6647 0.3197
vn -0.7432 -0.6619 0.0979
vn -0.5120 -0.2471 0.8227
vn -0.8313 -0.2487 0.4971
vn -0.1549 0.0799 0.9847
vn -0.5822 0.0653 0.8104
vn 0.1925 0.5973 0.7786
vn -0.0255 0.5861 0.8099
vn 0.6322 0.7047 -0.3221
vn 0.5275 0.7051 -0.4739
vn 0.6695 0.2590 -0.6962
vn 0.4424 0.2548 -0.8598
vn 0.6323 -0.0772 -0.7709
vn 0.3907 -0.0823 -0.9168
vn -0.3437 -0.6570 -0.6710
vn -0.5021 -0.6709 -0.5457
vn -0.2386 -0.6549 0.7170
vn -0.4287 -0.6602 0.6168
vn 0.2298 -0.2099 0.9503
vn -0.2206 -0.2367 0.9462
vn 0.5977 0.1434 0.7888
vn 0.1695 0.1001 0.9804
vn 0.6731 0.6443 0.3629
vn 0.5393 0.6262 0.5630
vn 0.1933 0.6963 -0.6912
vn 0.0208 0.6915 -0.7221
vn -0.0350 0.2326 -0.9719
vn -0.3228 0.2136 -0.9220
vn -0.1055 -0.1073 -0.9886
vn -0.3981 -0.1311 -0.9079
vn -0.6880 -0.6985 -0.1968
vn -0.7047 -0.7093 0.0147
vn 0.3331 -0.6337 0.6981
vn 0.1396 -0.6408 0.7549
vn 0.8484 -0.1441 0.5094
vn 0.5170 -0.1856 0.8356
vn 0.9693 0.2229 0.1034
vn 0.8108 0.1750 0.5586
vn 0.6890 0.6795 -0.2521
vn 0.7428 0.6694 -0.0113
vn -0.3678 0.6750 -0.6397
vn -0.5062 0.6692 -0.5440
vn -0.7261 0.1739 -0.6652
vn -0.8983 0.1479 -0.4137
vn -0.7727 -0.1766 -0.6097
vn -0.9212 -0.2080 -0.3287
vn -0.5861 -0.7199 0.3719
vn -0.4639 -0.7192 0.5173
vn 0.7449 -0.6098 0.2708
vn 0.6426 -0.6173 0.4538
vn 0.9597 -0.0806 -0.2691
vn 0.9707 -0.1162 0.2102
vn 0.7276 0.2684 -0.6313
vn 0.9455 0.2469 -0.2124
vn 0.2894 0.6818 -0.6719
vn 0.4808 0.6851 -0.5472
vn -0.7326 0.6518 -0.1962
vn -0.7625 0.6464 -0.0271
vn -0.9917 0.1072 0.0704
vn -0.9262 0.0876 0.3667
vn -0.9568 -0.2485 0.1509
vn -0.8586 -0.2660 0.4382
vn -0.1357 -0.7098 0.6912
vn 0.0229 -0.7023 0.7115
vn 0.7274 -0.5875 -0.3546
vn 0.7912 -0.5938 -0.1463
vn 0.4701 -0.0605 -0.8805
vn 0.8160 -0.0660 -0.5743
vn 0.0614 0.2552 -0.9649
vn 0.4816 0.2695 -0.8339
vn -0.2681 0.6587 -0.7030
vn -0.0631 0.6694 -0.7402
vn -0.6633 0.6323 0.4003
vn -0.5609 0.6292 0.5380
vn -0.6242 0.0697 0.7781
vn -0.3887 0.0696 0.9187
vn -0.5332 -0.2749 0.8001
vn -0.2974 -0.2694 0.9159
vn 0.4006 -0.6813 0.6126
vn 0.5211 -0.6722 0.5259
vn 0.2524 -0.5822 -0.7729
vn 0.4429 -0.5811 -0.6828
vn -0.2875 -0.0999 -0.9525
vn 0.1451 -0.0720 -0.9868
vn -0.6404 0.1957 -0.7427
vn -0.2630 0.2332 -0.9362
vn -0.7066 0.6247 -0.3323
vn -0.5883 0.6369 -0.4982
vn -0.1692 0.6276 0.7600
vn -0.0094 0.6304 0.7762
vn 0.1275 0.0907 0.9877
vn 0.3607 0.1081 0.9264
vn 0.2002 -0.2403 0.9498
vn 0.4213 -0.2201 0.8798
vn 0.7447 -0.6483 0.1587
vn 0.7685 -0.6398 0.0062
vn -0.3676 -0.6085 -0.7033
vn -0.1759 -0.5972 -0.7826
vn -0.8699 -0.1774 -0.4603
vn -0.5944 -0.1330 -0.7931
vn -0.9906 0.1204 -0.0644
vn -0.8618 0.1611 -0.4811
vn -0.7556 0.5930 0.2782
vn -0.7949 0.6023 0.0733
vn 0.4156 0.6471 0.6392
vn 0.5330 0.6551 0.5356
vn 0.7842 0.1586 0.5998
vn 0.9000 0.1816 0.3964
vn 0.8248 -0.1667 0.5402
vn 0.9323 -0.1426 0.3325
vn 0.6464 -0.6224 -0.4414
vn 0.5421 -0.6185 -0.5688
vn -0.7327 -0.6507 -0.1992
vn -0.6551 -0.6365 -0.4071
vn -0.9154 -0.2447 0.3196
vn -0.9690 -0.2120 -0.1265
vn -0.7270 0.0721 0.6829
vn -0.9528 0.0923 0.2892
vn -0.3241 0.5797 0.7476
vn -0.5050 0.5810 0.6382
vn 0.7212 0.6775 0.1445
vn 0.7283 0.6849 -0.0220
vn 0.9632 0.2280 -0.1424
vn 0.8911 0.2423 -0.3836
vn 0.9712 -0.0942 -0.2189
vn 0.8833 -0.0792 -0.4622
vn 0.1281 -0.6210 -0.7732
vn -0.0509 -0.6263 -0.7779
vn -0.6187 -0.6744 0.4029
vn -0.7176 -0.6689 0.1939
vn -0.3832 -0.2595 0.8865
vn -0.7472 -0.2589 0.6121
vn -0.0012 0.0800 0.9968
vn -0.4482 0.0672 0.8914
vn 0.3123 0.5948 0.7407
vn 0.1060 0.5868 0.8028
vn 0.5884 0.6949 -0.4135
vn 0.4705 0.6962 -0.5421
vn 0.5586 0.2552 -0.7892
vn 0.3179 0.2520 -0.9140
vn 0.5127 -0.0665 -0.8560
vn 0.2502 -0.0718 -0.9655
vn -0.4494 -0.6492 -0.6136
vn -0.5844 -0.6616 -0.4699
vn -0.1319 -0.6682 0.7322
vn -0.3413 -0.6730 0.6562
vn 0.3762 -0.2218 0.8996
vn -0.0748 -0.2496 0.9654
vn 0.7116 0.1328 0.6899
vn 0.3231 0.0973 0.9413
vn 0.7292 0.6262 0.2759
vn 0.6286 0.6149 0.4762
vn 0.1081 0.6904 -0.7153
vn -0.0633 0.6866 -0.7243
vn -0.1776 0.2324 -0.9563
vn -0.4452 0.2157 -0.8691
vn -0.2555 -0.0970 -0.9619
vn -0.5303 -0.1200 -0.8393
vn -0.7204 -0.6873 -0.0928
vn -0.7086 -0.6969 0.1101
vn 0.4362 -0.6442 0.6283
vn 0.2409 -0.6535 0.7176
vn 0.9168 -0.1588 0.3665
vn 0.6433 -0.1980 0.7396
vn 0.9807 0.1933 -0.0301
vn 0.8906 0.1583 0.4263
vn 0.6859 0.6490 -0.3292
vn 0.7572 0.6431 -0.1146
vn -0.4429 0.6729 -0.5925
vn -0.5671 0.6680 -0.4818
vn -0.8152 0.1815 -0.5500
vn -0.9415 0.1622 -0.2953
vn -0.8599 -0.1623 -0.4840
vn -0.9621 -0.1883 -0.1970
vn -0.5405 -0.7085 0.4538
vn -0.4022 -0.7087 0.5796
vn 0.7750 -0.6155 0.1436
vn 0.7011 -0.6247 0.3439
vn 0.9082 -0.1040 -0.4054
vn 0.9895 -0.1339 0.0549
vn 0.6592 0.2252 -0.7175
vn 0.9161 0.2109 -0.3409
vn 0.2467 0.6509 -0.7180
vn 0.4393 0.6529 -0.6171
vn -0.7482 0.6546 -0.1084
vn -0.7570 0.6510 0.0553
vn -0.9701 0.1320 0.2037
vn -0.8778 0.1202 0.4637
vn -0.9315 -0.2229 0.2873
vn -0.8036 -0.2364 0.5462
vn -0.0433 -0.7030 0.7098
vn 0.1221 -0.6972 0.7064
vn 0.6597 -0.5928 -0.4619
vn 0.7546 -0.5987 -0.2686
vn 0.3448 -0.0872 -0.9346
vn 0.7253 -0.0920 -0.6823
vn -0.0407 0.2181 -0.9751
vn 0.3908 0.2266 -0.8922
vn -0.3289 0.6375 -0.6967
vn -0.1303 0.6434 -0.7543
vn -0.6125 0.6424 0.4606
vn -0.5041 0.6412 0.5786
vn -0.5288 0.1086 0.8418
vn -0.2970 0.1087 0.9487
vn -0.4287 -0.2454 0.8695
vn -0.1847 -0.2424 0.9524
vn 0.3176 -0.6646 0.6763
vn 0.5296 -0.5578 -0.6391
vn 0.1929 -0.0812 -0.9779
vn -0.2088 0.2034 -0.9566
vn -0.5073 0.6060 -0.6128
vn -0.3270 0.6107 0.7211
vn -0.0416 0.1015 0.9940
vn 0.0658 -0.2238 0.9724
vn -0.0000 0.0001 1.0000
vn 0.9231 -0.0052 -0.3846
vn -0.6457 -0.6239 0.4403
vn -0.4801 -0.6506 0.5884
vn -0.3555 -0.6503 0.6714
vn 0.7050 -0.5855 0.4002
vn 0.7914 -0.6113 0.0059
vn 0.7645 -0.6112 0.2050
vn 0.9869 -0.1500 0.0591
vn 0.8436 -0.1575 -0.5134
vn 0.9811 -0.1579 -0.1118
vn 0.9440 0.1500 -0.2939
vn 0.6170 0.1562 -0.7713
vn 0.8843 0.1570 -0.4397
vn 0.5896 0.5839 -0.5580
vn 0.2379 0.6050 -0.7598
vn 0.4191 0.6073 -0.6749
vn -0.7335 0.6226 -0.2727
vn -0.7582 0.6496 -0.0572
vn -0.7544 0.6502 0.0900
vn -0.9872 0.1520 0.0474
vn -0.9366 0.1629 0.3101
vn -0.8443 0.1631 0.5105
vn -0.9698 -0.1520 0.1906
vn -0.8822 -0.1625 0.4419
vn -0.7622 -0.1626 0.6267
vn 0.0617 -0.6506 0.7569
vn 0.2090 -0.6503 0.7304
vn 0.5746 -0.6113 -0.5442
vn 0.6932 -0.6112 -0.3820
vn 0.2523 -0.1575 -0.9547
vn 0.6298 -0.1579 -0.7605
vn -0.0858 0.1491 -0.9851
vn 0.3321 0.1533 -0.9307
vn -0.3526 0.5993 -0.7187
vn -0.1656 0.6009 -0.7820
vn -0.5860 0.6528 0.4800
vn -0.4827 0.6547 0.5817
vn -0.4594 0.1660 0.8726
vn -0.2567 0.1680 0.9518
vn -0.3297 -0.1625 0.9300
vn -0.1151 -0.1626 0.9800
vn 0.5690 -0.6506 0.5029
vn 0.6569 -0.6503 0.3817
vn 0.0371 -0.6113 -0.7905
vn 0.2350 -0.6112 -0.7558
vn -0.4810 -0.1591 -0.8622
vn -0.0734 -0.1585 -0.9846
vn -0.7403 0.1473 -0.6559
vn -0.4000 0.1467 -0.9047
vn -0.7468 0.6025 -0.2815
vn -0.6574 0.6000 -0.4558
vn -0.0975 0.6573 0.7473
vn 0.0473 0.6580 0.7515
vn 0.2697 0.1717 0.9475
vn 0.4679 0.1725 0.8668
vn 0.4069 -0.1623 0.8989
vn 0.5963 -0.1621 0.7862
vn 0.7585 -0.6509 -0.0317
vn 0.7376 -0.6508 -0.1801
vn -0.5210 -0.6113 -0.5956
vn -0.3544 -0.6112 -0.7077
vn -0.9432 -0.1566 -0.2929
vn -0.7348 -0.1590 -0.6594
vn -0.9860 0.1637 0.0314
vn -0.9112 0.1514 -0.3831
vn -0.7282 0.6154 0.3018
vn -0.7839 0.6106 0.1123
vn 0.4390 0.6544 0.6157
vn 0.5507 0.6521 0.5210
vn 0.8469 0.1666 0.5050
vn 0.9372 0.1613 0.3093
vn 0.9158 -0.1636 0.3669
vn 0.9737 -0.1651 0.1569
vn 0.5248 -0.6519 -0.5474
vn 0.4070 -0.6521 -0.6396
vn -0.7904 -0.6087 -0.0694
vn -0.7468 -0.6098 -0.2654
vn -0.8874 -0.1418 0.4386
vn -0.9880 -0.1520 0.0276
vn -0.6922 0.1897 0.6963
vn -0.9223 0.1742 0.3449
vn -0.3230 0.6259 0.7098
vn -0.4916 0.6235 0.6079
vn 0.7531 0.6402 0.1516
vn 0.7723 0.6352 0.0053
vn 0.9659 0.1429 -0.2161
vn 0.8980 0.1343 -0.4190
vn 0.9143 -0.1730 -0.3662
vn 0.8113 -0.1775 -0.5570
vn 0.0009 -0.6536 -0.7569
vn -0.1467 -0.6536 -0.7425
vn -0.6239 -0.6010 0.4995
vn -0.7265 -0.6040 0.3277
vn -0.3431 -0.1226 0.9313
vn -0.6975 -0.1337 0.7040
vn -0.0337 0.2032 0.9786
vn -0.4311 0.1976 0.8804
vn 0.2422 0.6243 0.7427
vn 0.0520 0.6264 0.7777
vn 0.6644 0.6180 -0.4203
vn 0.5817 0.6129 -0.5347
vn 0.5518 0.1154 -0.8260
vn 0.3728 0.1100 -0.9214
vn 0.4056 -0.1874 -0.8946
vn 0.2085 -0.1903 -0.9593
vn -0.5225 -0.6522 -0.5492
vn -0.6180 -0.6507 -0.4412
vn -0.1111 -0.5903 0.7995
vn -0.2989 -0.5934 0.7473
vn 0.3821 -0.1178 0.9166
vn -0.0202 -0.1185 0.9927
vn 0.6338 0.1891 0.7501
vn 0.2830 0.2001 0.9380
vn 0.6896 0.6082 0.3931
vn 0.5708 0.6149 0.5440
vn 0.1953 0.6002 -0.7756
vn 0.0716 0.5988 -0.7977
vn -0.1683 0.1066 -0.9800
vn -0.3434 0.1090 -0.9329
vn -0.3224 -0.1908 -0.9272
vn -0.4984 -0.1885 -0.8462
vn -0.7642 -0.6438 -0.0393
vn -0.7611 -0.6406 0.1020
vn 0.4630 -0.5879 0.6633
vn 0.2970 -0.5871 0.7531
vn 0.8984 -0.1411 0.4159
vn 0.6612 -0.1256 0.7396
vn 0.9805 0.1467 0.1310
vn 0.8461 0.1724 0.5044
vn 0.7940 0.5804 -0.1806
vn 0.8073 0.5900 0.0110
vn -0.3775 0.6031 -0.7027
vn -0.4717 0.6068 -0.6398
vn -0.7873 0.1305 -0.6027
vn -0.8747 0.1400 -0.4639
vn -0.8726 -0.1727 -0.4569
vn -0.9428 -0.1651 -0.2895
vn -0.5908 -0.6286 0.5058
vn -0.4953 -0.6246 0.6038
vn 0.7809 -0.6007 0.1713
vn 0.7234 -0.5951 0.3501
vn 0.9363 -0.1850 -0.2984
vn 0.9824 -0.1602 0.0966
vn 0.8165 0.0948 -0.5694
vn 0.9719 0.1222 -0.2011
vn 0.4779 0.5519 -0.6833
vn 0.6136 0.5595 -0.5572
vn -0.7281 0.6288 -0.2730
vn -0.7548 0.6360 -0.1607
vn -0.9802 0.1800 0.0830
vn -0.9515 0.1921 0.2403
vn -0.9558 -0.1353 0.2611
vn -0.8956 -0.1252 0.4268
vn -0.0904 -0.6146 0.7837
vn 0.0416 -0.6129 0.7891
vn 0.6761 -0.6214 -0.3960
vn 0.7568 -0.6144 -0.2232
vn 0.4841 -0.2206 -0.8467
vn 0.7854 -0.2039 -0.5845
vn 0.2252 0.0666 -0.9720
vn 0.5864 0.0769 -0.8064
vn -0.0932 0.5447 -0.8334
vn 0.0837 0.5433 -0.8354
vn -0.7046 0.6598 0.2611
vn -0.6459 0.6659 0.3734
vn -0.6692 0.2267 0.7077
vn -0.5365 0.2339 0.8108
vn -0.5323 -0.0977 0.8409
vn -0.3732 -0.0917 0.9232
vn 0.4543 -0.6163 0.6432
vn 0.5560 -0.6198 0.5538
vn 0.2292 -0.6332 -0.7393
vn 0.4052 -0.6307 -0.6618
vn -0.2069 -0.2201 -0.9533
vn 0.1920 -0.2256 -0.9551
vn -0.4745 0.0888 -0.8758
vn -0.0918 0.0693 -0.9934
vn -0.6045 0.5708 -0.5557
vn -0.4737 0.5597 -0.6799
vn -0.3539 0.6754 0.6470
vn -0.2294 0.6758 0.7005
vn -0.0414 0.2385 0.9703
vn 0.1413 0.2336 0.9620
vn 0.1576 -0.0893 0.9835
vn 0.3416 -0.0945 0.9351
vn 0.7503 -0.6371 0.1766
vn 0.7646 -0.6435 0.0348
vn -0.3270 -0.6257 -0.7082
vn -0.1412 -0.6304 -0.7633
vn -0.7970 -0.1771 -0.5775
vn -0.4898 -0.2067 -0.8470
vn -0.9298 0.1539 -0.3344
vn -0.7176 0.1125 -0.6873
vn -0.7912 0.6115 -0.0108
vn -0.7752 0.5987 -0.2016
vn 0.1597 0.6675 0.7273
vn 0.2959 0.6619 0.6887
vn 0.6071 0.2027 0.7683
vn 0.7538 0.1847 0.6306
vn 0.7629 -0.1251 0.6344
vn 0.8746 -0.1420 0.4635
vn 0.6576 -0.6608 -0.3619
vn 0.5742 -0.6645 -0.4783
vn -0.7361 -0.5996 -0.3141
vn -0.6307 -0.6099 -0.4798
vn -0.9877 -0.1088 0.1119
vn -0.9403 -0.1498 -0.3057
vn -0.9007 0.2207 0.3743
vn -0.9823 0.1844 -0.0325
vn -0.5791 0.6363 0.5097
vn -0.6911 0.6312 0.3521
vn 0.6251 0.6394 0.4477
vn 0.7061 0.6298 0.3238
vn 0.9774 0.1326 0.1649
vn 0.9928 0.1117 -0.0428
vn 0.9813 -0.1881 -0.0417
vn 0.9478 -0.2049 -0.2445
vn 0.2395 -0.6697 -0.7029
vn 0.1070 -0.6688 -0.7357
vn -0.7791 -0.5631 0.2756
vn -0.8139 -0.5750 0.0833
vn -0.6564 -0.0566 0.7523
vn -0.9039 -0.0824 0.4197
vn -0.4194 0.2473 0.8735
vn -0.7363 0.2383 0.6334
vn -0.0971 0.6347 0.7666
vn -0.2786 0.6382 0.7177
vn 0.7929 0.5986 -0.1140
vn 0.7673 0.5897 -0.2521
vn 0.8280 0.0684 -0.5565
vn 0.7096 0.0589 -0.7022
vn 0.6801 -0.2359 -0.6941
vn 0.5357 -0.2412 -0.8093
vn -0.2967 -0.6608 -0.6895
vn -0.4144 -0.6565 -0.6303
vn -0.4019 -0.5342 0.7437
vn -0.5486 -0.5405 0.6378
vn 0.0006 -0.0552 0.9985
vn -0.3801 -0.0495 0.9236
vn 0.2540 0.2222 0.9413
vn -0.1242 0.2419 0.9623
vn 0.4442 0.6140 0.6525
vn 0.2720 0.6225 0.7338
vn 0.5066 0.5675 -0.6491
vn 0.4126 0.5653 -0.7143
vn 0.2256 0.0533 -0.9728
vn 0.0749 0.0579 -0.9955
vn 0.0295 -0.2382 -0.9708
vn -0.1281 -0.2323 -0.9642
vn -0.7015 -0.6380 -0.3174
vn -0.7505 -0.6314 -0.1952
vn 0.1848 -0.5371 0.8230
vn 0.0201 -0.5325 0.8462
vn 0.6481 -0.1080 0.7538
vn 0.3236 -0.0746 0.9433
vn 0.8193 0.1583 0.5510
vn 0.5448 0.1961 0.8153
vn 0.7920 0.5811 0.1876
vn 0.7162 0.5924 0.3690
vn -0.0526 0.5723 -0.8184
vn -0.1459 0.5770 -0.8036
vn -0.4760 0.0966 -0.8741
vn -0.5862 0.1094 -0.8027
vn -0.6308 -0.1954 -0.7509
vn -0.7355 -0.1828 -0.6524
vn -0.7535 -0.6064 0.2538
vn -0.7089 -0.5999 0.3709
vn 0.6574 -0.5749 0.4872
vn 0.5497 -0.5614 0.6186
vn 0.9730 -0.1870 0.1350
vn 0.8555 -0.1443 0.4973
vn 0.9860 0.0856 -0.1429
vn 0.9604 0.1228 0.2500
vn 0.7309 0.5474 -0.4076
vn 0.7984 0.5564 -0.2300
vn -0.5436 0.6109 -0.5755
vn -0.6073 0.6200 -0.4968
vn -0.9231 0.1730 -0.3434
vn -0.9588 0.1881 -0.2127
vn -0.9817 -0.1264 -0.1428
vn -0.9937 -0.1122 0.0037
vn -0.3992 -0.5828 0.7079
vn -0.2925 -0.5811 0.7594
vn 0.7810 -0.6207 -0.0690
vn 0.7862 -0.6072 0.1150
vn 0.8022 -0.2435 -0.5451
vn 0.9575 -0.2181 -0.1889
vn 0.6394 0.0486 -0.7674
vn 0.8851 0.0614 -0.4612
vn 0.2895 0.5365 -0.7927
vn 0.4454 0.5358 -0.7173
vn -0.7506 0.6545 -0.0907
vn -0.7486 0.6623 0.0313
vn -0.9098 0.2375 0.3405
vn -0.8423 0.2461 0.4795
vn -0.8351 -0.0669 0.5460
vn -0.7393 -0.0591 0.6708
vn 0.1497 -0.5886 0.7945
vn 0.2658 -0.5942 0.7591
vn 0.5244 -0.6430 -0.5582
vn 0.6485 -0.6388 -0.4139
vn 0.2432 -0.2449 -0.9385
vn 0.5901 -0.2515 -0.7672
vn -0.0181 0.0714 -0.9973
vn 0.3664 0.0507 -0.9291
vn -0.2816 0.5616 -0.7780
vn -0.1155 0.5508 -0.8266
vn -0.6129 0.6760 0.4091
vn -0.5276 0.6768 0.5134
vn -0.4726 0.2535 0.8440
vn -0.3142 0.2485 0.9163
vn -0.2860 -0.0548 0.9567
vn -0.1152 -0.0615 0.9914
vn 0.6015 -0.6222 0.5010
vn 0.6729 -0.6314 0.3854
vn 0.0291 -0.6348 -0.7721
vn 0.2161 -0.6407 -0.7367
vn -0.4364 -0.1960 -0.8781
vn -0.0490 -0.2296 -0.9721
vn -0.6665 0.1367 -0.7329
vn -0.3182 0.0957 -0.9432
vn -0.7001 0.6028 -0.3828
vn -0.5976 0.5904 -0.5425
vn -0.1963 0.6705 0.7155
vn -0.0575 0.6656 0.7441
vn 0.1812 0.2181 0.9589
vn 0.3706 0.2009 0.9068
vn 0.3897 -0.0992 0.9156
vn 0.5610 -0.1188 0.8193
vn 0.7541 -0.6566 -0.0179
vn 0.7328 -0.6616 -0.1592
vn -0.5043 -0.6064 -0.6147
vn -0.3330 -0.6179 -0.7123
vn -0.9247 -0.1236 -0.3601
vn -0.6860 -0.1668 -0.7083
vn -0.9759 0.2010 -0.0849
vn -0.8558 0.1667 -0.4898
vn -0.7560 0.6265 0.1895
vn -0.7827 0.6223 -0.0055
vn 0.3428 0.6490 0.6792
vn 0.4739 0.6420 0.6028
vn 0.7841 0.1529 0.6015
vn 0.8974 0.1336 0.4205
vn 0.8897 -0.1720 0.4228
vn 0.9555 -0.1908 0.2251
vn 0.5374 -0.6690 -0.5135
vn 0.4346 -0.6681 -0.6040
vn -0.8163 -0.5674 -0.1080
vn -0.7562 -0.5806 -0.3017
vn -0.9264 -0.0699 0.3700
vn -0.9942 -0.0964 -0.0484
vn -0.7707 0.2248 0.5963
vn -0.9493 0.2173 0.2273
vn -0.4316 0.6255 0.6500
vn -0.5755 0.6284 0.5234
vn 0.7429 0.6209 0.2502
vn 0.7826 0.6141 0.1018
vn 0.9886 0.0948 -0.1170
vn 0.9452 0.0858 -0.3151
vn 0.9259 -0.2246 -0.3038
vn 0.8468 -0.2300 -0.4796
vn 0.0560 -0.6615 -0.7478
vn -0.0790 -0.6581 -0.7487
vn -0.6888 -0.5355 0.4887
vn -0.7751 -0.5428 0.3235
vn -0.4455 -0.0659 0.8929
vn -0.7580 -0.0620 0.6494
vn -0.1839 0.2070 0.9609
vn -0.5433 0.2211 0.8099
vn 0.1205 0.6150 0.7793
vn -0.0751 0.6186 0.7821
vn 0.7164 0.5963 -0.3622
vn 0.6496 0.5937 -0.4749
vn 0.6309 0.0789 -0.7719
vn 0.4890 0.0825 -0.8684
vn 0.4674 -0.2289 -0.8539
vn 0.3133 -0.2238 -0.9229
vn -0.4705 -0.6464 -0.6007
vn -0.5772 -0.6423 -0.5043
vn -0.1990 -0.5349 0.8212
vn -0.3550 -0.5311 0.7693
vn 0.2429 -0.1069 0.9642
vn -0.1357 -0.0806 0.9875
vn 0.5050 0.1675 0.8467
vn 0.1312 0.1903 0.9729
vn 0.6346 0.6053 0.4806
vn 0.4841 0.6082 0.6291
vn 0.2782 0.5941 -0.7548
vn 0.1746 0.5972 -0.7828
vn -0.0480 0.1080 -0.9930
vn -0.2031 0.1184 -0.9720
vn -0.2233 -0.1967 -0.9547
vn -0.3781 -0.1866 -0.9068
vn -0.7706 -0.6276 -0.1107
vn -0.7817 -0.6228 0.0334
vn 0.3701 -0.5687 0.7346
vn 0.2188 -0.5565 0.8015
vn 0.8171 -0.1664 0.5520
vn 0.5411 -0.1341 0.8302
vn 0.9546 0.1293 0.2684
vn 0.7579 0.1481 0.6353
vn 0.7976 0.5942 -0.1035
vn 0.7943 0.5979 0.1072
vn -0.2722 0.6180 -0.7375
vn -0.3706 0.6248 -0.6872
vn -0.6889 0.1578 -0.7075
vn -0.7976 0.1692 -0.5790
vn -0.8116 -0.1491 -0.5649
vn -0.8989 -0.1383 -0.4158
vn -0.6488 -0.6096 0.4554
vn -0.5669 -0.6074 0.5565
vn 0.7361 -0.6114 0.2903
vn 0.6572 -0.5989 0.4576
vn 0.9662 -0.2058 -0.1551
vn 0.9495 -0.1888 0.2505
vn 0.8783 0.1130 -0.4646
vn 0.9909 0.1177 -0.0652
vn 0.5224 0.5873 -0.6182
vn 0.6517 0.5883 -0.4787
vn -0.6658 0.6478 -0.3701
vn -0.7155 0.6533 -0.2476
vn -0.9786 0.1964 -0.0611
vn -0.9712 0.2013 0.1272
vn -0.9849 -0.1105 0.1331
vn -0.9442 -0.1054 0.3120
vn -0.1966 -0.6089 0.7685
vn -0.0745 -0.6118 0.7875
vn 0.7231 -0.6315 -0.2797
vn 0.7729 -0.6282 -0.0896
vn 0.6076 -0.2052 -0.7673
vn 0.8643 -0.2108 -0.4566
vn 0.3429 0.1237 -0.9312
vn 0.6842 0.1141 -0.7204
vn -0.0075 0.5935 -0.8048
vn 0.1724 0.5902 -0.7886
vn -0.7310 0.6609 0.1699
vn -0.6842 0.6607 0.3088
vn -0.7676 0.2029 0.6080
vn -0.6301 0.1991 0.7505
vn -0.6505 -0.1031 0.7525
vn -0.4953 -0.1073 0.8621
vn 0.3331 -0.6284 0.7030
vn 0.4476 -0.6337 0.6309
vn 0.3519 -0.6259 -0.6960
vn 0.5113 -0.6301 -0.5844
vn -0.0572 -0.1796 -0.9821
vn 0.3413 -0.1967 -0.9191
vn -0.3667 0.1465 -0.9188
vn 0.0368 0.1328 -0.9905
vn -0.5389 0.6061 -0.5850
vn -0.3828 0.6029 -0.7000
vn -0.4234 0.6566 0.6242
vn -0.2940 0.6544 0.6967
vn -0.1749 0.1858 0.9669
vn 0.0328 0.1791 0.9833
vn -0.0047 -0.1257 0.9921
vn 0.1968 -0.1348 0.9711
vn 0.7009 -0.6495 0.2946
vn 0.7429 -0.6517 0.1531
vn -0.2137 -0.6134 -0.7603
vn -0.0136 -0.6180 -0.7860
vn -0.7189 -0.1538 -0.6779
vn -0.3631 -0.1684 -0.9164
vn -0.8997 0.1624 -0.4051
vn -0.6416 0.1551 -0.7512
vn -0.7891 0.6126 -0.0456
vn -0.7517 0.6122 -0.2453
vn 0.1210 0.6514 0.7491
vn 0.2661 0.6513 0.7107
vn 0.5277 0.1658 0.8331
vn 0.7000 0.1614 0.6957
vn 0.6590 -0.1590 0.7351
vn 0.8038 -0.1674 0.5709
vn 0.7040 -0.6561 -0.2720
vn 0.6390 -0.6554 -0.4027
vn -0.6955 -0.6017 -0.3928
vn -0.5638 -0.6056 -0.5615
vn -0.9898 -0.1397 0.0281
vn -0.9032 -0.1464 -0.4034
vn -0.9236 0.1641 0.3466
vn -0.9828 0.1647 -0.0837
vn -0.5987 0.6086 0.5208
vn -0.7081 0.6114 0.3531
vn 0.6097 0.6537 0.4483
vn 0.6905 0.6547 0.3077
vn 0.9629 0.1558 0.2204
vn 0.9879 0.1551 -0.0052
vn 0.9817 -0.1808 0.0598
vn 0.9709 -0.1821 -0.1557
vn 0.3197 -0.6520 -0.6875
vn 0.1885 -0.6500 -0.7361
vn -0.7759 -0.5908 0.2211
vn -0.8043 -0.5940 0.0149
vn -0.6891 -0.1406 0.7109
vn -0.9241 -0.1389 0.3561
vn -0.4216 0.1554 0.8934
vn -0.7557 0.1608 0.6349
vn -0.0682 0.6069 0.7918
vn -0.2619 0.6064 0.7508
vn 0.7443 0.6533 -0.1387
vn 0.6982 0.6510 -0.2978
vn 0.8286 0.1573 -0.5373
vn 0.6868 0.1592 -0.7092
vn 0.7360 -0.1783 -0.6530
vn 0.5825 -0.1742 -0.7939
vn -0.2329 -0.6505 -0.7229
vn -0.3776 -0.6529 -0.6566
vn -0.4179 -0.5860 0.6942
vn -0.5639 -0.5859 0.5820
vn -0.0266 -0.1516 0.9881
vn -0.4223 -0.1448 0.8948
vn 0.3051 0.1547 0.9397
vn -0.1097 0.1527 0.9822
vn 0.5036 0.6196 0.6020
vn 0.3287 0.6137 0.7178
vn 0.4117 0.6428 -0.6460
vn 0.2895 0.6413 -0.7106
vn 0.2116 0.1617 -0.9639
vn -0.0022 0.1621 -0.9868
vn 0.0831 -0.1632 -0.9831
vn -0.1259 -0.1600 -0.9791
vn -0.6661 -0.6615 -0.3447
vn -0.7264 -0.6651 -0.1732
vn 0.1472 -0.5957 0.7896
vn -0.0298 -0.5910 0.8062
vn 0.6564 -0.1571 0.7379
vn 0.2899 -0.1556 0.9443
vn 0.8756 0.1679 0.4529
vn 0.5908 0.1580 0.7912
vn 0.7695 0.6374 0.0390
vn 0.7270 0.6319 0.2688
vn -0.1366 0.6398 -0.7563
vn -0.2533 0.6427 -0.7231
vn -0.4998 0.1625 -0.8508
vn -0.6741 0.1635 -0.7203
vn -0.6044 -0.1611 -0.7802
vn -0.7763 -0.1672 -0.6078
vn -0.7069 -0.6651 0.2407
vn -0.6404 -0.6625 0.3887
vn 0.6372 -0.6095 0.4717
vn 0.5041 -0.6054 0.6159
vn 0.9861 -0.1543 0.0608
vn 0.8625 -0.1572 0.4811
vn 0.9316 0.1861 -0.3121
vn 0.9755 0.1750 0.1334
vn 0.5661 0.6385 -0.5214
vn 0.6871 0.6397 -0.3444
vn -0.5963 0.6490 -0.4724
vn -0.6764 0.6505 -0.3454
vn -0.9513 0.1578 -0.2648
vn -0.9880 0.1525 -0.0259
vn -0.9775 -0.1755 -0.1174
vn -0.9767 -0.1773 0.1205
vn -0.3556 -0.6550 0.6667
vn -0.2304 -0.6524 0.7220
vn 0.7827 -0.6135 -0.1052
vn 0.7833 -0.6134 0.1007
vn 0.7496 -0.1429 -0.6463
vn 0.9521 -0.1506 -0.2662
vn 0.4553 0.1897 -0.8699
vn 0.7792 0.1896 -0.5974
vn 0.0650 0.6301 -0.7738
vn 0.2545 0.6338 -0.7304
vn -0.7579 0.6480 0.0752
vn -0.7264 0.6458 0.2351
vn -0.8685 0.1402 0.4754
vn -0.7311 0.1350 0.6687
vn -0.7850 -0.1806 0.5926
vn -0.6319 -0.1819 0.7534
vn 0.1717 -0.6504 0.7399
vn 0.3044 -0.6500 0.6963
vn 0.4958 -0.6078 -0.6203
vn 0.6354 -0.6104 -0.4729
vn 0.1053 -0.1424 -0.9842
vn 0.5019 -0.1414 -0.8533
vn -0.2544 0.1748 -0.9512
vn 0.1539 0.1849 -0.9706
vn -0.4769 0.6182 -0.6248
vn -0.3106 0.6226 -0.7183
vn -0.4908 0.6422 0.5888
vn -0.3622 0.6425 0.6752
vn -0.3054 0.1341 0.9427
vn -0.0822 0.1375 0.9871
vn -0.1811 -0.1806 0.9667
vn 0.0350 -0.1778 0.9834
vn 0.6269 -0.6505 0.4288
vn 0.6998 -0.6491 0.2983
vn -0.0652 -0.6093 -0.7903
vn 0.1338 -0.6076 -0.7829
vn -0.5954 -0.1602 -0.7873
vn -0.2178 -0.1489 -0.9646
vn -0.8440 0.1455 -0.5163
vn -0.5503 0.1629 -0.8189
vn -0.7880 0.6035 -0.1216
vn -0.7282 0.6091 -0.3142
vn 0.0565 0.6482 0.7593
vn 0.2061 0.6517 0.7299
vn 0.4259 0.1560 0.8912
vn 0.6136 0.1667 0.7718
vn 0.5267 -0.1662 0.8336
vn 0.6991 -0.1592 0.6971
vn 0.7519 -0.6449 -0.1369
vn 0.7126 -0.6417 -0.2836
vn -0.5942 -0.6241 -0.5074
vn -0.4402 -0.6185 -0.6509
vn -0.9738 -0.1903 -0.1248
vn -0.8226 -0.1738 -0.5415
vn -0.9614 0.1107 0.2520
vn -0.9718 0.1296 -0.1968
vn -0.6455 0.5883 0.4870
vn -0.7451 0.5934 0.3045
vn 0.5612 0.6690 0.4872
vn 0.6505 0.6759 0.3464
vn 0.9229 0.1958 0.3315
vn 0.9739 0.2066 0.0943
vn 0.9644 -0.1402 0.2244
vn 0.9913 -0.1315 -0.0106
vn 0.4352 -0.6371 -0.6361
vn 0.2998 -0.6362 -0.7109
vn -0.7635 -0.6389 0.0940
vn -0.7608 -0.6352 -0.1327
vn -0.7542 -0.2100 0.6221
vn -0.9549 -0.2020 0.2178
vn -0.4797 0.0967 0.8721
vn -0.8155 0.1002 0.5700
vn -0.0989 0.5904 0.8010
vn -0.3015 0.5869 0.7514
vn 0.7200 0.6894 -0.0795
vn 0.6752 0.6921 -0.2552
vn 0.8682 0.2242 -0.4427
vn 0.7200 0.2271 -0.6558
vn 0.8318 -0.1164 -0.5427
vn 0.6691 -0.1126 -0.7346
vn -0.1326 -0.6453 -0.7523
vn -0.2988 -0.6524 -0.6964
vn -0.4550 -0.6367 0.6225
vn -0.6073 -0.6391 0.4720
vn -0.0897 -0.2016 0.9753
vn -0.5048 -0.2102 0.8372
vn 0.2809 0.1240 0.9517
vn -0.1666 0.1023 0.9807
vn 0.4986 0.6232 0.6026
vn 0.3116 0.6088 0.7295
vn 0.4225 0.6890 -0.5888
vn 0.2728 0.6862 -0.6743
vn 0.2818 0.2214 -0.9336
vn 0.0196 0.2137 -0.9767
vn 0.1974 -0.1163 -0.9734
vn -0.0669 -0.1244 -0.9900
vn -0.6058 -0.6755 -0.4204
vn -0.6872 -0.6866 -0.2373
vn 0.1009 -0.6255 0.7736
vn -0.0895 -0.6286 0.7725
vn 0.6204 -0.1677 0.7662
vn 0.2251 -0.1901 0.9556
vn 0.8705 0.1854 0.4559
vn 0.5669 0.1456 0.8108
vn 0.7460 0.6655 0.0248
vn 0.7098 0.6507 0.2699
vn -0.1306 0.6741 -0.7270
vn -0.2833 0.6705 -0.6857
vn -0.4613 0.1897 -0.8667
vn -0.6866 0.1737 -0.7060
vn -0.5391 -0.1507 -0.8286
vn -0.7517 -0.1710 -0.6369
vn -0.6930 -0.7032 0.1589
vn -0.6202 -0.7066 0.3406
vn 0.6090 -0.6152 0.5007
vn 0.4670 -0.6179 0.6325
vn 0.9883 -0.1198 0.0946
vn 0.8354 -0.1487 0.5292
vn 0.9153 0.2424 -0.3216
vn 0.9659 0.2107 0.1504
vn 0.5084 0.6817 -0.5261
vn 0.6523 0.6796 -0.3356
vn -0.6128 0.6579 -0.4379
vn -0.6938 0.6545 -0.3005
vn -0.9485 0.1400 -0.2842
vn -0.9926 0.1210 0.0032
vn -0.9598 -0.2078 -0.1888
vn -0.9677 -0.2282 0.1069
vn -0.3558 -0.7042 0.6144
vn -0.2072 -0.6994 0.6841
vn 0.7943 -0.6027 -0.0764
vn 0.7836 -0.6069 0.1329
vn 0.7512 -0.0834 -0.6548
vn 0.9652 -0.1019 -0.2408
vn 0.4000 0.2556 -0.8802
vn 0.7572 0.2537 -0.6019
vn -0.0085 0.6676 -0.7444
vn 0.2006 0.6759 -0.7091
vn -0.7562 0.6422 0.1257
vn -0.7131 0.6385 0.2893
vn -0.8623 0.0933 0.4977
vn -0.6896 0.0841 0.7193
vn -0.7840 -0.2501 0.5682
vn -0.5955 -0.2543 0.7620
vn 0.1741 -0.6844 0.7081
vn 0.3124 -0.6774 0.6660
vn 0.5057 -0.5906 -0.6289
vn 0.6508 -0.5938 -0.4731
vn 0.0692 -0.0913 -0.9934
vn 0.4882 -0.0815 -0.8689
vn -0.3295 0.2186 -0.9185
vn 0.0896 0.2446 -0.9655
vn -0.5327 0.6381 -0.5559
vn -0.3665 0.6494 -0.6663
vn -0.4391 0.6301 0.6405
vn -0.2934 0.6294 0.7196
vn -0.2384 0.0853 0.9674
vn 0.0088 0.0942 0.9955
vn -0.1431 -0.2441 0.9591
vn 0.0914 -0.2319 0.9684
vn 0.6310 -0.6589 0.4095
vn 0.7045 -0.6516 0.2811
vn -0.0863 -0.5982 -0.7967
vn 0.1182 -0.5930 -0.7965
vn -0.6410 -0.1465 -0.7534
vn -0.2674 -0.1122 -0.9570
vn -0.8906 0.1495 -0.4295
vn -0.6211 0.1900 -0.7603
vn -0.7962 0.6046 -0.0234
vn -0.7552 0.6157 -0.2249
vn 0.1513 0.6376 0.7554
vn 0.2995 0.6437 0.7042
vn 0.5102 0.1316 0.8499
vn 0.6921 0.1528 0.7055
vn 0.5703 -0.1931 0.7984
vn 0.7409 -0.1722 0.6491
vn 0.7554 -0.6340 -0.1657
vn 0.7103 -0.6278 -0.3183
vn -0.6120 -0.6330 -0.4741
vn -0.4662 -0.6198 -0.6313
vn -0.9740 -0.2196 -0.0554
vn -0.8569 -0.1803 -0.4830
vn -0.9310 0.0818 0.3557
vn -0.9891 0.1159 -0.0909
vn -0.5795 0.5787 0.5739
vn -0.7039 0.5853 0.4024
vn 0.6226 0.6684 0.4069
vn 0.6889 0.6782 0.2559
vn 0.9509 0.2059 0.2312
vn 0.9739 0.2266 -0.0142
vn 0.9793 -0.1222 0.1614
vn 0.9910 -0.1021 -0.0863
vn 0.4056 -0.6200 -0.6716
vn 0.2515 -0.6202 -0.7430
vn -0.7324 -0.6669 0.1374
vn -0.7481 -0.6569 -0.0942
vn -0.6856 -0.2611 0.6796
vn -0.9261 -0.2444 0.2873
vn -0.3662 0.0600 0.9286
vn -0.7469 0.0639 0.6619
vn 0.0212 0.5802 0.8142
vn -0.1931 0.5758 0.7945
vn 0.6961 0.6980 -0.1681
vn 0.6274 0.7033 -0.3343
vn 0.8097 0.2583 -0.5270
vn 0.6296 0.2644 -0.7306
vn 0.7936 -0.0714 -0.6042
vn 0.5969 -0.0659 -0.7996
vn -0.1937 -0.6349 -0.7479
vn -0.3685 -0.6454 -0.6691
vn -0.3839 -0.6729 0.6323
vn -0.5588 -0.6738 0.4834
vn 0.0269 -0.2459 0.9689
vn -0.4189 -0.2617 0.8695
vn 0.4211 0.0992 0.9016
vn -0.0352 0.0687 0.9970
vn 0.5915 0.6145 0.5220
vn 0.4249 0.5999 0.6779
vn 0.3431 0.7043 -0.6215
vn 0.1754 0.7018 -0.6904
vn 0.1738 0.2582 -0.9503
vn -0.1142 0.2460 -0.9625
vn 0.1115 -0.0746 -0.9910
vn -0.1888 -0.0908 -0.9778
vn -0.6425 -0.6747 -0.3633
vn -0.7065 -0.6890 -0.1620
vn 0.1859 -0.6548 0.7326
vn -0.0278 -0.6626 0.7485
vn 0.7199 -0.1885 0.6680
vn 0.3323 -0.2266 0.9155
vn 0.9330 0.1744 0.3148
vn 0.6830 0.1266 0.7194
vn 0.7508 0.6554 -0.0819
vn 0.7506 0.6416 0.1578
vn -0.2192 0.6887 -0.6911
vn -0.3789 0.6830 -0.6245
vn -0.5656 0.2133 -0.7966
vn -0.7841 0.1893 -0.5910
vn -0.6273 -0.1299 -0.7679
vn -0.8339 -0.1605 -0.5281
vn -0.6682 -0.7105 0.2205
vn -0.5711 -0.7163 0.4010
vn 0.6647 -0.6275 0.4055
vn 0.5264 -0.6367 0.5635
vn 0.9916 -0.1169 -0.0553
vn 0.8978 -0.1598 0.4105
vn 0.8564 0.2394 -0.4574
vn 0.9790 0.2036 0.0034
vn 0.4399 0.6741 -0.5934
vn 0.6061 0.6708 -0.4275
vn -0.6642 0.6658 -0.3400
vn -0.7287 0.6601 -0.1825
vn -0.9778 0.1477 -0.1489
vn -0.9801 0.1243 0.1545
vn -0.9755 -0.2073 -0.0739
vn -0.9419 -0.2343 0.2405
vn -0.2823 -0.7181 0.6361
vn -0.1130 -0.7139 0.6910
vn 0.7765 -0.5997 -0.1932
vn 0.7934 -0.6082 0.0232
vn 0.6447 -0.0695 -0.7613
vn 0.9218 -0.0929 -0.3763
vn 0.2621 0.2569 -0.9302
vn 0.6606 0.2529 -0.7068
vn -0.1142 0.6652 -0.7379
vn 0.1032 0.6716 -0.7337
vn -0.7255 0.6445 0.2415
vn -0.6570 0.6403 0.3979
vn -0.7825 0.0938 0.6155
vn -0.5747 0.0837 0.8141
vn -0.7039 -0.2622 0.6601
vn -0.4777 -0.2689 0.8363
vn 0.2653 -0.6995 0.6636
vn 0.4068 -0.6911 0.5975
vn 0.4056 -0.5819 -0.7049
vn 0.5755 -0.5856 -0.5709
vn -0.0924 -0.0762 -0.9928
vn 0.3528 -0.0660 -0.9334
vn -0.4726 0.2247 -0.8522
vn -0.0567 0.2480 -0.9671
vn -0.6119 0.6402 -0.4644
vn -0.4612 0.6502 -0.6038
vn -0.3339 0.6319 0.6994
vn -0.1789 0.6314 0.7545
vn -0.0901 0.0828 0.9925
vn 0.1652 0.0904 0.9821
vn -0.0024 -0.2615 0.9652
vn 0.2443 -0.2492 0.9371
vn 0.6817 -0.6687 0.2967
vn 0.7352 -0.6600 0.1546
vn -0.2201 -0.5901 -0.7768
vn -0.0152 -0.5843 -0.8114
vn -0.7621 -0.1308 -0.6342
vn -0.4226 -0.0967 -0.9011
vn -0.9465 0.1657 -0.2770
vn -0.7341 0.1999 -0.6489
vn -0.7843 0.6123 0.0998
vn -0.7765 0.6213 -0.1054
vn 0.2654 0.6364 0.7242
vn 0.4039 0.6407 0.6529
vn 0.6423 0.1211 0.7568
vn 0.7999 0.1386 0.5839
vn 0.6929 -0.2110 0.6894
vn 0.8385 -0.1902 0.5106
vn 0.7133 -0.6386 -0.2887
vn 0.6440 -0.6322 -0.4308
vn -0.6894 -0.6232 -0.3694
vn -0.5738 -0.6108 -0.5456
vn -0.9747 -0.1984 0.1028
vn -0.9293 -0.1624 -0.3317
vn -0.8655 0.1130 0.4879
vn -0.9882 0.1386 0.0655
vn -0.4884 0.5937 0.6396
vn -0.6336 0.5980 0.4909
vn 0.6852 0.6561 0.3162
vn 0.7307 0.6622 0.1663
vn 0.9806 0.1805 0.0769
vn 0.9677 0.1963 -0.1585
vn 0.9898 -0.1422 -0.0068
vn 0.9616 -0.1241 -0.2449
vn 0.2904 -0.6235 -0.7259
vn 0.1285 -0.6236 -0.7711
vn -0.7142 -0.6556 0.2452
vn -0.7629 -0.6459 0.0285
vn -0.5890 -0.2353 0.7731
vn -0.8752 -0.2206 0.4305
vn -0.2500 0.0961 0.9635
vn -0.6458 0.0990 0.7570
vn 0.1148 0.5937 0.7965
vn -0.0939 0.5914 0.8009
vn 0.6917 0.6742 -0.2590
vn 0.6156 0.6773 -0.4030
vn 0.7353 0.2208 -0.6408
vn 0.5485 0.2251 -0.8053
vn 0.6884 -0.0956 -0.7190
vn 0.4798 -0.0908 -0.8727
vn -0.1019 -0.5945 -0.7976
vn -0.6386 -0.6360 0.4333
vn -0.4538 -0.2289 0.8612
vn -0.0728 0.0894 0.9933
vn 0.3257 0.5688 0.7553
vn 0.4867 0.6527 -0.5806
vn 0.3114 0.2142 -0.9258
vn 0.2245 -0.0791 -0.9713
vn 0.2588 -0.0000 -0.9659
vn -0.9900 -0.0756 0.1191
vt 0.854716 0.347179
vt 0.861558 0.330630
vt 0.888051 0.348021
vt 0.889803 0.365843
vt 0.994042 0.000045
vt 0.993153 0.017951
vt 0.975236 0.035225
vt 0.968792 0.018371
vt 0.991497 0.048397
vt 0.980139 0.066998
vt 0.996582 0.079441
vt 0.981014 0.098460
vt 0.800434 0.677574
vt 0.814742 0.688344
vt 0.801294 0.717041
vt 0.793244 0.701044
vt 0.854529 0.427807
vt 0.852777 0.409984
vt 0.887864 0.428649
vt 0.881022 0.445198
vt 0.851824 0.378522
vt 0.890756 0.397305
vt 0.741038 0.275796
vt 0.734312 0.292422
vt 0.707588 0.275291
vt 0.705601 0.257494
vt 0.962570 0.056877
vt 0.951388 0.043754
vt 0.970931 0.087089
vt 0.790837 0.669660
vt 0.776394 0.718895
vt 0.777781 0.687449
vt 0.776518 0.736802
vt 0.910038 0.461631
vt 0.896211 0.473012
vt 0.742122 0.212215
vt 0.743929 0.244320
vt 0.705313 0.226438
vt 0.705025 0.195383
vt 0.210190 0.125737
vt 0.225249 0.115986
vt 0.237198 0.145421
vt 0.228519 0.161213
vt 0.784974 0.638606
vt 0.782943 0.656398
vt 0.764067 0.672091
vt 0.758000 0.655242
vt 0.762680 0.703537
vt 0.757518 0.734587
vt 0.720858 0.879107
vt 0.735999 0.888682
vt 0.725220 0.918401
vt 0.715619 0.903157
vt 0.703037 0.177585
vt 0.669587 0.177081
vt 0.676312 0.160465
vt 0.666696 0.208556
vt 0.668503 0.240661
vt 0.262434 0.164971
vt 0.260967 0.182183
vt 0.754105 0.694526
vt 0.741197 0.682112
vt 0.717309 0.842044
vt 0.713256 0.873096
vt 0.699108 0.890201
vt 0.699184 0.858645
vt 0.700917 0.922289
vt 0.702483 0.940159
vt 0.647165 0.144229
vt 0.660915 0.132743
vt 0.224999 0.226348
vt 0.222968 0.193646
vt 0.261885 0.212393
vt 0.262923 0.243222
vt 0.293319 0.177615
vt 0.298095 0.195672
vt 0.699517 0.840708
vt 0.682228 0.876695
vt 0.675270 0.859939
vt 0.686260 0.908348
vt 0.683548 0.939672
vt 0.894065 0.340280
vt 0.879481 0.329888
vt 0.892172 0.300849
vt 0.900639 0.316630
vt 0.265993 0.261273
vt 0.298646 0.259195
vt 0.295066 0.276316
vt 0.301522 0.228094
vt 0.624569 0.016037
vt 0.632543 0.000002
vt 0.657765 0.019191
vt 0.658276 0.037092
vt 0.669062 0.898047
vt 0.658228 0.885025
vt 0.676635 0.928241
vt 0.903866 0.347940
vt 0.917016 0.298344
vt 0.916452 0.329816
vt 0.916422 0.280446
vt 0.327813 0.284980
vt 0.317046 0.299455
vt 0.337807 0.254157
vt 0.619508 0.047104
vt 0.657043 0.068544
vt 0.127220 0.133706
vt 0.142222 0.123869
vt 0.154341 0.153234
vt 0.145754 0.169076
vt 0.910540 0.378830
vt 0.912105 0.360991
vt 0.930563 0.344809
vt 0.937069 0.361493
vt 0.931127 0.313337
vt 0.935474 0.282163
vt 0.846082 0.450076
vt 0.861814 0.458697
vt 0.852456 0.488809
vt 0.842328 0.474379
vt 0.662345 0.117616
vt 0.659655 0.099912
vt 0.695679 0.116698
vt 0.689720 0.133586
vt 0.696912 0.085246
vt 0.694300 0.053878
vt 0.179690 0.172638
vt 0.178323 0.189858
vt 0.939934 0.322121
vt 0.953163 0.334192
vt 0.844563 0.413418
vt 0.840433 0.444479
vt 0.826203 0.461565
vt 0.826405 0.429995
vt 0.827955 0.494435
vt 0.832456 0.511905
vt 0.719562 0.148464
vt 0.706356 0.160559
vt 0.142611 0.234230
vt 0.140390 0.201540
vt 0.179416 0.220062
vt 0.180631 0.250885
vt 0.210648 0.185103
vt 0.215529 0.203132
vt 0.826789 0.412053
vt 0.809415 0.447994
vt 0.802493 0.431217
vt 0.813607 0.479626
vt 0.808195 0.509640
vt 0.805372 0.527354
vt 0.183806 0.268917
vt 0.216446 0.266651
vt 0.212965 0.283792
vt 0.219143 0.235534
vt 0.646356 0.143040
vt 0.636660 0.158236
vt 0.613112 0.136760
vt 0.615462 0.119467
vt 0.796330 0.469308
vt 0.785448 0.456262
vt 0.803926 0.499493
vt 0.330713 0.915355
vt 0.335370 0.946485
vt 0.319847 0.965501
vt 0.318970 0.934036
vt 0.344550 0.961861
vt 0.321259 0.983353
vt 0.245762 0.292267
vt 0.235079 0.306804
vt 0.255578 0.261386
vt 0.654088 0.111592
vt 0.615898 0.088388
vt 0.583243 0.123610
vt 0.579115 0.105753
vt 0.322633 0.884803
vt 0.321886 0.902695
vt 0.304188 0.919705
vt 0.296925 0.903336
vt 0.305065 0.951169
vt 0.302149 0.982510
vt 0.635944 0.819001
vt 0.651599 0.827763
vt 0.641972 0.857790
vt 0.631973 0.843270
vt 0.606919 0.039777
vt 0.610876 0.057262
vt 0.573700 0.043071
vt 0.578451 0.025787
vt 0.574660 0.074575
vt 0.463739 0.014961
vt 0.474020 0.000031
vt 0.497181 0.022151
vt 0.493925 0.039120
vt 0.295864 0.942797
vt 0.282098 0.931344
vt 0.634754 0.782331
vt 0.630346 0.813353
vt 0.615963 0.830311
vt 0.616448 0.798745
vt 0.617421 0.863196
vt 0.621766 0.880705
vt 0.547601 0.013048
vt 0.559928 0.000036
vt 0.453569 0.079708
vt 0.454796 0.046733
vt 0.491488 0.069235
vt 0.489849 0.100567
vt 0.526852 0.037922
vt 0.529910 0.056383
vt 0.616993 0.780806
vt 0.599298 0.816591
vt 0.592527 0.799753
vt 0.603206 0.848259
vt 0.597526 0.878223
vt 0.594544 0.895912
vt 0.492907 0.119027
vt 0.525834 0.117829
vt 0.522577 0.134798
vt 0.528270 0.087714
vt 0.442506 0.601506
vt 0.454924 0.588603
vt 0.473226 0.614476
vt 0.468342 0.631705
vt 0.586022 0.837787
vt 0.575258 0.824643
vt 0.593348 0.868039
vt 0.494825 0.959409
vt 0.490326 0.928255
vt 0.505946 0.909319
vt 0.506663 0.940787
vt 0.481225 0.912833
vt 0.504625 0.891460
vt 0.556019 0.141988
vt 0.545739 0.156918
vt 0.564962 0.110216
vt 0.566190 0.077241
vt 0.501551 0.628690
vt 0.505351 0.646190
vt 0.502749 0.990002
vt 0.503587 0.972113
vt 0.521372 0.955194
vt 0.528551 0.971600
vt 0.520655 0.923726
vt 0.523731 0.892400
vt 0.844451 0.181819
vt 0.860574 0.189715
vt 0.852539 0.220072
vt 0.841821 0.206302
vt 0.477473 0.711814
vt 0.473672 0.694314
vt 0.510682 0.708799
vt 0.505798 0.726028
vt 0.469091 0.663173
vt 0.509933 0.677331
vt 0.270356 0.396749
vt 0.280686 0.381852
vt 0.303774 0.404049
vt 0.300462 0.421007
vt 0.529813 0.932145
vt 0.543521 0.943667
vt 0.845492 0.146163
vt 0.840326 0.177131
vt 0.825548 0.193984
vt 0.826916 0.162294
vt 0.828282 0.226785
vt 0.834589 0.243831
vt 0.536518 0.738998
vt 0.524099 0.751901
vt 0.259972 0.461462
vt 0.261308 0.428491
vt 0.297926 0.451114
vt 0.296184 0.482440
vt 0.333393 0.419917
vt 0.336390 0.438388
vt 0.827907 0.144358
vt 0.809555 0.179734
vt 0.803198 0.162694
vt 0.812258 0.212497
vt 0.810892 0.244210
vt 0.809898 0.262145
vt 0.299181 0.500911
vt 0.332112 0.499820
vt 0.328799 0.516779
vt 0.334647 0.469714
vt 0.807742 0.153435
vt 0.794838 0.165852
vt 0.777542 0.139296
vt 0.783083 0.122267
vt 0.795967 0.200113
vt 0.785448 0.186739
vt 0.797480 0.229365
vt 0.792315 0.260339
vt 0.033188 0.009326
vt 0.048488 0.000020
vt 0.070171 0.023132
vt 0.052331 0.024691
vt 0.362217 0.524079
vt 0.351888 0.538975
vt 0.371265 0.492337
vt 0.372601 0.459366
vt 0.749783 0.124006
vt 0.746657 0.106374
vt 0.119506 0.661027
vt 0.118162 0.678885
vt 0.099905 0.695293
vt 0.093194 0.678691
vt 0.114201 0.710111
vt 0.099731 0.726769
vt 0.114026 0.741587
vt 0.095769 0.757995
vt 0.593938 0.744677
vt 0.609752 0.753169
vt 0.600595 0.783200
vt 0.590395 0.769040
vt 0.777031 0.041867
vt 0.780157 0.059500
vt 0.743731 0.043606
vt 0.749272 0.026577
vt 0.783541 0.090794
vt 0.743273 0.075080
vt 0.009149 0.432859
vt 0.019193 0.417768
vt 0.042700 0.439521
vt 0.039712 0.456539
vt 0.090815 0.718095
vt 0.077439 0.706188
vt 0.596296 0.709070
vt 0.589977 0.739822
vt 0.574583 0.756117
vt 0.577132 0.724491
vt 0.576118 0.789013
vt 0.581786 0.806281
vt 0.719072 0.012438
vt 0.731976 0.000022
vt 0.000000 0.497758
vt 0.000708 0.464768
vt 0.037750 0.486689
vt 0.036604 0.518042
vt 0.072616 0.454822
vt 0.075964 0.473232
vt 0.578795 0.706609
vt 0.559110 0.741257
vt 0.553442 0.723989
vt 0.560645 0.774153
vt 0.558095 0.805779
vt 0.556433 0.823662
vt 0.039953 0.536452
vt 0.072857 0.534735
vt 0.069868 0.551753
vt 0.074819 0.504585
vt 0.215722 0.648067
vt 0.228593 0.635616
vt 0.245959 0.662125
vt 0.240463 0.679169
vt 0.544833 0.761231
vt 0.534633 0.747070
vt 0.545251 0.790448
vt 0.538931 0.821201
vt 0.201961 0.735330
vt 0.188065 0.724034
vt 0.202573 0.695858
vt 0.210021 0.712144
vt 0.103419 0.558415
vt 0.093375 0.573506
vt 0.111861 0.526507
vt 0.112569 0.493516
vt 0.273759 0.677341
vt 0.276932 0.694966
vt 0.541290 0.785594
vt 0.525476 0.777102
vt 0.208697 0.774968
vt 0.211256 0.743596
vt 0.224966 0.726306
vt 0.226201 0.757759
vt 0.227525 0.694934
vt 0.228068 0.677034
vt 0.246729 0.759553
vt 0.243556 0.741928
vt 0.280025 0.757725
vt 0.274529 0.774769
vt 0.240089 0.710644
vt 0.280399 0.726251
vt 0.124838 0.463838
vt 0.134772 0.448675
vt 0.158436 0.470258
vt 0.155570 0.487297
vt 0.162758 0.025053
vt 0.144850 0.024945
vt 0.127220 0.007865
vt 0.143320 0.000023
vt 0.853235 0.001720
vt 0.848276 0.032729
vt 0.833611 0.049694
vt 0.834765 0.017973
vt 0.849985 0.061970
vt 0.836533 0.082439
vt 0.860593 0.075273
vt 0.843004 0.099436
vt 0.304766 0.788827
vt 0.291895 0.801279
vt 0.116158 0.528802
vt 0.116627 0.495807
vt 0.153827 0.517460
vt 0.152908 0.548821
vt 0.188461 0.485342
vt 0.191943 0.503728
vt 0.835639 0.000032
vt 0.817493 0.035515
vt 0.811072 0.018511
vt 0.820446 0.068296
vt 0.819289 0.099994
vt 0.818417 0.117937
vt 0.156389 0.567206
vt 0.189280 0.565251
vt 0.186415 0.582291
vt 0.191024 0.535088
vt 0.769172 0.790200
vt 0.756281 0.802630
vt 0.738958 0.776093
vt 0.744481 0.759058
vt 0.804090 0.056087
vt 0.793280 0.042389
vt 0.805780 0.085247
vt 0.800822 0.116250
vt 0.779072 0.581369
vt 0.792991 0.592636
vt 0.778540 0.620841
vt 0.771059 0.604571
vt 0.220013 0.588710
vt 0.210078 0.603873
vt 0.228224 0.556741
vt 0.228693 0.523747
vt 0.711182 0.760833
vt 0.708037 0.743203
vt 0.801624 0.080587
vt 0.785448 0.072799
vt 0.772255 0.541744
vt 0.769760 0.573121
vt 0.756085 0.590439
vt 0.754786 0.558989
vt 0.753590 0.621816
vt 0.753084 0.639717
vt 0.738343 0.678664
vt 0.741488 0.696294
vt 0.705045 0.680439
vt 0.710568 0.663404
vt 0.744905 0.727584
vt 0.704620 0.711913
vt 0.240791 0.485402
vt 0.250678 0.470208
vt 0.274409 0.491716
vt 0.271598 0.508764
vt 0.753135 0.541157
vt 0.739520 0.578211
vt 0.730135 0.562960
vt 0.744594 0.609276
vt 0.783968 0.818930
vt 0.790437 0.849377
vt 0.776569 0.870190
vt 0.773555 0.838424
vt 0.800827 0.862819
vt 0.782862 0.887212
vt 0.680353 0.649297
vt 0.693244 0.636867
vt 0.232316 0.550393
vt 0.232681 0.517397
vt 0.269949 0.538933
vt 0.269129 0.570296
vt 0.304482 0.506706
vt 0.308021 0.525080
vt 0.783558 0.791035
vt 0.780079 0.808632
vt 0.759767 0.823092
vt 0.755918 0.805467
vt 0.760297 0.856005
vt 0.758922 0.887545
vt 0.757872 0.905461
vt 0.272668 0.588670
vt 0.305552 0.586612
vt 0.302741 0.603661
vt 0.307201 0.556444
vt 0.580789 0.520112
vt 0.593461 0.507435
vt 0.611285 0.533674
vt 0.606072 0.550824
vt 0.744659 0.842600
vt 0.735074 0.827804
vt 0.745441 0.872550
vt 0.740160 0.903436
vt 0.932072 0.828613
vt 0.918200 0.817288
vt 0.932767 0.789143
vt 0.940181 0.805444
vt 0.336359 0.609974
vt 0.326472 0.625168
vt 0.344469 0.577980
vt 0.344834 0.544984
vt 0.639368 0.548424
vt 0.642854 0.566009
vt 0.740005 0.866747
vt 0.724603 0.857548
vt 0.938726 0.868266
vt 0.941350 0.836899
vt 0.955096 0.819638
vt 0.956265 0.851093
vt 0.957721 0.788271
vt 0.958301 0.770372
vt 0.613450 0.631591
vt 0.609803 0.613630
vt 0.645768 0.628314
vt 0.642955 0.645538
vt 0.606187 0.582343
vt 0.647038 0.597258
vt 0.320839 0.171113
vt 0.332114 0.157030
vt 0.353257 0.180937
vt 0.349070 0.197920
vt 0.957843 0.868931
vt 0.971611 0.831934
vt 0.980933 0.847224
vt 0.966665 0.800848
vt 0.534830 0.813132
vt 0.541479 0.843540
vt 0.527733 0.864435
vt 0.524533 0.832687
vt 0.551947 0.856921
vt 0.534126 0.881420
vt 0.676018 0.652708
vt 0.665918 0.667638
vt 0.684592 0.621479
vt 0.309754 0.201561
vt 0.345089 0.228898
vt 0.381776 0.197005
vt 0.384202 0.215154
vt 0.534256 0.785240
vt 0.530881 0.802857
vt 0.510655 0.817436
vt 0.506702 0.799835
vt 0.511378 0.850345
vt 0.510188 0.881893
vt 0.509243 0.899815
vt 0.351490 0.279638
vt 0.347359 0.261422
vt 0.383984 0.276223
vt 0.381906 0.293372
vt 0.384142 0.246000
vt 0.587633 0.689466
vt 0.574525 0.701668
vt 0.557670 0.674830
vt 0.563491 0.657895
vt 0.495662 0.837033
vt 0.485989 0.822293
vt 0.496620 0.866978
vt 0.491520 0.897894
vt 0.939687 0.041003
vt 0.953256 0.052690
vt 0.937950 0.080441
vt 0.930969 0.063950
vt 0.415666 0.298334
vt 0.406431 0.313808
vt 0.422368 0.266120
vt 0.421501 0.233367
vt 0.530167 0.659085
vt 0.527332 0.641403
vt 0.491150 0.861207
vt 0.475694 0.852098
vt 0.934085 0.001188
vt 0.930632 0.032475
vt 0.916434 0.049366
vt 0.916097 0.017892
vt 0.912982 0.080653
vt 0.911928 0.098530
vt 0.432721 0.334441
vt 0.417325 0.343649
vt 0.561601 0.595088
vt 0.564468 0.626434
vt 0.524464 0.610057
vt 0.525442 0.578596
vt 0.097365 0.014859
vt 0.107596 0.000000
vt 0.130406 0.022322
vt 0.127452 0.039563
vt 0.914992 0.000018
vt 0.900250 0.036638
vt 0.891336 0.021107
vt 0.904373 0.067844
vt 0.090837 0.849115
vt 0.099287 0.878948
vt 0.086769 0.900585
vt 0.081789 0.869290
vt 0.110500 0.891520
vt 0.094558 0.917047
vt 0.524784 0.560700
vt 0.491564 0.557817
vt 0.499407 0.541718
vt 0.486757 0.588924
vt 0.088501 0.046025
vt 0.125712 0.070748
vt 0.160008 0.036296
vt 0.163734 0.054223
vt 0.894357 0.060467
vt 0.879481 0.050497
vt 0.084440 0.838148
vt 0.069078 0.887560
vt 0.067175 0.855675
vt 0.070982 0.919446
vt 0.071446 0.937402
vt 0.135750 0.120895
vt 0.130319 0.103024
vt 0.167914 0.115149
vt 0.167076 0.132403
vt 0.165895 0.084993
vt 0.254441 0.275627
vt 0.267979 0.263893
vt 0.283877 0.291329
vt 0.277456 0.308064
vt 0.066711 0.837718
vt 0.051388 0.874535
vt 0.043599 0.858073
vt 0.056368 0.905830
vt 0.053717 0.936972
vt 0.971294 0.582317
vt 0.956919 0.571637
vt 0.970187 0.542856
vt 0.978337 0.558802
vt 0.201105 0.134922
vt 0.193008 0.151021
vt 0.205471 0.102309
vt 0.202248 0.069703
vt 0.310909 0.307960
vt 0.313219 0.325717
vt 0.038870 0.896172
vt 0.027657 0.883600
vt 0.047319 0.926005
vt 0.980940 0.590171
vt 0.995075 0.540847
vt 0.993884 0.572301
vt 0.994839 0.522940
vt 0.220716 0.169707
vt 0.206023 0.180000
vt 0.277529 0.371651
vt 0.275139 0.339586
vt 0.314072 0.356761
vt 0.314925 0.387805
vt 0.342942 0.299593
vt 0.357628 0.289301
vt 0.370643 0.318268
vt 0.362552 0.334363
vt 0.956919 0.221560
vt 0.957880 0.203677
vt 0.975781 0.186881
vt 0.982847 0.203336
vt 0.961171 0.172373
vt 0.975282 0.155409
vt 0.468345 0.851784
vt 0.475548 0.881942
vt 0.462143 0.903039
vt 0.458466 0.871565
vt 0.486230 0.894967
vt 0.469242 0.919811
vt 0.317236 0.405563
vt 0.350689 0.405459
vt 0.344268 0.422193
vt 0.353006 0.373937
vt 0.350615 0.341871
vt 0.396565 0.336870
vt 0.395728 0.354114
vt 0.984381 0.163890
vt 0.998009 0.175507
vt 0.462408 0.840560
vt 0.445008 0.889292
vt 0.444430 0.857355
vt 0.445587 0.921229
vt 0.445305 0.939189
vt 0.373704 0.437895
vt 0.360165 0.449629
vt 0.361480 0.399584
vt 0.358208 0.366972
vt 0.397770 0.384242
vt 0.400137 0.414976
vt 0.427863 0.348389
vt 0.433268 0.366259
vt 0.444712 0.839395
vt 0.427874 0.875544
vt 0.420774 0.858773
vt 0.431551 0.907018
vt 0.427609 0.938023
vt 0.590117 0.894623
vt 0.604680 0.905045
vt 0.591927 0.934057
vt 0.583494 0.918259
vt 0.403654 0.432555
vt 0.437139 0.430262
vt 0.431783 0.447393
vt 0.437649 0.398545
vt 0.740106 0.519508
vt 0.733262 0.536086
vt 0.706661 0.518766
vt 0.704799 0.500956
vt 0.414469 0.896642
vt 0.403787 0.883616
vt 0.421672 0.926800
vt 0.580333 0.886942
vt 0.567079 0.936510
vt 0.567709 0.905040
vt 0.567634 0.954409
vt 0.462184 0.461224
vt 0.449400 0.473802
vt 0.741639 0.455936
vt 0.743219 0.488053
vt 0.704730 0.469899
vt 0.704662 0.438842
vt 0.000000 0.198162
vt 0.015087 0.188456
vt 0.026950 0.217925
vt 0.018225 0.233692
vt 0.573724 0.856038
vt 0.572122 0.873874
vt 0.553629 0.890017
vt 0.547158 0.873319
vt 0.552999 0.921487
vt 0.548586 0.952653
vt 0.930926 0.189869
vt 0.946245 0.199158
vt 0.936027 0.229075
vt 0.926141 0.214014
vt 0.702800 0.421031
vt 0.669354 0.420290
vt 0.676196 0.403722
vt 0.666241 0.451745
vt 0.667821 0.483862
vt 0.052129 0.237549
vt 0.050612 0.254757
vt 0.544210 0.912685
vt 0.531007 0.900585
vt 0.926681 0.152879
vt 0.923212 0.184002
vt 0.909389 0.201371
vt 0.908871 0.169819
vt 0.911801 0.233418
vt 0.913702 0.251256
vt 0.647165 0.387281
vt 0.660996 0.375893
vt 0.014515 0.298816
vt 0.012579 0.266108
vt 0.051441 0.284969
vt 0.052389 0.315801
vt 0.082977 0.250283
vt 0.087700 0.268354
vt 0.908867 0.151878
vt 0.892258 0.188184
vt 0.884986 0.171562
vt 0.896884 0.219756
vt 0.894762 0.251125
vt 0.899486 0.756613
vt 0.885012 0.746069
vt 0.898009 0.717165
vt 0.906308 0.733033
vt 0.055406 0.333860
vt 0.088065 0.331879
vt 0.084435 0.348989
vt 0.091032 0.300786
vt 0.619021 0.270319
vt 0.626987 0.254281
vt 0.652219 0.273456
vt 0.652740 0.291357
vt 0.879495 0.209780
vt 0.868418 0.196964
vt 0.887635 0.239827
vt 0.909205 0.764376
vt 0.922877 0.714922
vt 0.921981 0.746385
vt 0.922473 0.697018
vt 0.117156 0.357748
vt 0.106347 0.372193
vt 0.127240 0.326955
vt 0.613977 0.301389
vt 0.651522 0.322810
vt 0.000000 0.090100
vt 0.014807 0.079973
vt 0.027496 0.109096
vt 0.019219 0.125103
vt 0.915553 0.795335
vt 0.917306 0.777513
vt 0.935934 0.761527
vt 0.942264 0.778279
vt 0.936830 0.730063
vt 0.941505 0.698936
vt 0.829079 0.752747
vt 0.845243 0.760532
vt 0.837477 0.791093
vt 0.826605 0.777215
vt 0.656850 0.371880
vt 0.654150 0.354176
vt 0.690183 0.370944
vt 0.684233 0.387835
vt 0.691400 0.339491
vt 0.688772 0.308124
vt 0.053218 0.128003
vt 0.052186 0.145247
vt 0.945544 0.738939
vt 0.958644 0.751149
vt 0.825641 0.716220
vt 0.823146 0.747454
vt 0.809831 0.765263
vt 0.808377 0.733727
vt 0.813304 0.797997
vt 0.818716 0.815206
vt 0.714082 0.402698
vt 0.700882 0.414800
vt 0.017345 0.190306
vt 0.014488 0.157665
vt 0.053867 0.175423
vt 0.055683 0.206217
vt 0.084413 0.139863
vt 0.089643 0.157793
vt 0.807819 0.715789
vt 0.792354 0.752591
vt 0.784563 0.736201
vt 0.798199 0.783961
vt 0.794369 0.814217
vt 0.792479 0.832055
vt 0.059208 0.224184
vt 0.091798 0.221282
vt 0.088651 0.238488
vt 0.093888 0.190119
vt 0.455132 0.669540
vt 0.445073 0.684497
vt 0.422049 0.662462
vt 0.424814 0.645230
vt 0.780405 0.774563
vt 0.768854 0.762105
vt 0.789574 0.804308
vt 0.209367 0.925985
vt 0.213332 0.957210
vt 0.197391 0.975877
vt 0.197212 0.944400
vt 0.222168 0.972786
vt 0.198406 0.993756
vt 0.121607 0.246322
vt 0.111209 0.261065
vt 0.130819 0.215257
vt 0.463619 0.638287
vt 0.425999 0.614170
vt 0.392505 0.648597
vt 0.388809 0.630645
vt 0.201967 0.895261
vt 0.200823 0.913132
vt 0.182752 0.929744
vt 0.175854 0.913218
vt 0.182930 0.961220
vt 0.179319 0.992489
vt 0.138034 0.783040
vt 0.153818 0.791568
vt 0.144637 0.821735
vt 0.134423 0.807365
vt 0.418193 0.565358
vt 0.421728 0.582933
vt 0.384904 0.567850
vt 0.390070 0.550686
vt 0.385106 0.599368
vt 0.447157 0.311057
vt 0.457440 0.296128
vt 0.480597 0.318253
vt 0.477338 0.335222
vt 0.173918 0.952646
vt 0.160408 0.940891
vt 0.136301 0.746392
vt 0.132353 0.777476
vt 0.118224 0.794645
vt 0.118240 0.763075
vt 0.120169 0.827505
vt 0.124773 0.844947
vt 0.359536 0.537208
vt 0.372172 0.524496
vt 0.436975 0.375802
vt 0.438208 0.342828
vt 0.474896 0.365336
vt 0.473251 0.396667
vt 0.510265 0.334029
vt 0.513320 0.352490
vt 0.118519 0.745131
vt 0.101356 0.781173
vt 0.094336 0.764438
vt 0.105734 0.812781
vt 0.100499 0.842826
vt 0.097780 0.860556
vt 0.476306 0.415128
vt 0.509233 0.413936
vt 0.505974 0.430904
vt 0.511675 0.383821
vt 0.813105 0.529973
vt 0.826288 0.517853
vt 0.842975 0.544796
vt 0.837047 0.561695
vt 0.088397 0.802564
vt 0.077439 0.789582
vt 0.096170 0.832704
vt 0.962295 0.398124
vt 0.956085 0.367403
vt 0.970242 0.346701
vt 0.972894 0.378735
vt 0.945856 0.353527
vt 0.965002 0.329437
vt 0.539414 0.438100
vt 0.529131 0.453029
vt 0.548363 0.406330
vt 0.549596 0.373355
vt 0.870378 0.560714
vt 0.873102 0.578414
vt 0.971668 0.428095
vt 0.971548 0.410170
vt 0.988417 0.392302
vt 0.996472 0.408319
vt 0.985531 0.360983
vt 0.989327 0.330735
vt 0.991475 0.312940
vt 0.841267 0.642212
vt 0.838543 0.624512
vt 0.874598 0.641231
vt 0.868670 0.658130
vt 0.835872 0.593150
vt 0.875773 0.609777
vt 0.815406 0.612356
vt 0.825329 0.642227
vt 0.825053 0.673702
vt 0.790511 0.647703
vt 0.790787 0.616227
vt 0.801099 0.601586
vt 0.392466 0.924994
vt 0.404974 0.912177
vt 0.417388 0.925084
vt 0.422437 0.956152
vt 0.417164 0.987184
vt 0.404657 1.000000
vt 0.392242 0.987094
vt 0.387193 0.956025
vt 0.432794 0.699267
vt 0.440944 0.683250
vt 0.466198 0.702605
vt 0.466729 0.720529
vt 0.984857 0.637941
vt 0.983179 0.655787
vt 0.964522 0.672252
vt 0.958828 0.655132
vt 0.980183 0.686125
vt 0.968018 0.704204
vt 0.983894 0.717357
vt 0.967503 0.735664
vt 0.992369 0.733155
vt 0.968096 0.753579
vt 0.428256 0.781563
vt 0.425912 0.763035
vt 0.460904 0.781289
vt 0.457198 0.798157
vt 0.426989 0.730462
vt 0.463926 0.751234
vt 0.000000 0.623020
vt 0.012730 0.610425
vt 0.030393 0.636738
vt 0.025090 0.653842
vt 0.950917 0.693320
vt 0.940325 0.679719
vt 0.957935 0.723866
vt 0.743064 0.964309
vt 0.739014 0.933094
vt 0.754904 0.914384
vt 0.755168 0.945859
vt 0.730135 0.917542
vt 0.753839 0.896507
vt 0.490320 0.806307
vt 0.479636 0.820922
vt 0.500054 0.774876
vt 0.502278 0.742169
vt 0.058363 0.651640
vt 0.061734 0.669228
vt 0.750549 0.995012
vt 0.751643 0.977138
vt 0.769669 0.960476
vt 0.776612 0.976983
vt 0.769405 0.929000
vt 0.772929 0.897722
vt 0.877777 0.819424
vt 0.893609 0.827888
vt 0.884501 0.857940
vt 0.874279 0.843798
vt 0.032259 0.734151
vt 0.028888 0.716563
vt 0.065531 0.731949
vt 0.060228 0.749053
vt 0.025069 0.685319
vt 0.065552 0.700472
vt 0.544718 0.282412
vt 0.554536 0.267173
vt 0.578364 0.288573
vt 0.575630 0.305634
vt 0.778440 0.937549
vt 0.791982 0.949268
vt 0.880083 0.783827
vt 0.873821 0.814593
vt 0.858453 0.830910
vt 0.860946 0.799289
vt 0.860020 0.863787
vt 0.865718 0.881046
vt 0.090621 0.762771
vt 0.077891 0.775366
vt 0.536538 0.347441
vt 0.536754 0.314444
vt 0.574119 0.335809
vt 0.573442 0.367176
vt 0.608505 0.303426
vt 0.612128 0.321784
vt 0.862574 0.781399
vt 0.842977 0.816101
vt 0.837229 0.798845
vt 0.844514 0.848940
vt 0.842023 0.880583
vt 0.840392 0.898472
vt 0.577065 0.385534
vt 0.609939 0.383326
vt 0.607205 0.400387
vt 0.611451 0.353151
vt 0.200688 0.784849
vt 0.187908 0.797393
vt 0.170350 0.771010
vt 0.175722 0.753927
vt 0.828673 0.835984
vt 0.818636 0.822245
vt 0.829147 0.865271
vt 0.822884 0.896043
vt 0.947185 0.418324
vt 0.960468 0.430334
vt 0.944501 0.457708
vt 0.937918 0.441055
vt 0.640852 0.406548
vt 0.631034 0.421787
vt 0.648816 0.374516
vt 0.649031 0.341519
vt 0.142441 0.755995
vt 0.139140 0.738394
vt 0.944022 0.360540
vt 0.942540 0.378386
vt 0.924156 0.394653
vt 0.917574 0.377999
vt 0.938337 0.409580
vt 0.923738 0.426127
vt 0.919534 0.457321
vt 0.918052 0.475167
vt 0.168874 0.673590
vt 0.172175 0.691191
vt 0.135593 0.675659
vt 0.140965 0.658576
vt 0.175869 0.722451
vt 0.135446 0.707135
vt 0.554925 0.401193
vt 0.564437 0.385761
vt 0.588688 0.406682
vt 0.586295 0.423794
vt 0.914890 0.417383
vt 0.901606 0.405373
vt 0.703693 0.743248
vt 0.698819 0.774270
vt 0.684201 0.791276
vt 0.685268 0.759552
vt 0.700609 0.803506
vt 0.687213 0.824013
vt 0.711253 0.816780
vt 0.693731 0.840992
vt 0.110627 0.644737
vt 0.123407 0.632193
vt 0.548044 0.466372
vt 0.547601 0.433377
vt 0.585385 0.453994
vt 0.585333 0.485368
vt 0.619119 0.420931
vt 0.623107 0.439213
vt 0.686092 0.741609
vt 0.668044 0.777141
vt 0.661576 0.760155
vt 0.671087 0.809914
vt 0.670018 0.841616
vt 0.669196 0.859560
vt 0.589321 0.503650
vt 0.622145 0.500787
vt 0.619752 0.517899
vt 0.623055 0.470587
vt 0.569726 0.614141
vt 0.582337 0.601426
vt 0.600248 0.627570
vt 0.595107 0.644724
vt 0.654698 0.797751
vt 0.643850 0.784082
vt 0.656468 0.826905
vt 0.651596 0.857922
vt 0.788442 0.925046
vt 0.774385 0.913951
vt 0.788489 0.885570
vt 0.796169 0.901747
vt 0.653515 0.523388
vt 0.644003 0.538819
vt 0.660839 0.491204
vt 0.660396 0.458209
vt 0.628358 0.642207
vt 0.631895 0.659762
vt 0.652299 0.822257
vt 0.636102 0.814514
vt 0.795744 0.964584
vt 0.797854 0.933179
vt 0.811315 0.915695
vt 0.813000 0.947126
vt 0.813425 0.884289
vt 0.813712 0.866383
vt 0.603037 0.724961
vt 0.599499 0.707406
vt 0.636287 0.722443
vt 0.631146 0.739597
vt 0.595385 0.676199
vt 0.636010 0.690968
vt 0.007194 0.537145
vt 0.016644 0.521675
vt 0.040979 0.542497
vt 0.038655 0.559619
vt 0.814869 0.964936
vt 0.828029 0.927718
vt 0.837601 0.942854
vt 0.822575 0.896718
vt 0.895888 0.092930
vt 0.901306 0.123581
vt 0.886730 0.143904
vt 0.884811 0.112053
vt 0.911227 0.137372
vt 0.892433 0.161133
vt 0.661668 0.753026
vt 0.649058 0.765741
vt 0.000576 0.602351
vt 0.000000 0.569358
vt 0.037867 0.589822
vt 0.037941 0.621196
vt 0.071467 0.556624
vt 0.075529 0.574890
vt 0.896439 0.065036
vt 0.892356 0.082503
vt 0.871559 0.096256
vt 0.868319 0.078509
vt 0.870955 0.129167
vt 0.868496 0.160642
vt 0.866830 0.178511
vt 0.042003 0.639462
vt 0.074815 0.636467
vt 0.072491 0.653589
vt 0.075603 0.606264
vt 0.422596 0.762003
vt 0.409874 0.774607
vt 0.392193 0.748306
vt 0.397485 0.731198
vt 0.855789 0.115232
vt 0.846718 0.100115
vt 0.855539 0.145192
vt 0.849198 0.175877
vt 0.956150 0.581254
vt 0.970115 0.592464
vt 0.955781 0.620728
vt 0.948232 0.604489
vt 0.106275 0.658941
vt 0.096826 0.674411
vt 0.113470 0.626728
vt 0.112894 0.593735
vt 0.364214 0.733423
vt 0.360831 0.715838
vt 0.850306 0.139205
vt 0.835230 0.129481
vt 0.949170 0.541658
vt 0.946804 0.573045
vt 0.933201 0.590419
vt 0.931772 0.558975
vt 0.930835 0.621806
vt 0.930402 0.639709
vt 0.390261 0.650895
vt 0.393644 0.668480
vt 0.356990 0.653120
vt 0.362282 0.636011
vt 0.397484 0.699722
vt 0.356991 0.684596
vt 0.132724 0.262374
vt 0.141353 0.246435
vt 0.166737 0.265956
vt 0.165309 0.283173
vt 0.930048 0.541150
vt 0.916585 0.578260
vt 0.907137 0.563047
vt 0.921787 0.609303
vt 0.877041 0.246846
vt 0.884251 0.277126
vt 0.870894 0.298271
vt 0.867107 0.266588
vt 0.894965 0.290311
vt 0.877601 0.315135
vt 0.331879 0.622314
vt 0.344601 0.609711
vt 0.129516 0.327827
vt 0.127220 0.294914
vt 0.166097 0.313372
vt 0.167807 0.344695
vt 0.197915 0.278472
vt 0.202924 0.296498
vt 0.875952 0.218969
vt 0.872902 0.236645
vt 0.852950 0.251596
vt 0.848672 0.234071
vt 0.854281 0.284486
vt 0.853675 0.316051
vt 0.853062 0.333987
vt 0.172815 0.362721
vt 0.205422 0.358018
vt 0.203991 0.375234
vt 0.204634 0.327821
vt 0.226784 0.568567
vt 0.239902 0.556375
vt 0.256735 0.583227
vt 0.250900 0.600157
vt 0.838322 0.271467
vt 0.828378 0.256908
vt 0.839834 0.301389
vt 0.835307 0.332394
vt 0.340007 0.904011
vt 0.326348 0.892430
vt 0.341437 0.864561
vt 0.348546 0.880997
vt 0.238009 0.378825
vt 0.229380 0.394662
vt 0.243513 0.346283
vt 0.241217 0.313368
vt 0.284225 0.598995
vt 0.287045 0.616679
vt 0.834257 0.295720
vt 0.818636 0.286899
vt 0.345921 0.943781
vt 0.349129 0.912468
vt 0.363194 0.895466
vt 0.363777 0.926937
vt 0.366403 0.864154
vt 0.367317 0.846269
vt 0.256468 0.414270
vt 0.241433 0.424075
vt 0.252738 0.662966
vt 0.249896 0.631618
vt 0.289887 0.648027
vt 0.288884 0.679488
vt 0.008641 0.014949
vt 0.018767 0.000018
vt 0.041735 0.022177
vt 0.038904 0.039438
vt 0.365022 0.944802
vt 0.379477 0.908068
vt 0.388513 0.923529
vt 0.375111 0.876895
vt 0.929226 0.860933
vt 0.935660 0.891390
vt 0.921701 0.912232
vt 0.918861 0.880451
vt 0.945998 0.904810
vt 0.928025 0.929238
vt 0.289526 0.697384
vt 0.322744 0.700295
vt 0.314888 0.716388
vt 0.327577 0.669192
vt 0.000000 0.046178
vt 0.037386 0.070635
vt 0.071435 0.035940
vt 0.075289 0.053839
vt 0.385185 0.884193
vt 0.400138 0.894047
vt 0.922747 0.849251
vt 0.905340 0.898102
vt 0.904737 0.865969
vt 0.904079 0.929634
vt 0.903073 0.947545
vt 0.047780 0.120709
vt 0.042222 0.102877
vt 0.079903 0.114735
vt 0.079187 0.131994
vt 0.077669 0.084594
vt 0.748619 0.662836
vt 0.734774 0.674206
vt 0.719610 0.646357
vt 0.726473 0.629798
vt 0.903843 0.848053
vt 0.889327 0.884535
vt 0.880305 0.868942
vt 0.890560 0.914664
vt 0.885344 0.945542
vt 0.934131 0.647231
vt 0.947730 0.658884
vt 0.932495 0.686673
vt 0.925472 0.670200
vt 0.113234 0.134271
vt 0.105252 0.150427
vt 0.117367 0.101628
vt 0.113912 0.069045
vt 0.693028 0.629013
vt 0.691190 0.611200
vt 0.883189 0.908372
vt 0.868418 0.898235
vt 0.928426 0.607431
vt 0.925054 0.638726
vt 0.910900 0.655654
vt 0.910482 0.624181
vt 0.907528 0.686950
vt 0.906520 0.704829
vt 0.133091 0.168915
vt 0.118472 0.179313
vt 0.728089 0.566228
vt 0.729627 0.598347
vt 0.691162 0.580143
vt 0.691133 0.549086
vt 0.000000 0.312122
vt 0.012963 0.299728
vt 0.030200 0.326386
vt 0.024600 0.343440
vt 0.909330 0.606310
vt 0.894683 0.642968
vt 0.885729 0.627460
vt 0.898886 0.674163
vt 0.172934 0.838266
vt 0.182119 0.867880
vt 0.170141 0.889820
vt 0.164387 0.858658
vt 0.193641 0.880170
vt 0.178336 0.906084
vt 0.689294 0.531273
vt 0.655850 0.530488
vt 0.662715 0.513919
vt 0.652696 0.561939
vt 0.654235 0.594058
vt 0.058114 0.341625
vt 0.061379 0.359253
vt 0.888851 0.666812
vt 0.873949 0.656880
vt 0.166267 0.827460
vt 0.152134 0.877237
vt 0.149441 0.845409
vt 0.154826 0.909066
vt 0.155735 0.927005
vt 0.032703 0.425437
vt 0.027554 0.407491
vt 0.064917 0.420172
vt 0.063834 0.437402
vt 0.023636 0.375146
vt 0.063306 0.390017
vt 0.354005 0.011703
vt 0.367576 0.000008
vt 0.383396 0.027489
vt 0.376928 0.044205
vt 0.148533 0.827469
vt 0.134126 0.864655
vt 0.125931 0.848391
vt 0.139880 0.895817
vt 0.138000 0.927014
vt 0.428486 0.057704
vt 0.414849 0.046097
vt 0.429991 0.018256
vt 0.437069 0.034706
vt 0.097807 0.440396
vt 0.089487 0.456373
vt 0.102617 0.407852
vt 0.099812 0.375197
vt 0.410381 0.044195
vt 0.412641 0.061960
vt 0.122148 0.886594
vt 0.110626 0.874304
vt 0.131333 0.916209
vt 0.437592 0.066178
vt 0.454958 0.017897
vt 0.451690 0.049203
vt 0.455906 0.000014
vt 0.116917 0.475442
vt 0.102086 0.485523
vt 0.376822 0.107792
vt 0.374521 0.075720
vt 0.413407 0.093006
vt 0.414172 0.124052
vt 0.199128 0.009787
vt 0.214172 0.000015
vt 0.226163 0.029433
vt 0.217507 0.045238
vt 0.398255 0.217697
vt 0.399263 0.199817
vt 0.417208 0.183068
vt 0.424231 0.199541
vt 0.402636 0.168522
vt 0.416791 0.151594
vt 0.914609 0.478488
vt 0.923396 0.508223
vt 0.911125 0.530000
vt 0.905790 0.498764
vt 0.934752 0.520666
vt 0.919101 0.546373
vt 0.416432 0.141816
vt 0.449885 0.141806
vt 0.443417 0.158523
vt 0.452292 0.110291
vt 0.449992 0.078219
vt 0.251428 0.048947
vt 0.249985 0.066161
vt 0.425868 0.160099
vt 0.439466 0.171752
vt 0.908088 0.467594
vt 0.893288 0.517177
vt 0.891023 0.485315
vt 0.895553 0.549039
vt 0.896221 0.566989
vt 0.472808 0.174308
vt 0.459237 0.186003
vt 0.214081 0.110377
vt 0.212002 0.077678
vt 0.250947 0.096369
vt 0.252028 0.127197
vt 0.282331 0.061546
vt 0.287133 0.079596
vt 0.890355 0.467366
vt 0.875451 0.504354
vt 0.867475 0.487982
vt 0.880786 0.535591
vt 0.878488 0.566760
vt 0.263824 0.902608
vt 0.278286 0.913169
vt 0.265254 0.942058
vt 0.256973 0.926179
vt 0.255125 0.145243
vt 0.287774 0.143119
vt 0.284219 0.160245
vt 0.290606 0.112014
vt 0.206779 0.678645
vt 0.198946 0.694749
vt 0.173556 0.675783
vt 0.172888 0.657887
vt 0.863180 0.526131
vt 0.851824 0.513688
vt 0.871967 0.555866
vt 0.254114 0.894833
vt 0.240383 0.944271
vt 0.241316 0.912808
vt 0.240766 0.962175
vt 0.316978 0.168862
vt 0.306232 0.183353
vt 0.326928 0.138025
vt 0.211566 0.647535
vt 0.173845 0.626425
vt 0.282098 0.009516
vt 0.297315 0.000016
vt 0.308775 0.029645
vt 0.299837 0.045291
vt 0.247803 0.863867
vt 0.246029 0.881687
vt 0.227382 0.897651
vt 0.221072 0.880891
vt 0.226449 0.929113
vt 0.221736 0.960235
vt 0.358912 0.742157
vt 0.375080 0.749933
vt 0.367330 0.780498
vt 0.356451 0.766625
vt 0.168112 0.577401
vt 0.170958 0.595081
vt 0.134788 0.578612
vt 0.140598 0.561673
vt 0.133831 0.610074
vt 0.136718 0.641418
vt 0.333685 0.049610
vt 0.331933 0.066795
vt 0.217745 0.920227
vt 0.204659 0.908001
vt 0.355455 0.705631
vt 0.352976 0.736867
vt 0.339670 0.754682
vt 0.338200 0.723146
vt 0.343160 0.787414
vt 0.348581 0.804620
vt 0.110626 0.547057
vt 0.123726 0.534846
vt 0.295239 0.110359
vt 0.293749 0.077627
vt 0.332351 0.097016
vt 0.332878 0.127858
vt 0.364357 0.062763
vt 0.368834 0.080896
vt 0.337633 0.705209
vt 0.322187 0.742019
vt 0.314387 0.725633
vt 0.328048 0.773386
vt 0.324233 0.803644
vt 0.322352 0.821483
vt 0.335650 0.145957
vt 0.368332 0.144420
vt 0.364469 0.161480
vt 0.371723 0.113371
vt 0.589453 0.147176
vt 0.599597 0.132276
vt 0.622496 0.154442
vt 0.619633 0.171657
vt 0.310249 0.763997
vt 0.298692 0.751545
vt 0.319433 0.793737
vt 0.947601 0.517040
vt 0.943632 0.485814
vt 0.959571 0.467146
vt 0.959753 0.498622
vt 0.934794 0.470240
vt 0.958553 0.449267
vt 0.397069 0.170684
vt 0.386064 0.184980
vt 0.407571 0.140031
vt 0.580789 0.178380
vt 0.618272 0.202710
vt 0.651960 0.168474
vt 0.655555 0.186446
vt 0.955006 0.547763
vt 0.956147 0.529891
vt 0.974216 0.513276
vt 0.981116 0.529801
vt 0.974034 0.481800
vt 0.977640 0.450531
vt 0.060681 0.786671
vt 0.076345 0.795418
vt 0.066746 0.825455
vt 0.056733 0.810944
vt 0.625801 0.251566
vt 0.622366 0.233971
vt 0.659103 0.249262
vt 0.653841 0.266397
vt 0.659080 0.217744
vt 0.436395 0.194102
vt 0.446747 0.179221
vt 0.469802 0.201453
vt 0.466464 0.218406
vt 0.983047 0.490373
vt 0.996558 0.502126
vt 0.059456 0.750003
vt 0.055078 0.781029
vt 0.040711 0.798001
vt 0.041166 0.766434
vt 0.042200 0.830884
vt 0.046562 0.848389
vt 0.684298 0.280048
vt 0.671589 0.292688
vt 0.425912 0.258798
vt 0.427298 0.225830
vt 0.463882 0.248509
vt 0.462091 0.279832
vt 0.499396 0.217366
vt 0.502365 0.235841
vt 0.041693 0.748495
vt 0.024032 0.784296
vt 0.017245 0.767465
vt 0.027971 0.815961
vt 0.022320 0.845931
vt 0.019355 0.863622
vt 0.465060 0.298307
vt 0.497992 0.297267
vt 0.494654 0.314221
vt 0.500574 0.267164
vt 0.812606 0.303660
vt 0.799644 0.316016
vt 0.782474 0.289379
vt 0.788095 0.272376
vt 0.010777 0.805505
vt 0.000000 0.792372
vt 0.018132 0.835750
vt 0.983753 0.918529
vt 0.987718 0.949755
vt 0.971776 0.968421
vt 0.971598 0.936945
vt 0.996554 0.965331
vt 0.972792 0.986300
vt 0.528061 0.321572
vt 0.517709 0.336453
vt 0.537158 0.289844
vt 0.538544 0.256875
vt 0.754787 0.273958
vt 0.751744 0.256310
vt 0.976352 0.887805
vt 0.975208 0.905676
vt 0.957137 0.922289
vt 0.950239 0.905763
vt 0.957316 0.953765
vt 0.953705 0.985034
vt 0.420219 0.807578
vt 0.435880 0.816329
vt 0.426272 0.846363
vt 0.416263 0.831850
vt 0.782423 0.191948
vt 0.785466 0.209595
vt 0.749115 0.193530
vt 0.754736 0.176527
vt 0.788702 0.240905
vt 0.748508 0.225001
vt 0.512008 0.155275
vt 0.521937 0.140109
vt 0.545608 0.161683
vt 0.542749 0.178723
vt 0.948303 0.945191
vt 0.934794 0.933436
vt 0.419005 0.770909
vt 0.414617 0.801934
vt 0.400245 0.818902
vt 0.400710 0.787335
vt 0.401725 0.851785
vt 0.406081 0.869292
vt 0.724603 0.162246
vt 0.737566 0.149890
vt 0.503350 0.220242
vt 0.503808 0.187247
vt 0.541016 0.208887
vt 0.540108 0.240248
vt 0.575639 0.176757
vt 0.579127 0.195141
vt 0.401242 0.769396
vt 0.383571 0.805192
vt 0.376789 0.788358
vt 0.387500 0.836858
vt 0.381839 0.866826
vt 0.378869 0.884516
vt 0.543595 0.258632
vt 0.576486 0.256666
vt 0.573626 0.273706
vt 0.578219 0.226502
vt 0.724603 0.418737
vt 0.737611 0.406428
vt 0.754684 0.433127
vt 0.749002 0.450109
vt 0.370309 0.826397
vt 0.359536 0.813260
vt 0.377655 0.856644
vt 0.942585 0.287440
vt 0.938272 0.256260
vt 0.954004 0.237417
vt 0.954533 0.268889
vt 0.929262 0.240784
vt 0.952789 0.219551
vt 0.607226 0.280114
vt 0.597297 0.295280
vt 0.615426 0.248142
vt 0.615884 0.215147
vt 0.782315 0.448647
vt 0.785294 0.466305
vt 0.950327 0.318079
vt 0.951272 0.300196
vt 0.969157 0.283383
vt 0.976238 0.299832
vt 0.968627 0.251911
vt 0.971889 0.220604
vt 0.833021 0.344511
vt 0.849560 0.351493
vt 0.843236 0.382252
vt 0.831764 0.369102
vt 0.754383 0.530557
vt 0.751404 0.512898
vt 0.787697 0.529095
vt 0.782014 0.546077
vt 0.748281 0.481577
vt 0.788417 0.497627
vt 0.385064 0.458009
vt 0.395058 0.442884
vt 0.418636 0.464559
vt 0.415705 0.481587
vt 0.977735 0.260384
vt 0.991374 0.271988
vt 0.832066 0.308852
vt 0.828640 0.340061
vt 0.814827 0.357714
vt 0.814421 0.325997
vt 0.819391 0.390310
vt 0.826642 0.406977
vt 0.812095 0.560467
vt 0.799088 0.572776
vt 0.376130 0.522938
vt 0.376728 0.489945
vt 0.413843 0.511743
vt 0.412802 0.543100
vt 0.448603 0.479761
vt 0.452012 0.498160
vt 0.814408 0.308034
vt 0.798063 0.344381
vt 0.790762 0.327722
vt 0.802594 0.376941
vt 0.803004 0.408681
vt 0.803015 0.426643
vt 0.416211 0.561499
vt 0.449109 0.559673
vt 0.446177 0.576701
vt 0.450971 0.529517
vt 0.776132 0.422338
vt 0.763368 0.434899
vt 0.745775 0.408539
vt 0.751125 0.391449
vt 0.785636 0.365488
vt 0.774385 0.352723
vt 0.788783 0.394609
vt 0.785357 0.425824
vt 0.659502 0.917754
vt 0.672737 0.929819
vt 0.656656 0.957128
vt 0.650142 0.940446
vt 0.479750 0.583251
vt 0.469756 0.598376
vt 0.488086 0.551315
vt 0.488684 0.518322
vt 0.717846 0.393562
vt 0.714522 0.375966
vt 0.656577 0.859958
vt 0.655021 0.877798
vt 0.636571 0.893989
vt 0.630057 0.877308
vt 0.650690 0.908975
vt 0.636023 0.925461
vt 0.631692 0.956638
vt 0.630136 0.974478
vt 0.744170 0.311122
vt 0.747494 0.328719
vt 0.710891 0.313235
vt 0.716241 0.296145
vt 0.751229 0.359972
vt 0.710787 0.344711
vt 0.473601 0.437112
vt 0.483604 0.421994
vt 0.507170 0.443682
vt 0.504229 0.460708
vt 0.627211 0.916681
vt 0.613977 0.904617
vt 0.252447 0.764418
vt 0.246549 0.795262
vt 0.231376 0.811774
vt 0.233492 0.780103
vt 0.247369 0.824541
vt 0.233302 0.844593
vt 0.257569 0.838160
vt 0.239255 0.861779
vt 0.685884 0.282346
vt 0.698648 0.269785
vt 0.464631 0.502037
vt 0.465248 0.469044
vt 0.502351 0.490863
vt 0.501292 0.522220
vt 0.537128 0.458901
vt 0.540527 0.477301
vt 0.234910 0.762196
vt 0.215695 0.797112
vt 0.209793 0.779921
vt 0.217652 0.829968
vt 0.215534 0.861617
vt 0.214118 0.879524
vt 0.504691 0.540620
vt 0.537590 0.538812
vt 0.534648 0.555839
vt 0.539468 0.508658
vt 0.674822 0.012621
vt 0.687528 0.000002
vt 0.705240 0.026282
vt 0.699968 0.043396
vt 0.201675 0.817268
vt 0.191285 0.803248
vt 0.202478 0.846466
vt 0.196581 0.877304
vt 0.926608 0.131976
vt 0.912669 0.120734
vt 0.927069 0.092503
vt 0.934579 0.108760
vt 0.568217 0.562408
vt 0.558215 0.577527
vt 0.576571 0.530476
vt 0.577188 0.497484
vt 0.733237 0.041133
vt 0.736640 0.058714
vt 0.198465 0.841682
vt 0.182534 0.833406
vt 0.933496 0.171589
vt 0.935934 0.140207
vt 0.949578 0.122865
vt 0.950933 0.154313
vt 0.952017 0.091484
vt 0.952492 0.073582
vt 0.707285 0.123691
vt 0.703882 0.106110
vt 0.740554 0.121428
vt 0.735282 0.138542
vt 0.700005 0.074873
vt 0.740516 0.089951
vt 0.127561 0.350667
vt 0.138124 0.335935
vt 0.160859 0.358493
vt 0.157280 0.375397
vt 0.952616 0.172141
vt 0.966165 0.135063
vt 0.975578 0.150298
vt 0.961036 0.104008
vt 0.314339 0.820049
vt 0.320383 0.850583
vt 0.306225 0.871200
vt 0.303656 0.839395
vt 0.330583 0.864169
vt 0.312279 0.888309
vt 0.765701 0.152204
vt 0.752994 0.164822
vt 0.116158 0.415208
vt 0.118013 0.382262
vt 0.154270 0.405460
vt 0.152034 0.436754
vt 0.190224 0.374826
vt 0.192930 0.393341
vt 0.314320 0.792150
vt 0.310595 0.809697
vt 0.290083 0.823872
vt 0.286481 0.806195
vt 0.290153 0.856789
vt 0.288336 0.888307
vt 0.287036 0.906206
vt 0.154739 0.455269
vt 0.187683 0.454699
vt 0.184104 0.471603
vt 0.190693 0.424636
vt 0.907162 0.782373
vt 0.893711 0.794196
vt 0.877631 0.766887
vt 0.883934 0.750125
vt 0.274704 0.843166
vt 0.265326 0.828237
vt 0.275067 0.873125
vt 0.269354 0.903933
vt 0.025656 0.904835
vt 0.039639 0.916023
vt 0.025349 0.944310
vt 0.017775 0.928083
vt 0.217403 0.479429
vt 0.206839 0.494161
vt 0.226950 0.447833
vt 0.228806 0.414887
vt 0.850589 0.750361
vt 0.848262 0.732604
vt 0.269713 0.867246
vt 0.254441 0.857832
vt 0.018613 0.865249
vt 0.016297 0.896641
vt 0.002721 0.914036
vt 0.001243 0.882594
vt 0.000405 0.945427
vt 0.000000 0.963330
vt 0.881515 0.669533
vt 0.883842 0.687289
vt 0.848170 0.669769
vt 0.854473 0.653008
vt 0.885811 0.718704
vt 0.846293 0.701190
vt 0.099076 0.979874
vt 0.094033 0.948804
vt 0.099312 0.917774
vt 0.111822 0.904960
vt 0.124234 0.917869
vt 0.129277 0.948938
vt 0.123998 0.979969
vt 0.111488 0.992783
vt 0.845940 0.904528
vt 0.858409 0.891673
vt 0.870862 0.904542
vt 0.876006 0.935595
vt 0.870827 0.966643
vt 0.858359 0.979497
vt 0.845905 0.966629
vt 0.840761 0.935575
s 1
usemtl initialShadingGroup
f 1/1/1 2/2/1 10/3/2 9/4/3
f 2/5/4 3/6/4 11/7/5 10/8/6
f 3/6/7 4/9/7 12/10/8 11/7/9
f 4/9/10 5/11/10 13/12/11 12/10/12
f 5/13/13 6/14/13 14/15/14 13/16/15
f 6/17/16 7/18/16 15/19/17 14/20/18
f 7/18/19 8/21/19 16/22/20 15/19/21
f 8/21/22 1/1/22 9/4/23 16/22/24
f 9/23/3 10/24/2 18/25/25 17/26/26
f 10/8/6 11/7/5 19/27/27 18/28/28
f 11/7/9 12/10/8 20/29/29 19/27/30
f 12/30/12 13/16/11 21/31/31 20/32/32
f 13/16/15 14/15/14 22/33/33 21/31/34
f 14/20/18 15/19/17 23/34/35 22/35/36
f 15/36/21 16/37/20 24/38/37 23/39/38
f 16/37/24 9/23/23 17/26/39 24/38/40
f 17/40/26 18/41/25 26/42/41 25/43/42
f 18/44/28 19/45/27 27/46/43 26/47/44
f 19/45/30 20/32/29 28/48/45 27/46/46
f 20/32/32 21/31/31 29/49/47 28/48/48
f 21/50/34 22/51/33 30/52/49 29/53/50
f 22/54/36 23/39/35 31/55/51 30/56/52
f 23/39/38 24/38/37 32/57/53 31/55/54
f 24/38/40 17/26/39 25/58/55 32/57/56
f 25/43/42 26/42/41 34/59/57 33/60/58
f 26/47/44 27/46/43 35/61/59 34/62/60
f 27/63/46 28/64/45 36/65/61 35/66/62
f 28/64/48 29/53/47 37/67/63 36/65/64
f 29/53/50 30/52/49 38/68/65 37/67/66
f 30/56/52 31/55/51 39/69/67 38/70/68
f 31/71/54 32/72/53 40/73/69 39/74/70
f 32/72/56 25/43/55 33/60/71 40/73/72
f 33/60/58 34/59/57 42/75/73 41/76/74
f 34/77/60 35/66/59 43/78/75 42/79/76
f 35/66/62 36/65/61 44/80/77 43/78/78
f 36/65/64 37/67/63 45/81/79 44/80/80
f 37/82/66 38/83/65 46/84/81 45/85/82
f 38/86/68 39/74/67 47/87/83 46/88/84
f 39/74/70 40/73/69 48/89/85 47/87/86
f 40/73/72 33/60/71 41/76/87 48/89/88
f 41/90/74 42/91/73 50/92/89 49/93/90
f 42/79/76 43/78/75 51/94/91 50/95/92
f 43/78/78 44/80/77 52/96/93 51/94/94
f 44/97/80 45/85/79 53/98/95 52/99/96
f 45/85/82 46/84/81 54/100/97 53/98/98
f 46/88/84 47/87/83 55/101/99 54/102/100
f 47/87/86 48/89/85 56/103/101 55/101/102
f 48/104/88 41/90/87 49/93/103 56/105/104
f 49/106/90 50/107/89 58/108/105 57/109/106
f 50/110/92 51/111/91 59/112/107 58/113/108
f 51/111/94 52/99/93 60/114/109 59/112/110
f 52/99/96 53/98/95 61/115/111 60/114/112
f 53/116/98 54/117/97 62/118/113 61/119/114
f 54/120/100 55/121/99 63/122/115 62/123/116
f 55/121/102 56/105/101 64/124/117 63/122/118
f 56/105/104 49/93/103 57/125/119 64/124/120
f 57/109/106 58/108/105 66/126/121 65/127/122
f 58/113/108 59/112/107 67/128/123 66/129/124
f 59/130/110 60/131/109 68/132/125 67/133/126
f 60/131/112 61/119/111 69/134/127 68/132/128
f 61/119/114 62/118/113 70/135/129 69/134/130
f 62/123/116 63/122/115 71/136/131 70/137/132
f 63/138/118 64/139/117 72/140/133 71/141/134
f 64/139/120 57/109/119 65/127/135 72/140/136
f 65/127/122 66/126/121 74/142/137 73/143/138
f 66/144/124 67/133/123 75/145/139 74/146/140
f 67/133/126 68/132/125 76/147/141 75/145/142
f 68/132/128 69/134/127 77/148/143 76/147/144
f 69/134/130 70/135/129 78/149/145 77/148/146
f 70/150/132 71/141/131 79/151/147 78/152/148
f 71/141/134 72/140/133 80/153/149 79/151/150
f 72/140/136 65/127/135 73/143/151 80/153/152
f 73/154/138 74/155/137 82/156/153 81/157/154
f 74/146/140 75/145/139 83/158/155 82/159/156
f 75/145/142 76/147/141 84/160/157 83/158/158
f 76/161/144 77/162/143 85/163/159 84/164/160
f 77/162/146 78/165/145 86/166/161 85/163/162
f 78/152/148 79/151/147 87/167/163 86/168/164
f 79/151/150 80/153/149 88/169/165 87/167/166
f 80/170/152 73/154/151 81/157/167 88/171/168
f 81/157/154 82/156/153 90/172/169 89/173/170
f 82/174/156 83/175/155 91/176/171 90/177/172
f 83/175/158 84/164/157 92/178/173 91/176/174
f 84/164/160 85/163/159 93/179/175 92/178/176
f 85/180/162 86/181/161 94/182/177 93/183/178
f 86/184/164 87/185/163 95/186/179 94/187/180
f 87/185/166 88/171/165 96/188/181 95/186/182
f 88/171/168 81/157/167 89/173/183 96/188/184
f 89/189/170 90/190/169 98/191/185 97/192/186
f 90/177/172 91/176/171 99/193/187 98/194/188
f 91/195/174 92/196/173 100/197/189 99/198/190
f 92/196/176 93/183/175 101/199/191 100/197/192
f 93/183/178 94/182/177 102/200/193 101/199/194
f 94/187/180 95/186/179 103/201/195 102/202/196
f 95/203/182 96/204/181 104/205/197 103/206/198
f 96/204/184 89/189/183 97/192/199 104/205/200
f 97/192/186 98/191/185 106/207/201 105/208/202
f 98/209/188 99/198/187 107/210/203 106/211/204
f 99/198/190 100/197/189 108/212/205 107/210/206
f 100/197/192 101/199/191 109/213/207 108/212/208
f 101/199/194 102/200/193 110/214/209 109/213/210
f 102/215/196 103/206/195 111/216/211 110/217/212
f 103/206/198 104/205/197 112/218/213 111/216/214
f 104/205/200 97/192/199 105/208/215 112/218/216
f 105/219/202 106/220/201 114/221/217 113/222/218
f 106/211/204 107/210/203 115/223/219 114/224/220
f 107/210/206 108/212/205 116/225/221 115/223/222
f 108/226/208 109/227/207 117/228/223 116/229/224
f 109/227/210 110/230/209 118/231/225 117/228/226
f 110/217/212 111/216/211 119/232/227 118/233/228
f 111/216/214 112/218/213 120/234/229 119/232/230
f 112/218/216 105/208/215 113/235/231 120/234/232
f 113/222/218 114/221/217 122/236/233 121/237/234
f 114/238/220 115/239/219 123/240/235 122/241/236
f 115/239/222 116/229/221 124/242/237 123/240/238
f 116/229/224 117/228/223 125/243/239 124/242/240
f 117/244/226 118/245/225 126/246/241 125/247/242
f 118/248/228 119/249/227 127/250/243 126/251/244
f 119/249/230 120/252/229 128/253/245 127/250/246
f 120/252/232 113/222/231 121/237/247 128/253/248
f 121/254/234 122/255/233 130/256/249 129/257/250
f 122/241/236 123/240/235 131/258/251 130/259/252
f 123/260/238 124/261/237 132/262/253 131/263/254
f 124/261/240 125/247/239 133/264/255 132/262/256
f 125/247/242 126/246/241 134/265/257 133/264/258
f 126/251/244 127/250/243 135/266/259 134/267/260
f 127/268/246 128/269/245 136/270/261 135/271/262
f 128/269/248 121/254/247 129/257/263 136/270/264
f 129/257/250 130/256/249 138/272/265 137/273/266
f 130/274/252 131/263/251 139/275/267 138/276/268
f 131/263/254 132/262/253 140/277/269 139/275/270
f 132/262/256 133/264/255 141/278/271 140/277/272
f 133/264/258 134/265/257 142/279/273 141/278/274
f 134/280/260 135/271/259 143/281/275 142/282/276
f 135/271/262 136/270/261 144/283/277 143/281/278
f 136/270/264 129/257/263 137/273/279 144/283/280
f 137/284/266 138/285/265 146/286/281 145/287/282
f 138/276/268 139/275/267 147/288/283 146/289/284
f 139/275/270 140/277/269 148/290/285 147/288/286
f 140/277/272 141/278/271 149/291/287 148/290/288
f 141/292/274 142/293/273 150/294/289 149/295/290
f 142/282/276 143/281/275 151/296/291 150/297/292
f 143/281/278 144/283/277 152/298/293 151/296/294
f 144/283/280 137/273/279 145/299/295 152/298/296
f 145/287/282 146/286/281 154/300/297 153/301/298
f 146/302/284 147/303/283 155/304/299 154/305/300
f 147/303/286 148/306/285 156/307/301 155/304/302
f 148/306/288 149/308/287 157/309/303 156/307/304
f 149/310/290 150/311/289 158/312/305 157/313/306
f 150/314/292 151/315/291 159/316/307 158/317/308
f 151/315/294 152/318/293 160/319/309 159/316/310
f 152/318/296 145/287/295 153/301/311 160/319/312
f 153/320/298 154/321/297 162/322/313 161/323/314
f 154/305/300 155/304/299 163/324/315 162/325/316
f 155/326/302 156/327/301 164/328/317 163/329/318
f 156/327/304 157/313/303 165/330/319 164/328/320
f 157/313/306 158/312/305 166/331/321 165/330/322
f 158/317/308 159/316/307 167/332/323 166/333/324
f 159/334/310 160/335/309 168/336/325 167/337/326
f 160/335/312 153/320/311 161/323/327 168/336/328
f 161/323/314 162/322/313 170/338/329 169/339/330
f 162/340/316 163/329/315 171/341/331 170/342/332
f 163/329/318 164/328/317 172/343/333 171/341/334
f 164/328/320 165/330/319 173/344/335 172/343/336
f 165/330/322 166/331/321 174/345/337 173/344/338
f 166/346/324 167/337/323 175/347/339 174/348/340
f 167/337/326 168/336/325 176/349/341 175/347/342
f 168/336/328 161/323/327 169/339/343 176/349/344
f 169/350/330 170/351/329 178/352/345 177/353/346
f 170/342/332 171/341/331 179/354/347 178/355/348
f 171/341/334 172/343/333 180/356/349 179/354/350
f 172/343/336 173/344/335 181/357/351 180/356/352
f 173/358/338 174/359/337 182/360/353 181/361/354
f 174/348/340 175/347/339 183/362/355 182/363/356
f 175/347/342 176/349/341 184/364/357 183/362/358
f 176/349/344 169/339/343 177/365/359 184/364/360
f 177/353/346 178/352/345 186/366/361 185/367/362
f 178/355/348 179/354/347 187/368/363 186/369/364
f 179/370/350 180/371/349 188/372/365 187/373/366
f 180/371/352 181/361/351 189/374/367 188/372/368
f 181/361/354 182/360/353 190/375/369 189/374/370
f 182/376/356 183/377/355 191/378/371 190/379/372
f 183/377/358 184/380/357 192/381/373 191/378/374
f 184/380/360 177/353/359 185/367/375 192/381/376
f 185/382/362 186/383/361 194/384/377 193/385/378
f 186/386/364 187/387/363 195/388/379 194/389/380
f 187/390/366 188/391/365 196/392/381 195/393/382
f 188/391/368 189/394/367 197/395/383 196/392/384
f 189/394/370 190/396/369 198/397/385 197/395/386
f 190/379/372 191/378/371 199/398/387 198/399/388
f 191/400/374 192/401/373 200/402/389 199/403/390
f 192/401/376 185/382/375 193/385/391 200/402/392
f 193/385/378 194/384/377 202/404/393 201/405/394
f 194/406/380 195/393/379 203/407/395 202/408/396
f 195/393/382 196/392/381 204/409/397 203/407/398
f 196/392/384 197/395/383 205/410/399 204/409/400
f 197/395/386 198/397/385 206/411/401 205/410/402
f 198/412/388 199/403/387 207/413/403 206/414/404
f 199/403/390 200/402/389 208/415/405 207/413/406
f 200/402/392 193/385/391 201/405/407 208/415/408
f 201/416/394 202/417/393 210/418/409 209/419/410
f 202/408/396 203/407/395 211/420/411 210/421/412
f 203/407/398 204/409/397 212/422/413 211/420/414
f 204/409/400 205/410/399 213/423/415 212/422/416
f 205/424/402 206/425/401 214/426/417 213/427/418
f 206/414/404 207/413/403 215/428/419 214/429/420
f 207/413/406 208/415/405 216/430/421 215/428/422
f 208/415/408 201/405/407 209/431/423 216/430/424
f 209/419/410 210/418/409 218/432/425 217/433/426
f 210/421/412 211/420/411 219/434/427 218/435/428
f 211/436/414 212/437/413 220/438/429 219/439/430
f 212/437/416 213/427/415 221/440/431 220/438/432
f 213/427/418 214/426/417 222/441/433 221/440/434
f 214/442/420 215/443/419 223/444/435 222/445/436
f 215/443/422 216/446/421 224/447/437 223/444/438
f 216/446/424 209/419/423 217/433/439 224/447/440
f 217/448/426 218/449/425 226/450/441 225/451/442
f 218/452/428 219/439/427 227/453/443 226/454/444
f 219/439/430 220/438/429 228/455/445 227/453/446
f 220/456/432 221/457/431 229/458/447 228/459/448
f 221/457/434 222/460/433 230/461/449 229/458/450
f 222/445/436 223/444/435 231/462/451 230/463/452
f 223/464/438 224/465/437 232/466/453 231/467/454
f 224/465/440 217/448/439 225/451/455 232/466/456
f 225/451/442 226/450/441 234/468/457 233/469/458
f 226/470/444 227/471/443 235/472/459 234/473/460
f 227/471/446 228/459/445 236/474/461 235/472/462
f 228/459/448 229/458/447 237/475/463 236/474/464
f 229/458/450 230/461/449 238/476/465 237/475/466
f 230/477/452 231/467/451 239/478/467 238/479/468
f 231/467/454 232/466/453 240/480/469 239/478/470
f 232/466/456 225/451/455 233/469/471 240/480/472
f 233/481/458 234/482/457 242/483/473 241/484/474
f 234/473/460 235/472/459 243/485/475 242/486/476
f 235/472/462 236/474/461 244/487/477 243/485/478
f 236/474/464 237/475/463 245/488/479 244/487/480
f 237/489/466 238/490/465 246/491/481 245/492/482
f 238/479/468 239/478/467 247/493/483 246/494/484
f 239/478/470 240/480/469 248/495/485 247/493/486
f 240/480/472 233/469/471 241/496/487 248/495/488
f 241/484/474 242/483/473 250/497/489 249/498/490
f 242/486/476 243/485/475 251/499/491 250/500/492
f 243/501/478 244/502/477 252/503/493 251/504/494
f 244/502/480 245/492/479 253/505/495 252/503/496
f 245/492/482 246/491/481 254/506/497 253/505/498
f 246/507/484 247/508/483 255/509/499 254/510/500
f 247/508/486 248/511/485 256/512/501 255/509/502
f 248/511/488 241/484/487 249/498/503 256/512/504
f 249/513/490 250/514/489 258/515/505 257/516/506
f 250/517/492 251/504/491 259/518/507 258/519/508
f 251/504/494 252/503/493 260/520/509 259/518/510
f 252/521/496 253/522/495 261/523/511 260/524/512
f 253/522/498 254/525/497 262/526/513 261/523/514
f 254/510/500 255/509/499 263/527/515 262/528/516
f 255/509/502 256/512/501 264/529/517 263/527/518
f 256/530/504 249/513/503 257/516/519 264/531/520
f 257/516/506 258/515/505 266/532/521 265/533/522
f 258/534/508 259/535/507 267/536/523 266/537/524
f 259/535/510 260/524/509 268/538/525 267/536/526
f 260/524/512 261/523/511 269/539/527 268/538/528
f 261/523/514 262/526/513 270/540/529 269/539/530
f 262/541/516 263/542/515 271/543/531 270/544/532
f 263/542/518 264/531/517 272/545/533 271/543/534
f 264/531/520 257/516/519 265/533/535 272/545/536
f 265/546/522 266/547/521 274/548/537 273/549/538
f 266/537/524 267/536/523 275/550/539 274/551/540
f 267/536/526 268/538/525 276/552/541 275/550/542
f 268/538/528 269/539/527 277/553/543 276/552/544
f 269/554/530 270/555/529 278/556/545 277/557/546
f 270/544/532 271/543/531 279/558/547 278/559/548
f 271/543/534 272/545/533 280/560/549 279/558/550
f 272/545/536 265/533/535 273/561/551 280/560/552
f 273/549/538 274/548/537 282/562/553 281/563/554
f 274/551/540 275/550/539 283/564/555 282/565/556
f 275/566/542 276/567/541 284/568/557 283/569/558
f 276/567/544 277/557/543 285/570/559 284/568/560
f 277/557/546 278/556/545 286/571/561 285/570/562
f 278/559/548 279/558/547 287/572/563 286/573/564
f 279/574/550 280/575/549 288/576/565 287/577/566
f 280/575/552 273/549/551 281/563/567 288/576/568
f 281/578/554 282/579/553 290/580/569 289/581/570
f 282/582/556 283/569/555 291/583/571 290/584/572
f 283/569/558 284/568/557 292/585/573 291/583/574
f 284/586/560 285/587/559 293/588/575 292/589/576
f 285/587/562 286/590/561 294/591/577 293/588/578
f 286/592/564 287/577/563 295/593/579 294/594/580
f 287/577/566 288/576/565 296/595/581 295/593/582
f 288/596/568 281/578/567 289/581/583 296/597/584
f 289/581/570 290/580/569 298/598/585 297/599/586
f 290/584/572 291/583/571 299/600/587 298/601/588
f 291/602/574 292/589/573 300/603/589 299/604/590
f 292/589/576 293/588/575 301/605/591 300/603/592
f 293/588/578 294/591/577 302/606/593 301/605/594
f 294/607/580 295/608/579 303/609/595 302/610/596
f 295/608/582 296/597/581 304/611/597 303/609/598
f 296/597/584 289/581/583 297/599/599 304/611/600
f 297/612/586 298/613/585 306/614/601 305/615/602
f 298/616/588 299/604/587 307/617/603 306/618/604
f 299/604/590 300/603/589 308/619/605 307/617/606
f 300/603/592 301/605/591 309/620/607 308/619/608
f 301/621/594 302/622/593 310/623/609 309/624/610
f 302/610/596 303/609/595 311/625/611 310/626/612
f 303/609/598 304/611/597 312/627/613 311/625/614
f 304/611/600 297/599/599 305/628/615 312/627/616
f 305/615/602 306/614/601 314/629/617 313/630/618
f 306/618/604 307/617/603 315/631/619 314/632/620
f 307/617/606 308/619/605 316/633/621 315/631/622
f 308/634/608 309/624/607 317/635/623 316/636/624
f 309/624/610 310/623/609 318/637/625 317/635/626
f 310/626/612 311/625/611 319/638/627 318/639/628
f 311/640/614 312/641/613 320/642/629 319/643/630
f 312/641/616 305/615/615 313/630/631 320/642/632
f 313/644/618 314/645/617 322/646/633 321/647/634
f 314/648/620 315/649/619 323/650/635 322/651/636
f 315/649/622 316/652/621 324/653/637 323/650/638
f 316/654/624 317/655/623 325/656/639 324/657/640
f 317/655/626 318/658/625 326/659/641 325/656/642
f 318/660/628 319/643/627 327/661/643 326/662/644
f 319/643/630 320/642/629 328/663/645 327/661/646
f 320/642/632 313/630/631 321/664/647 328/663/648
f 321/647/634 322/646/633 330/665/649 329/666/650
f 322/651/636 323/650/635 331/667/651 330/668/652
f 323/669/638 324/657/637 332/670/653 331/671/654
f 324/657/640 325/656/639 333/672/655 332/670/656
f 325/656/642 326/659/641 334/673/657 333/672/658
f 326/662/644 327/661/643 335/674/659 334/675/660
f 327/676/646 328/677/645 336/678/661 335/679/662
f 328/677/648 321/647/647 329/666/663 336/678/664
f 329/666/650 330/665/649 338/680/665 337/681/666
f 330/682/652 331/671/651 339/683/667 338/684/668
f 331/671/654 332/670/653 340/685/669 339/683/670
f 332/670/656 333/672/655 341/686/671 340/685/672
f 333/687/658 334/688/657 342/689/673 341/690/674
f 334/691/660 335/679/659 343/692/675 342/693/676
f 335/679/662 336/678/661 344/694/677 343/692/678
f 336/678/664 329/666/663 337/681/679 344/694/680
f 337/695/666 338/696/665 346/697/681 345/698/682
f 338/684/668 339/683/667 347/699/683 346/700/684
f 339/683/670 340/685/669 348/701/685 347/699/686
f 340/702/672 341/690/671 349/703/687 348/704/688
f 341/690/674 342/689/673 350/705/689 349/703/690
f 342/693/676 343/692/675 351/706/691 350/707/692
f 343/708/678 344/709/677 352/710/693 351/711/694
f 344/709/680 337/695/679 345/698/695 352/710/696
f 345/712/682 346/713/681 354/714/697 353/715/698
f 346/716/684 347/717/683 355/718/699 354/719/700
f 347/717/686 348/704/685 356/720/701 355/718/702
f 348/704/688 349/703/687 357/721/703 356/720/704
f 349/722/690 350/723/689 358/724/705 357/725/706
f 350/726/692 351/711/691 359/727/707 358/728/708
f 351/711/694 352/710/693 360/729/709 359/727/710
f 352/710/696 345/698/695 353/730/711 360/729/712
f 353/715/698 354/714/697 362/731/713 361/732/714
f 354/719/700 355/718/699 363/733/715 362/734/716
f 355/735/702 356/736/701 364/737/717 363/738/718
f 356/736/704 357/725/703 365/739/719 364/737/720
f 357/725/706 358/724/705 366/740/721 365/739/722
f 358/728/708 359/727/707 367/741/723 366/742/724
f 359/743/710 360/744/709 368/745/725 367/746/726
f 360/744/712 353/715/711 361/732/727 368/745/728
f 361/732/714 362/731/713 370/747/729 369/748/730
f 362/749/716 363/738/715 371/750/731 370/751/732
f 363/738/718 364/737/717 372/752/733 371/750/734
f 364/737/720 365/739/719 373/753/735 372/752/736
f 365/754/722 366/755/721 374/756/737 373/757/738
f 366/758/724 367/746/723 375/759/739 374/760/740
f 367/746/726 368/745/725 376/761/741 375/759/742
f 368/745/728 361/732/727 369/748/743 376/761/744
f 369/762/730 370/763/729 378/764/745 377/765/746
f 370/751/732 371/750/731 379/766/747 378/767/748
f 371/750/734 372/752/733 380/768/749 379/766/750
f 372/769/736 373/757/735 381/770/751 380/771/752
f 373/757/738 374/756/737 382/772/753 381/770/754
f 374/760/740 375/759/739 383/773/755 382/774/756
f 375/759/742 376/761/741 384/775/757 383/773/758
f 376/776/744 369/762/743 377/765/759 384/777/760
f 377/778/746 378/779/745 386/780/761 385/781/762
f 378/782/748 379/783/747 387/784/763 386/785/764
f 379/783/750 380/771/749 388/786/765 387/784/766
f 380/771/752 381/770/751 389/787/767 388/786/768
f 381/788/754 382/789/753 390/790/769 389/791/770
f 382/792/756 383/793/755 391/794/771 390/795/772
f 383/793/758 384/777/757 392/796/773 391/794/774
f 384/777/760 377/765/759 385/797/775 392/796/776
f 385/781/762 386/780/761 394/798/777 393/799/778
f 386/785/764 387/784/763 395/800/779 394/801/780
f 387/802/766 388/803/765 396/804/781 395/805/782
f 388/803/768 389/791/767 397/806/783 396/804/784
f 389/791/770 390/790/769 398/807/785 397/806/786
f 390/795/772 391/794/771 399/808/787 398/809/788
f 391/810/774 392/811/773 400/812/789 399/813/790
f 392/811/776 385/781/775 393/799/791 400/812/792
f 393/799/778 394/798/777 402/814/793 401/815/794
f 394/816/780 395/805/779 403/817/795 402/818/796
f 395/805/782 396/804/781 404/819/797 403/817/798
f 396/804/784 397/806/783 405/820/799 404/819/800
f 397/806/786 398/807/785 406/821/801 405/820/802
f 398/822/788 399/813/787 407/823/803 406/824/804
f 399/813/790 400/812/789 408/825/805 407/823/806
f 400/812/792 393/799/791 401/815/807 408/825/808
f 401/826/794 402/827/793 410/828/809 409/829/810
f 402/818/796 403/817/795 411/830/811 410/831/812
f 403/817/798 404/819/797 412/832/813 411/830/814
f 404/833/800 405/834/799 413/835/815 412/836/816
f 405/834/802 406/837/801 414/838/817 413/835/818
f 406/824/804 407/823/803 415/839/819 414/840/820
f 407/823/806 408/825/805 416/841/821 415/839/822
f 408/842/808 401/826/807 409/829/823 416/843/824
f 409/829/810 410/828/809 418/844/825 417/845/826
f 410/846/812 411/847/811 419/848/827 418/849/828
f 411/847/814 412/836/813 420/850/829 419/848/830
f 412/836/816 413/835/815 421/851/831 420/850/832
f 413/852/818 414/853/817 422/854/833 421/855/834
f 414/856/820 415/857/819 423/858/835 422/859/836
f 415/857/822 416/843/821 424/860/837 423/858/838
f 416/843/824 409/829/823 417/845/839 424/860/840
f 417/861/826 418/862/825 426/863/841 425/864/842
f 418/849/828 419/848/827 427/865/843 426/866/844
f 419/867/830 420/868/829 428/869/845 427/870/846
f 420/868/832 421/855/831 429/871/847 428/869/848
f 421/855/834 422/854/833 430/872/849 429/871/850
f 422/859/836 423/858/835 431/873/851 430/874/852
f 423/875/838 424/876/837 432/877/853 431/878/854
f 424/876/840 417/861/839 425/864/855 432/877/856
f 425/864/842 426/863/841 434/879/857 433/880/858
f 426/881/844 427/870/843 435/882/859 434/883/860
f 427/870/846 428/869/845 436/884/861 435/882/862
f 428/869/848 429/871/847 437/885/863 436/884/864
f 429/871/850 430/872/849 438/886/865 437/885/866
f 430/887/852 431/878/851 439/888/867 438/889/868
f 431/878/854 432/877/853 440/890/869 439/888/870
f 432/877/856 425/864/855 433/880/871 440/890/872
f 433/891/858 434/892/857 442/893/873 441/894/874
f 434/883/860 435/882/859 443/895/875 442/896/876
f 435/882/862 436/884/861 444/897/877 443/895/878
f 436/898/864 437/899/863 445/900/879 444/901/880
f 437/899/866 438/902/865 446/903/881 445/900/882
f 438/889/868 439/888/867 447/904/883 446/905/884
f 439/888/870 440/890/869 448/906/885 447/904/886
f 440/890/872 433/880/871 441/907/887 448/906/888
f 441/894/874 442/893/873 450/908/889 449/909/889
f 442/910/876 443/911/875 451/912/890 450/913/890
f 443/911/878 444/901/877 452/914/891 451/912/891
f 444/901/880 445/900/879 453/915/892 452/914/892
f 445/900/882 446/903/881 454/916/893 453/915/893
f 446/917/884 447/918/883 455/919/894 454/920/894
f 447/918/886 448/921/885 456/922/895 455/919/895
f 448/921/888 441/894/887 449/909/896 456/922/896
f 1/923/897 8/924/897 7/925/897 6/14/897 5/13/897 4/926/897 3/927/897 2/928/897
f 449/929/898 450/930/898 451/931/898 452/932/898 453/933/898 454/934/898 455/935/898 456/936/898
f 457/937/899 458/938/899 466/939/900 465/940/901
f 458/941/902 459/942/902 467/943/903 466/944/904
f 459/942/905 460/945/905 468/946/906 467/943/907
f 460/945/908 461/947/908 469/948/909 468/946/910
f 461/947/911 462/949/911 470/950/912 469/948/913
f 462/951/914 463/952/914 471/953/915 470/954/916
f 463/952/917 464/955/917 472/956/918 471/953/919
f 464/955/920 457/937/920 465/940/921 472/956/922
f 465/957/901 466/958/900 474/959/923 473/960/924
f 466/944/904 467/943/903 475/961/925 474/962/926
f 467/943/907 468/946/906 476/963/927 475/961/928
f 468/964/910 469/965/909 477/966/929 476/967/930
f 469/965/913 470/968/912 478/969/931 477/966/932
f 470/954/916 471/953/915 479/970/933 478/971/934
f 471/953/919 472/956/918 480/972/935 479/970/936
f 472/956/922 465/940/921 473/973/937 480/972/938
f 473/960/924 474/959/923 482/974/939 481/975/940
f 474/976/926 475/977/925 483/978/941 482/979/942
f 475/977/928 476/967/927 484/980/943 483/978/944
f 476/967/930 477/966/929 485/981/945 484/980/946
f 477/982/932 478/983/931 486/984/947 485/985/948
f 478/986/934 479/987/933 487/988/949 486/989/950
f 479/987/936 480/990/935 488/991/951 487/988/952
f 480/990/938 473/960/937 481/975/953 488/991/954
f 481/992/940 482/993/939 490/994/955 489/995/956
f 482/979/942 483/978/941 491/996/957 490/997/958
f 483/998/944 484/999/943 492/1000/959 491/1001/960
f 484/999/946 485/985/945 493/1002/961 492/1000/962
f 485/985/948 486/984/947 494/1003/963 493/1002/964
f 486/989/950 487/988/949 495/1004/965 494/1005/966
f 487/1006/952 488/1007/951 496/1008/967 495/1009/968
f 488/1007/954 481/992/953 489/995/969 496/1008/970
f 489/995/956 490/994/955 498/1010/971 497/1011/972
f 490/1012/958 491/1001/957 499/1013/973 498/1014/974
f 491/1001/960 492/1000/959 500/1015/975 499/1013/976
f 492/1000/962 493/1002/961 501/1016/977 500/1015/978
f 493/1002/964 494/1003/963 502/1017/979 501/1016/980
f 494/1018/966 495/1009/965 503/1019/981 502/1020/982
f 495/1009/968 496/1008/967 504/1021/983 503/1019/984
f 496/1008/970 489/995/969 497/1011/985 504/1021/986
f 497/1022/972 498/1023/971 506/1024/987 505/1025/988
f 498/1014/974 499/1013/973 507/1026/989 506/1027/990
f 499/1013/976 500/1015/975 508/1028/991 507/1026/992
f 500/1015/978 501/1016/977 509/1029/993 508/1028/994
f 501/1030/980 502/1031/979 510/1032/995 509/1033/996
f 502/1020/982 503/1019/981 511/1034/997 510/1035/998
f 503/1019/984 504/1021/983 512/1036/999 511/1034/1000
f 504/1021/986 497/1011/985 505/1037/1001 512/1036/1002
f 505/1025/988 506/1024/987 514/1038/1003 513/1039/1004
f 506/1040/990 507/1041/989 515/1042/1005 514/1043/1006
f 507/1041/992 508/1044/991 516/1045/1007 515/1042/1008
f 508/1044/994 509/1033/993 517/1046/1009 516/1045/1010
f 509/1033/996 510/1032/995 518/1047/1011 517/1046/1012
f 510/1048/998 511/1049/997 519/1050/1013 518/1051/1014
f 511/1049/1000 512/1052/999 520/1053/1015 519/1050/1016
f 512/1052/1002 505/1025/1001 513/1039/1017 520/1053/1018
f 513/1054/1004 514/1055/1003 522/1056/1019 521/1057/1020
f 514/1043/1006 515/1042/1005 523/1058/1021 522/1059/1022
f 515/1060/1008 516/1061/1007 524/1062/1023 523/1063/1024
f 516/1061/1010 517/1064/1009 525/1065/1025 524/1062/1026
f 517/1064/1012 518/1066/1011 526/1067/1027 525/1065/1028
f 518/1051/1014 519/1050/1013 527/1068/1029 526/1069/1030
f 519/1070/1016 520/1071/1015 528/1072/1031 527/1073/1032
f 520/1071/1018 513/1054/1017 521/1057/1033 528/1072/1034
f 521/1057/1020 522/1056/1019 530/1074/1035 529/1075/1036
f 522/1076/1022 523/1063/1021 531/1077/1037 530/1078/1038
f 523/1063/1024 524/1062/1023 532/1079/1039 531/1077/1040
f 524/1062/1026 525/1065/1025 533/1080/1041 532/1079/1042
f 525/1065/1028 526/1067/1027 534/1081/1043 533/1080/1044
f 526/1082/1030 527/1073/1029 535/1083/1045 534/1084/1046
f 527/1073/1032 528/1072/1031 536/1085/1047 535/1083/1048
f 528/1072/1034 521/1057/1033 529/1075/1049 536/1085/1050
f 529/1086/1036 530/1087/1035 538/1088/1051 537/1089/1052
f 530/1078/1038 531/1077/1037 539/1090/1053 538/1091/1054
f 531/1077/1040 532/1079/1039 540/1092/1055 539/1090/1056
f 532/1079/1042 533/1080/1041 541/1093/1057 540/1092/1058
f 533/1094/1044 534/1095/1043 542/1096/1059 541/1097/1060
f 534/1084/1046 535/1083/1045 543/1098/1061 542/1099/1062
f 535/1083/1048 536/1085/1047 544/1100/1063 543/1098/1064
f 536/1085/1050 529/1075/1049 537/1101/1065 544/1100/1066
f 537/1089/1052 538/1088/1051 546/1102/1067 545/1103/1068
f 538/1091/1054 539/1090/1053 547/1104/1069 546/1105/1070
f 539/1106/1056 540/1107/1055 548/1108/1071 547/1109/1072
f 540/1107/1058 541/1097/1057 549/1110/1073 548/1108/1074
f 541/1097/1060 542/1096/1059 550/1111/1075 549/1110/1076
f 542/1112/1062 543/1113/1061 551/1114/1077 550/1115/1078
f 543/1113/1064 544/1116/1063 552/1117/1079 551/1114/1080
f 544/1116/1066 537/1089/1065 545/1103/1081 552/1117/1082
f 545/1118/1068 546/1119/1067 554/1120/1083 553/1121/1084
f 546/1122/1070 547/1109/1069 555/1123/1085 554/1124/1086
f 547/1109/1072 548/1108/1071 556/1125/1087 555/1123/1088
f 548/1126/1074 549/1127/1073 557/1128/1089 556/1129/1090
f 549/1127/1076 550/1130/1075 558/1131/1091 557/1128/1092
f 550/1115/1078 551/1114/1077 559/1132/1093 558/1133/1094
f 551/1134/1080 552/1135/1079 560/1136/1095 559/1137/1096
f 552/1135/1082 545/1118/1081 553/1121/1097 560/1136/1098
f 553/1121/1084 554/1120/1083 562/1138/1099 561/1139/1100
f 554/1140/1086 555/1141/1085 563/1142/1101 562/1143/1102
f 555/1141/1088 556/1129/1087 564/1144/1103 563/1142/1104
f 556/1129/1090 557/1128/1089 565/1145/1105 564/1144/1106
f 557/1128/1092 558/1131/1091 566/1146/1107 565/1145/1108
f 558/1147/1094 559/1137/1093 567/1148/1109 566/1149/1110
f 559/1137/1096 560/1136/1095 568/1150/1111 567/1148/1112
f 560/1136/1098 553/1121/1097 561/1139/1113 568/1150/1114
f 561/1151/1100 562/1152/1099 570/1153/1115 569/1154/1116
f 562/1143/1102 563/1142/1101 571/1155/1117 570/1156/1118
f 563/1142/1104 564/1144/1103 572/1157/1119 571/1155/1120
f 564/1144/1106 565/1145/1105 573/1158/1121 572/1157/1122
f 565/1159/1108 566/1160/1107 574/1161/1123 573/1162/1124
f 566/1149/1110 567/1148/1109 575/1163/1125 574/1164/1126
f 567/1148/1112 568/1150/1111 576/1165/1127 575/1163/1128
f 568/1150/1114 561/1139/1113 569/1166/1129 576/1165/1130
f 569/1154/1116 570/1153/1115 578/1167/1131 577/1168/1132
f 570/1156/1118 571/1155/1117 579/1169/1133 578/1170/1134
f 571/1171/1120 572/1172/1119 580/1173/1135 579/1174/1136
f 572/1172/1122 573/1162/1121 581/1175/1137 580/1173/1138
f 573/1162/1124 574/1161/1123 582/1176/1139 581/1175/1140
f 574/1177/1126 575/1178/1125 583/1179/1141 582/1180/1142
f 575/1178/1128 576/1181/1127 584/1182/1143 583/1179/1144
f 576/1181/1130 569/1154/1129 577/1168/1145 584/1182/1146
f 577/1183/1132 578/1184/1131 586/1185/1147 585/1186/1148
f 578/1187/1134 579/1174/1133 587/1188/1149 586/1189/1150
f 579/1174/1136 580/1173/1135 588/1190/1151 587/1188/1152
f 580/1191/1138 581/1192/1137 589/1193/1153 588/1194/1154
f 581/1192/1140 582/1195/1139 590/1196/1155 589/1193/1156
f 582/1180/1142 583/1179/1141 591/1197/1157 590/1198/1158
f 583/1199/1144 584/1200/1143 592/1201/1159 591/1202/1160
f 584/1200/1146 577/1183/1145 585/1186/1161 592/1201/1162
f 585/1186/1148 586/1185/1147 594/1203/1163 593/1204/1164
f 586/1205/1150 587/1206/1149 595/1207/1165 594/1208/1166
f 587/1206/1152 588/1194/1151 596/1209/1167 595/1207/1168
f 588/1194/1154 589/1193/1153 597/1210/1169 596/1209/1170
f 589/1193/1156 590/1196/1155 598/1211/1171 597/1210/1172
f 590/1212/1158 591/1202/1157 599/1213/1173 598/1214/1174
f 591/1202/1160 592/1201/1159 600/1215/1175 599/1213/1176
f 592/1201/1162 585/1186/1161 593/1204/1177 600/1215/1178
f 593/1216/1164 594/1217/1163 602/1218/1179 601/1219/1180
f 594/1208/1166 595/1207/1165 603/1220/1181 602/1221/1182
f 595/1207/1168 596/1209/1167 604/1222/1183 603/1220/1184
f 596/1209/1170 597/1210/1169 605/1223/1185 604/1222/1186
f 597/1224/1172 598/1225/1171 606/1226/1187 605/1227/1188
f 598/1214/1174 599/1213/1173 607/1228/1189 606/1229/1190
f 599/1213/1176 600/1215/1175 608/1230/1191 607/1228/1192
f 600/1215/1178 593/1204/1177 601/1231/1193 608/1230/1194
f 601/1219/1180 602/1218/1179 610/1232/1195 609/1233/1196
f 602/1221/1182 603/1220/1181 611/1234/1197 610/1235/1198
f 603/1236/1184 604/1237/1183 612/1238/1199 611/1239/1200
f 604/1237/1186 605/1227/1185 613/1240/1201 612/1238/1202
f 605/1227/1188 606/1226/1187 614/1241/1203 613/1240/1204
f 606/1229/1190 607/1228/1189 615/1242/1205 614/1243/1206
f 607/1244/1192 608/1245/1191 616/1246/1207 615/1247/1208
f 608/1245/1194 601/1219/1193 609/1233/1209 616/1246/1210
f 609/1248/1196 610/1249/1195 618/1250/1211 617/1251/1212
f 610/1252/1198 611/1239/1197 619/1253/1213 618/1254/1214
f 611/1239/1200 612/1238/1199 620/1255/1215 619/1253/1216
f 612/1256/1202 613/1257/1201 621/1258/1217 620/1259/1218
f 613/1257/1204 614/1260/1203 622/1261/1219 621/1258/1220
f 614/1262/1206 615/1247/1205 623/1263/1221 622/1264/1222
f 615/1247/1208 616/1246/1207 624/1265/1223 623/1263/1224
f 616/1266/1210 609/1248/1209 617/1251/1225 624/1267/1226
f 617/1251/1212 618/1250/1211 626/1268/1227 625/1269/1228
f 618/1254/1214 619/1253/1213 627/1270/1229 626/1271/1230
f 619/1272/1216 620/1259/1215 628/1273/1231 627/1274/1232
f 620/1259/1218 621/1258/1217 629/1275/1233 628/1273/1234
f 621/1258/1220 622/1261/1219 630/1276/1235 629/1275/1236
f 622/1277/1222 623/1278/1221 631/1279/1237 630/1280/1238
f 623/1278/1224 624/1267/1223 632/1281/1239 631/1279/1240
f 624/1267/1226 617/1251/1225 625/1269/1241 632/1281/1242
f 625/1282/1228 626/1283/1227 634/1284/1243 633/1285/1244
f 626/1286/1230 627/1274/1229 635/1287/1245 634/1288/1246
f 627/1274/1232 628/1273/1231 636/1289/1247 635/1287/1248
f 628/1273/1234 629/1275/1233 637/1290/1249 636/1289/1250
f 629/1291/1236 630/1292/1235 638/1293/1251 637/1294/1252
f 630/1280/1238 631/1279/1237 639/1295/1253 638/1296/1254
f 631/1279/1240 632/1281/1239 640/1297/1255 639/1295/1256
f 632/1281/1242 625/1269/1241 633/1298/1257 640/1297/1258
f 633/1285/1244 634/1284/1243 642/1299/1259 641/1300/1260
f 634/1288/1246 635/1287/1245 643/1301/1261 642/1302/1262
f 635/1303/1248 636/1304/1247 644/1305/1263 643/1306/1264
f 636/1304/1250 637/1294/1249 645/1307/1265 644/1305/1266
f 637/1294/1252 638/1293/1251 646/1308/1267 645/1307/1268
f 638/1296/1254 639/1295/1253 647/1309/1269 646/1310/1270
f 639/1311/1256 640/1312/1255 648/1313/1271 647/1314/1272
f 640/1312/1258 633/1285/1257 641/1300/1273 648/1313/1274
f 641/1315/1260 642/1316/1259 650/1317/1275 649/1318/1276
f 642/1319/1262 643/1306/1261 651/1320/1277 650/1321/1278
f 643/1306/1264 644/1305/1263 652/1322/1279 651/1320/1280
f 644/1323/1266 645/1324/1265 653/1325/1281 652/1326/1282
f 645/1324/1268 646/1327/1267 654/1328/1283 653/1325/1284
f 646/1329/1270 647/1314/1269 655/1330/1285 654/1331/1286
f 647/1314/1272 648/1313/1271 656/1332/1287 655/1330/1288
f 648/1313/1274 641/1300/1273 649/1333/1289 656/1332/1290
f 649/1318/1276 650/1317/1275 658/1334/1291 657/1335/1292
f 650/1321/1278 651/1320/1277 659/1336/1293 658/1337/1294
f 651/1338/1280 652/1326/1279 660/1339/1295 659/1340/1296
f 652/1326/1282 653/1325/1281 661/1341/1297 660/1339/1298
f 653/1325/1284 654/1328/1283 662/1342/1299 661/1341/1300
f 654/1343/1286 655/1344/1285 663/1345/1301 662/1346/1302
f 655/1344/1288 656/1347/1287 664/1348/1303 663/1345/1304
f 656/1347/1290 649/1318/1289 657/1335/1305 664/1348/1306
f 657/1349/1292 658/1350/1291 666/1351/1307 665/1352/1308
f 658/1353/1294 659/1340/1293 667/1354/1309 666/1355/1310
f 659/1340/1296 660/1339/1295 668/1356/1311 667/1354/1312
f 660/1339/1298 661/1341/1297 669/1357/1313 668/1356/1314
f 661/1358/1300 662/1359/1299 670/1360/1315 669/1361/1316
f 662/1346/1302 663/1345/1301 671/1362/1317 670/1363/1318
f 663/1345/1304 664/1348/1303 672/1364/1319 671/1362/1320
f 664/1348/1306 657/1335/1305 665/1365/1321 672/1364/1322
f 665/1352/1308 666/1351/1307 674/1366/1323 673/1367/1324
f 666/1355/1310 667/1354/1309 675/1368/1325 674/1369/1326
f 667/1354/1312 668/1356/1311 676/1370/1327 675/1368/1328
f 668/1371/1314 669/1361/1313 677/1372/1329 676/1373/1330
f 669/1361/1316 670/1360/1315 678/1374/1331 677/1372/1332
f 670/1363/1318 671/1362/1317 679/1375/1333 678/1376/1334
f 671/1377/1320 672/1378/1319 680/1379/1335 679/1380/1336
f 672/1378/1322 665/1352/1321 673/1367/1337 680/1379/1338
f 673/1381/1324 674/1382/1323 682/1383/1339 681/1384/1340
f 674/1385/1326 675/1386/1325 683/1387/1341 682/1388/1342
f 675/1386/1328 676/1389/1327 684/1390/1343 683/1387/1344
f 676/1391/1330 677/1392/1329 685/1393/1345 684/1394/1346
f 677/1392/1332 678/1395/1331 686/1396/1347 685/1393/1348
f 678/1397/1334 679/1380/1333 687/1398/1349 686/1399/1350
f 679/1380/1336 680/1379/1335 688/1400/1351 687/1398/1352
f 680/1379/1338 673/1367/1337 681/1401/1353 688/1400/1354
f 681/1384/1340 682/1383/1339 690/1402/1355 689/1403/1356
f 682/1388/1342 683/1387/1341 691/1404/1357 690/1405/1358
f 683/1406/1344 684/1394/1343 692/1407/1359 691/1408/1360
f 684/1394/1346 685/1393/1345 693/1409/1361 692/1407/1362
f 685/1393/1348 686/1396/1347 694/1410/1363 693/1409/1364
f 686/1399/1350 687/1398/1349 695/1411/1365 694/1412/1366
f 687/1413/1352 688/1414/1351 696/1415/1367 695/1416/1368
f 688/1414/1354 681/1384/1353 689/1403/1369 696/1415/1370
f 689/1403/1356 690/1402/1355 698/1417/1371 697/1418/1372
f 690/1419/1358 691/1408/1357 699/1420/1373 698/1421/1374
f 691/1408/1360 692/1407/1359 700/1422/1375 699/1420/1376
f 692/1407/1362 693/1409/1361 701/1423/1377 700/1422/1378
f 693/1424/1364 694/1425/1363 702/1426/1379 701/1427/1380
f 694/1428/1366 695/1416/1365 703/1429/1381 702/1430/1382
f 695/1416/1368 696/1415/1367 704/1431/1383 703/1429/1384
f 696/1415/1370 689/1403/1369 697/1418/1385 704/1431/1386
f 697/1432/1372 698/1433/1371 706/1434/1387 705/1435/1388
f 698/1421/1374 699/1420/1373 707/1436/1389 706/1437/1390
f 699/1420/1376 700/1422/1375 708/1438/1391 707/1436/1392
f 700/1439/1378 701/1427/1377 709/1440/1393 708/1441/1394
f 701/1427/1380 702/1426/1379 710/1442/1395 709/1440/1396
f 702/1430/1382 703/1429/1381 711/1443/1397 710/1444/1398
f 703/1429/1384 704/1431/1383 712/1445/1399 711/1443/1400
f 704/1446/1386 697/1432/1385 705/1435/1401 712/1447/1402
f 705/1448/1388 706/1449/1387 714/1450/1403 713/1451/1404
f 706/1452/1390 707/1453/1389 715/1454/1405 714/1455/1406
f 707/1453/1392 708/1441/1391 716/1456/1407 715/1454/1408
f 708/1441/1394 709/1440/1393 717/1457/1409 716/1456/1410
f 709/1458/1396 710/1459/1395 718/1460/1411 717/1461/1412
f 710/1462/1398 711/1463/1397 719/1464/1413 718/1465/1414
f 711/1463/1400 712/1447/1399 720/1466/1415 719/1464/1416
f 712/1447/1402 705/1435/1401 713/1467/1417 720/1466/1418
f 713/1451/1404 714/1450/1403 722/1468/1419 721/1469/1420
f 714/1455/1406 715/1454/1405 723/1470/1421 722/1471/1422
f 715/1472/1408 716/1473/1407 724/1474/1423 723/1475/1424
f 716/1473/1410 717/1461/1409 725/1476/1425 724/1474/1426
f 717/1461/1412 718/1460/1411 726/1477/1427 725/1476/1428
f 718/1465/1414 719/1464/1413 727/1478/1429 726/1479/1430
f 719/1480/1416 720/1481/1415 728/1482/1431 727/1483/1432
f 720/1481/1418 713/1451/1417 721/1469/1433 728/1482/1434
f 721/1469/1420 722/1468/1419 730/1484/1435 729/1485/1436
f 722/1486/1422 723/1475/1421 731/1487/1437 730/1488/1438
f 723/1475/1424 724/1474/1423 732/1489/1439 731/1487/1440
f 724/1474/1426 725/1476/1425 733/1490/1441 732/1489/1442
f 725/1476/1428 726/1477/1427 734/1491/1443 733/1490/1444
f 726/1492/1430 727/1483/1429 735/1493/1445 734/1494/1446
f 727/1483/1432 728/1482/1431 736/1495/1447 735/1493/1448
f 728/1482/1434 721/1469/1433 729/1485/1449 736/1495/1450
f 729/1496/1436 730/1497/1435 738/1498/1451 737/1499/1452
f 730/1488/1438 731/1487/1437 739/1500/1453 738/1501/1454
f 731/1487/1440 732/1489/1439 740/1502/1455 739/1500/1456
f 732/1503/1442 733/1504/1441 741/1505/1457 740/1506/1458
f 733/1504/1444 734/1507/1443 742/1508/1459 741/1505/1460
f 734/1494/1446 735/1493/1445 743/1509/1461 742/1510/1462
f 735/1493/1448 736/1495/1447 744/1511/1463 743/1509/1464
f 736/1512/1450 729/1496/1449 737/1499/1465 744/1513/1466
f 737/1499/1452 738/1498/1451 746/1514/1467 745/1515/1468
f 738/1516/1454 739/1517/1453 747/1518/1469 746/1519/1470
f 739/1517/1456 740/1506/1455 748/1520/1471 747/1518/1472
f 740/1506/1458 741/1505/1457 749/1521/1473 748/1520/1474
f 741/1522/1460 742/1523/1459 750/1524/1475 749/1525/1476
f 742/1526/1462 743/1527/1461 751/1528/1477 750/1529/1478
f 743/1527/1464 744/1513/1463 752/1530/1479 751/1528/1480
f 744/1513/1466 737/1499/1465 745/1515/1481 752/1530/1482
f 745/1531/1468 746/1532/1467 754/1533/1483 753/1534/1484
f 746/1519/1470 747/1518/1469 755/1535/1485 754/1536/1486
f 747/1537/1472 748/1538/1471 756/1539/1487 755/1540/1488
f 748/1538/1474 749/1525/1473 757/1541/1489 756/1539/1490
f 749/1525/1476 750/1524/1475 758/1542/1491 757/1541/1492
f 750/1529/1478 751/1528/1477 759/1543/1493 758/1544/1494
f 751/1545/1480 752/1546/1479 760/1547/1495 759/1548/1496
f 752/1546/1482 745/1531/1481 753/1534/1497 760/1547/1498
f 753/1534/1484 754/1533/1483 762/1549/1499 761/1550/1500
f 754/1551/1486 755/1540/1485 763/1552/1501 762/1553/1502
f 755/1540/1488 756/1539/1487 764/1554/1503 763/1552/1504
f 756/1539/1490 757/1541/1489 765/1555/1505 764/1554/1506
f 757/1541/1492 758/1542/1491 766/1556/1507 765/1555/1508
f 758/1557/1494 759/1548/1493 767/1558/1509 766/1559/1510
f 759/1548/1496 760/1547/1495 768/1560/1511 767/1558/1512
f 760/1547/1498 753/1534/1497 761/1550/1513 768/1560/1514
f 761/1561/1500 762/1562/1499 770/1563/1515 769/1564/1516
f 762/1553/1502 763/1552/1501 771/1565/1517 770/1566/1518
f 763/1552/1504 764/1554/1503 772/1567/1519 771/1565/1520
f 764/1568/1506 765/1569/1505 773/1570/1521 772/1571/1522
f 765/1569/1508 766/1572/1507 774/1573/1523 773/1570/1524
f 766/1559/1510 767/1558/1509 775/1574/1525 774/1575/1526
f 767/1558/1512 768/1560/1511 776/1576/1527 775/1574/1528
f 768/1560/1514 761/1550/1513 769/1577/1529 776/1576/1530
f 769/1564/1516 770/1563/1515 778/1578/1531 777/1579/1532
f 770/1580/1518 771/1581/1517 779/1582/1533 778/1583/1534
f 771/1581/1520 772/1571/1519 780/1584/1535 779/1582/1536
f 772/1571/1522 773/1570/1521 781/1585/1537 780/1584/1538
f 773/1586/1524 774/1587/1523 782/1588/1539 781/1589/1540
f 774/1590/1526 775/1591/1525 783/1592/1541 782/1593/1542
f 775/1591/1528 776/1594/1527 784/1595/1543 783/1592/1544
f 776/1594/1530 769/1564/1529 777/1579/1545 784/1595/1546
f 777/1596/1532 778/1597/1531 786/1598/1547 785/1599/1548
f 778/1583/1534 779/1582/1533 787/1600/1549 786/1601/1550
f 779/1602/1536 780/1603/1535 788/1604/1551 787/1605/1552
f 780/1603/1538 781/1589/1537 789/1606/1553 788/1604/1554
f 781/1589/1540 782/1588/1539 790/1607/1555 789/1606/1556
f 782/1593/1542 783/1592/1541 791/1608/1557 790/1609/1558
f 783/1610/1544 784/1611/1543 792/1612/1559 791/1613/1560
f 784/1611/1546 777/1596/1545 785/1599/1561 792/1612/1562
f 785/1599/1548 786/1598/1547 794/1614/1563 793/1615/1564
f 786/1616/1550 787/1605/1549 795/1617/1565 794/1618/1566
f 787/1605/1552 788/1604/1551 796/1619/1567 795/1617/1568
f 788/1604/1554 789/1606/1553 797/1620/1569 796/1619/1570
f 789/1606/1556 790/1607/1555 798/1621/1571 797/1620/1572
f 790/1622/1558 791/1613/1557 799/1623/1573 798/1624/1574
f 791/1613/1560 792/1612/1559 800/1625/1575 799/1623/1576
f 792/1612/1562 785/1599/1561 793/1615/1577 800/1625/1578
f 793/1626/1564 794/1627/1563 802/1628/1579 801/1629/1580
f 794/1618/1566 795/1617/1565 803/1630/1581 802/1631/1582
f 795/1617/1568 796/1619/1567 804/1632/1583 803/1630/1584
f 796/1633/1570 797/1634/1569 805/1635/1585 804/1636/1586
f 797/1634/1572 798/1637/1571 806/1638/1587 805/1635/1588
f 798/1624/1574 799/1623/1573 807/1639/1589 806/1640/1590
f 799/1623/1576 800/1625/1575 808/1641/1591 807/1639/1592
f 800/1625/1578 793/1615/1577 801/1642/1593 808/1641/1594
f 801/1629/1580 802/1628/1579 810/1643/1595 809/1644/1596
f 802/1645/1582 803/1646/1581 811/1647/1597 810/1648/1598
f 803/1646/1584 804/1636/1583 812/1649/1599 811/1647/1600
f 804/1636/1586 805/1635/1585 813/1650/1601 812/1649/1602
f 805/1651/1588 806/1652/1587 814/1653/1603 813/1654/1604
f 806/1655/1590 807/1656/1589 815/1657/1605 814/1658/1606
f 807/1656/1592 808/1659/1591 816/1660/1607 815/1657/1608
f 808/1659/1594 801/1629/1593 809/1644/1609 816/1660/1610
f 809/1661/1596 810/1662/1595 818/1663/1611 817/1664/1612
f 810/1648/1598 811/1647/1597 819/1665/1613 818/1666/1614
f 811/1667/1600 812/1668/1599 820/1669/1615 819/1670/1616
f 812/1668/1602 813/1654/1601 821/1671/1617 820/1669/1618
f 813/1654/1604 814/1653/1603 822/1672/1619 821/1671/1620
f 814/1658/1606 815/1657/1605 823/1673/1621 822/1674/1622
f 815/1675/1608 816/1676/1607 824/1677/1623 823/1678/1624
f 816/1676/1610 809/1661/1609 817/1664/1625 824/1677/1626
f 817/1664/1612 818/1663/1611 826/1679/1627 825/1680/1628
f 818/1681/1614 819/1670/1613 827/1682/1629 826/1683/1630
f 819/1670/1616 820/1669/1615 828/1684/1631 827/1682/1632
f 820/1669/1618 821/1671/1617 829/1685/1633 828/1684/1634
f 821/1671/1620 822/1672/1619 830/1686/1635 829/1685/1636
f 822/1687/1622 823/1678/1621 831/1688/1637 830/1689/1638
f 823/1678/1624 824/1677/1623 832/1690/1639 831/1688/1640
f 824/1677/1626 817/1664/1625 825/1680/1641 832/1690/1642
f 825/1691/1628 826/1692/1627 834/1693/1643 833/1694/1644
f 826/1683/1630 827/1682/1629 835/1695/1645 834/1696/1646
f 827/1682/1632 828/1684/1631 836/1697/1647 835/1695/1648
f 828/1684/1634 829/1685/1633 837/1698/1649 836/1697/1650
f 829/1699/1636 830/1700/1635 838/1701/1651 837/1702/1652
f 830/1689/1638 831/1688/1637 839/1703/1653 838/1704/1654
f 831/1688/1640 832/1690/1639 840/1705/1655 839/1703/1656
f 832/1690/1642 825/1680/1641 833/1706/1657 840/1705/1658
f 833/1694/1644 834/1693/1643 842/1707/1659 841/1708/1660
f 834/1709/1646 835/1710/1645 843/1711/1661 842/1712/1662
f 835/1710/1648 836/1713/1647 844/1714/1663 843/1711/1664
f 836/1713/1650 837/1702/1649 845/1715/1665 844/1714/1666
f 837/1702/1652 838/1701/1651 846/1716/1667 845/1715/1668
f 838/1717/1654 839/1718/1653 847/1719/1669 846/1720/1670
f 839/1718/1656 840/1721/1655 848/1722/1671 847/1719/1672
f 840/1721/1658 833/1694/1657 841/1708/1673 848/1722/1674
f 841/1723/1660 842/1724/1659 850/1725/1675 849/1726/1676
f 842/1712/1662 843/1711/1661 851/1727/1677 850/1728/1678
f 843/1729/1664 844/1730/1663 852/1731/1679 851/1732/1680
f 844/1730/1666 845/1733/1665 853/1734/1681 852/1731/1682
f 845/1733/1668 846/1735/1667 854/1736/1683 853/1734/1684
f 846/1720/1670 847/1719/1669 855/1737/1685 854/1738/1686
f 847/1739/1672 848/1740/1671 856/1741/1687 855/1742/1688
f 848/1740/1674 841/1723/1673 849/1726/1689 856/1741/1690
f 849/1726/1676 850/1725/1675 858/1743/1691 857/1744/1692
f 850/1745/1678 851/1732/1677 859/1746/1693 858/1747/1694
f 851/1732/1680 852/1731/1679 860/1748/1695 859/1746/1696
f 852/1731/1682 853/1734/1681 861/1749/1697 860/1748/1698
f 853/1734/1684 854/1736/1683 862/1750/1699 861/1749/1700
f 854/1751/1686 855/1742/1685 863/1752/1701 862/1753/1702
f 855/1742/1688 856/1741/1687 864/1754/1703 863/1752/1704
f 856/1741/1690 849/1726/1689 857/1744/1705 864/1754/1706
f 857/1755/1692 858/1756/1691 866/1757/1707 865/1758/1708
f 858/1747/1694 859/1746/1693 867/1759/1709 866/1760/1710
f 859/1746/1696 860/1748/1695 868/1761/1711 867/1759/1712
f 860/1748/1698 861/1749/1697 869/1762/1713 868/1761/1714
f 861/1763/1700 862/1764/1699 870/1765/1715 869/1766/1716
f 862/1753/1702 863/1752/1701 871/1767/1717 870/1768/1718
f 863/1752/1704 864/1754/1703 872/1769/1719 871/1767/1720
f 864/1754/1706 857/1744/1705 865/1770/1721 872/1769/1722
f 865/1758/1708 866/1757/1707 874/1771/1723 873/1772/1724
f 866/1760/1710 867/1759/1709 875/1773/1725 874/1774/1726
f 867/1775/1712 868/1776/1711 876/1777/1727 875/1778/1728
f 868/1776/1714 869/1766/1713 877/1779/1729 876/1777/1730
f 869/1766/1716 870/1765/1715 878/1780/1731 877/1779/1732
f 870/1781/1718 871/1782/1717 879/1783/1733 878/1784/1734
f 871/1782/1720 872/1785/1719 880/1786/1735 879/1783/1736
f 872/1785/1722 865/1758/1721 873/1772/1737 880/1786/1738
f 873/1787/1724 874/1788/1723 882/1789/1739 881/1790/1740
f 874/1791/1726 875/1778/1725 883/1792/1741 882/1793/1742
f 875/1778/1728 876/1777/1727 884/1794/1743 883/1792/1744
f 876/1795/1730 877/1796/1729 885/1797/1745 884/1798/1746
f 877/1796/1732 878/1799/1731 886/1800/1747 885/1797/1748
f 878/1784/1734 879/1783/1733 887/1801/1749 886/1802/1750
f 879/1803/1736 880/1804/1735 888/1805/1751 887/1806/1752
f 880/1804/1738 873/1787/1737 881/1790/1753 888/1805/1754
f 881/1790/1740 882/1789/1739 890/1807/1755 889/1808/1756
f 882/1809/1742 883/1810/1741 891/1811/1757 890/1812/1758
f 883/1810/1744 884/1798/1743 892/1813/1759 891/1811/1760
f 884/1798/1746 885/1797/1745 893/1814/1761 892/1813/1762
f 885/1797/1748 886/1800/1747 894/1815/1763 893/1814/1764
f 886/1816/1750 887/1806/1749 895/1817/1765 894/1818/1766
f 887/1806/1752 888/1805/1751 896/1819/1767 895/1817/1768
f 888/1805/1754 881/1790/1753 889/1808/1769 896/1819/1770
f 889/1820/1756 890/1821/1755 898/1822/1771 897/1823/1772
f 890/1812/1758 891/1811/1757 899/1824/1773 898/1825/1774
f 891/1811/1760 892/1813/1759 900/1826/1775 899/1824/1776
f 892/1813/1762 893/1814/1761 901/1827/1777 900/1826/1778
f 893/1828/1764 894/1829/1763 902/1830/1779 901/1831/1780
f 894/1818/1766 895/1817/1765 903/1832/1781 902/1833/1782
f 895/1817/1768 896/1819/1767 904/1834/1783 903/1832/1784
f 896/1819/1770 889/1808/1769 897/1835/1785 904/1834/1786
f 897/1823/1772 898/1822/1771 906/1836/1787 905/1837/1787
f 898/1825/1774 899/1824/1773 907/1838/1788 906/1839/1788
f 899/1840/1776 900/1841/1775 908/1842/1789 907/1843/1789
f 900/1841/1778 901/1831/1777 909/1844/1790 908/1842/1790
f 901/1831/1780 902/1830/1779 910/1845/1791 909/1844/1791
f 902/1846/1782 903/1847/1781 911/1848/1792 910/1849/1792
f 903/1847/1784 904/1850/1783 912/1851/1793 911/1848/1793
f 904/1850/1786 897/1823/1785 905/1837/1794 912/1851/1794
f 457/1852/1795 464/1853/1795 463/1854/1795 462/1855/1795 461/1856/1795 460/1857/1795 459/1858/1795 458/1859/1795
f 905/1860/1796 906/1861/1796 907/1862/1796 908/1863/1796 909/1864/1796 910/1865/1796 911/1866/1796 912/1867/1796
