# This file uses centimeters as units for non-parametric coordinates.

mtllib diana bridge.mtl
g default
v 3.868674 -0.203297 0.196526
v 8.836052 -0.203297 0.196526
v 3.868674 -0.203297 -0.196532
v 8.836052 -0.203297 -0.196532
v 3.696778 -0.203297 0.330263
v 3.696778 -0.203297 -0.330269
v 9.007944 -0.203297 0.330263
v 9.007944 -0.203297 -0.330269
v 3.696778 -0.034648 0.330263
v 3.696778 -0.034648 -0.330269
v 9.007944 -0.034648 0.330263
v 9.007944 -0.034648 -0.330269
v 3.696778 -0.034648 0.427347
v 9.007944 -0.034648 0.427347
v 3.696778 -0.034648 -0.427353
v 9.007944 -0.034648 -0.427353
v 4.068082 -0.203287 0.196526
v 4.411134 -0.203285 0.196526
v 4.655397 -0.203285 0.196526
v 4.979309 -0.203285 0.196526
v 5.394169 -0.203282 0.196526
v 5.696556 -0.203280 0.196526
v 6.206670 -0.203280 0.196526
v 6.498056 -0.203280 0.196526
v 7.008167 -0.203280 0.196526
v 7.310554 -0.203282 0.196526
v 7.725410 -0.203285 0.196526
v 8.049327 -0.203285 0.196526
v 8.293588 -0.203285 0.196526
v 8.636635 -0.203287 0.196526
v 4.411134 -0.203285 -0.196532
v 4.068082 -0.203287 -0.196532
v 4.979309 -0.203285 -0.196532
v 4.655397 -0.203285 -0.196532
v 5.696556 -0.203280 -0.196532
v 5.394169 -0.203282 -0.196532
v 6.498056 -0.203280 -0.196532
v 6.206670 -0.203280 -0.196532
v 7.310554 -0.203282 -0.196532
v 7.008167 -0.203280 -0.196532
v 8.049327 -0.203285 -0.196532
v 7.725410 -0.203285 -0.196532
v 8.636635 -0.203287 -0.196532
v 8.293588 -0.203285 -0.196532
v 3.947694 -0.203293 0.291407
v 4.239080 -0.203285 0.369119
v 4.239080 -0.203285 -0.369125
v 3.947694 -0.203293 -0.291412
v 4.565425 -0.203285 0.300355
v 4.856814 -0.203285 0.360171
v 4.856814 -0.203285 -0.360176
v 4.565425 -0.203285 -0.300361
v 5.343808 -0.203282 0.313651
v 5.635197 -0.203280 0.346875
v 5.635197 -0.203280 -0.346880
v 5.343808 -0.203282 -0.313657
v 6.206670 -0.203280 0.330263
v 6.498056 -0.203280 0.330263
v 6.498056 -0.203280 -0.330269
v 6.206670 -0.203280 -0.330269
v 7.069523 -0.203280 0.346874
v 7.360908 -0.203282 0.313652
v 7.360908 -0.203282 -0.313658
v 7.069523 -0.203280 -0.346880
v 7.847911 -0.203285 0.360171
v 8.139297 -0.203285 0.300355
v 8.139297 -0.203285 -0.300361
v 7.847911 -0.203285 -0.360176
v 8.465643 -0.203285 0.369119
v 8.757028 -0.203293 0.291407
v 8.757028 -0.203293 -0.291413
v 8.465643 -0.203285 -0.369124
v 4.239080 -0.034646 0.330263
v 3.947694 -0.034648 0.330263
v 3.947694 -0.034648 -0.330269
v 4.239080 -0.034646 -0.330269
v 4.856814 -0.034640 0.330263
v 4.565425 -0.034642 0.330263
v 4.565425 -0.034642 -0.330269
v 4.856814 -0.034640 -0.330269
v 5.635197 -0.034637 0.330263
v 5.343808 -0.034638 0.330263
v 5.343808 -0.034638 -0.330269
v 5.635197 -0.034637 -0.330269
v 6.498056 -0.034630 0.330263
v 6.206670 -0.034630 0.330263
v 6.206670 -0.034630 -0.330269
v 6.498056 -0.034630 -0.330269
v 7.360908 -0.034638 0.330263
v 7.069523 -0.034637 0.330263
v 7.069523 -0.034637 -0.330269
v 7.360908 -0.034638 -0.330269
v 8.139297 -0.034642 0.330263
v 7.847911 -0.034640 0.330263
v 7.847911 -0.034640 -0.330269
v 8.139297 -0.034642 -0.330269
v 8.757028 -0.034648 0.330263
v 8.465643 -0.034646 0.330263
v 8.465643 -0.034646 -0.330269
v 8.757028 -0.034648 -0.330269
v 3.947694 -0.034648 0.427347
v 4.239080 -0.034646 0.427347
v 4.565425 -0.034642 0.427347
v 4.856814 -0.034640 0.427347
v 5.343808 -0.034638 0.427347
v 5.635197 -0.034637 0.427347
v 6.206670 -0.034630 0.427347
v 6.498056 -0.034630 0.427347
v 7.069523 -0.034637 0.427347
v 7.360908 -0.034638 0.427347
v 7.847911 -0.034640 0.427347
v 8.139297 -0.034642 0.427347
v 8.465643 -0.034646 0.427347
v 8.757028 -0.034648 0.427347
v 4.239080 -0.034646 -0.427353
v 3.947694 -0.034648 -0.427353
v 4.856814 -0.034640 -0.427353
v 4.565425 -0.034642 -0.427353
v 5.635197 -0.034637 -0.427353
v 5.343808 -0.034638 -0.427353
v 6.498056 -0.034630 -0.427353
v 6.206670 -0.034630 -0.427353
v 7.360908 -0.034638 -0.427353
v 7.069523 -0.034637 -0.427353
v 8.139297 -0.034642 -0.427353
v 7.847911 -0.034640 -0.427353
v 8.757028 -0.034648 -0.427353
v 8.465643 -0.034646 -0.427353
v 3.696778 0.531945 0.354532
v 3.696778 0.499484 0.330263
v 3.696778 0.531945 0.403078
v 3.696778 0.499484 0.427347
v 9.007944 0.531945 0.354532
v 9.007944 0.531945 0.403078
v 3.947694 0.531949 0.354532
v 3.947694 0.499489 0.330263
v 4.239080 0.499493 0.330263
v 4.239080 0.531953 0.354532
v 4.565425 0.531956 0.354532
v 4.565425 0.499501 0.330263
v 4.856814 0.499501 0.330263
v 4.856814 0.531958 0.354532
v 5.343808 0.531959 0.354532
v 5.343808 0.499501 0.330263
v 5.635197 0.499501 0.330263
v 5.635197 0.531961 0.354532
v 6.206670 0.531962 0.354532
v 6.206670 0.499502 0.330263
v 6.498056 0.499502 0.330263
v 6.498056 0.531962 0.354532
v 7.069523 0.531961 0.354532
v 7.069523 0.499501 0.330263
v 7.360908 0.499501 0.330263
v 7.360908 0.531959 0.354532
v 7.847911 0.531958 0.354532
v 7.847911 0.499501 0.330263
v 8.139297 0.499501 0.330263
v 8.139297 0.531956 0.354532
v 8.465643 0.531953 0.354532
v 8.465643 0.499493 0.330263
v 8.757028 0.531949 0.354532
v 3.947694 0.499489 0.427347
v 3.947694 0.531949 0.403078
v 4.239080 0.531953 0.403078
v 4.239080 0.499493 0.427347
v 4.565425 0.499501 0.427347
v 4.565425 0.531956 0.403078
v 4.856814 0.531958 0.403078
v 4.856814 0.499501 0.427347
v 5.343808 0.499501 0.427347
v 5.343808 0.531959 0.403078
v 5.635197 0.531961 0.403078
v 5.635197 0.499501 0.427347
v 6.206670 0.499502 0.427347
v 6.206670 0.531962 0.403078
v 6.498056 0.531962 0.403078
v 7.069523 0.531961 0.403078
v 7.360908 0.531959 0.403078
v 7.360908 0.499501 0.427347
v 7.847911 0.499501 0.427347
v 7.847911 0.531958 0.403078
v 8.139297 0.531956 0.403078
v 8.139297 0.499501 0.427347
v 8.465643 0.499493 0.427347
v 8.465643 0.531953 0.403078
v 8.757028 0.531949 0.403078
v 3.696778 0.536577 -0.354537
v 3.696778 0.504120 -0.330269
v 3.696778 0.504120 -0.427353
v 3.696778 0.536577 -0.403084
v 9.007944 0.504120 -0.330269
v 9.007944 0.536577 -0.354537
v 9.007944 0.536577 -0.403084
v 9.007944 0.504120 -0.427353
v 4.239080 0.536584 -0.354537
v 4.239080 0.504124 -0.330269
v 3.947694 0.504121 -0.330269
v 3.947694 0.536581 -0.354537
v 4.239080 0.504124 -0.427353
v 4.239080 0.536584 -0.403084
v 3.947694 0.536581 -0.403084
v 3.947694 0.504121 -0.427353
v 4.856814 0.536590 -0.354537
v 4.856814 0.504130 -0.330269
v 4.565425 0.504127 -0.330269
v 4.565425 0.536587 -0.354537
v 4.856814 0.504130 -0.427353
v 4.856814 0.536590 -0.403084
v 4.565425 0.536587 -0.403084
v 4.565425 0.504127 -0.427353
v 5.635197 0.536593 -0.354537
v 5.635197 0.504133 -0.330269
v 5.343808 0.504132 -0.330269
v 5.343808 0.536591 -0.354537
v 5.635197 0.504133 -0.427353
v 5.635197 0.536593 -0.403084
v 5.343808 0.536591 -0.403084
v 5.343808 0.504132 -0.427353
v 6.498056 0.536600 -0.354537
v 6.498056 0.504134 -0.330269
v 6.206670 0.504134 -0.330269
v 6.206670 0.536600 -0.354537
v 6.498056 0.504134 -0.427353
v 6.498056 0.536600 -0.403084
v 6.206670 0.536600 -0.403084
v 6.206670 0.504134 -0.427353
v 7.360908 0.536591 -0.354537
v 7.360908 0.504132 -0.330269
v 7.069523 0.504133 -0.330269
v 7.069523 0.536593 -0.354537
v 7.360908 0.504132 -0.427353
v 7.360908 0.536591 -0.403084
v 7.069523 0.536593 -0.403084
v 7.069523 0.504133 -0.427353
v 8.139297 0.536587 -0.354537
v 8.139297 0.504127 -0.330269
v 7.847911 0.504130 -0.330269
v 7.847911 0.536590 -0.354537
v 8.139297 0.504127 -0.427353
v 8.139297 0.536587 -0.403084
v 7.847911 0.536590 -0.403084
v 7.847911 0.504130 -0.427353
v 8.757028 0.536581 -0.354537
v 8.757028 0.504121 -0.330269
v 8.465643 0.504124 -0.330269
v 8.465643 0.536584 -0.354537
v 8.757028 0.504121 -0.427353
v 8.757028 0.536581 -0.403084
v 8.465643 0.536584 -0.403084
v 8.465643 0.504124 -0.427353
v 4.368008 -2.931978 0.196526
v 4.466264 -2.939712 0.098272
v 4.463978 -2.326136 0.196526
v 4.558588 -2.356878 0.098272
v 8.146140 -2.356878 0.098272
v 8.240750 -2.326136 0.196526
v 8.336704 -2.931978 0.196526
v 8.238451 -2.939712 0.098272
v 4.466264 -6.380596 0.098272
v 4.368008 -6.380598 0.196526
v 8.238451 -6.380596 0.098272
v 8.336704 -6.380598 0.196526
v 4.466264 -2.939712 -0.098277
v 4.368008 -2.931978 -0.196532
v 4.368008 -6.380598 -0.196532
v 4.466264 -6.380596 -0.098277
v 4.558588 -2.356878 -0.098277
v 4.463978 -2.326136 -0.196532
v 8.240750 -2.326136 -0.196532
v 8.146140 -2.356878 -0.098277
v 8.238451 -2.939712 -0.098277
v 8.336704 -2.931979 -0.196532
v 8.336704 -6.380598 -0.196532
v 8.238451 -6.380596 -0.098277
v 4.866704 -1.651898 0.196526
v 4.941648 -1.715907 0.098272
v 4.752525 -1.976245 0.098272
v 4.668488 -1.924751 0.196526
v 4.941648 -1.715907 -0.098277
v 4.866704 -1.651898 -0.196532
v 4.668488 -1.924751 -0.196532
v 4.752525 -1.976245 -0.098277
v 5.326535 -1.261377 0.196526
v 5.378038 -1.345412 0.098272
v 5.137177 -1.520406 0.098272
v 5.073170 -1.445459 0.196526
v 5.378038 -1.345412 -0.098277
v 5.326535 -1.261377 -0.196532
v 5.073170 -1.445459 -0.196532
v 5.137177 -1.520406 -0.098277
v 5.892450 -1.026987 0.196526
v 5.915458 -1.122822 0.098272
v 5.637883 -1.213012 0.098272
v 5.600165 -1.121956 0.196526
v 5.915458 -1.122822 -0.098277
v 5.892450 -1.026987 -0.196532
v 5.600165 -1.121956 -0.196532
v 5.637883 -1.213012 -0.098277
v 6.505788 -0.978444 0.196526
v 6.498056 -1.076699 0.098272
v 6.206670 -1.076699 0.098272
v 6.198936 -0.978444 0.196526
v 6.498056 -1.076700 -0.098277
v 6.505788 -0.978445 -0.196532
v 6.198936 -0.978445 -0.196532
v 6.206670 -1.076700 -0.098277
v 7.104553 -1.121957 0.196526
v 7.066837 -1.213013 0.098272
v 6.789262 -1.122822 0.098272
v 6.812272 -1.026987 0.196526
v 7.066837 -1.213013 -0.098277
v 7.104553 -1.121957 -0.196532
v 6.812272 -1.026987 -0.196532
v 6.789262 -1.122822 -0.098277
v 7.631548 -1.445462 0.196526
v 7.567541 -1.520406 0.098272
v 7.326683 -1.345412 0.098272
v 7.378180 -1.261377 0.196526
v 7.567541 -1.520406 -0.098277
v 7.631548 -1.445462 -0.196532
v 7.378180 -1.261377 -0.196532
v 7.326683 -1.345412 -0.098277
v 8.036224 -1.924746 0.196526
v 7.952190 -1.976242 0.098272
v 7.763044 -1.715907 0.098272
v 7.837988 -1.651899 0.196526
v 7.952190 -1.976242 -0.098277
v 8.036224 -1.924746 -0.196532
v 7.837988 -1.651899 -0.196532
v 7.763044 -1.715907 -0.098277
v 3.749857 -0.242457 0.196526
v 3.761987 -0.203304 0.196526
v 3.723872 -0.203304 0.209094
v 3.740859 -0.203304 0.156353
v 3.769969 -6.380610 0.196526
v 3.740859 -6.380610 0.167415
v 8.954869 -0.242457 0.196526
v 8.963867 -0.203304 0.156353
v 8.980852 -0.203304 0.209094
v 8.942738 -0.203304 0.196526
v 8.963867 -6.380610 0.167415
v 8.934757 -6.380610 0.196526
v 3.749857 -0.242457 -0.196532
v 3.740859 -0.203304 -0.156358
v 3.723872 -0.203304 -0.209099
v 3.761987 -0.203304 -0.196532
v 3.740859 -6.380610 -0.167421
v 3.769969 -6.380610 -0.196532
v 8.954869 -0.242457 -0.196532
v 8.942738 -0.203304 -0.196532
v 8.980852 -0.203304 -0.209100
v 8.963867 -0.203304 -0.156358
v 8.934757 -6.380610 -0.196532
v 8.963867 -6.380610 -0.167421
v 3.560106 -0.174193 0.330263
v 3.589217 -0.203303 0.330263
v 3.589217 -0.203303 -0.330269
v 3.560106 -0.174193 -0.330269
v 9.115496 -0.203303 0.330263
v 9.144607 -0.174193 0.330263
v 9.144607 -0.174193 -0.330269
v 9.115496 -0.203303 -0.330269
v 3.696778 -0.174185 0.427347
v 3.696778 -0.203297 0.398236
v 9.007944 -0.203297 0.398236
v 9.007944 -0.174185 0.427347
v 3.696778 -0.203297 -0.398242
v 3.696778 -0.174185 -0.427353
v 9.007944 -0.174185 -0.427353
v 9.007944 -0.203297 -0.398242
v 3.947694 -0.203291 0.398236
v 3.947694 -0.174180 0.427347
v 4.239080 -0.174178 0.427347
v 4.239080 -0.203285 0.398236
v 3.947694 -0.174180 -0.427353
v 3.947694 -0.203291 -0.398242
v 4.239080 -0.203285 -0.398242
v 4.239080 -0.174178 -0.427353
v 4.565425 -0.203285 0.398236
v 4.565425 -0.174175 0.427347
v 4.856814 -0.174174 0.427347
v 4.856814 -0.203285 0.398236
v 4.565425 -0.174175 -0.427353
v 4.565425 -0.203285 -0.398242
v 4.856814 -0.203285 -0.398242
v 4.856814 -0.174174 -0.427353
v 5.343808 -0.203282 0.398236
v 5.343808 -0.174171 0.427347
v 5.635197 -0.174166 0.427347
v 5.635197 -0.203280 0.398236
v 5.343808 -0.174171 -0.427353
v 5.343808 -0.203282 -0.398242
v 5.635197 -0.203280 -0.398242
v 5.635197 -0.174166 -0.427353
v 6.206670 -0.203280 0.398236
v 6.206670 -0.174166 0.427347
v 6.498056 -0.174166 0.427347
v 6.498056 -0.203280 0.398236
v 6.206670 -0.174166 -0.427353
v 6.206670 -0.203280 -0.398242
v 6.498056 -0.203280 -0.398242
v 6.498056 -0.174166 -0.427353
v 7.069523 -0.203280 0.398236
v 7.069523 -0.174166 0.427347
v 7.360908 -0.174171 0.427347
v 7.360908 -0.203282 0.398236
v 7.069523 -0.174166 -0.427353
v 7.069523 -0.203280 -0.398242
v 7.360908 -0.203282 -0.398242
v 7.360908 -0.174171 -0.427353
v 7.847911 -0.203285 0.398236
v 7.847911 -0.174174 0.427347
v 8.139297 -0.174175 0.427347
v 8.139297 -0.203285 0.398236
v 7.847911 -0.174174 -0.427353
v 7.847911 -0.203285 -0.398242
v 8.139297 -0.203285 -0.398242
v 8.139297 -0.174175 -0.427353
v 8.465643 -0.203285 0.398236
v 8.465643 -0.174178 0.427347
v 8.757028 -0.174180 0.427347
v 8.757028 -0.203291 0.398236
v 8.465643 -0.174178 -0.427353
v 8.465643 -0.203285 -0.398242
v 8.757028 -0.203291 -0.398242
v 8.757028 -0.174180 -0.427353
v 3.696778 0.445624 -0.330269
v 3.675338 0.425409 -0.330269
v 3.696778 0.403973 -0.330269
v 3.696778 0.425413 -0.350481
v 3.947694 0.445625 -0.330269
v 3.947694 0.425415 -0.350481
v 3.947694 0.403975 -0.330269
v 3.969132 0.425415 -0.330269
v 3.696778 0.445624 -0.427353
v 3.696778 0.425413 -0.407140
v 3.696778 0.403973 -0.427353
v 3.675338 0.425409 -0.427353
v 3.947694 0.445625 -0.427353
v 3.969132 0.425415 -0.427353
v 3.947694 0.403975 -0.427353
v 3.947694 0.425415 -0.407140
v 4.239080 0.445628 -0.330269
v 4.217641 0.425415 -0.330269
v 4.239080 0.403977 -0.330269
v 4.239080 0.425415 -0.350481
v 4.565425 0.445631 -0.330269
v 4.565425 0.425418 -0.350481
v 4.565425 0.403979 -0.330269
v 4.586864 0.425419 -0.330269
v 4.239080 0.445628 -0.427353
v 4.239080 0.425415 -0.407140
v 4.239080 0.403977 -0.427353
v 4.217641 0.425415 -0.427353
v 4.565425 0.445631 -0.427353
v 4.586864 0.425419 -0.427353
v 4.565425 0.403979 -0.427353
v 4.565425 0.425418 -0.407140
v 4.856814 0.445633 -0.330269
v 4.835375 0.425421 -0.330269
v 4.856814 0.403982 -0.330269
v 4.856814 0.425421 -0.350481
v 5.343808 0.445636 -0.330269
v 5.343808 0.425422 -0.350481
v 5.343808 0.403984 -0.330269
v 5.365247 0.425422 -0.330269
v 4.856814 0.445633 -0.427353
v 4.856814 0.425421 -0.407140
v 4.856814 0.403982 -0.427353
v 4.835375 0.425421 -0.427353
v 5.343808 0.445636 -0.427353
v 5.365247 0.425422 -0.427353
v 5.343808 0.403984 -0.427353
v 5.343808 0.425422 -0.407140
v 5.635197 0.445637 -0.330269
v 5.613757 0.425424 -0.330269
v 5.635197 0.403985 -0.330269
v 5.635197 0.425424 -0.350481
v 6.206670 0.445638 -0.330269
v 6.206670 0.425425 -0.350481
v 6.206670 0.403987 -0.330269
v 6.228109 0.425425 -0.330269
v 5.635197 0.445637 -0.427353
v 5.635197 0.425424 -0.407140
v 5.635197 0.403985 -0.427353
v 5.613757 0.425424 -0.427353
v 6.206670 0.445638 -0.427353
v 6.228109 0.425425 -0.427353
v 6.206670 0.403987 -0.427353
v 6.206670 0.425425 -0.407140
v 6.498056 0.445638 -0.330269
v 6.476617 0.425425 -0.330269
v 6.498056 0.403987 -0.330269
v 6.498056 0.425425 -0.350481
v 7.069523 0.445637 -0.330269
v 7.069523 0.425424 -0.350481
v 7.069523 0.403985 -0.330269
v 7.090961 0.425424 -0.330269
v 6.498056 0.445638 -0.427353
v 6.498056 0.425425 -0.407140
v 6.498056 0.403987 -0.427353
v 6.476617 0.425425 -0.427353
v 7.069523 0.445637 -0.427353
v 7.090961 0.425424 -0.427353
v 7.069523 0.403985 -0.427353
v 7.069523 0.425424 -0.407140
v 7.360908 0.445636 -0.330269
v 7.339470 0.425422 -0.330269
v 7.360908 0.403984 -0.330269
v 7.360908 0.425422 -0.350481
v 7.847911 0.445633 -0.330269
v 7.847911 0.425421 -0.350481
v 7.847911 0.403982 -0.330269
v 7.869350 0.425421 -0.330269
v 7.360908 0.445636 -0.427353
v 7.360908 0.425422 -0.407140
v 7.360908 0.403984 -0.427353
v 7.339470 0.425422 -0.427353
v 7.847911 0.445633 -0.427353
v 7.869350 0.425421 -0.427353
v 7.847911 0.403982 -0.427353
v 7.847911 0.425421 -0.407140
v 8.139297 0.445631 -0.330269
v 8.117858 0.425419 -0.330269
v 8.139297 0.403979 -0.330269
v 8.139297 0.425418 -0.350481
v 8.465643 0.445628 -0.330269
v 8.465643 0.425415 -0.350481
v 8.465643 0.403977 -0.330269
v 8.487081 0.425415 -0.330269
v 8.139297 0.445631 -0.427353
v 8.139297 0.425418 -0.407140
v 8.139297 0.403979 -0.427353
v 8.117858 0.425419 -0.427353
v 8.465643 0.445628 -0.427353
v 8.487081 0.425415 -0.427353
v 8.465643 0.403977 -0.427353
v 8.465643 0.425415 -0.407140
v 9.007944 0.445624 -0.330269
v 9.007944 0.425413 -0.350481
v 9.007944 0.403973 -0.330269
v 9.029382 0.425409 -0.330269
v 8.757028 0.445625 -0.330269
v 8.735590 0.425415 -0.330269
v 8.757028 0.403975 -0.330269
v 8.757028 0.425415 -0.350481
v 9.007944 0.445624 -0.427353
v 9.029382 0.425409 -0.427353
v 9.007944 0.403973 -0.427353
v 9.007944 0.425413 -0.407140
v 8.757028 0.445625 -0.427353
v 8.757028 0.425415 -0.407140
v 8.757028 0.403975 -0.427353
v 8.735590 0.425415 -0.427353
v 3.696778 0.438838 0.330263
v 3.696778 0.418625 0.350476
v 3.696778 0.397186 0.330263
v 3.675338 0.418624 0.330263
v 3.947694 0.438842 0.330263
v 3.969132 0.418630 0.330263
v 3.947694 0.397191 0.330263
v 3.947694 0.418630 0.350476
v 4.239080 0.438845 0.330263
v 4.239080 0.418633 0.350476
v 4.239080 0.397194 0.330263
v 4.217641 0.418633 0.330263
v 4.565425 0.438848 0.330263
v 4.586864 0.418636 0.330263
v 4.565425 0.397197 0.330263
v 4.565425 0.418636 0.350476
v 4.856814 0.438851 0.330263
v 4.856814 0.418638 0.350476
v 4.856814 0.397200 0.330263
v 4.835375 0.418638 0.330263
v 5.343808 0.438852 0.330263
v 5.365247 0.418640 0.330263
v 5.343808 0.397201 0.330263
v 5.343808 0.418640 0.350476
v 5.635197 0.438857 0.330263
v 5.635197 0.418641 0.350476
v 5.635197 0.397203 0.330263
v 5.613757 0.418641 0.330263
v 6.206670 0.438858 0.330263
v 6.228109 0.418643 0.330263
v 6.206670 0.397204 0.330263
v 6.206670 0.418643 0.350476
v 6.498056 0.438858 0.330263
v 6.498056 0.418643 0.350476
v 6.498056 0.397204 0.330263
v 6.476617 0.418643 0.330263
v 7.069523 0.438857 0.330263
v 7.090961 0.418641 0.330263
v 7.069523 0.397203 0.330263
v 7.069523 0.418641 0.350476
v 7.360908 0.438852 0.330263
v 7.360908 0.418640 0.350476
v 7.360908 0.397201 0.330263
v 7.339470 0.418640 0.330263
v 7.847911 0.438851 0.330263
v 7.869350 0.418638 0.330263
v 7.847911 0.397200 0.330263
v 7.847911 0.418638 0.350476
v 8.139297 0.438848 0.330263
v 8.139297 0.418636 0.350476
v 8.139297 0.397197 0.330263
v 8.117858 0.418636 0.330263
v 8.465643 0.438845 0.330263
v 8.487081 0.418633 0.330263
v 8.465643 0.397194 0.330263
v 8.465643 0.418633 0.350476
v 8.757028 0.438842 0.330263
v 8.757028 0.418630 0.350476
v 8.757028 0.397191 0.330263
v 8.735590 0.418630 0.330263
v 9.007944 0.438838 0.330263
v 9.029382 0.418624 0.330263
v 9.007944 0.397186 0.330263
v 9.007944 0.418625 0.350476
v 9.007944 0.438838 0.427347
v 9.007944 0.418625 0.407134
v 9.007944 0.397186 0.427347
v 9.029382 0.418624 0.427347
v 8.757028 0.438842 0.427347
v 8.735590 0.418630 0.427347
v 8.757028 0.397191 0.427347
v 8.757028 0.418630 0.407134
v 8.465643 0.438845 0.427347
v 8.465643 0.418633 0.407134
v 8.465643 0.397194 0.427347
v 8.487081 0.418633 0.427347
v 8.139297 0.438848 0.427347
v 8.117858 0.418636 0.427347
v 8.139297 0.397197 0.427347
v 8.139297 0.418636 0.407134
v 7.847911 0.438851 0.427347
v 7.847911 0.418638 0.407134
v 7.847911 0.397200 0.427347
v 7.869350 0.418638 0.427347
v 7.360908 0.438852 0.427347
v 7.339470 0.418640 0.427347
v 7.360908 0.397201 0.427347
v 7.360908 0.418640 0.407134
v 7.069523 0.438857 0.427347
v 7.069523 0.418641 0.407134
v 7.069523 0.397203 0.427347
v 7.090961 0.418641 0.427347
v 6.498056 0.438858 0.427347
v 6.476617 0.418643 0.427347
v 6.498056 0.397204 0.427347
v 6.498056 0.418643 0.407134
v 6.206670 0.438858 0.427347
v 6.206670 0.418643 0.407134
v 6.206670 0.397204 0.427347
v 6.228109 0.418643 0.427347
v 5.635197 0.438857 0.427347
v 5.613757 0.418641 0.427347
v 5.635197 0.397203 0.427347
v 5.635197 0.418641 0.407134
v 5.343808 0.438852 0.427347
v 5.343808 0.418640 0.407134
v 5.343808 0.397201 0.427347
v 5.365247 0.418640 0.427347
v 4.856814 0.438851 0.427347
v 4.835375 0.418638 0.427347
v 4.856814 0.397200 0.427347
v 4.856814 0.418638 0.407134
v 4.565425 0.438848 0.427347
v 4.565425 0.418636 0.407134
v 4.565425 0.397197 0.427347
v 4.586864 0.418636 0.427347
v 4.239080 0.438845 0.427347
v 4.217641 0.418633 0.427347
v 4.239080 0.397194 0.427347
v 4.239080 0.418633 0.407134
v 3.947694 0.438842 0.427347
v 3.947694 0.418630 0.407134
v 3.947694 0.397191 0.427347
v 3.969132 0.418630 0.427347
v 3.696778 0.438838 0.427347
v 3.675338 0.418624 0.427347
v 3.696778 0.397186 0.427347
v 3.696778 0.418625 0.407134
v 9.007944 0.484423 0.330263
v 9.007944 0.511548 0.339282
v 9.022238 0.499484 0.330263
v 8.757028 0.484427 0.330263
v 8.742733 0.499489 0.330263
v 8.757028 0.511553 0.339282
v 9.007944 0.484423 0.427347
v 9.022238 0.499484 0.427347
v 9.007944 0.511548 0.418328
v 8.757028 0.484427 0.427347
v 8.757028 0.511553 0.418328
v 8.742733 0.499489 0.427347
v 6.498056 0.484440 0.427347
v 6.498056 0.511565 0.418328
v 6.483761 0.499502 0.427347
v 7.069523 0.484439 0.427347
v 7.083815 0.499501 0.427347
v 7.069523 0.511564 0.418328
v 3.560106 -0.048238 0.330263
v 3.560106 -0.034662 0.343063
v 3.572906 -0.034661 0.330263
v 3.560106 -0.034662 0.316687
v 3.572906 0.418619 0.330263
v 3.560106 0.418619 0.343063
v 3.572906 -0.034661 0.427347
v 3.560106 -0.034662 0.414547
v 3.560106 0.418619 0.414547
v 3.572906 0.418619 0.427347
v 9.144607 -0.048238 0.330263
v 9.144607 -0.034662 0.316687
v 9.131808 -0.034661 0.330263
v 9.144607 -0.034662 0.343063
v 9.144607 0.418619 0.343063
v 9.131808 0.418619 0.330263
v 9.144607 -0.034662 0.414547
v 9.131808 -0.034661 0.427347
v 9.131808 0.418619 0.427347
v 9.144607 0.418619 0.414547
v 3.560106 -0.048238 -0.330269
v 3.560106 -0.034662 -0.316692
v 3.572906 -0.034661 -0.330269
v 3.560106 -0.034662 -0.343068
v 3.560106 0.425398 -0.343068
v 3.572906 0.425399 -0.330269
v 3.560106 -0.034662 -0.414553
v 3.572906 -0.034661 -0.427353
v 3.572906 0.425399 -0.427353
v 3.560106 0.425398 -0.414553
v 9.144607 -0.048238 -0.330269
v 9.144607 -0.034662 -0.343068
v 9.131808 -0.034661 -0.330269
v 9.144607 -0.034662 -0.316692
v 9.144607 0.425398 -0.343068
v 9.131808 0.425399 -0.330269
v 9.131808 -0.034661 -0.427353
v 9.144607 -0.034662 -0.414553
v 9.144607 0.425398 -0.414553
v 9.131808 0.425399 -0.427353
v 3.606307 0.531938 0.354531
v 3.592563 0.531937 0.366666
v 3.560106 0.499477 0.343103
v 3.572947 0.499477 0.330263
v 3.606307 0.531938 0.403078
v 3.592563 0.531937 0.390943
v 3.572947 0.499477 0.427347
v 3.560106 0.499476 0.414507
v 9.112145 0.531937 0.366667
v 9.098398 0.531938 0.354532
v 9.131767 0.499477 0.330263
v 9.144607 0.499476 0.343103
v 9.098398 0.531938 0.403079
v 9.112145 0.531937 0.390944
v 9.144607 0.499477 0.414507
v 9.131767 0.499477 0.427347
v 3.572947 0.504109 -0.330269
v 3.560106 0.504108 -0.343109
v 3.606307 0.536570 -0.354536
v 3.592563 0.536569 -0.366672
v 3.606307 0.536570 -0.403085
v 3.592563 0.536569 -0.390949
v 3.560106 0.504108 -0.414512
v 3.572947 0.504109 -0.427353
v 9.112145 0.536569 -0.366671
v 9.098398 0.536570 -0.354536
v 9.144607 0.504108 -0.343109
v 9.131767 0.504109 -0.330269
v 9.098398 0.536570 -0.403084
v 9.112145 0.536569 -0.390949
v 9.131767 0.504108 -0.427353
v 9.144607 0.504107 -0.414512
v 3.602016 -0.203302 0.398235
v 3.589217 -0.203303 0.385435
v 3.560106 -0.174193 0.414547
v 3.572906 -0.174193 0.427347
v 3.602016 -0.203302 -0.398242
v 3.589217 -0.203303 -0.385441
v 3.572906 -0.174193 -0.427353
v 3.560106 -0.174194 -0.414553
v 9.102694 -0.203302 0.398236
v 9.115496 -0.203303 0.385436
v 9.131808 -0.174193 0.427347
v 9.144607 -0.174194 0.414547
v 9.102694 -0.203302 -0.398241
v 9.115496 -0.203303 -0.385441
v 9.144607 -0.174193 -0.414553
v 9.131808 -0.174193 -0.427353
vt 0.101064 0.197439
vt 0.092387 0.759723
vt 0.063922 0.759335
vt 0.070585 0.197023
vt 0.096183 0.756211
vt 0.104811 0.197488
vt 0.060223 0.755720
vt 0.066837 0.196970
vt 0.096514 0.759927
vt 0.095734 0.763497
vt 0.060473 0.763016
vt 0.059791 0.759427
vt 0.995483 0.000040
vt 0.995870 0.562391
vt 0.967403 0.562462
vt 0.965001 0.000116
vt 0.999609 0.558818
vt 0.999231 0.000029
vt 0.963646 0.558907
vt 0.961253 0.000123
vt 1.000000 0.562529
vt 0.999278 0.566110
vt 0.964013 0.566198
vt 0.963273 0.562620
vt 0.935100 0.001236
vt 0.929719 0.040178
vt 0.927629 0.041860
vt 0.922520 0.041154
vt 0.920964 0.038968
vt 0.926345 0.000026
vt 0.927897 0.044448
vt 0.930097 0.042912
vt 0.921560 0.043572
vt 0.919860 0.041498
vt 0.797504 0.117397
vt 0.796152 0.156687
vt 0.794246 0.158574
vt 0.789091 0.158396
vt 0.787319 0.156382
vt 0.788671 0.117093
vt 0.794778 0.161121
vt 0.796808 0.159367
vt 0.788385 0.160901
vt 0.786480 0.159012
vt 0.378823 0.145188
vt 0.377607 0.184482
vt 0.375708 0.186376
vt 0.370552 0.186217
vt 0.368774 0.184209
vt 0.369989 0.144915
vt 0.376249 0.188921
vt 0.378273 0.187161
vt 0.369855 0.188724
vt 0.367944 0.186841
vt 0.783706 0.117446
vt 0.782354 0.156735
vt 0.780448 0.158622
vt 0.775293 0.158445
vt 0.773521 0.156431
vt 0.774873 0.117142
vt 0.780980 0.161170
vt 0.783010 0.159416
vt 0.774587 0.160950
vt 0.772682 0.159061
vt 0.948854 0.001221
vt 0.943516 0.040168
vt 0.941428 0.041852
vt 0.936317 0.041152
vt 0.934759 0.038968
vt 0.940098 0.000020
vt 0.941698 0.044440
vt 0.943896 0.042902
vt 0.935360 0.043572
vt 0.933658 0.041499
vt 0.843497 0.117213
vt 0.842145 0.156502
vt 0.840239 0.158389
vt 0.835084 0.158212
vt 0.833312 0.156198
vt 0.834664 0.116909
vt 0.840771 0.160936
vt 0.842801 0.159183
vt 0.834378 0.160716
vt 0.832473 0.158827
vt 0.769908 0.117494
vt 0.768556 0.156784
vt 0.766650 0.158671
vt 0.761495 0.158493
vt 0.759723 0.156480
vt 0.761075 0.117190
vt 0.767182 0.161218
vt 0.769212 0.159465
vt 0.760789 0.160998
vt 0.758884 0.159109
vt 0.829699 0.117213
vt 0.828347 0.156502
vt 0.826441 0.158389
vt 0.821286 0.158212
vt 0.819514 0.156198
vt 0.820867 0.116909
vt 0.826973 0.160936
vt 0.829003 0.159183
vt 0.820580 0.160716
vt 0.818675 0.158827
vt 0.630536 0.157972
vt 0.630494 0.197902
vt 0.628652 0.199852
vt 0.623494 0.199847
vt 0.621656 0.197893
vt 0.621698 0.157963
vt 0.629269 0.202380
vt 0.631239 0.200559
vt 0.622872 0.202373
vt 0.620905 0.200549
vt 0.176620 0.127365
vt 0.175246 0.167271
vt 0.173340 0.169158
vt 0.168185 0.168981
vt 0.166414 0.166967
vt 0.167787 0.127061
vt 0.173873 0.171706
vt 0.175903 0.169952
vt 0.167479 0.171486
vt 0.165575 0.169597
vt 0.571839 0.001238
vt 0.566375 0.040792
vt 0.564285 0.042473
vt 0.559175 0.041768
vt 0.557620 0.039582
vt 0.563084 0.000028
vt 0.564553 0.045062
vt 0.566752 0.043526
vt 0.558215 0.044186
vt 0.556515 0.042112
vt 0.175206 0.171709
vt 0.175164 0.211639
vt 0.173321 0.213588
vt 0.168163 0.213583
vt 0.166325 0.211629
vt 0.166368 0.171699
vt 0.173938 0.216116
vt 0.175909 0.214296
vt 0.167541 0.216110
vt 0.165575 0.214285
vt 0.365191 0.127783
vt 0.363818 0.167689
vt 0.361912 0.169576
vt 0.356757 0.169399
vt 0.354985 0.167385
vt 0.356358 0.127479
vt 0.362444 0.172123
vt 0.364474 0.170370
vt 0.356050 0.171903
vt 0.354146 0.170015
vt 0.930760 0.132397
vt 0.929523 0.172308
vt 0.927624 0.174202
vt 0.922468 0.174042
vt 0.920690 0.172034
vt 0.921926 0.132123
vt 0.928165 0.176747
vt 0.930189 0.174986
vt 0.921771 0.176549
vt 0.919860 0.174667
vt 0.515553 0.180975
vt 0.515512 0.220905
vt 0.513669 0.222855
vt 0.508512 0.222850
vt 0.506674 0.220896
vt 0.506715 0.180966
vt 0.514287 0.225383
vt 0.516257 0.223563
vt 0.507889 0.225376
vt 0.505923 0.223552
vt 0.507624 0.137425
vt 0.506388 0.177335
vt 0.504488 0.179229
vt 0.499333 0.179070
vt 0.497554 0.177062
vt 0.498791 0.137151
vt 0.505029 0.181774
vt 0.507053 0.180014
vt 0.498635 0.181576
vt 0.496724 0.179694
vt 0.928082 0.805201
vt 0.928431 0.750976
vt 0.946336 0.751056
vt 0.946119 0.805327
vt 0.915790 0.751237
vt 0.915260 0.805298
vt 0.929870 0.437532
vt 0.947757 0.437612
vt 0.958974 0.751436
vt 0.958939 0.805539
vt 0.927966 0.844589
vt 0.945898 0.844681
vt 0.917225 0.437471
vt 0.915363 0.844801
vt 0.960402 0.437667
vt 0.958450 0.844952
vt 0.927946 0.874113
vt 0.945654 0.874113
vt 0.915486 0.875016
vt 0.958226 0.875165
vt 0.927835 0.899281
vt 0.945729 0.899313
vt 0.927797 0.926400
vt 0.945700 0.926427
vt 0.904395 0.000227
vt 0.909261 0.313637
vt 0.891358 0.313917
vt 0.886511 0.000506
vt 0.921904 0.313763
vt 0.917039 0.000029
vt 0.910133 0.367902
vt 0.892096 0.368137
vt 0.878725 0.314431
vt 0.873867 0.000699
vt 0.922954 0.367857
vt 0.910701 0.407253
vt 0.892771 0.407521
vt 0.879280 0.368491
vt 0.923256 0.407272
vt 0.911047 0.436684
vt 0.893343 0.437040
vt 0.880174 0.407985
vt 0.923638 0.437484
vt 0.911628 0.461877
vt 0.893737 0.462203
vt 0.880903 0.438192
vt 0.912143 0.488986
vt 0.894243 0.489318
vt 0.345333 0.275786
vt 0.344486 0.215926
vt 0.356054 0.215419
vt 0.357227 0.216702
vt 0.358108 0.274756
vt 0.356912 0.276105
vt 0.340730 0.216060
vt 0.341579 0.275785
vt 0.357216 0.214031
vt 0.343837 0.208518
vt 0.356015 0.207557
vt 0.357697 0.215598
vt 0.358562 0.275935
vt 0.358078 0.277501
vt 0.356814 0.283979
vt 0.344664 0.283133
vt 0.340348 0.211241
vt 0.341210 0.280466
vt 0.355698 0.205937
vt 0.343666 0.206890
vt 0.397592 0.204448
vt 0.396036 0.198145
vt 0.397990 0.206046
vt 0.399375 0.285998
vt 0.398964 0.287595
vt 0.397355 0.293887
vt 0.356479 0.285595
vt 0.344467 0.284761
vt 0.395644 0.196543
vt 0.403174 0.196353
vt 0.404749 0.202661
vt 0.405149 0.204266
vt 0.406330 0.287796
vt 0.405915 0.289397
vt 0.404288 0.295693
vt 0.396950 0.295485
vt 0.402773 0.194748
vt 0.408287 0.199565
vt 0.407751 0.197419
vt 0.409427 0.292528
vt 0.408871 0.294669
vt 0.403872 0.297294
vt 0.497965 0.081910
vt 0.496325 0.022066
vt 0.507886 0.021406
vt 0.509075 0.022673
vt 0.510724 0.080710
vt 0.509547 0.082075
vt 0.494211 0.081959
vt 0.492570 0.022250
vt 0.509029 0.020002
vt 0.495577 0.014668
vt 0.507741 0.013546
vt 0.509531 0.021563
vt 0.511195 0.081883
vt 0.510731 0.083455
vt 0.509556 0.089951
vt 0.497394 0.089265
vt 0.493904 0.086645
vt 0.492125 0.017437
vt 0.507401 0.011931
vt 0.495385 0.013043
vt 0.549872 0.009734
vt 0.548232 0.003452
vt 0.550291 0.011326
vt 0.551536 0.091264
vt 0.551147 0.092867
vt 0.549622 0.099179
vt 0.509242 0.091572
vt 0.497218 0.090896
vt 0.547819 0.001854
vt 0.555157 0.001615
vt 0.556815 0.007901
vt 0.557236 0.009500
vt 0.558706 0.093016
vt 0.558312 0.094623
vt 0.556768 0.100940
vt 0.549238 0.100783
vt 0.554735 0.000015
vt 0.560312 0.004758
vt 0.559748 0.002619
vt 0.561865 0.097707
vt 0.561338 0.099855
vt 0.556373 0.102546
vt 0.628138 0.103118
vt 0.626446 0.101036
vt 0.629375 0.061214
vt 0.638189 0.061863
vt 0.635260 0.101685
vt 0.633282 0.103496
vt 0.627334 0.105593
vt 0.625505 0.103631
vt 0.633714 0.106062
vt 0.635811 0.104389
vt 0.568347 0.086126
vt 0.566655 0.084045
vt 0.569584 0.044223
vt 0.578399 0.044871
vt 0.575469 0.084693
vt 0.573491 0.086505
vt 0.567543 0.088601
vt 0.565714 0.086640
vt 0.573923 0.089071
vt 0.576020 0.087398
vt 0.931691 0.085919
vt 0.929999 0.083837
vt 0.932929 0.044015
vt 0.941743 0.044663
vt 0.938813 0.084486
vt 0.936835 0.086297
vt 0.930888 0.088394
vt 0.929058 0.086432
vt 0.937268 0.088863
vt 0.939364 0.087190
vt 0.517754 0.062050
vt 0.516062 0.059969
vt 0.518992 0.020147
vt 0.527807 0.020795
vt 0.524877 0.060618
vt 0.522898 0.062429
vt 0.516951 0.064526
vt 0.515121 0.062564
vt 0.523331 0.064995
vt 0.525428 0.063322
vt 0.609740 0.103813
vt 0.608048 0.101731
vt 0.610978 0.061909
vt 0.619792 0.062558
vt 0.616862 0.102380
vt 0.614884 0.104191
vt 0.608937 0.106288
vt 0.607107 0.104326
vt 0.615317 0.106757
vt 0.617413 0.105084
vt 0.945489 0.097463
vt 0.943797 0.095381
vt 0.946727 0.055559
vt 0.955541 0.056207
vt 0.952611 0.096030
vt 0.950633 0.097841
vt 0.944686 0.099938
vt 0.942856 0.097976
vt 0.951066 0.100407
vt 0.953162 0.098734
vt 0.614339 0.059375
vt 0.612648 0.057293
vt 0.615578 0.017471
vt 0.624392 0.018120
vt 0.621462 0.057942
vt 0.619483 0.059753
vt 0.613536 0.061850
vt 0.611707 0.059888
vt 0.619916 0.062319
vt 0.622013 0.060646
vt 0.952621 0.053136
vt 0.950632 0.051337
vt 0.947456 0.011534
vt 0.956266 0.010831
vt 0.959442 0.050634
vt 0.957763 0.052726
vt 0.952204 0.055705
vt 0.950097 0.054045
vt 0.958582 0.055196
vt 0.960399 0.053223
vt 0.922493 0.129274
vt 0.920801 0.127192
vt 0.923687 0.087986
vt 0.932501 0.088635
vt 0.929615 0.127841
vt 0.927637 0.129652
vt 0.921689 0.131749
vt 0.919860 0.129787
vt 0.928069 0.132218
vt 0.930166 0.130546
vt 0.548932 0.054549
vt 0.546895 0.052804
vt 0.542717 0.013714
vt 0.551505 0.012775
vt 0.555683 0.051865
vt 0.554061 0.054001
vt 0.548585 0.057128
vt 0.546434 0.055526
vt 0.554946 0.056448
vt 0.556709 0.054427
vt 0.172807 0.124373
vt 0.171115 0.122292
vt 0.174002 0.083085
vt 0.182816 0.083734
vt 0.179929 0.122941
vt 0.177951 0.124752
vt 0.172003 0.126848
vt 0.170174 0.124886
vt 0.178383 0.127318
vt 0.180480 0.125645
vt 0.535134 0.058014
vt 0.533097 0.056269
vt 0.528919 0.017180
vt 0.537707 0.016241
vt 0.541885 0.055330
vt 0.540262 0.057466
vt 0.534786 0.060594
vt 0.532635 0.058991
vt 0.541147 0.059914
vt 0.542911 0.057893
vt 0.508553 0.134900
vt 0.506851 0.132827
vt 0.509549 0.093607
vt 0.518367 0.094214
vt 0.515669 0.133434
vt 0.513699 0.135254
vt 0.507762 0.137380
vt 0.505923 0.135426
vt 0.514144 0.137819
vt 0.516232 0.136135
vt 0.821276 0.229060
vt 0.819474 0.227073
vt 0.820237 0.187768
vt 0.829073 0.187939
vt 0.828311 0.227245
vt 0.826433 0.229160
vt 0.820608 0.231575
vt 0.818675 0.229715
vt 0.827004 0.231699
vt 0.829007 0.229915
vt 0.494755 0.132353
vt 0.493053 0.130279
vt 0.495752 0.091060
vt 0.504569 0.091666
vt 0.501871 0.130886
vt 0.499901 0.132707
vt 0.493964 0.134832
vt 0.492125 0.132879
vt 0.500346 0.135271
vt 0.502434 0.133588
vt 0.630620 0.058699
vt 0.628631 0.056900
vt 0.625505 0.017712
vt 0.634315 0.017009
vt 0.637441 0.056197
vt 0.635761 0.058289
vt 0.630203 0.061267
vt 0.628096 0.059607
vt 0.636580 0.060759
vt 0.638397 0.058786
vt 0.675736 0.012470
vt 0.675736 0.001194
vt 0.676972 0.000029
vt 0.734632 0.000029
vt 0.735868 0.001194
vt 0.735868 0.012470
vt 0.675736 0.035312
vt 0.735868 0.035312
vt 0.666898 0.035312
vt 0.666898 0.012470
vt 0.744706 0.012470
vt 0.744706 0.035312
vt 0.675736 0.061839
vt 0.735868 0.061839
vt 0.675736 0.091547
vt 0.735868 0.091547
vt 0.666898 0.091547
vt 0.666898 0.061839
vt 0.744706 0.061839
vt 0.744706 0.091547
vt 0.675736 0.118074
vt 0.735868 0.118074
vt 0.675736 0.162408
vt 0.735868 0.162408
vt 0.666898 0.162408
vt 0.666898 0.118074
vt 0.744706 0.118074
vt 0.744706 0.162408
vt 0.675736 0.188934
vt 0.735868 0.188934
vt 0.675736 0.240958
vt 0.735868 0.240958
vt 0.666898 0.240958
vt 0.666898 0.188934
vt 0.744706 0.188934
vt 0.744706 0.240958
vt 0.675736 0.267484
vt 0.735868 0.267484
vt 0.675737 0.319508
vt 0.735868 0.319508
vt 0.666899 0.319508
vt 0.666898 0.267484
vt 0.744706 0.267484
vt 0.744706 0.319508
vt 0.675737 0.346035
vt 0.735868 0.346035
vt 0.675737 0.390368
vt 0.735868 0.390368
vt 0.666899 0.390368
vt 0.666899 0.346035
vt 0.744706 0.346035
vt 0.744706 0.390368
vt 0.675737 0.416895
vt 0.735868 0.416895
vt 0.675737 0.446603
vt 0.735868 0.446603
vt 0.666899 0.446603
vt 0.666899 0.416895
vt 0.744706 0.416895
vt 0.744706 0.446603
vt 0.675737 0.473130
vt 0.735868 0.473130
vt 0.675737 0.495972
vt 0.735868 0.495972
vt 0.666899 0.495972
vt 0.666899 0.473130
vt 0.744706 0.473130
vt 0.744706 0.495972
vt 0.676973 0.508414
vt 0.675737 0.507249
vt 0.735868 0.507249
vt 0.734632 0.508414
vt 0.638344 0.464969
vt 0.637992 0.433871
vt 0.653924 0.449846
vt 0.647071 0.476118
vt 0.637864 0.411719
vt 0.647391 0.420102
vt 0.656580 0.449956
vt 0.656795 0.476487
vt 0.638462 0.483091
vt 0.650361 0.498967
vt 0.637891 0.382371
vt 0.652847 0.393850
vt 0.656338 0.420407
vt 0.660547 0.476675
vt 0.660335 0.450117
vt 0.656537 0.499279
vt 0.639406 0.496412
vt 0.638389 0.492891
vt 0.650208 0.508519
vt 0.638205 0.344706
vt 0.648865 0.349565
vt 0.656325 0.393978
vt 0.660093 0.420571
vt 0.660296 0.499527
vt 0.656137 0.507776
vt 0.654985 0.508876
vt 0.603258 0.496860
vt 0.608139 0.497332
vt 0.633701 0.496861
vt 0.592451 0.510357
vt 0.638710 0.317249
vt 0.652355 0.323216
vt 0.656597 0.349813
vt 0.660082 0.394126
vt 0.659576 0.510871
vt 0.658401 0.512071
vt 0.603503 0.483761
vt 0.604117 0.493409
vt 0.592207 0.500300
vt 0.639761 0.270816
vt 0.651998 0.271136
vt 0.657046 0.323375
vt 0.660354 0.349950
vt 0.587830 0.510701
vt 0.586621 0.509612
vt 0.586003 0.500823
vt 0.602703 0.465572
vt 0.594556 0.477119
vt 0.640440 0.244257
vt 0.652676 0.244551
vt 0.658210 0.271314
vt 0.660803 0.323510
vt 0.584605 0.514026
vt 0.583335 0.512921
vt 0.582244 0.501235
vt 0.584846 0.477816
vt 0.602031 0.434210
vt 0.586576 0.450792
vt 0.641588 0.197687
vt 0.655482 0.192280
vt 0.658886 0.244701
vt 0.661967 0.271428
vt 0.581104 0.478153
vt 0.583925 0.450979
vt 0.601809 0.411846
vt 0.592377 0.420442
vt 0.642170 0.170036
vt 0.652970 0.165477
vt 0.660173 0.192343
vt 0.662643 0.244793
vt 0.580177 0.451250
vt 0.583443 0.420869
vt 0.601796 0.382222
vt 0.586745 0.393783
vt 0.642670 0.132033
vt 0.657777 0.120544
vt 0.660706 0.165477
vt 0.663931 0.192395
vt 0.579689 0.421084
vt 0.583269 0.393890
vt 0.602160 0.344246
vt 0.591372 0.348872
vt 0.642718 0.102388
vt 0.652147 0.093768
vt 0.661254 0.120459
vt 0.664465 0.165470
vt 0.579512 0.394015
vt 0.583636 0.348935
vt 0.602671 0.316597
vt 0.588780 0.322072
vt 0.642390 0.080008
vt 0.657722 0.063291
vt 0.661086 0.093300
vt 0.665013 0.120367
vt 0.579877 0.348981
vt 0.584089 0.322037
vt 0.603768 0.270009
vt 0.591531 0.269753
vt 0.641480 0.048609
vt 0.649536 0.036991
vt 0.660371 0.063079
vt 0.664841 0.093080
vt 0.580329 0.322009
vt 0.585321 0.269629
vt 0.604446 0.243435
vt 0.592207 0.243139
vt 0.640540 0.030411
vt 0.651706 0.013784
vt 0.659238 0.036218
vt 0.664117 0.062770
vt 0.581563 0.269556
vt 0.585994 0.242979
vt 0.605559 0.196985
vt 0.591928 0.191031
vt 0.639852 0.020763
vt 0.640685 0.017306
vt 0.651386 0.003732
vt 0.657906 0.013213
vt 0.662977 0.035850
vt 0.582236 0.242878
vt 0.587237 0.190882
vt 0.606125 0.169518
vt 0.595477 0.164671
vt 0.635801 0.016867
vt 0.610248 0.017512
vt 0.604547 0.018001
vt 0.593655 0.005972
vt 0.656002 0.003350
vt 0.657220 0.004430
vt 0.661661 0.012771
vt 0.583480 0.190757
vt 0.587745 0.164437
vt 0.606547 0.131875
vt 0.591608 0.120440
vt 0.605592 0.021514
vt 0.605594 0.031310
vt 0.593574 0.015526
vt 0.659201 0.000000
vt 0.660480 0.001095
vt 0.583988 0.164308
vt 0.588130 0.120321
vt 0.606604 0.102571
vt 0.597048 0.094249
vt 0.605848 0.049420
vt 0.597038 0.038339
vt 0.587395 0.015260
vt 0.587730 0.006761
vt 0.588874 0.005652
vt 0.584372 0.120183
vt 0.588096 0.093986
vt 0.606397 0.080472
vt 0.590366 0.064618
vt 0.587310 0.038040
vt 0.584267 0.003694
vt 0.583635 0.015040
vt 0.585433 0.002484
vt 0.584340 0.093842
vt 0.587709 0.064527
vt 0.583557 0.037880
vt 0.583953 0.064391
vt 0.775284 0.083752
vt 0.775284 0.060910
vt 0.780442 0.060910
vt 0.780442 0.083752
vt 0.772682 0.083752
vt 0.772682 0.060910
vt 0.783045 0.060910
vt 0.783045 0.083752
vt 0.821277 0.090382
vt 0.821277 0.060673
vt 0.826435 0.060673
vt 0.826435 0.090382
vt 0.818675 0.090382
vt 0.818675 0.060673
vt 0.829038 0.060673
vt 0.829038 0.090382
vt 0.936260 0.196281
vt 0.936387 0.151948
vt 0.941545 0.151963
vt 0.941418 0.196296
vt 0.933658 0.196274
vt 0.933784 0.151941
vt 0.944147 0.151970
vt 0.944020 0.196304
vt 0.618908 0.157963
vt 0.618908 0.105939
vt 0.624066 0.105939
vt 0.624066 0.157963
vt 0.616306 0.157963
vt 0.616306 0.105939
vt 0.626669 0.105939
vt 0.626669 0.157963
vt 0.936260 0.151936
vt 0.936379 0.099913
vt 0.941537 0.099925
vt 0.941418 0.151948
vt 0.933658 0.151930
vt 0.933776 0.099907
vt 0.944139 0.099931
vt 0.944020 0.151954
vt 0.094588 0.189530
vt 0.094715 0.145196
vt 0.099873 0.145210
vt 0.099746 0.189544
vt 0.091986 0.189522
vt 0.092113 0.145188
vt 0.102475 0.145218
vt 0.102348 0.189552
vt 0.158978 0.119510
vt 0.159105 0.089802
vt 0.164263 0.089823
vt 0.164136 0.119532
vt 0.156376 0.119499
vt 0.156502 0.089790
vt 0.166865 0.089835
vt 0.166738 0.119543
vt 0.789082 0.083688
vt 0.789082 0.060846
vt 0.794240 0.060846
vt 0.794240 0.083688
vt 0.786480 0.083688
vt 0.786480 0.060846
vt 0.796842 0.060846
vt 0.796842 0.083688
vt 0.840233 0.060687
vt 0.840359 0.083529
vt 0.835201 0.083558
vt 0.835075 0.060716
vt 0.842835 0.060673
vt 0.842961 0.083515
vt 0.832473 0.060730
vt 0.832599 0.083572
vt 0.559906 0.056480
vt 0.559676 0.086188
vt 0.554518 0.086148
vt 0.554748 0.056440
vt 0.562278 0.086208
vt 0.562508 0.056500
vt 0.551916 0.086128
vt 0.552146 0.056420
vt 0.955216 0.152439
vt 0.955216 0.196773
vt 0.950058 0.196773
vt 0.950058 0.152439
vt 0.957818 0.196773
vt 0.957818 0.152439
vt 0.947456 0.196773
vt 0.947456 0.152439
vt 0.955335 0.100410
vt 0.955216 0.152433
vt 0.950058 0.152421
vt 0.950177 0.100398
vt 0.957818 0.152439
vt 0.957937 0.100415
vt 0.947456 0.152415
vt 0.947574 0.100392
vt 0.348108 0.113923
vt 0.348108 0.165947
vt 0.342950 0.165947
vt 0.342950 0.113923
vt 0.350711 0.165947
vt 0.350711 0.113923
vt 0.340348 0.165947
vt 0.340348 0.113923
vt 0.614868 0.157963
vt 0.614868 0.202297
vt 0.609710 0.202297
vt 0.609710 0.157963
vt 0.617470 0.202297
vt 0.617470 0.157963
vt 0.607107 0.202297
vt 0.607107 0.157963
vt 0.573600 0.089069
vt 0.573474 0.118778
vt 0.568316 0.118756
vt 0.568442 0.089047
vt 0.576076 0.118789
vt 0.576202 0.089080
vt 0.565714 0.118745
vt 0.565840 0.089036
vt 0.546094 0.059958
vt 0.545878 0.082799
vt 0.540720 0.082750
vt 0.540936 0.059909
vt 0.548480 0.082824
vt 0.548695 0.059983
vt 0.538118 0.082726
vt 0.538334 0.059885
vt 0.882603 0.934200
vt 0.882561 0.942380
vt 0.881535 0.943689
vt 0.879339 0.943700
vt 0.878270 0.942419
vt 0.878167 0.934208
vt 0.886104 0.945588
vt 0.886307 0.934215
vt 0.885107 0.946918
vt 0.875795 0.946989
vt 0.874771 0.945677
vt 0.874459 0.934241
vt 0.882555 0.911365
vt 0.878134 0.911372
vt 0.886246 0.911360
vt 0.874444 0.911377
vt 0.882520 0.884839
vt 0.878100 0.884844
vt 0.886209 0.884834
vt 0.874410 0.884849
vt 0.882481 0.855129
vt 0.878062 0.855135
vt 0.886170 0.855124
vt 0.874372 0.855139
vt 0.882447 0.828602
vt 0.878027 0.828607
vt 0.886136 0.828597
vt 0.874338 0.828612
vt 0.882390 0.784267
vt 0.877970 0.784272
vt 0.886079 0.784262
vt 0.874280 0.784277
vt 0.882355 0.757739
vt 0.877936 0.757745
vt 0.886045 0.757734
vt 0.874246 0.757750
vt 0.882288 0.705713
vt 0.877868 0.705719
vt 0.885978 0.705709
vt 0.874179 0.705724
vt 0.882254 0.679186
vt 0.877834 0.679192
vt 0.885943 0.679181
vt 0.874146 0.680498
vt 0.875516 0.679195
vt 0.882187 0.627161
vt 0.877767 0.627167
vt 0.885876 0.627156
vt 0.875448 0.627170
vt 0.882152 0.600634
vt 0.877733 0.600640
vt 0.885842 0.600629
vt 0.874076 0.625870
vt 0.874043 0.600644
vt 0.882095 0.556298
vt 0.877675 0.556304
vt 0.885785 0.556293
vt 0.873986 0.556309
vt 0.882061 0.529771
vt 0.877641 0.529777
vt 0.885750 0.529766
vt 0.873952 0.529782
vt 0.882023 0.500061
vt 0.877603 0.500067
vt 0.885712 0.500056
vt 0.873913 0.500072
vt 0.881989 0.473534
vt 0.877569 0.473539
vt 0.884308 0.473532
vt 0.885681 0.474831
vt 0.873881 0.474846
vt 0.875250 0.473543
vt 0.881976 0.450695
vt 0.877539 0.450699
vt 0.884306 0.450683
vt 0.875209 0.450688
vt 0.880884 0.441196
vt 0.881911 0.442506
vt 0.877623 0.442478
vt 0.878687 0.441190
vt 0.885653 0.449339
vt 0.885467 0.439313
vt 0.873867 0.449335
vt 0.874090 0.439256
vt 0.884479 0.437978
vt 0.875096 0.437933
vt 0.482031 0.012896
vt 0.481956 0.004718
vt 0.482964 0.003395
vt 0.485159 0.003352
vt 0.486247 0.004618
vt 0.486466 0.012825
vt 0.478327 0.012934
vt 0.478369 0.001559
vt 0.479346 0.000216
vt 0.488656 0.000013
vt 0.489699 0.001310
vt 0.490173 0.012740
vt 0.482402 0.035728
vt 0.486823 0.035658
vt 0.478712 0.035785
vt 0.490513 0.035601
vt 0.482815 0.062251
vt 0.487234 0.062183
vt 0.479125 0.062309
vt 0.490923 0.062126
vt 0.483275 0.091958
vt 0.487694 0.091889
vt 0.479585 0.092015
vt 0.491383 0.091832
vt 0.483685 0.118482
vt 0.488104 0.118413
vt 0.479996 0.118539
vt 0.491794 0.118356
vt 0.484372 0.162812
vt 0.488791 0.162744
vt 0.480683 0.162869
vt 0.492480 0.162687
vt 0.484783 0.189336
vt 0.489202 0.189268
vt 0.481093 0.189393
vt 0.492891 0.189211
vt 0.485588 0.241355
vt 0.490007 0.241287
vt 0.481898 0.241412
vt 0.493697 0.241229
vt 0.485999 0.267879
vt 0.490418 0.267811
vt 0.482309 0.267936
vt 0.494107 0.267754
vt 0.486804 0.319899
vt 0.491223 0.319830
vt 0.483115 0.319956
vt 0.494913 0.319773
vt 0.487215 0.346423
vt 0.491634 0.346354
vt 0.483526 0.346480
vt 0.495323 0.346297
vt 0.487901 0.390753
vt 0.492321 0.390684
vt 0.484212 0.390810
vt 0.496010 0.390627
vt 0.488312 0.417277
vt 0.492731 0.417208
vt 0.484623 0.417334
vt 0.496420 0.417151
vt 0.488772 0.446983
vt 0.493191 0.446915
vt 0.485083 0.447040
vt 0.496880 0.446858
vt 0.489180 0.473507
vt 0.493601 0.473439
vt 0.485491 0.473563
vt 0.497292 0.473383
vt 0.489518 0.496339
vt 0.493953 0.496272
vt 0.485813 0.496417
vt 0.497659 0.496241
vt 0.490747 0.505809
vt 0.489698 0.504518
vt 0.493991 0.504483
vt 0.492943 0.505782
vt 0.486212 0.507787
vt 0.497544 0.507681
vt 0.487231 0.509099
vt 0.496543 0.509010
vt 0.217697 0.267733
vt 0.218327 0.294647
vt 0.200406 0.295211
vt 0.199787 0.268252
vt 0.230354 0.267513
vt 0.230976 0.294431
vt 0.219061 0.321463
vt 0.201269 0.322139
vt 0.187132 0.268522
vt 0.187760 0.295570
vt 0.217106 0.240528
vt 0.199195 0.241025
vt 0.229760 0.240311
vt 0.231765 0.321364
vt 0.188700 0.322785
vt 0.186540 0.241258
vt 0.216542 0.213625
vt 0.198631 0.214123
vt 0.229197 0.213393
vt 0.231315 0.349628
vt 0.218631 0.348798
vt 0.203745 0.349079
vt 0.191278 0.351265
vt 0.185977 0.214340
vt 0.215950 0.186399
vt 0.198039 0.186918
vt 0.228605 0.186129
vt 0.228027 0.376056
vt 0.215575 0.373764
vt 0.210314 0.373111
vt 0.198234 0.377251
vt 0.185383 0.187138
vt 0.215331 0.159440
vt 0.197410 0.160004
vt 0.227977 0.159082
vt 0.184761 0.160220
vt 0.214467 0.132513
vt 0.196675 0.133188
vt 0.227037 0.131866
vt 0.183972 0.133287
vt 0.211991 0.105572
vt 0.224458 0.103386
vt 0.184422 0.105023
vt 0.197106 0.105854
vt 0.205421 0.081542
vt 0.217501 0.077402
vt 0.187711 0.078597
vt 0.200163 0.080889
vt 0.286687 0.521840
vt 0.286834 0.548366
vt 0.247523 0.548584
vt 0.245560 0.546643
vt 0.245434 0.524021
vt 0.247375 0.522058
vt 0.243583 0.522079
vt 0.243731 0.548605
vt 0.238210 0.548636
vt 0.238062 0.522110
vt 0.243858 0.571447
vt 0.238337 0.571478
vt 0.243418 0.492371
vt 0.237897 0.492402
vt 0.245709 0.573389
vt 0.245761 0.582713
vt 0.238401 0.582750
vt 0.243270 0.465845
vt 0.245121 0.467786
vt 0.245247 0.490409
vt 0.237749 0.465876
vt 0.286961 0.571208
vt 0.287025 0.582484
vt 0.247650 0.571426
vt 0.286374 0.465605
vt 0.286522 0.492132
vt 0.247210 0.492350
vt 0.247062 0.465824
vt 0.243024 0.421512
vt 0.237503 0.421543
vt 0.242877 0.394986
vt 0.244728 0.396927
vt 0.244853 0.419550
vt 0.237356 0.395017
vt 0.285980 0.394746
vt 0.286128 0.421273
vt 0.246816 0.421491
vt 0.246669 0.394965
vt 0.242587 0.342963
vt 0.237067 0.342993
vt 0.242440 0.316437
vt 0.244291 0.318378
vt 0.244417 0.341001
vt 0.236919 0.316467
vt 0.285543 0.316197
vt 0.285691 0.342723
vt 0.246379 0.342942
vt 0.246232 0.316416
vt 0.242151 0.264414
vt 0.236630 0.264445
vt 0.242004 0.237888
vt 0.243855 0.239830
vt 0.243981 0.262452
vt 0.236483 0.237919
vt 0.285108 0.237649
vt 0.285255 0.264175
vt 0.245943 0.264393
vt 0.245796 0.237867
vt 0.241758 0.193555
vt 0.236237 0.193585
vt 0.241611 0.167029
vt 0.243462 0.168970
vt 0.243587 0.191593
vt 0.236090 0.167059
vt 0.284715 0.166789
vt 0.284862 0.193315
vt 0.245550 0.193533
vt 0.245403 0.167008
vt 0.241447 0.137321
vt 0.235926 0.137350
vt 0.241315 0.110801
vt 0.243164 0.112741
vt 0.243277 0.135359
vt 0.235804 0.112095
vt 0.237166 0.110775
vt 0.284413 0.110566
vt 0.284555 0.137092
vt 0.245240 0.137301
vt 0.245105 0.110779
vt 0.234564 0.110713
vt 0.241736 0.088022
vt 0.237587 0.087903
vt 0.234982 0.087870
vt 0.244047 0.076843
vt 0.243654 0.086155
vt 0.236273 0.086532
vt 0.236684 0.076550
vt 0.285276 0.078595
vt 0.284796 0.089860
vt 0.245519 0.088189
vt 0.289757 0.575610
vt 0.289757 0.549083
vt 0.329687 0.549083
vt 0.331639 0.551035
vt 0.331639 0.573658
vt 0.329687 0.575610
vt 0.333479 0.575610
vt 0.333479 0.549083
vt 0.338804 0.549083
vt 0.338804 0.575610
vt 0.333479 0.519374
vt 0.338804 0.519374
vt 0.333479 0.598452
vt 0.338804 0.598452
vt 0.331639 0.517423
vt 0.331639 0.494800
vt 0.333480 0.492848
vt 0.338805 0.492848
vt 0.331638 0.609728
vt 0.331638 0.600403
vt 0.338803 0.609725
vt 0.289758 0.519374
vt 0.289758 0.492848
vt 0.329688 0.492848
vt 0.329688 0.519374
vt 0.333480 0.448514
vt 0.338805 0.448514
vt 0.289756 0.609728
vt 0.289757 0.598452
vt 0.329687 0.598452
vt 0.331640 0.446563
vt 0.331640 0.423940
vt 0.333480 0.421988
vt 0.338805 0.421988
vt 0.289758 0.448514
vt 0.289758 0.421988
vt 0.329688 0.421988
vt 0.329688 0.448514
vt 0.333480 0.369964
vt 0.338805 0.369964
vt 0.331640 0.368012
vt 0.331640 0.345389
vt 0.333480 0.343437
vt 0.338805 0.343437
vt 0.289759 0.369964
vt 0.289759 0.343437
vt 0.329688 0.343437
vt 0.329688 0.369964
vt 0.333480 0.291414
vt 0.338805 0.291414
vt 0.331640 0.289462
vt 0.331639 0.266839
vt 0.333480 0.264888
vt 0.338805 0.264888
vt 0.289758 0.291414
vt 0.289758 0.264888
vt 0.329688 0.264888
vt 0.329688 0.291414
vt 0.333479 0.220554
vt 0.338805 0.220554
vt 0.331639 0.218602
vt 0.331639 0.195979
vt 0.333479 0.194027
vt 0.338804 0.194027
vt 0.289758 0.220554
vt 0.289757 0.194027
vt 0.329687 0.194027
vt 0.329688 0.220554
vt 0.333479 0.164318
vt 0.338804 0.164318
vt 0.331639 0.162367
vt 0.331639 0.139744
vt 0.333479 0.137792
vt 0.338804 0.137792
vt 0.289757 0.164318
vt 0.289757 0.137792
vt 0.329687 0.137792
vt 0.329687 0.164318
vt 0.333479 0.114950
vt 0.338804 0.114950
vt 0.331638 0.112998
vt 0.331637 0.103674
vt 0.338803 0.103678
vt 0.289757 0.114950
vt 0.289756 0.103674
vt 0.329687 0.114950
vt 0.757929 0.472110
vt 0.758038 0.445584
vt 0.797350 0.445744
vt 0.799294 0.447704
vt 0.799201 0.470327
vt 0.797241 0.472271
vt 0.745227 0.472058
vt 0.745336 0.445532
vt 0.801033 0.472286
vt 0.801142 0.445760
vt 0.806663 0.445782
vt 0.806554 0.472309
vt 0.745457 0.415823
vt 0.758160 0.415875
vt 0.745133 0.494900
vt 0.757836 0.494952
vt 0.801264 0.416051
vt 0.806785 0.416074
vt 0.800939 0.495128
vt 0.806460 0.495151
vt 0.745566 0.389298
vt 0.758268 0.389349
vt 0.745086 0.506176
vt 0.757789 0.506228
vt 0.799432 0.414092
vt 0.799524 0.391468
vt 0.801372 0.389524
vt 0.806893 0.389547
vt 0.799053 0.506397
vt 0.799091 0.497072
vt 0.806413 0.506423
vt 0.745746 0.344967
vt 0.758448 0.345018
vt 0.797580 0.389509
vt 0.797472 0.416036
vt 0.797148 0.495112
vt 0.801553 0.345189
vt 0.807074 0.345211
vt 0.745853 0.318445
vt 0.758555 0.318495
vt 0.799721 0.343230
vt 0.799811 0.320604
vt 0.801659 0.318659
vt 0.807180 0.318681
vt 0.746053 0.266442
vt 0.758755 0.266485
vt 0.797867 0.318644
vt 0.797761 0.345174
vt 0.801854 0.266616
vt 0.807374 0.266639
vt 0.746140 0.239958
vt 0.758844 0.239978
vt 0.800021 0.264656
vt 0.800097 0.242009
vt 0.801940 0.240059
vt 0.806092 0.240069
vt 0.807453 0.241393
vt 0.746158 0.188013
vt 0.758860 0.188006
vt 0.798148 0.240051
vt 0.798062 0.266602
vt 0.801986 0.187967
vt 0.806136 0.187962
vt 0.808695 0.240052
vt 0.746106 0.161539
vt 0.758808 0.161507
vt 0.800144 0.186015
vt 0.800069 0.163357
vt 0.801903 0.161397
vt 0.807424 0.161374
vt 0.807498 0.186638
vt 0.808739 0.187982
vt 0.745950 0.117238
vt 0.758652 0.117191
vt 0.798111 0.161411
vt 0.798192 0.187970
vt 0.801754 0.117038
vt 0.807275 0.117017
vt 0.745849 0.090726
vt 0.758551 0.090674
vt 0.799908 0.115093
vt 0.799818 0.092461
vt 0.801650 0.090501
vt 0.807171 0.090480
vt 0.745722 0.061034
vt 0.758424 0.060976
vt 0.797859 0.090516
vt 0.797963 0.117053
vt 0.801530 0.060779
vt 0.807051 0.060759
vt 0.745599 0.034529
vt 0.758301 0.034461
vt 0.799682 0.058832
vt 0.799587 0.036197
vt 0.801418 0.034233
vt 0.805570 0.034211
vt 0.806942 0.035524
vt 0.745464 0.011709
vt 0.758167 0.011634
vt 0.797624 0.034254
vt 0.797739 0.060794
vt 0.801268 0.011369
vt 0.805419 0.011329
vt 0.808176 0.034169
vt 0.745390 0.000438
vt 0.758089 0.000359
vt 0.799411 0.009432
vt 0.799326 0.000110
vt 0.806669 0.000029
vt 0.806773 0.009992
vt 0.808022 0.011334
vt 0.797472 0.011399
vt 0.858525 0.445438
vt 0.858525 0.471965
vt 0.818595 0.471965
vt 0.816643 0.470013
vt 0.816643 0.447390
vt 0.818595 0.445438
vt 0.871227 0.445438
vt 0.871227 0.471965
vt 0.814803 0.445438
vt 0.814803 0.471965
vt 0.809478 0.471965
vt 0.809478 0.445438
vt 0.871227 0.494807
vt 0.858525 0.494807
vt 0.871227 0.415729
vt 0.858524 0.415729
vt 0.814803 0.494807
vt 0.809478 0.494807
vt 0.814803 0.415729
vt 0.809477 0.415729
vt 0.871228 0.506083
vt 0.858526 0.506083
vt 0.871226 0.389203
vt 0.858524 0.389203
vt 0.816643 0.496758
vt 0.816644 0.506083
vt 0.809479 0.506080
vt 0.814802 0.389203
vt 0.816642 0.391155
vt 0.816643 0.413778
vt 0.809477 0.389203
vt 0.818595 0.494807
vt 0.818594 0.415729
vt 0.818594 0.389203
vt 0.871226 0.344869
vt 0.858524 0.344869
vt 0.814802 0.344869
vt 0.809477 0.344869
vt 0.871226 0.318343
vt 0.858524 0.318343
vt 0.814802 0.318343
vt 0.816642 0.320295
vt 0.816642 0.342918
vt 0.809477 0.318343
vt 0.818594 0.344869
vt 0.818594 0.318343
vt 0.871226 0.266319
vt 0.858523 0.266319
vt 0.814802 0.266319
vt 0.809477 0.266319
vt 0.871226 0.239792
vt 0.858523 0.239792
vt 0.814802 0.239792
vt 0.816642 0.241744
vt 0.816642 0.264367
vt 0.809477 0.239792
vt 0.818594 0.266319
vt 0.818594 0.239792
vt 0.871226 0.187769
vt 0.858524 0.187769
vt 0.814802 0.187769
vt 0.809477 0.187769
vt 0.871226 0.161243
vt 0.858524 0.161243
vt 0.814802 0.161243
vt 0.816642 0.163194
vt 0.816642 0.185817
vt 0.809477 0.161243
vt 0.818594 0.187769
vt 0.818594 0.161243
vt 0.871226 0.116908
vt 0.858524 0.116909
vt 0.814802 0.116909
vt 0.809477 0.116909
vt 0.871226 0.090382
vt 0.858524 0.090382
vt 0.814802 0.090382
vt 0.816642 0.092334
vt 0.816642 0.114957
vt 0.809477 0.090382
vt 0.818594 0.116909
vt 0.818594 0.090382
vt 0.871227 0.060673
vt 0.858524 0.060673
vt 0.814803 0.060673
vt 0.809478 0.060673
vt 0.871227 0.034147
vt 0.858525 0.034147
vt 0.814803 0.034147
vt 0.816643 0.036099
vt 0.816643 0.058722
vt 0.809478 0.034147
vt 0.818594 0.060673
vt 0.818595 0.034147
vt 0.871227 0.011305
vt 0.858525 0.011305
vt 0.814803 0.011305
vt 0.809478 0.011305
vt 0.871228 0.000029
vt 0.858526 0.000029
vt 0.816644 0.000029
vt 0.816643 0.009353
vt 0.809479 0.000033
vt 0.818595 0.011305
vt 0.116600 0.690108
vt 0.106888 0.690108
vt 0.105784 0.686543
vt 0.162057 0.441703
vt 0.170794 0.496856
vt 0.107614 0.127757
vt 0.162057 0.127758
vt 0.134753 0.690109
vt 0.189411 0.533396
vt 0.165983 0.690109
vt 0.207456 0.558235
vt 0.188220 0.690109
vt 0.226251 0.577028
vt 0.217707 0.690109
vt 0.249317 0.593786
vt 0.255474 0.690109
vt 0.274226 0.606478
vt 0.283001 0.690110
vt 0.300835 0.615123
vt 0.329440 0.690110
vt 0.328736 0.619543
vt 0.355966 0.690109
vt 0.356670 0.619543
vt 0.402404 0.690109
vt 0.384570 0.615123
vt 0.429932 0.690109
vt 0.411178 0.606478
vt 0.467698 0.690109
vt 0.436088 0.593786
vt 0.497186 0.690109
vt 0.459153 0.577027
vt 0.519422 0.690109
vt 0.477946 0.558234
vt 0.550651 0.690109
vt 0.495993 0.533396
vt 0.568805 0.690108
vt 0.514612 0.496855
vt 0.579622 0.686543
vt 0.578517 0.690107
vt 0.523347 0.441702
vt 0.577790 0.127757
vt 0.523347 0.127758
vt 0.463021 0.000030
vt 0.472733 0.000031
vt 0.473838 0.003595
vt 0.417563 0.248436
vt 0.408828 0.193283
vt 0.472008 0.562382
vt 0.417564 0.562380
vt 0.444867 0.000029
vt 0.390209 0.156742
vt 0.372163 0.131904
vt 0.413638 0.000029
vt 0.391402 0.000029
vt 0.353370 0.113111
vt 0.330304 0.096353
vt 0.361914 0.000029
vt 0.324148 0.000029
vt 0.305395 0.083661
vt 0.278787 0.075015
vt 0.296620 0.000029
vt 0.250182 0.000029
vt 0.250886 0.070596
vt 0.222952 0.070596
vt 0.223656 0.000029
vt 0.177218 0.000029
vt 0.195051 0.075015
vt 0.168443 0.083661
vt 0.149690 0.000029
vt 0.111923 0.000030
vt 0.143533 0.096353
vt 0.120468 0.113111
vt 0.082436 0.000030
vt 0.060199 0.000030
vt 0.101672 0.131904
vt 0.083628 0.156743
vt 0.028970 0.000030
vt 0.010817 0.000031
vt 0.065010 0.193283
vt 0.000000 0.003596
vt 0.001104 0.000032
vt 0.056274 0.248436
vt 0.001832 0.562382
vt 0.056274 0.562381
vn 0.000036 1.000000 0.000000
vn 0.000103 1.000000 0.000000
vn 0.000103 1.000000 0.000000
vn 0.000103 1.000000 0.000000
vn 0.000103 1.000000 0.000000
vn 0.000036 1.000000 0.000000
vn -0.998598 -0.000110 0.052943
vn -0.999593 -0.000059 0.028542
vn -0.999593 -0.000059 -0.028542
vn -0.998598 -0.000110 -0.052943
vn 0.998598 -0.000110 -0.052943
vn 0.999593 -0.000059 -0.028542
vn 0.999593 -0.000059 0.028542
vn 0.998598 -0.000110 0.052943
vn 0.000017 -1.000000 -0.000008
vn 0.000005 -1.000000 -0.000001
vn 0.000012 -1.000000 -0.000002
vn 0.000023 -1.000000 0.000007
vn 0.000002 -1.000000 0.000001
vn 0.000005 -1.000000 0.000002
vn 0.000004 -1.000000 0.000000
vn 0.000001 -1.000000 0.000002
vn 0.000006 -1.000000 0.000002
vn 0.000002 -1.000000 -0.000001
vn 0.000003 -1.000000 0.000000
vn 0.000006 -1.000000 0.000002
vn 0.000001 -1.000000 -0.000001
vn -0.000001 -1.000000 -0.000002
vn -0.000001 -1.000000 -0.000002
vn 0.000001 -1.000000 -0.000001
vn -0.000002 -1.000000 -0.000003
vn -0.000006 -1.000000 0.000003
vn -0.000006 -1.000000 0.000003
vn -0.000003 -1.000000 -0.000001
vn -0.000005 -1.000000 0.000004
vn -0.000002 -1.000000 -0.000001
vn -0.000001 -1.000000 -0.000000
vn -0.000004 -1.000000 0.000001
vn -0.000005 -1.000000 -0.000003
vn -0.000017 -1.000000 -0.000005
vn -0.000023 -1.000000 0.000010
vn -0.000012 -1.000000 -0.000001
vn 0.000005 -1.000000 -0.000003
vn 0.000017 -1.000000 0.000005
vn 0.000023 -1.000000 -0.000010
vn 0.000012 -1.000000 -0.000000
vn 0.000005 -1.000000 -0.000000
vn 0.000002 -1.000000 -0.000002
vn 0.000001 -1.000000 -0.000003
vn 0.000004 -1.000000 -0.000000
vn 0.000002 -1.000000 0.000003
vn 0.000006 -1.000000 -0.000000
vn 0.000006 -1.000000 -0.000000
vn 0.000003 -1.000000 0.000001
vn -0.000001 -1.000000 0.000001
vn 0.000001 -1.000000 0.000002
vn 0.000001 -1.000000 0.000002
vn -0.000001 -1.000000 0.000001
vn -0.000006 -1.000000 -0.000002
vn -0.000002 -1.000000 0.000001
vn -0.000003 -1.000000 0.000000
vn -0.000006 -1.000000 -0.000002
vn -0.000002 -1.000000 0.000000
vn -0.000005 -1.000000 -0.000002
vn -0.000004 -1.000000 -0.000001
vn -0.000001 -1.000000 0.000000
vn -0.000017 -1.000000 0.000008
vn -0.000005 -1.000000 0.000003
vn -0.000012 -1.000000 0.000002
vn -0.000023 -1.000000 -0.000007
vn 0.000000 0.000000 -1.000000
vn 0.000000 0.000000 -1.000000
vn 0.000000 0.000000 -1.000000
vn -0.000000 0.000000 -1.000000
vn -0.000000 0.000000 -1.000000
vn 0.000000 0.000000 -1.000000
vn -0.000004 1.000000 0.000000
vn -0.000009 1.000000 0.000000
vn -0.000009 1.000000 0.000000
vn -0.000004 1.000000 0.000000
vn 0.000000 0.000000 1.000000
vn 0.000000 0.000000 1.000000
vn 0.000000 0.000000 1.000000
vn 0.000000 0.000000 1.000000
vn 0.000000 0.000000 1.000000
vn 0.000000 0.000000 1.000000
vn 0.000000 0.000000 -1.000000
vn 0.000000 0.000000 -1.000000
vn 0.000000 0.000000 -1.000000
vn 0.000000 0.000000 -1.000000
vn 0.000000 0.000000 -1.000000
vn 0.000000 0.000000 -1.000000
vn -0.000009 1.000000 0.000000
vn -0.000005 1.000000 0.000000
vn -0.000005 1.000000 0.000000
vn -0.000009 1.000000 0.000000
vn 0.000000 0.000000 1.000000
vn 0.000000 0.000000 1.000000
vn 0.000000 0.000000 1.000000
vn 0.000000 0.000000 1.000000
vn 0.000000 0.000000 1.000000
vn 0.000000 0.000000 1.000000
vn 0.000000 0.000000 -1.000000
vn 0.000000 0.000000 -1.000000
vn 0.000000 0.000000 -1.000000
vn 0.000000 0.000000 -1.000000
vn 0.000000 0.000000 -1.000000
vn 0.000000 0.000000 -1.000000
vn -0.000005 1.000000 0.000000
vn -0.000009 1.000000 0.000000
vn -0.000009 1.000000 0.000000
vn -0.000005 1.000000 0.000000
vn 0.000000 0.000000 1.000000
vn 0.000000 0.000000 1.000000
vn 0.000000 0.000000 1.000000
vn 0.000000 0.000000 1.000000
vn 0.000000 0.000000 1.000000
vn 0.000000 0.000000 1.000000
vn 0.000000 0.000000 -1.000000
vn 0.000000 0.000000 -1.000000
vn 0.000000 0.000000 -1.000000
vn 0.000000 0.000000 -1.000000
vn 0.000000 0.000000 -1.000000
vn 0.000000 0.000000 -1.000000
vn -0.000007 1.000000 0.000000
vn 0.000007 1.000000 0.000000
vn 0.000007 1.000000 0.000000
vn -0.000007 1.000000 0.000000
vn 0.000000 0.000000 1.000000
vn 0.000000 0.000000 1.000000
vn 0.000000 0.000000 1.000000
vn 0.000000 0.000000 1.000000
vn 0.000000 0.000000 1.000000
vn 0.000000 0.000000 1.000000
vn 0.000000 0.000000 -1.000000
vn 0.000000 0.000000 -1.000000
vn 0.000000 0.000000 -1.000000
vn 0.000000 0.000000 -1.000000
vn 0.000000 0.000000 -1.000000
vn 0.000000 0.000000 -1.000000
vn 0.000009 1.000000 0.000000
vn 0.000005 1.000000 0.000000
vn 0.000005 1.000000 0.000000
vn 0.000009 1.000000 0.000000
vn 0.000000 0.000000 1.000000
vn 0.000000 0.000000 1.000000
vn 0.000000 0.000000 1.000000
vn 0.000000 0.000000 1.000000
vn 0.000000 0.000000 1.000000
vn 0.000000 0.000000 1.000000
vn 0.000000 0.000000 -1.000000
vn 0.000000 0.000000 -1.000000
vn 0.000000 0.000000 -1.000000
vn 0.000000 0.000000 -1.000000
vn 0.000000 0.000000 -1.000000
vn 0.000000 0.000000 -1.000000
vn 0.000005 1.000000 0.000000
vn 0.000009 1.000000 0.000000
vn 0.000009 1.000000 0.000000
vn 0.000005 1.000000 0.000000
vn 0.000000 0.000000 1.000000
vn 0.000000 0.000000 1.000000
vn 0.000000 0.000000 1.000000
vn 0.000000 0.000000 1.000000
vn 0.000000 0.000000 1.000000
vn 0.000000 0.000000 1.000000
vn 0.000000 0.000000 -1.000000
vn 0.000000 0.000000 -1.000000
vn 0.000000 0.000000 -1.000000
vn 0.000000 0.000000 -1.000000
vn 0.000000 0.000000 -1.000000
vn 0.000000 0.000000 -1.000000
vn 0.000009 1.000000 0.000000
vn 0.000004 1.000000 0.000000
vn 0.000004 1.000000 0.000000
vn 0.000009 1.000000 0.000000
vn 0.000000 0.000000 1.000000
vn 0.000000 0.000000 1.000000
vn 0.000000 0.000000 1.000000
vn 0.000000 0.000000 1.000000
vn 0.000000 0.000000 1.000000
vn 0.000000 0.000000 1.000000
vn 0.000000 0.000000 1.000000
vn 0.000000 0.000000 1.000000
vn 0.000000 0.000000 1.000000
vn 0.000000 0.000000 1.000000
vn 0.000000 0.000000 1.000000
vn 0.000000 0.000000 1.000000
vn 0.000000 0.000000 1.000000
vn 0.000000 0.000000 1.000000
vn 0.000000 0.000000 1.000000
vn 0.000000 0.000000 1.000000
vn 0.000000 0.000000 1.000000
vn 0.000000 0.000000 1.000000
vn 0.000000 0.000000 1.000000
vn 0.000000 0.000000 1.000000
vn 0.000000 0.000000 1.000000
vn 0.000000 0.000000 1.000000
vn 0.000000 0.000000 1.000000
vn 0.000000 0.000000 1.000000
vn 0.000000 0.000000 1.000000
vn 0.000000 0.000000 1.000000
vn 0.000000 0.000000 1.000000
vn -0.000000 0.000000 1.000000
vn -0.000000 0.000000 1.000000
vn 0.000000 0.000000 1.000000
vn 0.000000 0.000000 1.000000
vn 0.000000 0.000000 1.000000
vn 0.000000 0.000000 1.000000
vn 0.000000 0.000000 1.000000
vn 0.000000 0.000000 1.000000
vn 0.000000 0.000000 1.000000
vn -0.000000 0.000000 1.000000
vn -0.000000 0.000000 1.000000
vn -0.000000 0.000000 1.000000
vn -0.000000 0.000000 1.000000
vn -0.000000 0.000000 1.000000
vn -0.000000 0.000000 1.000000
vn -0.000000 0.000000 1.000000
vn -0.000000 0.000000 1.000000
vn -0.000000 0.000000 1.000000
vn -0.000000 0.000000 1.000000
vn -0.000000 0.000000 1.000000
vn -0.000000 0.000000 1.000000
vn -0.000000 0.000000 -1.000000
vn -0.000000 0.000000 -1.000000
vn -0.000000 0.000000 -1.000000
vn -0.000000 0.000000 -1.000000
vn -0.000000 0.000000 -1.000000
vn -0.000000 0.000000 -1.000000
vn -0.000000 0.000000 -1.000000
vn -0.000000 0.000000 -1.000000
vn -0.000000 0.000000 -1.000000
vn -0.000000 0.000000 -1.000000
vn -0.000000 0.000000 -1.000000
vn -0.000000 0.000000 -1.000000
vn 0.000000 0.000000 -1.000000
vn -0.000000 0.000000 -1.000000
vn 0.000000 0.000000 -1.000000
vn -0.000000 0.000000 -1.000000
vn -0.000000 0.000000 -1.000000
vn 0.000000 0.000000 -1.000000
vn 0.000000 0.000000 -1.000000
vn 0.000000 0.000000 -1.000000
vn 0.000000 0.000000 -1.000000
vn 0.000000 0.000000 -1.000000
vn 0.000000 0.000000 -1.000000
vn 0.000000 0.000000 -1.000000
vn 0.000000 0.000000 -1.000000
vn 0.000000 0.000000 -1.000000
vn 0.000000 0.000000 -1.000000
vn 0.000000 0.000000 -1.000000
vn 0.000000 0.000000 -1.000000
vn 0.000000 0.000000 -1.000000
vn 0.000000 0.000000 -1.000000
vn 0.000000 0.000000 -1.000000
vn 0.000000 0.000000 -1.000000
vn 0.000000 0.000000 -1.000000
vn 0.000000 0.000000 -1.000000
vn 0.000000 0.000000 -1.000000
vn 0.000000 0.000000 -1.000000
vn 0.000000 0.000000 -1.000000
vn 0.000000 0.000000 -1.000000
vn 0.000000 0.000000 -1.000000
vn 0.000000 0.000000 -1.000000
vn 0.000000 0.000000 -1.000000
vn -0.000036 1.000000 0.000000
vn -0.000036 1.000000 0.000000
vn 0.000035 -1.000000 0.000023
vn 0.000041 -1.000000 0.000039
vn 0.000035 -1.000000 -0.000027
vn 0.000041 -1.000000 -0.000038
vn -0.000035 -1.000000 0.000027
vn -0.000041 -1.000000 0.000039
vn -0.000035 -1.000000 -0.000023
vn -0.000041 -1.000000 -0.000038
vn 0.000020 -1.000000 0.000000
vn 0.000020 -1.000000 0.000000
vn 0.000020 -1.000000 0.000000
vn 0.000020 -1.000000 0.000000
vn 0.000000 1.000000 0.000000
vn 0.000000 1.000000 0.000000
vn 0.000000 1.000000 0.000000
vn 0.000000 1.000000 0.000000
vn 1.000000 0.000000 0.000000
vn 1.000000 0.000000 0.000000
vn 1.000000 0.000000 0.000000
vn 1.000000 0.000000 0.000000
vn 1.000000 0.000000 0.000000
vn 1.000000 0.000000 0.000000
vn -0.000011 1.000000 0.000000
vn -0.000011 1.000000 0.000000
vn -0.000011 1.000000 0.000000
vn -0.000011 1.000000 0.000000
vn 1.000000 0.000000 0.000000
vn 1.000000 0.000000 0.000000
vn 1.000000 0.000000 0.000000
vn 1.000000 0.000000 0.000000
vn 1.000000 0.000000 0.000000
vn 1.000000 0.000000 0.000000
vn 0.000009 -1.000000 0.000000
vn 0.000009 -1.000000 0.000000
vn 0.000009 -1.000000 0.000000
vn 0.000009 -1.000000 0.000000
vn -0.000004 1.000000 0.000000
vn -0.000004 1.000000 0.000000
vn -0.000004 1.000000 0.000000
vn -0.000004 1.000000 0.000000
vn 1.000000 -0.000003 0.000000
vn 1.000000 -0.000003 0.000000
vn 1.000000 -0.000003 0.000000
vn 1.000000 -0.000003 0.000000
vn 1.000000 -0.000003 0.000000
vn 1.000000 -0.000003 0.000000
vn 0.000003 -1.000000 0.000000
vn 0.000003 -1.000000 0.000000
vn 0.000003 -1.000000 0.000000
vn 0.000003 -1.000000 0.000000
vn -0.000011 1.000000 0.000000
vn -0.000011 1.000000 0.000000
vn -0.000011 1.000000 0.000000
vn -0.000011 1.000000 0.000000
vn 1.000000 0.000000 0.000000
vn 1.000000 0.000000 0.000000
vn 1.000000 0.000000 0.000000
vn 1.000000 0.000000 0.000000
vn 1.000000 0.000000 0.000000
vn 1.000000 0.000000 0.000000
vn 0.000002 -1.000000 0.000000
vn 0.000002 -1.000000 0.000000
vn 0.000002 -1.000000 0.000000
vn 0.000002 -1.000000 0.000000
vn 0.000011 1.000000 0.000000
vn 0.000011 1.000000 0.000000
vn 0.000011 1.000000 0.000000
vn 0.000011 1.000000 0.000000
vn 1.000000 0.000003 0.000000
vn 1.000000 0.000003 0.000000
vn 1.000000 0.000003 0.000000
vn 1.000000 0.000003 0.000000
vn 1.000000 0.000003 0.000000
vn 1.000000 0.000003 0.000000
vn -0.000002 -1.000000 0.000000
vn -0.000002 -1.000000 0.000000
vn -0.000002 -1.000000 0.000000
vn -0.000002 -1.000000 0.000000
vn 0.000004 1.000000 0.000000
vn 0.000004 1.000000 0.000000
vn 0.000004 1.000000 0.000000
vn 0.000004 1.000000 0.000000
vn 1.000000 0.000000 0.000000
vn 1.000000 0.000000 0.000000
vn 1.000000 0.000000 0.000000
vn 1.000000 0.000000 0.000000
vn 1.000000 0.000000 0.000000
vn 1.000000 0.000000 0.000000
vn -0.000003 -1.000000 0.000000
vn -0.000003 -1.000000 0.000000
vn -0.000003 -1.000000 0.000000
vn -0.000003 -1.000000 0.000000
vn 0.000011 1.000000 0.000000
vn 0.000011 1.000000 0.000000
vn 0.000011 1.000000 0.000000
vn 0.000011 1.000000 0.000000
vn 1.000000 0.000000 0.000000
vn 1.000000 0.000000 0.000000
vn 1.000000 0.000000 0.000000
vn 1.000000 0.000000 0.000000
vn 1.000000 0.000000 0.000000
vn 1.000000 0.000000 0.000000
vn -0.000009 -1.000000 0.000000
vn -0.000009 -1.000000 0.000000
vn -0.000009 -1.000000 0.000000
vn -0.000009 -1.000000 0.000000
vn 0.000000 1.000000 0.000000
vn 0.000000 1.000000 0.000000
vn 0.000000 1.000000 0.000000
vn 0.000000 1.000000 0.000000
vn 1.000000 0.000000 0.000000
vn 1.000000 0.000000 0.000000
vn 1.000000 0.000000 0.000000
vn 1.000000 0.000000 0.000000
vn 1.000000 0.000000 0.000000
vn 1.000000 0.000000 0.000000
vn -0.000020 -1.000000 0.000000
vn -0.000020 -1.000000 0.000000
vn -0.000020 -1.000000 0.000000
vn -0.000020 -1.000000 0.000000
vn -0.000006 -1.000000 0.000000
vn -0.000006 -1.000000 0.000000
vn -0.000006 -1.000000 0.000000
vn -0.000006 -1.000000 0.000000
vn 0.000000 1.000000 0.000000
vn 0.000000 1.000000 0.000000
vn 0.000000 1.000000 0.000000
vn 0.000000 1.000000 0.000000
vn -1.000000 0.000000 0.000000
vn -1.000000 0.000000 0.000000
vn -1.000000 0.000000 0.000000
vn -1.000000 0.000000 0.000000
vn -1.000000 0.000000 0.000000
vn -1.000000 0.000000 0.000000
vn 0.000011 1.000000 0.000000
vn 0.000011 1.000000 0.000000
vn 0.000011 1.000000 0.000000
vn 0.000011 1.000000 0.000000
vn -1.000000 0.000000 0.000000
vn -1.000000 0.000000 0.000000
vn -1.000000 0.000000 0.000000
vn -1.000000 0.000000 0.000000
vn -1.000000 0.000000 0.000000
vn -1.000000 0.000000 0.000000
vn -0.000009 -1.000000 0.000000
vn -0.000009 -1.000000 0.000000
vn -0.000009 -1.000000 0.000000
vn -0.000009 -1.000000 0.000000
vn 0.000004 1.000000 0.000000
vn 0.000004 1.000000 0.000000
vn 0.000004 1.000000 0.000000
vn 0.000004 1.000000 0.000000
vn -1.000000 -0.000003 0.000000
vn -1.000000 -0.000003 0.000000
vn -1.000000 -0.000003 0.000000
vn -1.000000 -0.000003 0.000000
vn -1.000000 -0.000003 0.000000
vn -1.000000 -0.000003 0.000000
vn -0.000003 -1.000000 0.000000
vn -0.000003 -1.000000 0.000000
vn -0.000003 -1.000000 0.000000
vn -0.000003 -1.000000 0.000000
vn 0.000011 1.000000 0.000000
vn 0.000011 1.000000 0.000000
vn 0.000011 1.000000 0.000000
vn 0.000011 1.000000 0.000000
vn -1.000000 0.000000 0.000000
vn -1.000000 0.000000 0.000000
vn -1.000000 0.000000 0.000000
vn -1.000000 0.000000 0.000000
vn -1.000000 0.000000 0.000000
vn -1.000000 0.000000 0.000000
vn -0.000002 -1.000000 0.000000
vn -0.000002 -1.000000 0.000000
vn -0.000002 -1.000000 0.000000
vn -0.000002 -1.000000 0.000000
vn -0.000011 1.000000 0.000000
vn -0.000011 1.000000 0.000000
vn -0.000011 1.000000 0.000000
vn -0.000011 1.000000 0.000000
vn -1.000000 0.000000 0.000000
vn -1.000000 0.000000 0.000000
vn -1.000000 0.000000 0.000000
vn -1.000000 0.000000 0.000000
vn -1.000000 0.000000 0.000000
vn -1.000000 0.000000 0.000000
vn 0.000002 -1.000000 0.000000
vn 0.000002 -1.000000 0.000000
vn 0.000002 -1.000000 0.000000
vn 0.000002 -1.000000 0.000000
vn -0.000004 1.000000 0.000000
vn -0.000004 1.000000 0.000000
vn -0.000004 1.000000 0.000000
vn -0.000004 1.000000 0.000000
vn -1.000000 0.000000 0.000000
vn -1.000000 0.000000 0.000000
vn -1.000000 0.000000 0.000000
vn -1.000000 0.000000 0.000000
vn -1.000000 0.000000 0.000000
vn -1.000000 0.000000 0.000000
vn 0.000003 -1.000000 0.000000
vn 0.000003 -1.000000 0.000000
vn 0.000003 -1.000000 0.000000
vn 0.000003 -1.000000 0.000000
vn -0.000011 1.000000 0.000000
vn -0.000011 1.000000 0.000000
vn -0.000011 1.000000 0.000000
vn -0.000011 1.000000 0.000000
vn -1.000000 0.000000 0.000000
vn -1.000000 0.000000 0.000000
vn -1.000000 0.000000 0.000000
vn -1.000000 0.000000 0.000000
vn -1.000000 0.000000 0.000000
vn -1.000000 0.000000 0.000000
vn 0.000009 -1.000000 0.000000
vn 0.000009 -1.000000 0.000000
vn 0.000009 -1.000000 0.000000
vn 0.000009 -1.000000 0.000000
vn 0.000000 1.000000 0.000000
vn 0.000000 1.000000 0.000000
vn 0.000000 1.000000 0.000000
vn 0.000000 1.000000 0.000000
vn -1.000000 0.000000 0.000000
vn -1.000000 0.000000 0.000000
vn -1.000000 0.000000 0.000000
vn -1.000000 0.000000 0.000000
vn -1.000000 0.000000 0.000000
vn -1.000000 0.000000 0.000000
vn 0.000006 -1.000000 0.000000
vn 0.000006 -1.000000 0.000000
vn 0.000006 -1.000000 0.000000
vn 0.000006 -1.000000 0.000000
vn -0.000018 0.598783 -0.800911
vn -0.000018 0.598783 -0.800911
vn -0.000009 0.598787 -0.800908
vn -0.000009 0.598787 -0.800908
vn -0.000019 0.598781 0.800913
vn -0.000019 0.598781 0.800913
vn -0.000009 0.598786 0.800909
vn -0.000009 0.598786 0.800909
vn 0.000024 0.598794 -0.800903
vn -0.001748 0.502129 -0.864791
vn 0.001135 0.538081 -0.842892
vn 0.000008 0.598795 -0.800902
vn 0.001135 0.538079 0.842893
vn -0.001749 0.502124 0.864794
vn 0.000022 0.598789 0.800907
vn 0.000008 0.598794 0.800903
vn -0.000009 0.598812 -0.800890
vn -0.000009 0.598812 -0.800890
vn -0.000007 0.598837 -0.800871
vn -0.000007 0.598837 -0.800871
vn -0.000001 0.598830 -0.800876
vn -0.000001 0.598830 -0.800876
vn -0.000001 0.598813 -0.800889
vn -0.000001 0.598813 -0.800888
vn -0.000001 0.598794 -0.800903
vn -0.000001 0.598794 -0.800903
vn -0.000001 0.598789 -0.800907
vn -0.000001 0.598789 -0.800907
vn 0.000001 0.598790 -0.800906
vn 0.000001 0.598790 -0.800906
vn 0.000001 0.598795 -0.800902
vn 0.000001 0.598795 -0.800902
vn 0.000001 0.598819 -0.800885
vn 0.000001 0.598819 -0.800884
vn 0.000001 0.598835 -0.800873
vn 0.000001 0.598835 -0.800873
vn 0.000007 0.598837 -0.800871
vn 0.000007 0.598837 -0.800871
vn 0.000008 0.598814 -0.800888
vn 0.000008 0.598814 -0.800888
vn 0.001332 0.211847 -0.977302
vn -0.000009 0.598811 0.800890
vn -0.000009 0.598811 0.800890
vn -0.000007 0.598836 0.800872
vn -0.000007 0.598836 0.800872
vn -0.000001 0.598829 0.800877
vn -0.000001 0.598829 0.800877
vn -0.000001 0.598813 0.800889
vn -0.000001 0.598813 0.800889
vn -0.000001 0.598793 0.800904
vn -0.000001 0.598793 0.800904
vn -0.000001 0.598789 0.800907
vn -0.000001 0.598789 0.800907
vn 0.001330 0.211848 0.977302
vn 0.000729 0.509086 0.860715
vn 0.000001 0.598792 0.800904
vn -0.000727 0.509091 0.860712
vn 0.000001 0.598798 0.800900
vn -0.001330 0.211850 0.977301
vn 0.000001 0.598817 0.800886
vn 0.000001 0.598817 0.800886
vn 0.000001 0.598834 0.800873
vn 0.000001 0.598834 0.800873
vn 0.000007 0.598836 0.800872
vn 0.000007 0.598836 0.800872
vn 0.000008 0.598812 0.800889
vn 0.000008 0.598812 0.800889
vn 0.001332 0.211846 0.977302
vn -0.000019 0.598815 0.800887
vn -0.000019 0.598815 0.800887
vn -0.000006 0.598802 0.800897
vn -0.000006 0.598802 0.800897
vn -0.000019 0.598814 -0.800888
vn -0.000018 0.598814 -0.800888
vn -0.000006 0.598800 -0.800899
vn -0.000006 0.598800 -0.800899
vn 0.000019 0.598812 0.800889
vn 0.000019 0.598812 0.800889
vn 0.000006 0.598802 0.800897
vn 0.000006 0.598802 0.800897
vn 0.000021 0.598812 -0.800890
vn 0.000021 0.598812 -0.800890
vn 0.000006 0.598801 -0.800898
vn 0.000006 0.598801 -0.800898
vn -0.000005 0.598793 0.800904
vn -0.000005 0.598793 0.800904
vn -0.000006 0.598794 0.800903
vn -0.000006 0.598794 0.800903
vn -0.000005 0.598791 -0.800905
vn -0.000005 0.598791 -0.800905
vn -0.000006 0.598793 -0.800904
vn -0.000006 0.598793 -0.800904
vn -0.000004 0.598801 0.800898
vn -0.000004 0.598801 0.800898
vn -0.000002 0.598800 0.800898
vn -0.000002 0.598800 0.800898
vn -0.000004 0.598799 -0.800899
vn -0.000004 0.598799 -0.800899
vn -0.000002 0.598799 -0.800899
vn -0.000002 0.598799 -0.800899
vn -0.000004 0.598774 0.800918
vn -0.000004 0.598774 0.800918
vn -0.000003 0.598752 0.800935
vn -0.000003 0.598752 0.800934
vn -0.000004 0.598773 -0.800918
vn -0.000004 0.598773 -0.800918
vn -0.000003 0.598750 -0.800936
vn -0.000003 0.598750 -0.800936
vn 0.000003 0.598752 0.800935
vn 0.000003 0.598752 0.800935
vn 0.000004 0.598775 0.800917
vn 0.000004 0.598775 0.800917
vn 0.000003 0.598750 -0.800936
vn 0.000003 0.598750 -0.800936
vn 0.000004 0.598774 -0.800918
vn 0.000004 0.598774 -0.800918
vn 0.000002 0.598802 0.800897
vn 0.000002 0.598802 0.800897
vn 0.000004 0.598801 0.800898
vn 0.000004 0.598801 0.800898
vn 0.000002 0.598800 -0.800898
vn 0.000002 0.598800 -0.800898
vn 0.000004 0.598800 -0.800898
vn 0.000004 0.598800 -0.800898
vn 0.000006 0.598795 0.800902
vn 0.000006 0.598795 0.800902
vn 0.000005 0.598793 0.800904
vn 0.000005 0.598793 0.800904
vn 0.000006 0.598793 -0.800904
vn 0.000006 0.598793 -0.800904
vn 0.000005 0.598791 -0.800905
vn 0.000005 0.598791 -0.800905
vn -0.000034 1.000000 0.000000
vn -0.000075 1.000000 0.000000
vn -0.000075 1.000000 0.000000
vn -0.000075 1.000000 0.000000
vn -0.000075 1.000000 0.000000
vn -0.000034 1.000000 0.000000
vn 0.000035 1.000000 0.000000
vn 0.000081 1.000000 0.000000
vn 0.000081 1.000000 0.000000
vn 0.000081 1.000000 0.000000
vn 0.000081 1.000000 0.000000
vn 0.000035 1.000000 0.000000
vn -0.000010 1.000000 0.000000
vn -0.000014 1.000000 0.000000
vn -0.000014 1.000000 0.000000
vn -0.000010 1.000000 0.000000
vn -0.000005 1.000000 0.000000
vn -0.000008 1.000000 0.000000
vn -0.000008 1.000000 0.000000
vn -0.000005 1.000000 0.000000
vn -0.000003 1.000000 0.000000
vn -0.000004 1.000000 0.000000
vn -0.000004 1.000000 0.000000
vn -0.000003 1.000000 0.000000
vn 0.000002 1.000000 0.000000
vn -0.000002 1.000000 0.000000
vn -0.000002 1.000000 0.000000
vn 0.000002 1.000000 0.000000
vn 0.000004 1.000000 0.000000
vn 0.000003 1.000000 0.000000
vn 0.000003 1.000000 0.000000
vn 0.000004 1.000000 0.000000
vn 0.000008 1.000000 0.000000
vn 0.000005 1.000000 0.000000
vn 0.000005 1.000000 0.000000
vn 0.000008 1.000000 0.000000
vn 0.000014 1.000000 0.000000
vn 0.000010 1.000000 0.000000
vn 0.000010 1.000000 0.000000
vn 0.000014 1.000000 0.000000
vn -0.000013 1.000000 0.000000
vn -0.000009 1.000000 0.000000
vn -0.000009 1.000000 0.000000
vn -0.000013 1.000000 0.000000
vn -0.000009 1.000000 0.000000
vn -0.000005 1.000000 0.000000
vn -0.000005 1.000000 0.000000
vn -0.000009 1.000000 0.000000
vn -0.000004 1.000000 0.000000
vn -0.000010 1.000000 0.000000
vn -0.000010 1.000000 0.000000
vn -0.000004 1.000000 0.000000
vn -0.000008 1.000000 0.000000
vn 0.000008 1.000000 0.000000
vn 0.000008 1.000000 0.000000
vn -0.000008 1.000000 0.000000
vn 0.000010 1.000000 0.000000
vn 0.000004 1.000000 0.000000
vn 0.000004 1.000000 0.000000
vn 0.000010 1.000000 0.000000
vn 0.000005 1.000000 0.000000
vn 0.000009 1.000000 0.000000
vn 0.000009 1.000000 0.000000
vn 0.000005 1.000000 0.000000
vn 0.000009 1.000000 0.000000
vn 0.000013 1.000000 0.000000
vn 0.000013 1.000000 0.000000
vn 0.000009 1.000000 0.000000
vn 0.000034 1.000000 0.000001
vn 0.000034 1.000000 0.000001
vn -0.000035 1.000000 -0.000002
vn -0.000035 1.000000 -0.000002
vn -0.000000 0.000000 -1.000000
vn 0.000000 0.000000 -1.000000
vn 0.000000 0.000000 -1.000000
vn -0.000000 0.000000 -1.000000
vn 0.000000 0.000000 -1.000000
vn -0.000000 0.000000 -1.000000
vn -0.000000 0.000000 -1.000000
vn 0.000000 0.000000 -1.000000
vn 0.000000 0.000000 -1.000000
vn 0.000000 0.000000 -1.000000
vn 0.000000 0.000000 -1.000000
vn 0.000000 0.000000 -1.000000
vn 0.000000 0.000000 -1.000000
vn 0.000000 0.000000 -1.000000
vn 0.000000 0.000000 -1.000000
vn 0.000000 0.000000 -1.000000
vn 0.000000 0.000000 -1.000000
vn -0.000000 0.000000 -1.000000
vn -0.000000 0.000000 -1.000000
vn -0.000000 0.000000 -1.000000
vn -0.000000 0.000000 -1.000000
vn 0.000000 0.000000 -1.000000
vn 0.000000 0.000000 -1.000000
vn -0.000000 0.000000 -1.000000
vn 0.000000 0.000000 -1.000000
vn 0.000000 0.000000 -1.000000
vn 0.000000 0.000000 -1.000000
vn 0.000000 0.000000 -1.000000
vn 0.000000 0.000000 -1.000000
vn 0.000000 0.000000 -1.000000
vn 0.000659 0.043077 -0.999072
vn -0.001058 0.069332 -0.997593
vn 0.000000 0.000000 1.000000
vn 0.000000 0.000000 1.000000
vn -0.001058 0.069331 0.997593
vn 0.000659 0.043076 0.999072
vn 0.000000 0.000000 1.000000
vn 0.000000 0.000000 1.000000
vn 0.000000 0.000000 1.000000
vn 0.000000 0.000000 1.000000
vn 0.000000 0.000000 1.000000
vn 0.000000 0.000000 1.000000
vn 0.000000 0.000000 1.000000
vn 0.000000 0.000000 1.000000
vn -0.000000 0.000000 1.000000
vn 0.000000 0.000000 1.000000
vn -0.000457 0.067595 0.997713
vn 0.000457 0.067597 0.997713
vn 0.000000 0.000000 1.000000
vn -0.000000 0.000000 1.000000
vn -0.000000 0.000000 1.000000
vn 0.000000 0.000000 1.000000
vn -0.000000 0.000000 1.000000
vn -0.000000 0.000000 1.000000
vn -0.000000 0.000000 1.000000
vn -0.000000 0.000000 1.000000
vn 0.000000 0.000000 1.000000
vn 0.000000 0.000000 1.000000
vn 0.000000 0.000000 1.000000
vn 0.000000 0.000000 1.000000
vn 0.000000 0.000000 1.000000
vn 0.000000 0.000000 1.000000
vn 0.000000 0.000000 1.000000
vn 0.000000 0.000000 1.000000
vn 0.000000 0.000000 1.000000
vn 0.000000 0.000000 1.000000
vn 0.000000 0.000000 1.000000
vn 0.000000 0.000000 1.000000
vn 0.000000 0.000000 -1.000000
vn -0.000000 0.000000 -1.000000
vn 0.000000 0.000000 -1.000000
vn 0.000000 0.000000 -1.000000
vn 0.000000 0.000000 1.000000
vn 0.000000 0.000000 1.000000
vn 0.000000 0.000000 1.000000
vn 0.000000 0.000000 1.000000
vn 0.000000 0.000000 -1.000000
vn 0.000000 0.000000 -1.000000
vn 0.000000 0.000000 -1.000000
vn 0.000000 0.000000 -1.000000
vn 0.000000 0.000000 1.000000
vn 0.000000 0.000000 1.000000
vn 0.000000 0.000000 1.000000
vn 0.000000 0.000000 1.000000
vn -0.000000 0.000000 -1.000000
vn 0.000000 0.000000 -1.000000
vn 0.000000 0.000000 -1.000000
vn -0.000000 0.000000 -1.000000
vn 0.000000 0.000000 1.000000
vn 0.000000 0.000000 1.000000
vn 0.000000 0.000000 1.000000
vn 0.000000 0.000000 1.000000
vn 0.000000 0.000000 -1.000000
vn -0.000000 0.000000 -1.000000
vn -0.000000 0.000000 -1.000000
vn 0.000000 0.000000 -1.000000
vn 0.000000 0.000000 1.000000
vn 0.000000 0.000000 1.000000
vn 0.000000 0.000000 1.000000
vn 0.000000 0.000000 1.000000
vn 0.000000 0.000000 -1.000000
vn 0.000000 0.000000 -1.000000
vn 0.000000 0.000000 -1.000000
vn 0.000000 0.000000 -1.000000
vn 0.000000 0.000000 1.000000
vn 0.000000 0.000000 1.000000
vn 0.000000 0.000000 1.000000
vn 0.000000 0.000000 1.000000
vn 0.000000 0.000000 -1.000000
vn 0.000000 0.000000 -1.000000
vn 0.000000 0.000000 -1.000000
vn 0.000000 0.000000 -1.000000
vn 0.000000 0.000000 1.000000
vn 0.000000 0.000000 1.000000
vn 0.000000 0.000000 1.000000
vn 0.000000 0.000000 1.000000
vn -0.000000 0.000000 -1.000000
vn 0.000000 0.000000 -1.000000
vn 0.000000 0.000000 -1.000000
vn -0.000000 0.000000 -1.000000
vn 0.000000 0.000000 1.000000
vn 0.000000 0.000000 1.000000
vn 0.000000 0.000000 1.000000
vn 0.000000 0.000000 1.000000
vn -0.000000 0.000000 -1.000000
vn -0.000000 0.000000 -1.000000
vn -0.000000 0.000000 -1.000000
vn -0.000000 0.000000 -1.000000
vn 0.706358 -0.016464 0.707663
vn 0.706358 -0.016464 0.707663
vn 0.673600 -0.200552 0.711366
vn 0.673600 -0.200553 0.711366
vn 0.707102 0.000000 0.707112
vn 0.707102 0.000000 0.707112
vn 0.606099 -0.362121 0.708175
vn 0.606099 -0.362121 0.708175
vn -0.673603 -0.200553 0.711363
vn -0.673603 -0.200554 0.711363
vn -0.606086 -0.362144 0.708174
vn -0.606086 -0.362145 0.708174
vn -0.706368 -0.016462 0.707654
vn -0.706368 -0.016463 0.707654
vn -0.707112 0.000000 0.707101
vn -0.707112 0.000000 0.707101
vn 0.706358 -0.016464 -0.707663
vn 0.706358 -0.016464 -0.707663
vn 0.673600 -0.200553 -0.711366
vn 0.673600 -0.200553 -0.711366
vn 0.707102 0.000000 -0.707112
vn 0.707102 0.000000 -0.707112
vn 0.606099 -0.362121 -0.708176
vn 0.606099 -0.362121 -0.708176
vn -0.673603 -0.200553 -0.711363
vn -0.673603 -0.200553 -0.711363
vn -0.606086 -0.362145 -0.708174
vn -0.606086 -0.362144 -0.708174
vn -0.706368 -0.016462 -0.707653
vn -0.706368 -0.016462 -0.707654
vn -0.707112 0.000000 -0.707101
vn -0.707112 0.000000 -0.707101
vn 0.539513 -0.455398 0.708193
vn 0.539513 -0.455398 0.708193
vn 0.456979 -0.538167 0.708199
vn 0.456979 -0.538167 0.708199
vn 0.539514 -0.455397 -0.708194
vn 0.539514 -0.455397 -0.708194
vn 0.456979 -0.538167 -0.708199
vn 0.456979 -0.538167 -0.708199
vn 0.369366 -0.601678 0.708204
vn 0.369364 -0.601679 0.708204
vn 0.270160 -0.652277 0.708201
vn 0.270161 -0.652277 0.708201
vn 0.369364 -0.601679 -0.708204
vn 0.369366 -0.601678 -0.708204
vn 0.270161 -0.652277 -0.708201
vn 0.270160 -0.652277 -0.708201
vn 0.164548 -0.686568 0.708201
vn 0.164548 -0.686568 0.708201
vn 0.055711 -0.703808 0.708202
vn 0.055711 -0.703808 0.708202
vn 0.164547 -0.686570 -0.708199
vn 0.164547 -0.686570 -0.708199
vn 0.055710 -0.703810 -0.708200
vn 0.055710 -0.703810 -0.708200
vn -0.055711 -0.703809 0.708201
vn -0.055711 -0.703809 0.708201
vn -0.164551 -0.686568 0.708200
vn -0.164551 -0.686568 0.708200
vn -0.055710 -0.703811 -0.708199
vn -0.055710 -0.703811 -0.708199
vn -0.164551 -0.686570 -0.708198
vn -0.164550 -0.686570 -0.708198
vn -0.270163 -0.652280 0.708197
vn -0.270164 -0.652280 0.708197
vn -0.369370 -0.601685 0.708195
vn -0.369370 -0.601685 0.708195
vn -0.270163 -0.652279 -0.708198
vn -0.270163 -0.652279 -0.708198
vn -0.369370 -0.601684 -0.708197
vn -0.369370 -0.601684 -0.708197
vn -0.456997 -0.538159 0.708194
vn -0.456998 -0.538158 0.708194
vn -0.539516 -0.455400 0.708190
vn -0.539516 -0.455400 0.708190
vn -0.456998 -0.538158 -0.708194
vn -0.456997 -0.538159 -0.708194
vn -0.539515 -0.455401 -0.708190
vn -0.539515 -0.455401 -0.708190
vn -0.000000 0.000000 1.000000
vn -0.000000 0.000000 1.000000
vn -0.000000 0.000000 1.000000
vn 0.000000 0.000000 1.000000
vn -0.000000 0.000000 1.000000
vn 0.000000 0.000000 1.000000
vn 0.000000 0.000000 1.000000
vn -0.000000 0.000000 1.000000
vn -0.000000 0.000000 1.000000
vn -0.000000 0.000000 1.000000
vn -0.000000 0.000000 1.000000
vn 0.958584 -0.284809 0.000000
vn 0.999737 -0.022939 0.000000
vn 0.999737 -0.022939 0.000000
vn 0.958584 -0.284809 0.000000
vn 1.000000 0.000000 0.000000
vn 1.000000 0.000000 0.000000
vn -1.000000 0.000000 0.000000
vn -0.999737 -0.022936 0.000000
vn -0.999737 -0.022936 0.000000
vn -1.000000 0.000000 0.000000
vn -0.958584 -0.284810 0.000000
vn -0.958584 -0.284810 0.000000
vn -0.000000 0.000000 -1.000000
vn -0.000000 0.000000 -1.000000
vn -0.000000 0.000000 -1.000000
vn -0.000000 0.000000 -1.000000
vn -0.000000 0.000000 -1.000000
vn 0.000000 0.000000 -1.000000
vn 0.000000 0.000000 -1.000000
vn 0.000000 0.000000 -1.000000
vn 0.000000 0.000000 -1.000000
vn 0.000000 0.000000 -1.000000
vn 0.000000 0.000000 -1.000000
vn -0.000000 0.000000 1.000000
vn -0.000000 0.000000 1.000000
vn -0.000000 0.000000 1.000000
vn -0.000000 0.000000 1.000000
vn 0.764260 -0.644908 0.000000
vn 0.858391 -0.512996 0.000000
vn 0.858391 -0.512996 0.000000
vn 0.764260 -0.644908 0.000000
vn 0.000000 0.000000 1.000000
vn 0.000000 0.000000 1.000000
vn 0.000000 0.000000 1.000000
vn 0.000000 0.000000 1.000000
vn 0.523192 -0.852215 0.000000
vn 0.647206 -0.762315 0.000000
vn 0.647206 -0.762315 0.000000
vn 0.523192 -0.852215 0.000000
vn -0.000000 0.000000 1.000000
vn 0.000000 0.000000 1.000000
vn 0.000000 0.000000 1.000000
vn -0.000000 0.000000 1.000000
vn 0.233055 -0.972464 0.000001
vn 0.382659 -0.923890 0.000000
vn 0.382659 -0.923890 0.000000
vn 0.233055 -0.972464 0.000001
vn 0.000000 0.000000 1.000000
vn -0.000000 0.000000 1.000000
vn -0.000000 0.000000 1.000000
vn 0.000000 0.000000 1.000000
vn -0.078920 -0.996881 0.000003
vn 0.078919 -0.996881 0.000003
vn 0.078920 -0.996881 0.000003
vn -0.078921 -0.996881 0.000003
vn 0.000000 0.000000 1.000000
vn 0.000000 0.000000 1.000000
vn 0.000000 0.000000 1.000000
vn 0.000000 0.000000 1.000000
vn -0.382658 -0.923890 0.000000
vn -0.233060 -0.972462 0.000001
vn -0.233060 -0.972462 0.000001
vn -0.382658 -0.923890 0.000000
vn 0.000000 0.000000 1.000000
vn 0.000000 0.000000 1.000000
vn 0.000000 0.000000 1.000000
vn 0.000000 0.000000 1.000000
vn -0.647232 -0.762293 0.000000
vn -0.523193 -0.852214 0.000000
vn -0.523193 -0.852214 0.000000
vn -0.647232 -0.762293 0.000000
vn 0.000000 0.000000 1.000000
vn 0.000000 0.000000 1.000000
vn 0.000000 0.000000 1.000000
vn 0.000000 0.000000 1.000000
vn -0.858370 -0.513032 0.000000
vn -0.764259 -0.644909 0.000000
vn -0.764259 -0.644909 0.000000
vn -0.858370 -0.513032 0.000000
vn 0.000000 0.000000 -1.000000
vn 0.000000 0.000000 -1.000000
vn 0.000000 0.000000 -1.000000
vn 0.000000 0.000000 -1.000000
vn 0.000000 0.000000 -1.000000
vn -0.000000 0.000000 -1.000000
vn -0.000000 0.000000 -1.000000
vn 0.000000 0.000000 -1.000000
vn 0.000000 0.000000 -1.000000
vn 0.000000 0.000000 -1.000000
vn 0.000000 0.000000 -1.000000
vn 0.000000 0.000000 -1.000000
vn 0.000000 0.000000 -1.000000
vn 0.000000 0.000000 -1.000000
vn 0.000000 0.000000 -1.000000
vn 0.000000 0.000000 -1.000000
vn 0.000000 0.000000 -1.000000
vn -0.000000 0.000000 -1.000000
vn -0.000000 0.000000 -1.000000
vn 0.000000 0.000000 -1.000000
vn 0.000000 0.000000 -1.000000
vn 0.000000 0.000000 -1.000000
vn 0.000000 0.000000 -1.000000
vn 0.000000 0.000000 -1.000000
vn -0.000000 0.000000 -1.000000
vn -0.000000 0.000000 -1.000000
vn -0.000000 0.000000 -1.000000
vn -0.000000 0.000000 -1.000000
vn 0.000000 0.000000 1.000000
vn 0.000000 0.000000 1.000000
vn 0.000000 0.000000 -1.000000
vn 0.000000 0.000000 -1.000000
vn 0.000000 0.000000 1.000000
vn 0.000000 0.000000 -1.000000
vn -0.876443 -0.000999 0.481505
vn -0.876443 -0.000999 0.481505
vn 0.876443 -0.000999 0.481505
vn 0.876443 -0.000999 0.481505
vn -0.876443 -0.000999 -0.481505
vn -0.876443 -0.000999 -0.481505
vn 0.876443 -0.000999 -0.481505
vn 0.876443 -0.000999 -0.481505
vn -0.707101 -0.707113 0.000000
vn -0.707101 -0.707113 0.000000
vn -0.707099 -0.707114 0.000000
vn -0.707099 -0.707114 0.000000
vn 0.707080 -0.707134 0.000000
vn 0.707080 -0.707134 0.000000
vn 0.707081 -0.707132 0.000000
vn 0.707081 -0.707132 0.000000
vn 0.000023 -0.707099 0.707114
vn 0.000023 -0.707099 0.707114
vn 0.000012 -0.707114 0.707099
vn 0.000012 -0.707114 0.707099
vn -0.000024 -0.707096 0.707117
vn -0.000024 -0.707096 0.707117
vn -0.000012 -0.707114 0.707100
vn -0.000012 -0.707114 0.707100
vn 0.000024 -0.707097 -0.707116
vn 0.000024 -0.707097 -0.707116
vn 0.000012 -0.707115 -0.707099
vn 0.000012 -0.707114 -0.707099
vn -0.000023 -0.707098 -0.707116
vn -0.000023 -0.707098 -0.707116
vn -0.000012 -0.707114 -0.707099
vn -0.000012 -0.707114 -0.707099
vn 0.000006 -0.707131 0.707083
vn 0.000006 -0.707130 0.707083
vn 0.000003 -0.707118 0.707096
vn 0.000003 -0.707118 0.707096
vn 0.000006 -0.707131 -0.707083
vn 0.000006 -0.707131 -0.707083
vn 0.000003 -0.707118 -0.707096
vn 0.000003 -0.707118 -0.707096
vn 0.000004 -0.707101 0.707112
vn 0.000004 -0.707101 0.707112
vn 0.000005 -0.707093 0.707121
vn 0.000005 -0.707093 0.707121
vn 0.000004 -0.707101 -0.707112
vn 0.000004 -0.707101 -0.707112
vn 0.000005 -0.707093 -0.707121
vn 0.000005 -0.707093 -0.707121
vn 0.000003 -0.707072 0.707141
vn 0.000003 -0.707072 0.707141
vn 0.000000 -0.707069 0.707144
vn 0.000000 -0.707069 0.707144
vn 0.000003 -0.707072 -0.707141
vn 0.000003 -0.707072 -0.707141
vn 0.000000 -0.707069 -0.707144
vn 0.000000 -0.707069 -0.707144
vn -0.000000 -0.707070 0.707144
vn -0.000000 -0.707070 0.707144
vn -0.000003 -0.707072 0.707141
vn -0.000003 -0.707072 0.707141
vn -0.000000 -0.707070 -0.707144
vn -0.000000 -0.707070 -0.707144
vn -0.000003 -0.707072 -0.707141
vn -0.000003 -0.707072 -0.707141
vn -0.000005 -0.707091 0.707122
vn -0.000005 -0.707091 0.707122
vn -0.000004 -0.707101 0.707112
vn -0.000004 -0.707101 0.707112
vn -0.000005 -0.707091 -0.707122
vn -0.000005 -0.707091 -0.707122
vn -0.000004 -0.707101 -0.707112
vn -0.000004 -0.707101 -0.707112
vn -0.000003 -0.707118 0.707095
vn -0.000003 -0.707118 0.707095
vn -0.000006 -0.707131 0.707083
vn -0.000006 -0.707130 0.707083
vn -0.000003 -0.707118 -0.707095
vn -0.000003 -0.707118 -0.707095
vn -0.000006 -0.707131 -0.707082
vn -0.000006 -0.707131 -0.707082
vn 0.000060 -1.000000 -0.000083
vn 0.000002 -1.000000 -0.000014
vn 0.000008 -1.000000 -0.000010
vn -0.000060 -1.000000 0.000083
vn -0.000002 -1.000000 0.000014
vn -0.000008 -1.000000 0.000011
vn -1.000000 -0.000003 0.000000
vn -1.000000 -0.000003 0.000000
vn -1.000000 -0.000003 0.000000
vn -1.000000 -0.000003 0.000000
vn -1.000000 -0.000003 0.000000
vn -1.000000 -0.000003 0.000000
vn 1.000000 0.000008 0.000000
vn 1.000000 0.000008 0.000000
vn 1.000000 0.000008 0.000000
vn 1.000000 0.000009 0.000000
vn 1.000000 0.000009 0.000000
vn 1.000000 0.000008 0.000000
vn 0.000008 -1.000000 0.000010
vn 0.000029 -1.000000 0.000006
vn 0.000059 -1.000000 -0.000010
vn 0.000059 -1.000000 -0.000010
vn -0.000059 -1.000000 0.000000
vn -0.000059 -1.000000 0.000000
vn -0.000029 -1.000000 0.000009
vn 0.000059 -1.000000 0.000009
vn 0.000059 -1.000000 0.000009
vn 0.000029 -1.000000 -0.000007
vn -0.000008 -1.000000 -0.000010
vn -0.000029 -1.000000 -0.000008
vn -0.000059 -1.000000 0.000002
vn -0.000059 -1.000000 0.000002
vn 0.000010 -1.000000 0.000010
vn 0.000020 -1.000000 0.000016
vn 0.000020 -1.000000 -0.000016
vn 0.000010 -1.000000 -0.000010
vn 0.000004 -1.000000 0.000000
vn 0.000001 -1.000000 0.000000
vn 0.000001 -1.000000 0.000000
vn 0.000004 -1.000000 0.000000
vn 0.000003 -1.000000 0.000000
vn 0.000005 -1.000000 0.000000
vn 0.000005 -1.000000 0.000000
vn 0.000003 -1.000000 0.000000
vn -0.000001 -1.000000 0.000000
vn 0.000001 -1.000000 0.000000
vn 0.000001 -1.000000 0.000000
vn -0.000001 -1.000000 0.000000
vn -0.000005 -1.000000 0.000000
vn -0.000003 -1.000000 0.000000
vn -0.000003 -1.000000 0.000000
vn -0.000005 -1.000000 0.000000
vn -0.000001 -1.000000 0.000000
vn -0.000004 -1.000000 0.000000
vn -0.000004 -1.000000 0.000000
vn -0.000001 -1.000000 0.000000
vn -0.000020 -1.000000 0.000016
vn -0.000010 -1.000000 0.000010
vn -0.000010 -1.000000 -0.000010
vn -0.000020 -1.000000 -0.000016
vn 0.000000 0.000000 1.000000
vn 0.000000 0.000000 1.000000
vn 0.000000 0.000000 1.000000
vn 0.000000 0.000000 1.000000
vn 0.000000 0.000000 1.000000
vn 0.000000 0.000000 1.000000
vn 0.000000 0.000000 1.000000
vn 0.000000 0.000000 1.000000
vn 0.000000 0.000000 1.000000
vn 0.000000 0.000000 1.000000
vn 0.000000 0.000000 1.000000
vn 0.000000 0.000000 1.000000
vn 0.000000 0.000000 1.000000
vn 0.000000 0.000000 1.000000
vn 0.000000 0.000000 -1.000000
vn 0.000000 0.000000 -1.000000
vn -0.000000 0.000000 -1.000000
vn 0.000000 0.000000 -1.000000
vn 0.000000 0.000000 -1.000000
vn -0.000000 0.000000 -1.000000
vn 0.000000 0.000000 -1.000000
vn 0.000000 0.000000 -1.000000
vn 0.000000 0.000000 -1.000000
vn 0.000000 0.000000 -1.000000
vn 0.000000 0.000000 -1.000000
vn 0.000000 0.000000 -1.000000
vn 0.000000 0.000000 -1.000000
vn 0.000000 0.000000 -1.000000
vn 0.000000 0.000000 1.000000
vn 0.000000 0.000000 1.000000
vn -0.000000 0.000000 -1.000000
vn -0.000000 0.000000 -1.000000
vn 0.000000 0.000000 1.000000
vn 0.000000 0.000000 1.000000
vn 0.000000 0.000000 -1.000000
vn 0.000000 0.000000 -1.000000
vn 0.000002 -1.000000 0.000015
vn 0.000060 -1.000000 0.000087
vn 0.000010 -1.000000 0.000000
vn 0.000010 -1.000000 0.000000
vn -0.000002 -1.000000 -0.000014
vn -0.000010 -1.000000 0.000000
vn -0.000010 -1.000000 0.000000
vn -0.000060 -1.000000 -0.000083
vn -0.712515 -0.593201 0.374745
vn -0.712515 -0.593201 0.374745
vn -0.712515 -0.593201 0.374745
vn -0.712515 -0.593201 0.374745
vn 0.712548 -0.593140 0.374781
vn 0.712548 -0.593140 0.374781
vn 0.712548 -0.593140 0.374781
vn 0.712548 -0.593140 0.374781
vn -0.712508 -0.593210 -0.374745
vn -0.712508 -0.593210 -0.374745
vn -0.712508 -0.593210 -0.374745
vn -0.712508 -0.593210 -0.374745
vn 0.712534 -0.593158 -0.374778
vn 0.712534 -0.593158 -0.374778
vn 0.712534 -0.593158 -0.374778
vn 0.712534 -0.593158 -0.374778
vn 1.000000 -0.000001 0.000000
vn 1.000000 -0.000001 0.000000
vn 1.000000 -0.000001 0.000000
vn 1.000000 -0.000001 0.000000
vn 1.000000 -0.000001 0.000000
vn 1.000000 -0.000001 0.000000
vn 1.000000 0.000003 0.000000
vn 1.000000 0.000003 0.000000
vn 1.000000 0.000003 0.000000
vn 1.000000 0.000003 0.000000
vn 1.000000 0.000003 0.000000
vn 1.000000 0.000003 0.000000
vn 1.000000 0.000003 0.000000
vn 1.000000 0.000003 0.000000
vn 1.000000 0.000003 0.000000
vn 1.000000 0.000003 0.000000
vn 1.000000 0.000003 0.000000
vn 1.000000 0.000003 0.000000
vn 1.000000 -0.000001 0.000000
vn 1.000000 -0.000001 0.000000
vn 1.000000 -0.000001 0.000000
vn 1.000000 -0.000001 0.000000
vn 1.000000 -0.000001 0.000000
vn 1.000000 -0.000001 0.000000
vn 1.000000 0.000003 0.000000
vn 1.000000 0.000003 0.000000
vn 1.000000 0.000003 0.000000
vn 1.000000 0.000003 0.000000
vn 1.000000 0.000003 0.000000
vn 1.000000 0.000003 0.000000
vn 1.000000 -0.000001 0.000000
vn 1.000000 -0.000001 0.000000
vn 1.000000 -0.000001 0.000000
vn 1.000000 -0.000001 0.000000
vn 1.000000 -0.000001 0.000000
vn 1.000000 -0.000001 0.000000
vn 1.000000 0.000000 0.000000
vn 1.000000 0.000000 0.000000
vn 1.000000 0.000000 0.000000
vn 1.000000 0.000000 0.000000
vn 1.000000 0.000000 0.000000
vn 1.000000 0.000000 0.000000
vn 1.000000 -0.000001 0.000000
vn 1.000000 -0.000001 0.000000
vn 1.000000 -0.000001 0.000000
vn 1.000000 -0.000001 0.000000
vn 1.000000 -0.000001 0.000000
vn 1.000000 -0.000001 0.000000
vn -1.000000 -0.000003 0.000000
vn -1.000000 -0.000003 0.000000
vn -1.000000 -0.000003 0.000000
vn -1.000000 -0.000003 0.000000
vn -1.000000 -0.000003 0.000000
vn -1.000000 -0.000003 0.000000
vn -1.000000 0.000000 0.000000
vn -1.000000 0.000000 0.000000
vn -1.000000 0.000000 0.000000
vn -1.000000 0.000000 0.000000
vn -1.000000 0.000000 0.000000
vn -1.000000 0.000000 0.000000
vn -1.000000 0.000003 0.000000
vn -1.000000 0.000003 0.000000
vn -1.000000 0.000003 0.000000
vn -1.000000 0.000003 0.000000
vn -1.000000 0.000003 0.000000
vn -1.000000 0.000003 0.000000
vn -1.000000 0.000000 0.000000
vn -1.000000 0.000000 0.000000
vn -1.000000 0.000000 0.000000
vn -1.000000 0.000000 0.000000
vn -1.000000 0.000000 0.000000
vn -1.000000 0.000000 0.000000
vn -1.000000 0.000002 0.000000
vn -1.000000 0.000002 0.000000
vn -1.000000 0.000002 0.000000
vn -1.000000 0.000002 0.000000
vn -1.000000 0.000002 0.000000
vn -1.000000 0.000002 0.000000
vn -1.000000 -0.000002 0.000000
vn -1.000000 -0.000002 0.000000
vn -1.000000 -0.000002 0.000000
vn -1.000000 -0.000002 0.000000
vn -1.000000 -0.000002 0.000000
vn -1.000000 -0.000002 0.000000
vn -1.000000 0.000002 0.000000
vn -1.000000 0.000002 0.000000
vn -1.000000 0.000002 0.000000
vn -1.000000 0.000002 0.000000
vn -1.000000 0.000002 0.000000
vn -1.000000 0.000002 0.000000
vn -1.000000 0.000002 0.000000
vn -1.000000 0.000002 0.000000
vn -1.000000 0.000002 0.000000
vn -1.000000 0.000002 0.000000
vn -1.000000 0.000002 0.000000
vn -1.000000 0.000002 0.000000
vn 0.000004 -0.707139 0.707075
vn 0.000004 -0.707139 0.707075
vn 0.000004 -0.707139 0.707075
vn 0.000004 -0.707139 0.707075
vn 0.000004 -0.707139 -0.707075
vn 0.000004 -0.707139 -0.707075
vn 0.000004 -0.707139 -0.707075
vn 0.000004 -0.707139 -0.707075
vn 0.000006 -0.707096 0.707117
vn 0.000006 -0.707096 0.707117
vn 0.000006 -0.707096 0.707117
vn 0.000006 -0.707096 0.707117
vn 0.000006 -0.707098 -0.707116
vn 0.000006 -0.707098 -0.707116
vn 0.000006 -0.707098 -0.707116
vn 0.000006 -0.707098 -0.707116
vn 0.000003 -0.707106 0.707108
vn 0.000003 -0.707106 0.707108
vn 0.000003 -0.707106 0.707108
vn 0.000003 -0.707106 0.707108
vn 0.000003 -0.707108 -0.707106
vn 0.000003 -0.707108 -0.707106
vn 0.000003 -0.707108 -0.707106
vn 0.000003 -0.707108 -0.707106
vn 0.000002 -0.707098 0.707116
vn 0.000002 -0.707098 0.707116
vn 0.000002 -0.707098 0.707116
vn 0.000002 -0.707098 0.707116
vn 0.000002 -0.707098 -0.707116
vn 0.000002 -0.707098 -0.707116
vn 0.000002 -0.707098 -0.707116
vn 0.000002 -0.707098 -0.707116
vn -0.000002 -0.707102 0.707112
vn -0.000002 -0.707102 0.707112
vn -0.000002 -0.707102 0.707112
vn -0.000002 -0.707102 0.707112
vn -0.000002 -0.707102 -0.707112
vn -0.000002 -0.707102 -0.707112
vn -0.000002 -0.707102 -0.707112
vn -0.000002 -0.707102 -0.707112
vn -0.000003 -0.707102 0.707111
vn -0.000003 -0.707102 0.707111
vn -0.000003 -0.707102 0.707111
vn -0.000003 -0.707102 0.707111
vn -0.000003 -0.707104 -0.707109
vn -0.000003 -0.707104 -0.707109
vn -0.000003 -0.707104 -0.707109
vn -0.000003 -0.707104 -0.707109
vn -0.000006 -0.707098 0.707116
vn -0.000006 -0.707098 0.707116
vn -0.000006 -0.707098 0.707116
vn -0.000006 -0.707098 0.707116
vn -0.000006 -0.707098 -0.707116
vn -0.000006 -0.707098 -0.707116
vn -0.000006 -0.707098 -0.707116
vn -0.000006 -0.707098 -0.707116
vn -0.000004 -0.707139 0.707075
vn -0.000004 -0.707139 0.707075
vn -0.000004 -0.707139 0.707075
vn -0.000004 -0.707139 0.707075
vn -0.000004 -0.707141 -0.707073
vn -0.000004 -0.707141 -0.707073
vn -0.000004 -0.707141 -0.707073
vn -0.000004 -0.707141 -0.707073
vn 0.000014 -0.707111 -0.707102
vn 0.000014 -0.707111 -0.707102
vn 0.000014 -0.707111 -0.707102
vn 0.000014 -0.707111 -0.707102
vn 0.000006 -0.707112 -0.707101
vn 0.000006 -0.707112 -0.707101
vn 0.000006 -0.707112 -0.707101
vn 0.000006 -0.707112 -0.707101
vn 0.000002 -0.707108 -0.707106
vn 0.000002 -0.707108 -0.707106
vn 0.000002 -0.707108 -0.707106
vn 0.000002 -0.707108 -0.707106
vn 0.000002 -0.707058 -0.707156
vn 0.000002 -0.707058 -0.707156
vn 0.000002 -0.707058 -0.707156
vn 0.000002 -0.707058 -0.707156
vn -0.000002 -0.707062 -0.707152
vn -0.000002 -0.707062 -0.707152
vn -0.000002 -0.707062 -0.707152
vn -0.000002 -0.707062 -0.707152
vn -0.000002 -0.707114 -0.707100
vn -0.000002 -0.707114 -0.707100
vn -0.000002 -0.707114 -0.707100
vn -0.000002 -0.707114 -0.707100
vn -0.000006 -0.707112 -0.707101
vn -0.000006 -0.707112 -0.707101
vn -0.000006 -0.707112 -0.707101
vn -0.000006 -0.707112 -0.707101
vn -0.000014 -0.707114 -0.707100
vn -0.000014 -0.707114 -0.707100
vn -0.000014 -0.707114 -0.707100
vn -0.000014 -0.707114 -0.707100
vn -0.000014 -0.707114 0.707100
vn -0.000014 -0.707114 0.707100
vn -0.000014 -0.707114 0.707100
vn -0.000014 -0.707114 0.707100
vn -0.000006 -0.707112 0.707101
vn -0.000006 -0.707112 0.707101
vn -0.000006 -0.707112 0.707101
vn -0.000006 -0.707112 0.707101
vn -0.000002 -0.707114 0.707100
vn -0.000002 -0.707114 0.707100
vn -0.000002 -0.707114 0.707100
vn -0.000002 -0.707114 0.707100
vn -0.000002 -0.707062 0.707152
vn -0.000002 -0.707062 0.707152
vn -0.000002 -0.707062 0.707152
vn -0.000002 -0.707062 0.707152
vn 0.000002 -0.707058 0.707156
vn 0.000002 -0.707058 0.707156
vn 0.000002 -0.707058 0.707156
vn 0.000002 -0.707058 0.707156
vn 0.000002 -0.707108 0.707106
vn 0.000002 -0.707108 0.707106
vn 0.000002 -0.707108 0.707106
vn 0.000002 -0.707108 0.707106
vn 0.000006 -0.707112 0.707101
vn 0.000006 -0.707112 0.707101
vn 0.000006 -0.707112 0.707101
vn 0.000006 -0.707112 0.707101
vn 0.000014 -0.707111 0.707102
vn 0.000014 -0.707111 0.707102
vn 0.000014 -0.707111 0.707102
vn 0.000014 -0.707111 0.707102
vn 0.685973 0.000000 0.727627
vn 0.685973 0.000000 0.727627
vn 0.685973 0.000000 0.727627
vn 0.685973 0.000000 0.727627
vn -0.686000 0.000000 0.727602
vn -0.686000 0.000000 0.727602
vn -0.686000 0.000000 0.727602
vn -0.686000 0.000000 0.727602
vn 0.685973 0.000000 -0.727627
vn 0.685973 0.000000 -0.727627
vn 0.685973 0.000000 -0.727627
vn 0.685973 0.000000 -0.727627
vn -0.685999 0.000000 -0.727603
vn -0.685999 0.000000 -0.727603
vn -0.685999 0.000000 -0.727603
vn -0.685999 0.000000 -0.727603
vn 0.685993 0.000000 0.727608
vn 0.685993 0.000000 0.727608
vn 0.685993 0.000000 0.727608
vn 0.685993 0.000000 0.727608
vn -0.685994 0.000000 0.727607
vn -0.685994 0.000000 0.727607
vn -0.685994 0.000000 0.727607
vn -0.685994 0.000000 0.727607
vn 0.685992 0.000000 -0.727609
vn 0.685992 0.000000 -0.727609
vn 0.685992 0.000000 -0.727609
vn 0.685992 0.000000 -0.727609
vn -0.685992 0.000000 -0.727609
vn -0.685992 0.000000 -0.727609
vn -0.685992 0.000000 -0.727609
vn -0.685992 0.000000 -0.727609
vn 0.685993 0.000000 0.727608
vn 0.685993 0.000000 0.727608
vn 0.685993 0.000000 0.727608
vn 0.685993 0.000000 0.727608
vn -0.686012 0.000000 0.727590
vn -0.686012 0.000000 0.727590
vn -0.686012 0.000000 0.727590
vn -0.686012 0.000000 0.727590
vn 0.685992 0.000000 -0.727609
vn 0.685992 0.000000 -0.727609
vn 0.685992 0.000000 -0.727609
vn 0.685992 0.000000 -0.727609
vn -0.686013 0.000000 -0.727589
vn -0.686013 0.000000 -0.727590
vn -0.686013 0.000000 -0.727589
vn -0.686013 0.000000 -0.727589
vn 0.685984 0.000000 0.727616
vn 0.685984 0.000000 0.727616
vn 0.685984 0.000000 0.727616
vn 0.685984 0.000000 0.727616
vn -0.685999 0.000000 0.727603
vn -0.685998 0.000000 0.727603
vn -0.685999 0.000000 0.727603
vn -0.685999 0.000000 0.727603
vn 0.685985 0.000000 -0.727615
vn 0.685985 0.000000 -0.727615
vn 0.685985 0.000000 -0.727615
vn 0.685985 0.000000 -0.727615
vn -0.686000 0.000000 -0.727602
vn -0.685999 0.000000 -0.727602
vn -0.686000 0.000000 -0.727602
vn -0.685999 0.000000 -0.727602
vn 0.685998 0.000000 0.727604
vn 0.685998 0.000000 0.727604
vn 0.685998 0.000000 0.727604
vn 0.685998 0.000000 0.727604
vn -0.686012 0.000000 0.727590
vn -0.686012 0.000000 0.727590
vn -0.686012 0.000000 0.727590
vn -0.686012 0.000000 0.727590
vn 0.685999 0.000000 -0.727603
vn 0.685999 0.000000 -0.727603
vn 0.685999 0.000000 -0.727603
vn 0.685999 0.000000 -0.727603
vn -0.686013 0.000000 -0.727589
vn -0.686013 0.000000 -0.727590
vn -0.686013 0.000000 -0.727589
vn -0.686013 0.000000 -0.727589
vn 0.686011 0.000000 0.727591
vn 0.686011 0.000000 0.727591
vn 0.686011 0.000000 0.727591
vn 0.686011 0.000000 0.727591
vn -0.685994 0.000000 0.727607
vn -0.685994 0.000000 0.727607
vn -0.685994 0.000000 0.727607
vn -0.685994 0.000000 0.727607
vn 0.686012 0.000000 -0.727590
vn 0.686012 0.000000 -0.727590
vn 0.686012 0.000000 -0.727590
vn 0.686012 0.000000 -0.727590
vn -0.685992 0.000000 -0.727609
vn -0.685992 0.000000 -0.727609
vn -0.685992 0.000000 -0.727609
vn -0.685992 0.000000 -0.727609
vn 0.685993 0.000000 0.727608
vn 0.685993 0.000000 0.727608
vn 0.685993 0.000000 0.727608
vn 0.685993 0.000000 0.727608
vn -0.685994 0.000000 0.727607
vn -0.685994 0.000000 0.727607
vn -0.685994 0.000000 0.727607
vn -0.685994 0.000000 0.727607
vn 0.685993 0.000000 -0.727608
vn 0.685993 0.000000 -0.727608
vn 0.685993 0.000000 -0.727608
vn 0.685993 0.000000 -0.727608
vn -0.685992 0.000000 -0.727609
vn -0.685992 0.000000 -0.727609
vn -0.685992 0.000000 -0.727609
vn -0.685992 0.000000 -0.727609
vn -0.686000 0.000000 0.727601
vn -0.686000 0.000000 0.727601
vn -0.686000 0.000000 0.727601
vn -0.686000 0.000000 0.727601
vn 0.685998 0.000000 0.727604
vn 0.685998 0.000000 0.727604
vn 0.685998 0.000000 0.727604
vn 0.685998 0.000000 0.727604
vn -0.685999 0.000000 -0.727603
vn -0.685999 0.000000 -0.727603
vn -0.685999 0.000000 -0.727603
vn -0.685999 0.000000 -0.727603
vn 0.686000 0.000000 -0.727602
vn 0.686000 0.000000 -0.727602
vn 0.686000 0.000000 -0.727602
vn 0.686000 0.000000 -0.727602
vn 0.685960 0.000000 -0.727639
vn 0.685960 0.000000 -0.727639
vn 0.685960 0.000000 -0.727639
vn 0.685960 0.000000 -0.727639
vn -0.685994 0.000000 -0.727607
vn -0.685994 0.000000 -0.727607
vn -0.685994 0.000000 -0.727607
vn -0.685994 0.000000 -0.727607
vn 0.685994 0.000000 -0.727607
vn 0.685994 0.000000 -0.727607
vn 0.685994 0.000000 -0.727607
vn 0.685994 0.000000 -0.727607
vn -0.685994 0.000000 -0.727607
vn -0.685994 0.000000 -0.727607
vn -0.685994 0.000000 -0.727607
vn -0.685994 0.000000 -0.727607
vn 0.685994 0.000000 -0.727607
vn 0.685994 0.000000 -0.727607
vn 0.685994 0.000000 -0.727607
vn 0.685994 0.000000 -0.727607
vn -0.685994 0.000000 -0.727607
vn -0.685994 0.000000 -0.727607
vn -0.685994 0.000000 -0.727607
vn -0.685994 0.000000 -0.727607
vn 0.685979 0.000000 -0.727621
vn 0.685979 0.000000 -0.727621
vn 0.685979 0.000000 -0.727621
vn 0.685979 0.000000 -0.727621
vn -0.686005 0.000000 -0.727597
vn -0.686005 0.000000 -0.727597
vn -0.686005 0.000000 -0.727597
vn -0.686005 0.000000 -0.727597
vn 0.686006 0.000000 -0.727596
vn 0.686006 0.000000 -0.727596
vn 0.686006 0.000000 -0.727596
vn 0.686006 0.000000 -0.727596
vn -0.685992 0.000000 -0.727609
vn -0.685992 0.000000 -0.727609
vn -0.685992 0.000000 -0.727609
vn -0.685992 0.000000 -0.727609
vn 0.685994 0.000000 -0.727607
vn 0.685994 0.000000 -0.727607
vn 0.685994 0.000000 -0.727607
vn 0.685994 0.000000 -0.727607
vn -0.685994 0.000000 -0.727607
vn -0.685994 0.000000 -0.727607
vn -0.685994 0.000000 -0.727607
vn -0.685994 0.000000 -0.727607
vn 0.685994 0.000000 -0.727607
vn 0.685994 0.000000 -0.727607
vn 0.685994 0.000000 -0.727607
vn 0.685994 0.000000 -0.727607
vn -0.685994 0.000000 -0.727607
vn -0.685994 0.000000 -0.727607
vn -0.685994 0.000000 -0.727607
vn -0.685994 0.000000 -0.727607
vn 0.685994 0.000000 -0.727607
vn 0.685994 0.000000 -0.727607
vn 0.685994 0.000000 -0.727607
vn 0.685994 0.000000 -0.727607
vn -0.685999 0.000000 -0.727602
vn -0.685999 0.000000 -0.727602
vn -0.685999 0.000000 -0.727602
vn -0.685999 0.000000 -0.727602
vn -0.686000 0.000000 0.727601
vn -0.686000 0.000000 0.727601
vn -0.686000 0.000000 0.727601
vn -0.686000 0.000000 0.727601
vn 0.685993 0.000000 0.727608
vn 0.685993 0.000000 0.727608
vn 0.685993 0.000000 0.727608
vn 0.685993 0.000000 0.727608
vn -0.685993 0.000000 0.727608
vn -0.685993 0.000000 0.727608
vn -0.685993 0.000000 0.727608
vn -0.685993 0.000000 0.727608
vn 0.685994 0.000000 0.727607
vn 0.685994 0.000000 0.727607
vn 0.685994 0.000000 0.727607
vn 0.685994 0.000000 0.727607
vn -0.685993 0.000000 0.727608
vn -0.685993 0.000000 0.727608
vn -0.685993 0.000000 0.727608
vn -0.685993 0.000000 0.727608
vn 0.685993 0.000000 0.727608
vn 0.685993 0.000000 0.727608
vn 0.685993 0.000000 0.727608
vn 0.685993 0.000000 0.727608
vn -0.685992 0.000000 0.727609
vn -0.685992 0.000000 0.727609
vn -0.685992 0.000000 0.727609
vn -0.685992 0.000000 0.727609
vn 0.686005 0.000000 0.727597
vn 0.686005 0.000000 0.727597
vn 0.686005 0.000000 0.727597
vn 0.686005 0.000000 0.727597
vn -0.686005 0.000000 0.727597
vn -0.686005 0.000000 0.727597
vn -0.686005 0.000000 0.727597
vn -0.686005 0.000000 0.727597
vn 0.685979 0.000000 0.727622
vn 0.685979 0.000000 0.727622
vn 0.685979 0.000000 0.727622
vn 0.685978 0.000000 0.727622
vn -0.685993 0.000000 0.727608
vn -0.685993 0.000000 0.727608
vn -0.685993 0.000000 0.727608
vn -0.685993 0.000000 0.727608
vn 0.685993 0.000000 0.727608
vn 0.685993 0.000000 0.727608
vn 0.685993 0.000000 0.727608
vn 0.685993 0.000000 0.727608
vn -0.685994 0.000000 0.727607
vn -0.685994 0.000000 0.727607
vn -0.685994 0.000000 0.727607
vn -0.685994 0.000000 0.727607
vn 0.685993 0.000000 0.727608
vn 0.685993 0.000000 0.727608
vn 0.685993 0.000000 0.727608
vn 0.685993 0.000000 0.727608
vn -0.685993 0.000000 0.727608
vn -0.685993 0.000000 0.727608
vn -0.685993 0.000000 0.727608
vn -0.685993 0.000000 0.727608
vn 0.685960 0.000000 0.727639
vn 0.685960 0.000000 0.727639
vn 0.685960 0.000000 0.727639
vn 0.685960 0.000000 0.727639
vn -0.003276 0.191559 -0.981476
vn -0.003277 0.191552 0.981477
vn -0.000103 1.000000 0.000000
vn -0.000103 1.000000 0.000000
vn -0.000103 1.000000 0.000000
vn -0.000103 1.000000 0.000000
vn 0.000075 1.000000 0.000005
vn 0.000075 1.000000 0.000005
vn 0.000075 1.000000 0.000005
vn 0.000075 1.000000 0.000005
vn -0.000081 1.000000 -0.000007
vn -0.000081 1.000000 -0.000007
vn -0.000081 1.000000 -0.000007
vn -0.000081 1.000000 -0.000007
vn -0.707125 0.000000 -0.707089
vn -0.707125 0.000000 -0.707089
vn -0.707123 0.000056 -0.707091
vn -0.707123 0.000056 -0.707091
vn -0.707113 0.000368 -0.707101
vn -0.707113 0.000368 -0.707101
vn -0.707124 0.000000 0.707089
vn -0.707124 0.000000 0.707089
vn -0.707124 0.000000 0.707090
vn -0.707124 0.000000 0.707090
vn -0.707123 0.000054 0.707090
vn -0.707123 0.000054 0.707090
vn -0.707114 0.000359 0.707099
vn -0.707114 0.000359 0.707099
vn 0.707125 0.000000 -0.707089
vn 0.707125 0.000000 -0.707089
vn 0.707123 0.000053 -0.707090
vn 0.707123 0.000053 -0.707090
vn 0.707115 0.000351 -0.707098
vn 0.707115 0.000351 -0.707098
vn 0.707125 0.000000 0.707089
vn 0.707125 0.000000 0.707089
vn 0.707125 0.000000 0.707089
vn 0.707125 0.000000 0.707089
vn 0.707123 0.000054 0.707090
vn 0.707123 0.000054 0.707090
vn 0.707114 0.000357 0.707099
vn 0.707114 0.000357 0.707099
vn -0.707125 0.000000 0.707089
vn -0.707125 0.000000 0.707089
vn -0.707123 0.000054 0.707090
vn -0.707123 0.000054 0.707090
vn -0.707112 0.000369 0.707101
vn -0.707112 0.000369 0.707101
vn -0.707126 0.000000 -0.707088
vn -0.707126 0.000000 -0.707088
vn -0.707126 0.000000 -0.707087
vn -0.707126 0.000000 -0.707087
vn -0.707124 0.000054 -0.707089
vn -0.707124 0.000054 -0.707089
vn -0.707113 0.000367 -0.707100
vn -0.707113 0.000367 -0.707100
vn 0.707125 0.000000 0.707089
vn 0.707125 0.000000 0.707089
vn 0.707123 0.000052 0.707090
vn 0.707123 0.000052 0.707090
vn 0.707113 0.000355 0.707100
vn 0.707113 0.000355 0.707100
vn 0.707126 0.000000 -0.707088
vn 0.707126 0.000000 -0.707088
vn 0.707125 0.000000 -0.707089
vn 0.707125 0.000000 -0.707089
vn 0.707124 0.000052 -0.707090
vn 0.707124 0.000052 -0.707090
vn 0.707112 0.000357 -0.707101
vn 0.707112 0.000357 -0.707101
vn -0.431715 0.776211 -0.459477
vn -0.431715 0.776211 -0.459477
vn -0.431715 0.776211 -0.459477
vn -0.431715 0.776211 -0.459477
vn -0.431736 0.776193 0.459487
vn -0.431736 0.776193 0.459487
vn -0.431736 0.776193 0.459487
vn -0.431736 0.776193 0.459487
vn 0.431686 0.776218 -0.459492
vn 0.431686 0.776218 -0.459492
vn 0.431686 0.776218 -0.459492
vn 0.431686 0.776218 -0.459492
vn 0.431684 0.776202 0.459521
vn 0.431684 0.776202 0.459521
vn 0.431684 0.776202 0.459521
vn 0.431684 0.776202 0.459521
vn -0.431728 0.776205 0.459474
vn -0.431728 0.776205 0.459474
vn -0.431728 0.776205 0.459474
vn -0.431728 0.776205 0.459474
vn -0.431730 0.776205 -0.459473
vn -0.431730 0.776205 -0.459473
vn -0.431730 0.776204 -0.459473
vn -0.431730 0.776205 -0.459473
vn 0.431696 0.776229 0.459464
vn 0.431696 0.776229 0.459464
vn 0.431696 0.776229 0.459464
vn 0.431696 0.776229 0.459464
vn 0.431698 0.776213 -0.459489
vn 0.431698 0.776213 -0.459489
vn 0.431698 0.776213 -0.459489
vn 0.431698 0.776213 -0.459489
vn -0.408232 -0.816503 0.408252
vn -0.408232 -0.816503 0.408252
vn -0.408232 -0.816503 0.408252
vn -0.408232 -0.816503 0.408252
vn -0.408216 -0.816531 -0.408212
vn -0.408216 -0.816531 -0.408212
vn -0.408216 -0.816531 -0.408212
vn -0.408216 -0.816531 -0.408212
vn 0.408180 -0.816538 0.408233
vn 0.408180 -0.816538 0.408233
vn 0.408180 -0.816538 0.408233
vn 0.408180 -0.816538 0.408233
vn 0.408213 -0.816504 -0.408270
vn 0.408213 -0.816504 -0.408270
vn 0.408213 -0.816504 -0.408270
vn 0.408213 -0.816504 -0.408270
vn 0.000000 0.000000 -1.000000
vn 0.000000 0.000000 -1.000000
vn 0.000000 0.000000 -1.000000
vn 0.000000 0.000000 -1.000000
vn 0.000000 0.000000 -1.000000
vn -1.000000 -0.000000 0.000000
vn -1.000000 -0.000002 0.000000
vn -1.000000 -0.000001 0.000000
vn -1.000000 -0.000000 0.000000
vn 0.000000 0.000000 1.000000
vn 0.000000 0.000000 1.000000
vn 0.000000 0.000000 1.000000
vn 0.000000 0.000000 1.000000
vn 0.000000 0.000000 -1.000000
vn 0.000000 0.000000 -1.000000
vn 0.000000 0.000000 -1.000000
vn 0.000000 0.000000 -1.000000
vn 0.000000 0.000000 -1.000000
vn 0.000000 0.000000 1.000000
vn 0.000000 0.000000 1.000000
vn 0.000000 0.000000 1.000000
vn 0.000000 0.000000 1.000000
vn 1.000000 0.000000 0.000000
vn 1.000000 0.000000 0.000000
vn 1.000000 0.000001 0.000000
vn 1.000000 0.000001 0.000000
vn 0.000000 0.000000 1.000000
vn 0.000000 0.000000 1.000000
vn 0.000000 0.000000 1.000000
vn 0.000000 0.000000 1.000000
vn 0.000000 0.000000 1.000000
vn -0.000000 0.000000 -1.000000
vn -0.000000 0.000000 -1.000000
vn -0.000000 0.000000 -1.000000
vn 0.000000 0.000000 -1.000000
vn -1.000000 0.000000 0.000000
vn -1.000000 0.000000 0.000000
vn -1.000000 -0.000001 0.000000
vn -1.000000 -0.000001 0.000000
vn 0.000000 0.000000 1.000000
vn 0.000000 0.000000 1.000000
vn 0.000000 0.000000 1.000000
vn 0.000000 0.000000 1.000000
vn 0.000000 0.000000 1.000000
vn 1.000000 0.000001 0.000000
vn 1.000000 0.000000 0.000000
vn 1.000000 0.000000 0.000000
vn 1.000000 0.000001 0.000000
vn 0.000000 0.000000 -1.000000
vn 0.000000 0.000000 -1.000000
vn 0.000000 0.000000 -1.000000
vn 0.000000 0.000000 -1.000000
vn -0.707161 0.707052 0.000007
vn -0.707161 0.707052 0.000007
vn -0.707161 0.707052 0.000007
vn -0.707161 0.707052 0.000007
vn -0.000037 0.598792 -0.800904
vn -0.000037 0.598792 -0.800904
vn -0.000041 0.598790 0.800906
vn -0.000041 0.598790 0.800906
vn 0.707097 0.707117 -0.000015
vn 0.707097 0.707117 -0.000015
vn 0.707097 0.707117 -0.000015
vn 0.707097 0.707117 -0.000015
vn 0.000037 0.598791 0.800905
vn 0.000037 0.598791 0.800905
vn -0.707170 0.707044 0.000000
vn -0.707170 0.707044 0.000000
vn -0.707170 0.707044 0.000000
vn -0.707170 0.707044 0.000000
vn -0.000048 0.598831 0.800875
vn -0.000048 0.598831 0.800875
vn -0.000048 0.598826 -0.800879
vn -0.000048 0.598826 -0.800879
vn 0.000048 0.598818 0.800885
vn 0.000048 0.598818 0.800885
vn 0.707068 0.707146 0.000000
vn 0.707068 0.707146 0.000000
vn 0.707068 0.707146 0.000000
vn 0.707068 0.707146 0.000000
vn 0.000055 0.598821 -0.800883
vn 0.000055 0.598821 -0.800883
vn 0.000000 0.000000 -1.000000
vn 1.000000 0.000004 0.000000
vn 1.000000 0.000004 0.000000
vn 0.000000 0.000000 1.000000
vn -1.000000 -0.000002 0.000000
vn -1.000000 -0.000002 0.000000
vn 0.000000 0.000000 1.000000
vn -1.000000 -0.000006 0.000000
vn -1.000000 -0.000006 0.000000
vn 1.000000 0.000004 0.000000
vn 1.000000 0.000004 0.000000
vn 0.000000 0.000000 -1.000000
vn -0.707101 -0.707112 0.000000
vn -0.707101 -0.707112 0.000000
vn -0.707089 -0.707125 0.000000
vn -0.707089 -0.707124 0.000000
vn 0.707067 -0.707147 0.000000
vn 0.707067 -0.707147 0.000000
vn 0.707079 -0.707135 0.000000
vn 0.707079 -0.707135 0.000000
vn 0.000041 -0.707107 0.707107
vn 0.000041 -0.707107 0.707107
vn -0.000046 -0.707099 0.707114
vn -0.000046 -0.707099 0.707114
vn 0.000046 -0.707099 -0.707114
vn 0.000046 -0.707099 -0.707114
vn -0.000041 -0.707107 -0.707107
vn -0.000041 -0.707107 -0.707107
vn 0.000000 0.000000 1.000000
vn -0.000000 0.000000 -1.000000
vn 0.000000 0.000000 1.000000
vn 0.000000 0.000000 -1.000000
vn 1.000000 0.000000 0.000000
vn -1.000000 0.000000 0.000000
vn -0.000000 0.000000 -1.000000
vn 0.000000 0.000000 1.000000
vn 0.000000 0.000000 -1.000000
vn 0.000000 0.000000 1.000000
vn 0.000042 0.598804 -0.800896
vn 0.000042 0.598804 -0.800896
vn -1.000000 -0.000006 0.000000
vn 1.000000 0.000000 0.000000
vn -0.727679 0.685918 0.000000
vn -0.727679 0.685918 0.000000
vn -0.727679 0.685918 0.000000
vn -0.727679 0.685918 0.000000
vn 0.727645 0.685953 0.000000
vn 0.727645 0.685953 0.000000
vn 0.727645 0.685953 0.000000
vn 0.727645 0.685953 0.000000
vn -0.727712 0.685883 0.000000
vn -0.727712 0.685883 0.000000
vn -0.727712 0.685883 0.000000
vn -0.727712 0.685883 0.000000
vn 0.727613 0.685988 0.000000
vn 0.727613 0.685988 0.000000
vn 0.727613 0.685988 0.000000
vn 0.727613 0.685988 0.000000
s 1
g polySurface18 pCylinder7
usemtl initialShadingGroup
f 11/477/1 713/478/2 712/479/3 734/480/4 733/481/5 12/482/6
s 2
f 336/1/7 334/2/8 344/3/9 347/4/10
s 3
f 354/13/11 352/14/12 338/15/13 341/16/14
s 4
f 17/549/15 18/550/16 46/551/17 45/552/18
f 19/553/19 20/559/20 50/560/21 49/554/22
f 21/568/23 22/579/24 54/580/25 53/569/26
f 23/588/27 24/597/28 58/598/29 57/589/30
f 25/607/31 26/615/32 62/616/33 61/608/34
f 27/623/35 28/631/36 66/632/37 65/624/38
f 29/639/39 30/647/40 70/648/41 69/640/42
f 31/605/43 32/595/44 48/596/45 47/606/46
f 33/621/47 34/613/48 52/614/49 51/622/50
f 35/637/51 36/629/52 56/630/53 55/638/54
f 37/653/55 38/645/56 60/646/57 59/654/58
f 39/670/59 40/661/60 64/662/61 63/671/62
f 41/690/63 42/681/64 68/682/65 67/691/66
f 43/692/67 44/699/68 72/700/69 71/693/70
s 12
f 73/1051/71 74/1052/72 561/1053/73 560/1054/74 566/1055/75 565/1056/76
s 1
f 74/537/77 73/531/78 76/532/79 75/538/80
s 14
f 75/1141/81 76/1142/82 445/1143/83 444/1144/84 434/1145/85 433/1146/86
s 12
f 77/1075/87 78/1076/88 569/1077/89 568/1070/90 574/1069/91 573/1078/92
s 1
f 78/529/93 77/523/94 80/524/95 79/530/96
s 14
f 79/1162/97 80/1163/98 461/1164/99 460/1156/100 450/1155/101 449/1165/102
s 12
f 81/1085/103 82/1086/104 577/1087/105 576/1083/106 582/1082/107 581/1088/108
s 1
f 82/521/109 81/515/110 84/516/111 83/522/112
s 14
f 83/1175/113 84/1176/114 477/1177/115 476/1172/116 466/1171/117 465/1178/118
s 12
f 85/1095/119 86/1096/120 585/1097/121 584/1093/122 590/1092/123 589/1098/124
s 1
f 86/513/125 85/507/126 88/508/127 87/514/128
s 14
f 87/1185/129 88/1186/130 493/1187/131 492/1182/132 482/1181/133 481/1188/134
s 12
f 89/1105/135 90/1106/136 593/1107/137 592/1103/138 598/1102/139 597/1108/140
s 1
f 90/505/141 89/499/142 92/500/143 91/506/144
s 14
f 91/1195/145 92/1196/146 509/1197/147 508/1192/148 498/1191/149 497/1198/150
s 12
f 93/1115/151 94/1116/152 601/1117/153 600/1113/154 606/1112/155 605/1118/156
s 1
f 94/497/157 93/491/158 96/492/159 95/498/160
s 14
f 95/1205/161 96/1206/162 525/1207/163 524/1202/164 514/1201/165 513/1208/166
s 12
f 97/1126/167 98/1127/168 609/1128/169 608/1123/170 614/1122/171 613/1129/172
s 1
f 98/489/173 97/483/174 100/484/175 99/490/176
s 14
f 99/1215/177 100/1216/178 545/1217/179 544/1212/180 530/1211/181 529/1218/182
s 32
f 101/1227/183 102/1228/184 673/1229/185 672/1230/186 678/1231/187 677/1232/188
f 103/1240/189 104/1248/190 665/1260/191 664/1252/192 670/1251/193 669/1261/194
f 105/1259/195 106/1266/196 657/1273/197 656/1268/198 662/1267/199 661/1274/200
f 107/1272/201 108/1278/202 649/1286/203 648/1280/204 654/1279/205 653/1287/206
f 109/1285/207 110/1292/208 641/1301/209 640/1294/210 646/1293/211 645/1302/212
f 111/1300/213 112/1306/214 633/1313/215 632/1308/216 638/1307/217 637/1314/218
f 113/1312/219 114/1318/220 625/1326/221 624/1320/222 630/1319/223 629/1327/224
s 39
f 115/1339/225 116/1340/226 441/1341/227 440/1342/228 454/1343/229 453/1344/230
f 117/1362/231 118/1354/232 457/1371/233 456/1368/234 470/1367/235 469/1372/236
f 119/1378/237 120/1374/238 473/1383/239 472/1381/240 486/1380/241 485/1384/242
f 121/1390/243 122/1386/244 489/1395/245 488/1393/246 502/1392/247 501/1396/248
f 123/1402/249 124/1398/250 505/1407/251 504/1405/252 518/1404/253 517/1408/254
f 125/1414/255 126/1410/256 521/1419/257 520/1417/258 534/1416/259 533/1420/260
f 127/1426/261 128/1422/262 537/1431/263 536/1429/264 554/1428/265 553/1432/266
s 1
f 9/539/267 74/537/77 75/538/80 10/540/268
f 73/531/78 78/529/93 79/530/96 76/532/79
f 77/523/94 82/521/109 83/522/112 80/524/95
f 81/515/110 86/513/125 87/514/128 84/516/111
f 85/507/126 90/505/141 91/506/144 88/508/127
f 89/499/142 94/497/157 95/498/160 92/500/143
f 93/491/158 98/489/173 99/490/176 96/492/159
f 97/483/174 11/477/1 12/482/6 100/484/175
s 4
f 1/557/269 17/549/15 45/552/18 5/558/270
f 32/595/44 3/585/271 6/587/272 48/596/45
f 18/550/16 19/553/19 49/554/22 46/551/17
f 34/613/48 31/605/43 47/606/46 52/614/49
f 20/559/20 21/568/23 53/569/26 50/560/21
f 36/629/52 33/621/47 51/622/50 56/630/53
f 22/579/24 23/588/27 57/589/30 54/580/25
f 38/645/56 35/637/51 55/638/54 60/646/57
f 24/597/28 25/607/31 61/608/34 58/598/29
f 40/661/60 37/653/55 59/654/58 64/662/61
f 26/615/32 27/623/35 65/624/38 62/616/33
f 42/681/64 39/670/59 63/671/62 68/682/65
f 28/631/36 29/639/39 69/640/42 66/632/37
f 44/699/68 41/690/63 67/691/66 72/700/69
f 30/647/40 2/655/273 7/656/274 70/648/41
f 4/684/275 43/692/67 71/693/70 8/685/276
s off
f 556/709/277 562/710/278 676/711/279 682/712/280
f 74/537/281 9/539/282 13/541/283 101/542/284
f 9/25/285 557/26/286 556/27/287 682/28/288 681/29/289 13/30/290
f 78/529/291 73/531/292 102/533/293 103/534/294
f 73/35/295 565/36/296 564/37/297 674/38/298 673/39/299 102/40/300
f 564/717/301 570/718/302 668/719/303 674/720/304
f 82/521/305 77/523/306 104/525/307 105/526/308
f 77/45/309 573/46/310 572/47/311 666/48/312 665/49/313 104/50/314
f 572/725/315 578/726/316 660/727/317 666/728/318
f 86/513/319 81/515/320 106/517/321 107/518/322
f 81/55/323 581/56/324 580/57/325 658/58/326 657/59/327 106/60/328
f 580/733/329 586/734/330 652/735/331 658/736/332
f 90/505/333 85/507/334 108/509/335 109/510/336
f 85/65/337 589/66/338 588/67/339 650/68/340 649/69/341 108/70/342
f 588/741/343 594/742/344 644/743/345 650/744/346
f 94/497/347 89/499/348 110/501/349 111/502/350
f 89/75/351 597/76/352 596/77/353 642/78/354 641/79/355 110/80/356
f 596/749/357 602/750/358 636/751/359 642/752/360
f 98/489/361 93/491/362 112/493/363 113/494/364
f 93/85/365 605/86/366 604/87/367 634/88/368 633/89/369 112/90/370
f 604/757/371 610/758/372 628/759/373 634/760/374
f 11/477/375 97/483/376 114/485/377 14/486/378
f 97/95/379 613/96/380 612/97/381 626/98/382 625/99/383 114/100/384
f 612/765/385 618/766/386 620/767/387 626/768/388
f 540/773/389 546/774/390 552/775/391 550/776/392
f 100/484/393 12/482/394 16/487/395 127/488/396
f 12/105/397 541/106/398 540/107/399 550/108/400 549/109/401 16/110/402
f 96/492/403 99/490/404 128/495/405 125/496/406
f 99/115/407 529/116/408 528/117/409 538/118/410 537/119/411 128/120/412
f 528/781/413 526/782/414 532/783/415 538/784/416
f 92/500/417 95/498/418 126/503/419 123/504/420
f 95/125/421 513/126/422 512/127/423 522/128/424 521/129/425 126/130/426
f 512/789/427 510/790/428 516/791/429 522/792/430
f 88/508/431 91/506/432 124/511/433 121/512/434
f 91/135/435 497/136/436 496/137/437 506/138/438 505/139/439 124/140/440
f 496/797/441 494/798/442 500/799/443 506/800/444
f 84/516/445 87/514/446 122/519/447 119/520/448
f 87/145/449 481/146/450 480/147/451 490/148/452 489/149/453 122/150/454
f 480/805/455 478/806/456 484/807/457 490/808/458
f 80/524/459 83/522/460 120/527/461 117/528/462
f 83/155/463 465/156/464 464/157/465 474/158/466 473/159/467 120/160/468
f 464/813/469 462/814/470 468/815/471 474/816/472
f 76/532/473 79/530/474 118/535/475 115/536/476
f 79/165/477 449/166/478 448/167/479 458/168/480 457/169/481 118/170/482
f 448/821/483 446/822/484 452/823/485 458/824/486
f 10/540/487 75/538/488 116/543/489 15/544/490
f 75/175/491 433/176/492 432/177/493 442/178/494 441/179/495 116/180/496
f 432/829/497 430/830/498 436/831/499 442/832/500
s 12
f 130/844/501 129/837/502 135/849/503 136/851/504
s 32
f 131/842/505 132/848/506 162/852/507 163/850/508
s 12
f 133/909/509 684/911/510 688/905/511 161/903/512
s 32
f 693/908/513 691/912/514 134/910/515 186/904/516
s 12
f 136/851/504 135/849/503 138/853/517 137/855/518
f 137/855/518 138/853/517 139/857/519 140/859/520
f 140/859/520 139/857/519 142/861/521 141/863/522
f 141/863/522 142/861/521 143/865/523 144/867/524
f 144/867/524 143/865/523 146/869/525 145/871/526
f 145/871/526 146/869/525 147/873/527 148/875/528
f 148/875/528 147/873/527 150/877/529 149/879/530
f 149/879/530 150/877/529 151/882/531 152/884/532
f 152/884/532 151/882/531 154/886/533 153/888/534
f 153/888/534 154/886/533 155/891/535 156/893/536
f 156/893/536 155/891/535 158/895/537 157/897/538
f 157/897/538 158/895/537 159/899/539 160/901/540
f 160/901/540 159/899/539 161/903/512 688/905/511 687/906/541
s 32
f 163/850/508 162/852/507 165/856/542 164/854/543
f 164/854/543 165/856/542 166/860/544 167/858/545
f 167/858/545 166/860/544 169/864/546 168/862/547
f 168/862/547 169/864/546 170/868/548 171/866/549
f 171/866/549 170/868/548 173/872/550 172/870/551
f 172/870/551 173/872/550 174/876/552 175/874/553
f 175/874/553 174/876/552 697/880/554 696/881/555 176/878/556
f 176/878/556 696/881/555 700/885/557 177/883/558
f 177/883/558 700/885/557 699/889/559 179/890/560 178/887/561
f 178/887/561 179/890/560 180/894/562 181/892/563
f 181/892/563 180/894/562 183/898/564 182/896/565
f 182/896/565 183/898/564 184/902/566 185/900/567
f 185/900/567 184/902/566 694/907/568 693/908/513 186/904/516
s 50
f 187/991/569 188/993/570 197/989/571 198/987/572
s 51
f 189/994/573 190/992/574 201/988/575 202/990/576
s 50
f 191/929/577 192/923/578 243/935/579 244/937/580
s 51
f 193/928/581 194/934/582 247/938/583 248/936/584
s 50
f 195/983/585 196/985/586 205/981/587 206/979/588
f 196/985/586 195/983/585 198/987/572 197/989/571
s 51
f 199/986/589 200/984/590 209/980/591 210/982/592
f 200/984/590 199/986/589 202/990/576 201/988/575
s 50
f 203/975/593 204/977/594 213/973/595 214/971/596
f 204/977/594 203/975/593 206/979/588 205/981/587
s 51
f 207/978/597 208/976/598 217/972/599 218/974/600
f 208/976/598 207/978/597 210/982/592 209/980/591
s 50
f 211/967/601 212/969/602 221/965/603 222/963/604
f 212/969/602 211/967/601 214/971/596 213/973/595
s 51
f 215/970/605 216/968/606 225/964/607 226/966/608
f 216/968/606 215/970/605 218/974/600 217/972/599
s 50
f 219/959/609 220/961/610 229/957/611 230/955/612
f 220/961/610 219/959/609 222/963/604 221/965/603
s 51
f 223/962/613 224/960/614 233/956/615 234/958/616
f 224/960/614 223/962/613 226/966/608 225/964/607
s 50
f 227/951/617 228/953/618 237/949/619 238/947/620
f 228/953/618 227/951/617 230/955/612 229/957/611
s 51
f 231/954/621 232/952/622 241/948/623 242/950/624
f 232/952/622 231/954/621 234/958/616 233/956/615
s 50
f 235/943/625 236/945/626 245/941/627 246/939/628
f 236/945/626 235/943/625 238/947/620 237/949/619
s 51
f 239/946/629 240/944/630 249/940/631 250/942/632
f 240/944/630 239/946/629 242/950/624 241/948/623
s 50
f 244/937/580 243/935/579 246/939/628 245/941/627
s 51
f 248/936/584 247/938/583 250/942/632 249/940/631
s 54
f 129/837/633 741/838/634 742/839/635 746/840/636 745/841/637 131/842/638
s 55
f 192/923/639 766/924/640 765/925/641 770/926/642 769/927/643 193/928/644
s 54
f 138/853/645 135/849/646 163/850/647 164/854/648
f 142/861/649 139/857/650 167/858/651 168/862/652
f 146/869/653 143/865/654 171/866/655 172/870/656
f 150/877/657 147/873/658 175/874/659 176/878/660
f 154/886/661 151/882/662 177/883/663 178/887/664
f 158/895/665 155/891/666 181/892/667 182/896/668
f 161/903/669 159/899/670 185/900/671 186/904/672
s 55
f 198/987/673 195/983/674 200/984/675 201/988/676
f 206/979/677 203/975/678 208/976/679 209/980/680
f 214/971/681 211/967/682 216/968/683 217/972/684
f 222/963/685 219/959/686 224/960/687 225/964/688
f 230/955/689 227/951/690 232/952/691 233/956/692
f 238/947/693 235/943/694 240/944/695 241/948/696
f 246/939/697 243/935/698 248/936/699 249/940/700
s 54
f 135/849/646 129/837/633 131/842/638 163/850/647
f 139/857/650 138/853/645 164/854/648 167/858/651
f 143/865/654 142/861/649 168/862/652 171/866/655
f 147/873/658 146/869/653 172/870/656 175/874/659
f 151/882/662 150/877/657 176/878/660 177/883/663
f 155/891/666 154/886/661 178/887/664 181/892/667
f 159/899/670 158/895/665 182/896/668 185/900/671
f 133/909/701 161/903/669 186/904/672 134/910/702
s 55
f 187/991/703 198/987/673 201/988/676 190/992/704
f 195/983/674 206/979/677 209/980/680 200/984/675
f 203/975/678 214/971/681 217/972/684 208/976/679
f 211/967/682 222/963/685 225/964/688 216/968/683
f 219/959/686 230/955/689 233/956/692 224/960/687
f 227/951/690 238/947/693 241/948/696 232/952/691
f 235/943/694 246/939/697 249/940/700 240/944/695
f 243/935/698 192/923/639 193/928/644 248/936/699
s 12
f 559/1058/705 555/1061/706 130/1062/707 136/1059/708
f 567/1063/709 563/1057/710 137/1060/711 140/1064/712
f 575/1079/713 571/1068/714 141/1071/715 144/1080/716
f 583/1089/717 579/1081/718 145/1084/719 148/1090/720
f 591/1099/721 587/1091/722 149/1094/723 152/1100/724
f 599/1109/725 595/1101/726 153/1104/727 156/1110/728
f 607/1119/729 603/1111/730 157/1114/731 160/1120/732
f 615/1131/733 611/1121/734 686/1125/735 683/1132/736
s 32
f 623/1321/737 619/1328/738 689/1329/739 692/1322/740
f 631/1309/741 627/1315/742 184/1316/743 183/1310/744
f 639/1295/745 635/1303/746 180/1304/747 179/1296/748
f 647/1281/749 643/1288/750 698/1289/751 695/1282/752
f 655/1269/753 651/1275/754 174/1276/755 173/1270/756
f 663/1253/757 659/1263/758 170/1264/759 169/1254/760
f 671/1236/761 667/1243/762 166/1244/763 165/1237/764
f 679/1245/765 675/1235/766 162/1238/767 132/1246/768
s 14
f 427/1153/769 431/1147/770 197/1150/771 188/1154/772
s 39
f 439/1348/773 435/1355/774 189/1356/775 202/1349/776
s 14
f 443/1148/777 447/1151/778 205/1152/779 196/1149/780
s 39
f 455/1357/781 451/1347/782 199/1350/783 210/1358/784
s 14
f 459/1157/785 463/1166/786 213/1167/787 204/1158/788
s 39
f 471/1375/789 467/1366/790 207/1369/791 218/1376/792
s 14
f 475/1173/793 479/1179/794 221/1180/795 212/1174/796
s 39
f 487/1387/797 483/1379/798 215/1382/799 226/1388/800
s 14
f 491/1183/801 495/1189/802 229/1190/803 220/1184/804
s 39
f 503/1399/805 499/1391/806 223/1394/807 234/1400/808
s 14
f 507/1193/809 511/1199/810 237/1200/811 228/1194/812
s 39
f 519/1411/813 515/1403/814 231/1406/815 242/1412/816
s 14
f 523/1203/817 527/1209/818 245/1210/819 236/1204/820
s 39
f 535/1423/821 531/1415/822 239/1418/823 250/1424/824
s 14
f 543/1213/825 539/1219/826 191/1220/827 244/1214/828
s 39
f 547/1435/829 551/1427/830 247/1430/831 194/1436/832
s 66
f 251/189/833 252/186/834 254/185/835 253/190/836
f 252/186/834 251/189/833 260/197/837 259/191/838
f 253/190/836 254/185/835 277/195/839 278/198/840
f 255/215/841 256/219/842 323/223/843 324/220/844
f 256/219/842 255/215/841 258/210/845 257/213/846
f 257/213/846 258/210/845 261/209/847 262/214/848
s 68
f 263/187/849 264/193/850 268/194/851 267/188/852
f 264/193/850 263/187/849 266/192/853 265/199/854
f 267/188/852 268/194/851 281/200/855 282/196/856
f 269/222/857 270/216/858 327/221/859 328/226/860
f 270/216/858 269/222/857 272/217/861 271/211/862
f 271/211/862 272/217/861 273/218/863 274/212/864
s 66
f 275/1030/865 276/1031/866 285/1023/867 286/1022/868
f 276/201/866 275/203/865 278/198/840 277/195/839
s 68
f 279/1032/869 280/1033/870 289/1025/871 290/1024/872
f 280/204/870 279/202/869 282/196/856 281/200/855
s 66
f 283/1016/873 284/1009/874 293/1004/875 294/1008/876
f 284/1009/874 283/1016/873 286/1022/868 285/1023/867
s 68
f 287/1010/877 288/1017/878 297/1012/879 298/1005/880
f 288/1017/878 287/1010/877 290/1024/872 289/1025/871
s 66
f 291/1007/881 292/1003/882 301/1013/883 302/1015/884
f 292/1003/882 291/1007/881 294/1008/876 293/1004/875
s 68
f 295/1006/885 296/1011/886 305/1018/887 306/1014/888
f 296/1011/886 295/1006/885 298/1005/880 297/1012/879
s 66
f 299/1021/889 300/1019/890 309/1027/891 310/1029/892
f 300/1019/890 299/1021/889 302/1015/884 301/1013/883
s 68
f 303/1020/893 304/1026/894 313/1034/895 314/1028/896
f 304/1026/894 303/1020/893 306/1014/888 305/1018/887
s 66
f 307/1037/897 308/1035/898 317/1039/899 318/1041/900
f 308/1035/898 307/1037/897 310/1029/892 309/1027/891
s 68
f 311/1036/901 312/1038/902 321/1042/903 322/1040/904
f 312/1038/902 311/1036/901 314/1028/896 313/1034/895
s 66
f 315/1044/905 316/1043/906 325/1047/907 326/1048/908
f 316/1043/906 315/1044/905 318/1041/900 317/1039/899
s 68
f 319/1046/909 320/1045/910 329/1049/911 330/1050/912
f 320/1045/910 319/1046/909 322/1040/904 321/1042/903
s 66
f 324/220/844 323/223/843 326/227/908 325/224/907
s 68
f 328/226/860 327/221/859 330/225/912 329/230/911
s 70
f 1/1443/913 332/1444/914 331/1445/915 251/1446/916 253/1447/917
f 331/1445/915 335/1448/918 260/1449/919 251/1446/916
f 342/1483/920 337/1480/921 257/1482/922 262/1484/923
s 72
f 254/185/924 252/186/925 263/187/926 267/188/927
f 252/186/925 259/191/928 266/192/929 263/187/926
f 261/209/930 258/210/931 271/211/932 274/212/933
f 258/210/931 255/215/934 270/216/935 271/211/932
s 74
f 4/1485/936 350/1486/937 349/1487/938 272/1488/939 269/1489/940
f 349/1487/938 353/1490/941 273/1491/942 272/1488/939
f 348/1525/943 343/1522/944 264/1524/945 265/1526/946
s 70
f 18/1452/947 17/1450/948 278/1451/949 275/1453/950
s 72
f 276/201/951 277/195/952 282/196/953 279/202/954
s 70
f 20/1456/955 19/1454/956 286/1455/957 283/1457/958
s 72
f 284/207/959 285/205/960 290/206/961 287/208/962
s 70
f 22/1460/963 21/1458/964 294/1459/965 291/1461/966
s 72
f 292/1003/967 293/1004/968 298/1005/969 295/1006/970
s 70
f 24/1464/971 23/1462/972 302/1463/973 299/1465/974
s 72
f 300/1019/975 301/1013/976 306/1014/977 303/1020/978
s 70
f 26/1468/979 25/1466/980 310/1467/981 307/1469/982
s 72
f 308/1035/983 309/1027/984 314/1028/985 311/1036/986
s 70
f 28/1472/987 27/1470/988 318/1471/989 315/1473/990
s 72
f 316/228/991 317/231/992 322/232/993 319/229/994
s 70
f 30/1476/995 29/1474/996 326/1475/997 323/1477/998
s 72
f 324/220/999 325/224/1000 330/225/1001 327/221/1002
s 74
f 328/1493/1003 329/1494/1004 44/1495/1005 43/1492/1006
f 320/1497/1007 321/1498/1008 42/1499/1009 41/1496/1010
f 312/1501/1011 313/1502/1012 40/1503/1013 39/1500/1014
f 304/1505/1015 305/1506/1016 38/1507/1017 37/1504/1018
f 296/1509/1019 297/1510/1020 36/1511/1021 35/1508/1022
f 288/1513/1023 289/1514/1024 34/1515/1025 33/1512/1026
f 280/1517/1027 281/1518/1028 32/1519/1029 31/1516/1030
s 70
f 17/1450/948 1/1443/913 253/1447/917 278/1451/949
f 19/1454/956 18/1452/947 275/1453/950 286/1455/957
f 21/1458/964 20/1456/955 283/1457/958 294/1459/965
f 23/1462/972 22/1460/963 291/1461/966 302/1463/973
f 25/1466/980 24/1464/971 299/1465/974 310/1467/981
f 27/1470/988 26/1468/979 307/1469/982 318/1471/989
f 29/1474/996 28/1472/987 315/1473/990 326/1475/997
f 2/1478/1031 30/1476/995 323/1477/998 256/1479/1032
s 72
f 255/215/934 324/220/999 327/221/1002 270/216/935
f 325/224/1000 316/228/991 319/229/994 330/225/1001
f 317/1039/992 308/1035/983 311/1036/986 322/1040/993
f 309/1027/984 300/1019/975 303/1020/978 314/1028/985
f 301/1013/976 292/1003/967 295/1006/970 306/1014/977
f 293/1004/968 284/1009/959 287/1010/962 298/1005/969
f 285/205/960 276/201/951 279/202/954 290/206/961
f 277/195/952 254/185/924 267/188/927 282/196/953
s 74
f 3/1520/1033 32/1519/1029 281/1518/1028 268/1521/1034
f 31/1516/1030 34/1515/1025 289/1514/1024 280/1517/1027
f 33/1512/1026 36/1511/1021 297/1510/1020 288/1513/1023
f 35/1508/1022 38/1507/1017 305/1506/1016 296/1509/1019
f 37/1504/1018 40/1503/1013 313/1502/1012 304/1505/1015
f 39/1500/1014 42/1499/1009 321/1498/1008 312/1501/1011
f 41/1496/1010 44/1495/1005 329/1494/1004 320/1497/1007
f 43/1492/1006 4/1485/936 269/1489/940 328/1493/1003
s 70
f 337/1480/921 340/1481/1035 2/1478/1031 256/1479/1032 257/1482/922
s 74
f 343/1522/944 346/1523/1036 3/1520/1033 268/1521/1034 264/1524/945
s 2
f 331/5/1037 334/2/8 336/1/7 335/6/1038
s 3
f 338/15/13 337/19/1039 342/20/1040 341/16/14
s 2
f 344/3/9 343/7/1041 348/8/1042 347/4/10
s 3
f 349/17/1043 352/14/12 354/13/11 353/18/1044
s 83
f 356/239/1045 355/234/1046 358/233/1047 357/240/1048
s 84
f 360/275/1049 359/281/1050 362/282/1051 361/276/1052
s 85
f 363/572/1053 364/564/1054 371/556/1055 372/562/1056
f 365/666/1057 366/678/1058 421/667/1059 422/657/1060
s 87
f 367/594/1061 368/603/1062 375/611/1063 376/604/1064
f 369/703/1065 370/694/1066 425/701/1067 426/707/1068
s 85
f 372/562/1056 371/556/1055 374/555/1069 373/563/1070
f 373/563/1070 374/555/1069 379/561/1071 380/571/1072
s 87
f 376/604/1064 375/611/1063 378/619/1073 377/612/1074
f 377/612/1074 378/619/1073 383/627/1075 384/620/1076
s 85
f 380/571/1072 379/561/1071 382/570/1077 381/582/1078
f 381/582/1078 382/570/1077 387/581/1079 388/591/1080
s 87
f 384/620/1076 383/627/1075 386/635/1081 385/628/1082
f 385/628/1082 386/635/1081 391/643/1083 392/636/1084
s 85
f 388/591/1080 387/581/1079 390/590/1085 389/600/1086
f 389/600/1086 390/590/1085 395/599/1087 396/610/1088
s 87
f 392/636/1084 391/643/1083 394/651/1089 393/644/1090
f 393/644/1090 394/651/1089 399/659/1091 400/652/1092
s 85
f 396/610/1088 395/599/1087 398/609/1093 397/618/1094
f 397/618/1094 398/609/1093 403/617/1095 404/626/1096
s 87
f 400/652/1092 399/659/1091 402/668/1097 401/660/1098
f 401/660/1098 402/668/1097 407/679/1099 408/669/1100
s 85
f 404/626/1096 403/617/1095 406/625/1101 405/634/1102
f 405/634/1102 406/625/1101 411/633/1103 412/642/1104
s 87
f 408/669/1100 407/679/1099 410/688/1105 409/680/1106
f 409/680/1106 410/688/1105 415/697/1107 416/689/1108
s 85
f 412/642/1104 411/633/1103 414/641/1109 413/650/1110
f 413/650/1110 414/641/1109 419/649/1111 420/658/1112
s 87
f 416/689/1108 415/697/1107 418/705/1113 417/698/1114
f 417/698/1114 418/705/1113 423/708/1115 424/706/1116
s 85
f 420/658/1112 419/649/1111 422/657/1060 421/667/1059
s 87
f 424/706/1116 423/708/1115 426/707/1068 425/701/1067
s 4
f 3/585/271 346/586/1117 345/575/1118 357/578/1119 6/587/272
f 2/655/273 340/663/1120 339/664/1121 359/665/1122 7/656/274
s 89
f 358/233/1123 355/234/1124 701/235/1125 704/236/1126 722/237/1127 721/238/1128
s 90
f 360/275/1129 361/276/1130 731/277/1131 734/278/1132 712/279/1133 711/280/1134
s 4
f 356/567/1135 5/558/270 364/564/1136 773/573/1137 774/574/1138
f 7/656/274 359/665/1122 782/676/1139 781/677/1140 365/666/1141
f 6/587/272 357/578/1119 778/592/1142 777/593/1143 367/594/1144
f 362/675/1145 8/685/276 370/694/1146 785/695/1147 786/696/1148
f 45/552/18 46/551/17 374/555/1149 371/556/1150
f 47/606/46 48/596/45 376/604/1151 377/612/1152
f 49/554/22 50/560/21 382/570/1153 379/561/1154
f 51/622/50 52/614/49 384/620/1155 385/628/1156
f 53/569/26 54/580/25 390/590/1157 387/581/1158
f 55/638/54 56/630/53 392/636/1159 393/644/1160
f 57/589/30 58/598/29 398/609/1161 395/599/1162
f 59/654/58 60/646/57 400/652/1163 401/660/1164
f 61/608/34 62/616/33 406/625/1165 403/617/1166
f 63/671/62 64/662/61 408/669/1167 409/680/1168
f 65/624/38 66/632/37 414/641/1169 411/633/1170
f 67/691/66 68/682/65 416/689/1171 417/698/1172
f 69/640/42 70/648/41 422/657/1173 419/649/1174
f 71/693/70 72/700/69 424/706/1175 425/701/1176
s 32
f 372/1233/1177 373/1234/1178 102/1228/184 101/1227/183
f 380/1239/1179 381/1247/1180 104/1248/190 103/1240/189
f 388/1258/1181 389/1265/1182 106/1266/196 105/1259/195
f 396/1271/1183 397/1277/1184 108/1278/202 107/1272/201
f 404/1284/1185 405/1291/1186 110/1292/208 109/1285/207
f 412/1299/1187 413/1305/1188 112/1306/214 111/1300/213
f 420/1311/1189 421/1317/1190 114/1318/220 113/1312/219
s 39
f 378/1345/1191 375/1346/1192 116/1340/226 115/1339/225
f 386/1361/1193 383/1353/1194 118/1354/232 117/1362/231
f 394/1377/1195 391/1373/1196 120/1374/238 119/1378/237
f 402/1389/1197 399/1385/1198 122/1386/244 121/1390/243
f 410/1401/1199 407/1397/1200 124/1398/250 123/1402/249
f 418/1413/1201 415/1409/1202 126/1410/256 125/1414/255
f 426/1425/1203 423/1421/1204 128/1422/262 127/1426/261
s 32
f 363/1241/1205 372/1233/1177 101/1227/183 13/1242/1206
s 39
f 375/1346/1192 368/1351/1207 15/1352/1208 116/1340/226
s 32
f 373/1234/1178 380/1239/1179 103/1240/189 102/1228/184
s 39
f 383/1353/1194 378/1345/1191 115/1339/225 118/1354/232
s 32
f 381/1247/1180 388/1258/1181 105/1259/195 104/1248/190
s 39
f 391/1373/1196 386/1361/1193 117/1362/231 120/1374/238
s 32
f 389/1265/1182 396/1271/1183 107/1272/201 106/1266/196
s 39
f 399/1385/1198 394/1377/1195 119/1378/237 122/1386/244
s 32
f 397/1277/1184 404/1284/1185 109/1285/207 108/1278/202
s 39
f 407/1397/1200 402/1389/1197 121/1390/243 124/1398/250
s 32
f 405/1291/1186 412/1299/1187 111/1300/213 110/1292/208
s 39
f 415/1409/1202 410/1401/1199 123/1402/249 126/1410/256
s 32
f 413/1305/1188 420/1311/1189 113/1312/219 112/1306/214
s 39
f 423/1421/1204 418/1413/1201 125/1414/255 128/1422/262
s 32
f 421/1317/1190 366/1324/1209 14/1325/1210 114/1318/220
s 39
f 369/1433/1211 426/1425/1203 127/1426/261 16/1434/1212
s 4
f 5/558/270 45/552/18 371/556/1150 364/564/1136
f 46/551/17 49/554/22 379/561/1154 374/555/1149
f 50/560/21 53/569/26 387/581/1158 382/570/1153
f 54/580/25 57/589/30 395/599/1162 390/590/1157
f 58/598/29 61/608/34 403/617/1166 398/609/1161
f 62/616/33 65/624/38 411/633/1170 406/625/1165
f 66/632/37 69/640/42 419/649/1174 414/641/1169
f 70/648/41 7/656/274 365/666/1141 422/657/1173
f 48/596/45 6/587/272 367/594/1144 376/604/1151
f 52/614/49 47/606/46 377/612/1152 384/620/1155
f 56/630/53 51/622/50 385/628/1156 392/636/1159
f 60/646/57 55/638/54 393/644/1160 400/652/1163
f 64/662/61 59/654/58 401/660/1164 408/669/1167
f 68/682/65 63/671/62 409/680/1168 416/689/1171
f 72/700/69 67/691/66 417/698/1172 424/706/1175
f 8/685/276 71/693/70 425/701/1176 370/694/1146
f 333/565/1213 332/566/1214 1/557/269 5/558/270 356/567/1135
f 339/664/1121 338/672/1215 352/673/1216 351/674/1217 362/675/1145 359/665/1122
f 345/575/1118 344/576/1218 334/577/1219 333/565/1213 356/567/1135 357/578/1119
f 351/674/1217 350/683/1220 4/684/275 8/685/276 362/675/1145
s off
f 331/5/1221 332/9/1222 333/10/1223 334/2/1224
f 337/19/1225 338/15/1226 339/23/1227 340/24/1228
f 343/7/1229 344/3/1230 345/11/1231 346/12/1232
f 349/17/1233 350/21/1234 351/22/1235 352/14/1236
f 430/317/1237 429/318/1238 10/319/1239 15/320/1240 437/321/1241 436/322/1242
s 14
f 431/1147/770 434/1145/85 444/1144/84 443/1148/777 196/1149/780 197/1150/771
s off
f 446/327/1243 445/328/1244 76/329/1245 115/330/1246 453/331/1247 452/332/1248
s 14
f 447/1151/778 450/1155/101 460/1156/100 459/1157/785 204/1158/788 205/1152/779
s 39
f 451/1347/782 454/1343/229 440/1342/228 439/1348/773 202/1349/776 199/1350/783
s off
f 462/337/1249 461/338/1250 80/339/1251 117/340/1252 469/341/1253 468/342/1254
s 14
f 463/1166/786 466/1171/117 476/1172/116 475/1173/793 212/1174/796 213/1167/787
s 39
f 467/1366/790 470/1367/235 456/1368/234 455/1357/781 210/1358/784 207/1369/791
s off
f 478/347/1255 477/348/1256 84/349/1257 119/350/1258 485/351/1259 484/352/1260
s 14
f 479/1179/794 482/1181/133 492/1182/132 491/1183/801 220/1184/804 221/1180/795
s 39
f 483/1379/798 486/1380/241 472/1381/240 471/1375/789 218/1376/792 215/1382/799
s off
f 494/357/1261 493/358/1262 88/359/1263 121/360/1264 501/361/1265 500/362/1266
s 14
f 495/1189/802 498/1191/149 508/1192/148 507/1193/809 228/1194/812 229/1190/803
s 39
f 499/1391/806 502/1392/247 488/1393/246 487/1387/797 226/1388/800 223/1394/807
s off
f 510/367/1267 509/368/1268 92/369/1269 123/370/1270 517/371/1271 516/372/1272
s 14
f 511/1199/810 514/1201/165 524/1202/164 523/1203/817 236/1204/820 237/1200/811
s 39
f 515/1403/814 518/1404/253 504/1405/252 503/1399/805 234/1400/808 231/1406/815
s off
f 526/377/1273 525/378/1274 96/379/1275 125/380/1276 533/381/1277 532/382/1278
s 14
f 527/1209/818 530/1211/181 544/1212/180 543/1213/825 244/1214/828 245/1210/819
s 39
f 531/1415/822 534/1416/259 520/1417/258 519/1411/813 242/1412/816 239/1418/823
s off
f 546/387/1279 545/388/1280 100/389/1281 127/390/1282 553/391/1283 552/392/1284
s 39
f 551/1427/830 554/1428/265 536/1429/264 535/1423/821 250/1424/824 247/1430/831
s off
f 562/397/1285 561/398/1286 74/399/1287 101/400/1288 677/401/1289 676/402/1290
s 12
f 563/1057/710 566/1055/75 560/1054/74 559/1058/705 136/1059/708 137/1060/711
s off
f 570/407/1291 569/408/1292 78/409/1293 103/410/1294 669/411/1295 668/412/1296
s 12
f 571/1068/714 574/1069/91 568/1070/90 567/1063/709 140/1064/712 141/1071/715
s off
f 578/417/1297 577/418/1298 82/419/1299 105/420/1300 661/421/1301 660/422/1302
s 12
f 579/1081/718 582/1082/107 576/1083/106 575/1079/713 144/1080/716 145/1084/719
s off
f 586/427/1303 585/428/1304 86/429/1305 107/430/1306 653/431/1307 652/432/1308
s 12
f 587/1091/722 590/1092/123 584/1093/122 583/1089/717 148/1090/720 149/1094/723
s off
f 594/437/1309 593/438/1310 90/439/1311 109/440/1312 645/441/1313 644/442/1314
s 12
f 595/1101/726 598/1102/139 592/1103/138 591/1099/721 152/1100/724 153/1104/727
s off
f 602/447/1315 601/448/1316 94/449/1317 111/450/1318 637/451/1319 636/452/1320
s 12
f 603/1111/730 606/1112/155 600/1113/154 599/1109/725 156/1110/728 157/1114/731
s off
f 610/457/1321 609/458/1322 98/459/1323 113/460/1324 629/461/1325 628/462/1326
s 12
f 611/1121/734 614/1122/171 608/1123/170 607/1119/729 160/1120/732 687/1124/541 686/1125/735
s off
f 618/467/1327 617/468/1328 11/469/1329 14/470/1330 621/471/1331 620/472/1332
s 32
f 627/1315/742 630/1319/223 624/1320/222 623/1321/737 692/1322/740 694/1323/568 184/1316/743
f 635/1303/746 638/1307/217 632/1308/216 631/1309/741 183/1310/744 180/1304/747
f 643/1288/750 646/1293/211 640/1294/210 639/1295/745 179/1296/748 699/1297/559 698/1289/751
f 651/1275/754 654/1279/205 648/1280/204 647/1281/749 695/1282/752 697/1283/554 174/1276/755
f 659/1263/758 662/1267/199 656/1268/198 655/1269/753 173/1270/756 170/1264/759
f 667/1243/762 670/1251/193 664/1252/192 663/1253/757 169/1254/760 166/1244/763
f 675/1235/766 678/1231/187 672/1230/186 671/1236/761 165/1237/764 162/1238/767
s off
f 427/833/1333 430/830/1334 432/829/1335 431/834/1336
f 436/831/1337 435/835/1338 439/836/1339 442/832/1340
f 443/825/1341 446/822/1342 448/821/1343 447/826/1344
f 452/823/1345 451/827/1346 455/828/1347 458/824/1348
f 459/817/1349 462/814/1350 464/813/1351 463/818/1352
f 468/815/1353 467/819/1354 471/820/1355 474/816/1356
f 475/809/1357 478/806/1358 480/805/1359 479/810/1360
f 484/807/1361 483/811/1362 487/812/1363 490/808/1364
f 491/801/1365 494/798/1366 496/797/1367 495/802/1368
f 500/799/1369 499/803/1370 503/804/1371 506/800/1372
f 507/793/1373 510/790/1374 512/789/1375 511/794/1376
f 516/791/1377 515/795/1378 519/796/1379 522/792/1380
f 523/785/1381 526/782/1382 528/781/1383 527/786/1384
f 532/783/1385 531/787/1386 535/788/1387 538/784/1388
f 540/773/1389 539/777/1390 543/778/1391 546/774/1392
f 547/779/1393 550/776/1394 552/775/1395 551/780/1396
f 556/709/1397 555/713/1398 559/714/1399 562/710/1400
f 564/717/1401 563/721/1402 567/722/1403 570/718/1404
f 572/725/1405 571/729/1406 575/730/1407 578/726/1408
f 580/733/1409 579/737/1410 583/738/1411 586/734/1412
f 588/741/1413 587/745/1414 591/746/1415 594/742/1416
f 596/749/1417 595/753/1418 599/754/1419 602/750/1420
f 604/757/1421 603/761/1422 607/762/1423 610/758/1424
f 612/765/1425 611/769/1426 615/770/1427 618/766/1428
f 620/767/1429 619/771/1430 623/772/1431 626/768/1432
f 628/759/1433 627/763/1434 631/764/1435 634/760/1436
f 636/751/1437 635/755/1438 639/756/1439 642/752/1440
f 644/743/1441 643/747/1442 647/748/1443 650/744/1444
f 652/735/1445 651/739/1446 655/740/1447 658/736/1448
f 660/727/1449 659/731/1450 663/732/1451 666/728/1452
f 668/719/1453 667/723/1454 671/724/1455 674/720/1456
f 676/711/1457 675/715/1458 679/716/1459 682/712/1460
s 12
f 684/1133/510 683/1132/736 686/1125/735 688/1130/511
s 32
f 689/1329/739 691/1337/514 693/1330/513 692/1322/740
f 696/1290/555 695/1282/752 698/1289/751 700/1298/557
s off
f 427/323/1461 428/324/1462 429/318/1463 430/317/1464
f 431/181/1465 432/177/1466 433/176/1467 434/182/1468
f 435/325/1469 436/322/1470 437/321/1471 438/326/1472
f 439/183/1473 440/184/1474 441/179/1475 442/178/1476
f 443/333/1477 444/334/1478 445/328/1479 446/327/1480
f 447/171/1481 448/167/1482 449/166/1483 450/172/1484
f 451/335/1485 452/332/1486 453/331/1487 454/336/1488
f 455/173/1489 456/174/1490 457/169/1491 458/168/1492
f 459/343/1493 460/344/1494 461/338/1495 462/337/1496
f 463/161/1497 464/157/1498 465/156/1499 466/162/1500
f 467/345/1501 468/342/1502 469/341/1503 470/346/1504
f 471/163/1505 472/164/1506 473/159/1507 474/158/1508
f 475/353/1509 476/354/1510 477/348/1511 478/347/1512
f 479/151/1513 480/147/1514 481/146/1515 482/152/1516
f 483/355/1517 484/352/1518 485/351/1519 486/356/1520
f 487/153/1521 488/154/1522 489/149/1523 490/148/1524
f 491/363/1525 492/364/1526 493/358/1527 494/357/1528
f 495/141/1529 496/137/1530 497/136/1531 498/142/1532
f 499/365/1533 500/362/1534 501/361/1535 502/366/1536
f 503/143/1537 504/144/1538 505/139/1539 506/138/1540
f 507/373/1541 508/374/1542 509/368/1543 510/367/1544
f 511/131/1545 512/127/1546 513/126/1547 514/132/1548
f 515/375/1549 516/372/1550 517/371/1551 518/376/1552
f 519/133/1553 520/134/1554 521/129/1555 522/128/1556
f 523/383/1557 524/384/1558 525/378/1559 526/377/1560
f 527/121/1561 528/117/1562 529/116/1563 530/122/1564
f 531/385/1565 532/382/1566 533/381/1567 534/386/1568
f 535/123/1569 536/124/1570 537/119/1571 538/118/1572
f 539/111/1573 540/107/1574 541/106/1575 542/112/1576
f 543/393/1577 544/394/1578 545/388/1579 546/387/1580
f 547/113/1581 548/114/1582 549/109/1583 550/108/1584
f 551/395/1585 552/392/1586 553/391/1587 554/396/1588
f 555/31/1589 556/27/1590 557/26/1591 558/32/1592
f 559/403/1593 560/404/1594 561/398/1595 562/397/1596
f 563/41/1597 564/37/1598 565/36/1599 566/42/1600
f 567/413/1601 568/414/1602 569/408/1603 570/407/1604
f 571/51/1605 572/47/1606 573/46/1607 574/52/1608
f 575/423/1609 576/424/1610 577/418/1611 578/417/1612
f 579/61/1613 580/57/1614 581/56/1615 582/62/1616
f 583/433/1617 584/434/1618 585/428/1619 586/427/1620
f 587/71/1621 588/67/1622 589/66/1623 590/72/1624
f 591/443/1625 592/444/1626 593/438/1627 594/437/1628
f 595/81/1629 596/77/1630 597/76/1631 598/82/1632
f 599/453/1633 600/454/1634 601/448/1635 602/447/1636
f 603/91/1637 604/87/1638 605/86/1639 606/92/1640
f 607/463/1641 608/464/1642 609/458/1643 610/457/1644
f 611/101/1645 612/97/1646 613/96/1647 614/102/1648
f 615/473/1649 616/474/1650 617/468/1651 618/467/1652
f 619/475/1653 620/472/1654 621/471/1655 622/476/1656
f 623/103/1657 624/104/1658 625/99/1659 626/98/1660
f 627/465/1661 628/462/1662 629/461/1663 630/466/1664
f 631/93/1665 632/94/1666 633/89/1667 634/88/1668
f 635/455/1669 636/452/1670 637/451/1671 638/456/1672
f 639/83/1673 640/84/1674 641/79/1675 642/78/1676
f 643/445/1677 644/442/1678 645/441/1679 646/446/1680
f 647/73/1681 648/74/1682 649/69/1683 650/68/1684
f 651/435/1685 652/432/1686 653/431/1687 654/436/1688
f 655/63/1689 656/64/1690 657/59/1691 658/58/1692
f 659/425/1693 660/422/1694 661/421/1695 662/426/1696
f 663/53/1697 664/54/1698 665/49/1699 666/48/1700
f 667/415/1701 668/412/1702 669/411/1703 670/416/1704
f 671/43/1705 672/44/1706 673/39/1707 674/38/1708
f 675/405/1709 676/402/1710 677/401/1711 678/406/1712
f 679/33/1713 680/34/1714 681/29/1715 682/28/1716
s 12
f 683/1132/736 684/1133/510 685/1136/1717
f 686/1125/735 687/1124/541 688/1130/511
s 32
f 689/1329/739 690/1336/1718 691/1337/514
f 692/1322/740 693/1330/513 694/1323/568
f 695/1282/752 696/1290/555 697/1283/554
f 698/1289/751 699/1297/559 700/1298/557
s 1
f 704/545/1719 703/546/1720 9/539/267 10/540/268 723/547/1721 722/548/1722
s 54
f 749/913/1723 750/914/1724 133/909/701 134/910/702 753/915/1725 754/916/1726
s 55
f 760/995/1727 759/996/1728 187/991/703 190/992/704 761/997/1729 762/998/1730
s 91
f 703/244/1731 702/241/1732 706/253/1733 705/255/1734
f 705/255/1734 706/253/1733 743/263/1735 744/264/1736
s 92
f 707/251/1737 708/243/1738 775/242/1739 776/252/1740
f 708/243/1738 707/251/1737 710/261/1741 709/254/1742
f 709/254/1742 710/261/1741 747/269/1743 748/262/1744
s 93
f 714/288/1745 713/287/1746 716/298/1747 715/299/1748
f 715/299/1748 716/298/1747 751/307/1749 752/308/1750
s 94
f 717/289/1751 718/301/1752 783/302/1753 784/290/1754
f 718/301/1752 717/289/1751 720/300/1755 719/310/1756
f 719/310/1756 720/300/1755 755/309/1757 756/316/1758
s 95
f 724/246/1759 723/245/1760 726/256/1761 725/257/1762
f 725/257/1762 726/256/1761 757/265/1763 758/266/1764
s 96
f 727/247/1765 728/259/1766 779/260/1767 780/248/1768
f 728/259/1766 727/247/1765 730/258/1769 729/268/1770
f 729/268/1770 730/258/1769 763/267/1771 764/274/1772
s 97
f 733/286/1773 732/283/1774 735/295/1775 736/297/1776
f 736/297/1776 735/295/1775 767/305/1777 768/306/1778
s 98
f 737/293/1779 738/285/1780 787/284/1781 788/294/1782
f 738/285/1780 737/293/1779 740/303/1783 739/296/1784
f 739/296/1784 740/303/1783 771/311/1785 772/304/1786
s off
f 742/839/1787 741/838/1788 744/843/1789 743/845/1790
f 745/841/1791 746/840/1792 748/846/1793 747/847/1794
f 750/914/1795 749/913/1796 752/921/1797 751/918/1798
f 754/916/1799 753/915/1800 756/920/1801 755/922/1802
f 758/1001/1803 757/999/1804 759/996/1805 760/995/1806
f 762/998/1807 761/997/1808 764/1000/1809 763/1002/1810
f 765/925/1811 766/924/1812 768/930/1813 767/931/1814
f 769/927/1815 770/926/1816 772/932/1817 771/933/1818
f 774/574/1819 773/573/1820 776/583/1821 775/584/1822
f 777/593/1823 778/592/1824 780/601/1825 779/602/1826
f 781/677/1827 782/676/1828 784/686/1829 783/687/1830
f 786/696/1831 785/695/1832 788/702/1833 787/704/1834
s 12
f 9/1072/1835 703/1073/1836 705/1066/1837 558/1065/1838 557/1074/1839
s 89
f 706/253/1840 702/241/1841 708/243/1842 709/254/1843
s 32
f 707/1250/1844 13/1242/1206 681/1262/1845 680/1256/1846 710/1255/1847
s 12
f 716/1134/1848 713/1138/1849 11/1139/1850 617/1140/1851 616/1135/1852
s 32
f 14/1325/1210 718/1332/1853 719/1334/1854 622/1333/1855 621/1338/1856
s 90
f 717/289/1857 714/288/1858 715/299/1859 720/300/1860
s 14
f 726/1159/1861 723/1168/1862 10/1169/1863 429/1170/1864 428/1160/1865
s 39
f 15/1352/1208 728/1360/1866 729/1364/1867 438/1363/1868 437/1370/1869
s 89
f 727/247/1870 724/246/1871 725/257/1872 730/258/1873
s 14
f 12/1224/1874 733/1225/1875 736/1222/1876 542/1221/1877 541/1226/1878
s 90
f 735/295/1879 732/283/1880 738/285/1881 739/296/1882
s 39
f 737/1438/1883 16/1434/1212 549/1442/1884 548/1440/1885 740/1439/1886
s off
f 742/270/1887 743/263/1888 748/262/1889 746/271/1890
s 12
f 744/843/1891 741/838/1892 129/837/502 130/844/501
s 32
f 745/841/1893 747/847/1894 132/848/506 131/842/505
s off
f 752/308/1895 749/314/1896 754/315/1897 755/309/1898
s 32
f 134/910/515 691/912/514 690/919/1718 756/920/1899 753/915/1900
s off
f 758/266/1901 760/272/1902 762/273/1903 763/267/1904
s 50
f 759/996/1905 757/999/1906 188/993/570 187/991/569
s 51
f 190/992/574 189/994/573 764/1000/1907 761/997/1908
s 50
f 192/923/578 191/929/577 768/930/1909 766/924/1910
s off
f 765/312/1911 767/305/1912 772/304/1913 770/313/1914
s 51
f 769/927/1915 771/933/1916 194/934/582 193/928/581
s 12
f 716/1134/1848 616/1135/1852 615/1131/733 683/1132/736 685/1136/1717 751/1137/1917
s 90
f 720/300/1860 715/299/1859 752/308/1918 755/309/1919
s 32
f 710/1255/1847 680/1256/1846 679/1245/765 132/1246/768 747/1257/1920
s 89
f 706/253/1840 709/254/1843 748/262/1921 743/263/1922
s 14
f 726/1159/1861 428/1160/1865 427/1153/769 188/1154/772 757/1161/1923
s 89
f 730/258/1873 725/257/1872 758/266/1924 763/267/1925
s 90
f 735/295/1879 739/296/1882 772/304/1926 767/305/1927
s 39
f 740/1439/1886 548/1440/1885 547/1435/829 194/1436/832 771/1441/1928
s 83
f 355/234/1046 356/239/1045 774/249/1929 775/242/1930
f 357/240/1048 358/233/1047 780/248/1931 778/250/1932
s 84
f 359/281/1050 360/275/1049 784/290/1933 782/291/1934
f 361/276/1052 362/282/1051 786/292/1935 787/284/1936
s 85
f 776/583/1937 773/573/1938 364/564/1054 363/572/1053
f 781/677/1939 783/687/1940 366/678/1058 365/666/1057
s 87
f 777/593/1941 779/602/1942 368/603/1062 367/594/1061
f 788/702/1943 785/695/1944 370/694/1066 369/703/1065
s 32
f 776/1249/1945 363/1241/1205 13/1242/1206 707/1250/1844
s 39
f 368/1351/1207 779/1359/1946 728/1360/1866 15/1352/1208
s 32
f 366/1324/1209 783/1331/1947 718/1332/1853 14/1325/1210
s 39
f 788/1437/1948 369/1433/1211 16/1434/1212 737/1438/1883
s 90
f 360/275/1129 711/280/1134 714/288/1858 717/289/1857 784/290/1949
s 89
f 358/233/1123 721/238/1128 724/246/1871 727/247/1870 780/248/1950
s 39
f 435/1355/774 438/1363/1868 729/1364/1867 764/1365/1951 189/1356/775
s 14
f 539/1219/826 542/1221/1877 736/1222/1876 768/1223/1952 191/1220/827
s 12
f 555/1061/706 558/1065/1838 705/1066/1837 744/1067/1953 130/1062/707
s 32
f 619/1328/738 622/1333/1855 719/1334/1854 756/1335/1954 690/1336/1718 689/1329/739
s 12
f 685/917/1717 684/911/510 133/909/509 750/914/1955 751/918/1956
s 89
f 702/241/1841 701/235/1125 355/234/1124 775/242/1957 708/243/1842
s 90
f 732/283/1880 731/277/1131 361/276/1130 787/284/1958 738/285/1881
s off
f 701/235/1959 702/241/1960 703/244/1961 704/236/1962
f 711/280/1963 712/279/1964 713/287/1965 714/288/1966
f 721/238/1967 722/237/1968 723/245/1969 724/246/1970
f 731/277/1971 732/283/1972 733/286/1973 734/278/1974
