# This file uses centimeters as units for non-parametric coordinates.

mtllib diana_flower.mtl
g default
v 0.222436 -0.239931 -0.072274
v 0.189216 -0.239931 -0.137473
v 0.137473 -0.239931 -0.189216
v 0.072274 -0.239931 -0.222436
v 0.000000 -0.239931 -0.233883
v -0.072274 -0.239931 -0.222436
v -0.137473 -0.239931 -0.189215
v -0.189215 -0.239931 -0.137473
v -0.222436 -0.239931 -0.072274
v -0.233883 -0.239931 0.000000
v -0.222436 -0.239931 0.072274
v -0.189215 -0.239931 0.137473
v -0.137473 -0.239931 0.189215
v -0.072274 -0.239931 0.222436
v -0.000000 -0.239931 0.233883
v 0.072274 -0.239931 0.222436
v 0.137473 -0.239931 0.189215
v 0.189215 -0.239931 0.137473
v 0.222436 -0.239931 0.072274
v 0.233883 -0.239931 0.000000
v 0.237427 -0.215320 -0.077145
v 0.201968 -0.215320 -0.146738
v 0.146738 -0.215320 -0.201968
v 0.077145 -0.215320 -0.237427
v 0.000000 -0.215320 -0.249646
v -0.077145 -0.215320 -0.237427
v -0.146738 -0.215320 -0.201968
v -0.201968 -0.215320 -0.146738
v -0.237427 -0.215320 -0.077145
v -0.249646 -0.215320 0.000000
v -0.237427 -0.215320 0.077145
v -0.201968 -0.215320 0.146738
v -0.146738 -0.215320 0.201968
v -0.077145 -0.215320 0.237427
v -0.000000 -0.215320 0.249646
v 0.077145 -0.215320 0.237427
v 0.146738 -0.215320 0.201968
v 0.201968 -0.215320 0.146738
v 0.237427 -0.215320 0.077145
v 0.249646 -0.215320 0.000000
v 0.246572 -0.189418 -0.080116
v 0.209747 -0.189418 -0.152390
v 0.152390 -0.189418 -0.209747
v 0.080116 -0.189418 -0.246572
v 0.000000 -0.189418 -0.259262
v -0.080116 -0.189418 -0.246572
v -0.152390 -0.189418 -0.209747
v -0.209747 -0.189418 -0.152390
v -0.246572 -0.189418 -0.080116
v -0.259261 -0.189418 0.000000
v -0.246572 -0.189418 0.080116
v -0.209747 -0.189418 0.152390
v -0.152390 -0.189418 0.209747
v -0.080116 -0.189418 0.246572
v -0.000000 -0.189418 0.259261
v 0.080116 -0.189418 0.246572
v 0.152390 -0.189418 0.209747
v 0.209747 -0.189418 0.152390
v 0.246572 -0.189418 0.080116
v 0.259261 -0.189418 0.000000
v 0.249646 -0.162861 -0.081115
v 0.212362 -0.162861 -0.154290
v 0.154290 -0.162861 -0.212362
v 0.081115 -0.162861 -0.249646
v 0.000000 -0.162861 -0.262493
v -0.081115 -0.162861 -0.249646
v -0.154290 -0.162861 -0.212361
v -0.212361 -0.162861 -0.154290
v -0.249646 -0.162861 -0.081115
v -0.262493 -0.162861 0.000000
v -0.249646 -0.162861 0.081115
v -0.212361 -0.162861 0.154290
v -0.154290 -0.162861 0.212361
v -0.081115 -0.162861 0.249646
v -0.000000 -0.162861 0.262493
v 0.081115 -0.162861 0.249646
v 0.154290 -0.162861 0.212361
v 0.212361 -0.162861 0.154290
v 0.249646 -0.162861 0.081115
v 0.262493 -0.162861 0.000000
v 0.246572 -0.136305 -0.080116
v 0.209747 -0.136305 -0.152390
v 0.152390 -0.136305 -0.209747
v 0.080116 -0.136305 -0.246572
v 0.000000 -0.136305 -0.259262
v -0.080116 -0.136305 -0.246572
v -0.152390 -0.136305 -0.209747
v -0.209747 -0.136305 -0.152390
v -0.246572 -0.136305 -0.080116
v -0.259261 -0.136305 0.000000
v -0.246572 -0.136305 0.080116
v -0.209747 -0.136305 0.152390
v -0.152390 -0.136305 0.209747
v -0.080116 -0.136305 0.246572
v -0.000000 -0.136305 0.259261
v 0.080116 -0.136305 0.246572
v 0.152390 -0.136305 0.209747
v 0.209747 -0.136305 0.152390
v 0.246572 -0.136305 0.080116
v 0.259261 -0.136305 0.000000
v 0.237427 -0.110402 -0.077145
v 0.201968 -0.110402 -0.146738
v 0.146738 -0.110402 -0.201968
v 0.077145 -0.110402 -0.237427
v 0.000000 -0.110402 -0.249646
v -0.077145 -0.110402 -0.237427
v -0.146738 -0.110402 -0.201968
v -0.201968 -0.110402 -0.146738
v -0.237427 -0.110402 -0.077145
v -0.249646 -0.110402 0.000000
v -0.237427 -0.110402 0.077145
v -0.201968 -0.110402 0.146738
v -0.146738 -0.110402 0.201968
v -0.077145 -0.110402 0.237427
v -0.000000 -0.110402 0.249646
v 0.077145 -0.110402 0.237427
v 0.146738 -0.110402 0.201968
v 0.201968 -0.110402 0.146738
v 0.237427 -0.110402 0.077145
v 0.249646 -0.110402 0.000000
v 0.222436 -0.085791 -0.072274
v 0.189216 -0.085791 -0.137473
v 0.137473 -0.085791 -0.189216
v 0.072274 -0.085791 -0.222436
v 0.000000 -0.085791 -0.233883
v -0.072274 -0.085791 -0.222436
v -0.137473 -0.085791 -0.189215
v -0.189215 -0.085791 -0.137473
v -0.222436 -0.085791 -0.072274
v -0.233883 -0.085791 0.000000
v -0.222436 -0.085791 0.072274
v -0.189215 -0.085791 0.137473
v -0.137473 -0.085791 0.189215
v -0.072274 -0.085791 0.222436
v -0.000000 -0.085791 0.233883
v 0.072274 -0.085791 0.222436
v 0.137473 -0.085791 0.189215
v 0.189215 -0.085791 0.137473
v 0.222436 -0.085791 0.072274
v 0.233883 -0.085791 0.000000
v 0.201968 -0.063078 -0.065623
v 0.171804 -0.063078 -0.124823
v 0.124823 -0.063078 -0.171804
v 0.065623 -0.063078 -0.201968
v 0.000000 -0.063078 -0.212361
v -0.065623 -0.063078 -0.201968
v -0.124823 -0.063078 -0.171804
v -0.171804 -0.063078 -0.124823
v -0.201968 -0.063078 -0.065623
v -0.212361 -0.063078 0.000000
v -0.201968 -0.063078 0.065623
v -0.171804 -0.063078 0.124823
v -0.124823 -0.063078 0.171804
v -0.065623 -0.063078 0.201968
v -0.000000 -0.063078 0.212361
v 0.065623 -0.063078 0.201968
v 0.124823 -0.063078 0.171804
v 0.171804 -0.063078 0.124823
v 0.201968 -0.063078 0.065623
v 0.212361 -0.063078 0.000000
v 0.176526 -0.042822 -0.057357
v 0.150162 -0.042822 -0.109099
v 0.109099 -0.042822 -0.150162
v 0.057357 -0.042822 -0.176526
v 0.000000 -0.042822 -0.185611
v -0.057357 -0.042822 -0.176526
v -0.109099 -0.042822 -0.150162
v -0.150162 -0.042822 -0.109099
v -0.176526 -0.042822 -0.057357
v -0.185611 -0.042822 0.000000
v -0.176526 -0.042822 0.057357
v -0.150162 -0.042822 0.109099
v -0.109099 -0.042822 0.150162
v -0.057357 -0.042822 0.176526
v -0.000000 -0.042822 0.185611
v 0.057357 -0.042822 0.176526
v 0.109099 -0.042822 0.150162
v 0.150162 -0.042822 0.109099
v 0.176526 -0.042822 0.057357
v 0.185611 -0.042822 0.000000
v 0.146738 -0.025521 -0.047678
v 0.124823 -0.025521 -0.090689
v 0.090689 -0.025521 -0.124823
v 0.047678 -0.025521 -0.146738
v 0.000000 -0.025521 -0.154290
v -0.047678 -0.025521 -0.146738
v -0.090689 -0.025521 -0.124823
v -0.124823 -0.025521 -0.090689
v -0.146738 -0.025521 -0.047678
v -0.154290 -0.025521 0.000000
v -0.146738 -0.025521 0.047678
v -0.124823 -0.025521 0.090689
v -0.090689 -0.025521 0.124823
v -0.047678 -0.025521 0.146738
v -0.000000 -0.025521 0.154290
v 0.047678 -0.025521 0.146738
v 0.090689 -0.025521 0.124823
v 0.124823 -0.025521 0.090689
v 0.146738 -0.025521 0.047678
v 0.154290 -0.025521 0.000000
v 0.113337 -0.011602 -0.036825
v 0.096410 -0.011602 -0.070046
v 0.070046 -0.011602 -0.096410
v 0.036825 -0.011602 -0.113337
v 0.000000 -0.011602 -0.119169
v -0.036825 -0.011602 -0.113337
v -0.070046 -0.011602 -0.096410
v -0.096410 -0.011602 -0.070046
v -0.113337 -0.011602 -0.036825
v -0.119169 -0.011602 0.000000
v -0.113337 -0.011602 0.036825
v -0.096410 -0.011602 0.070046
v -0.070046 -0.011602 0.096410
v -0.036825 -0.011602 0.113337
v -0.000000 -0.011602 0.119169
v 0.036825 -0.011602 0.113337
v 0.070046 -0.011602 0.096410
v 0.096410 -0.011602 0.070046
v 0.113337 -0.011602 0.036825
v 0.119169 -0.011602 0.000000
v 0.077145 -0.001408 -0.025066
v 0.065623 -0.001408 -0.047678
v 0.047678 -0.001408 -0.065623
v 0.025066 -0.001408 -0.077145
v 0.000000 -0.001408 -0.081115
v -0.025066 -0.001408 -0.077145
v -0.047678 -0.001408 -0.065623
v -0.065623 -0.001408 -0.047678
v -0.077145 -0.001408 -0.025066
v -0.081115 -0.001408 0.000000
v -0.077145 -0.001408 0.025066
v -0.065623 -0.001408 0.047678
v -0.047678 -0.001408 0.065623
v -0.025066 -0.001408 0.077145
v -0.000000 -0.001408 0.081115
v 0.025066 -0.001408 0.077145
v 0.047678 -0.001408 0.065623
v 0.065623 -0.001408 0.047678
v 0.077145 -0.001408 0.025066
v 0.081115 -0.001408 0.000000
v 0.039053 0.004810 -0.012689
v 0.033221 0.004810 -0.024136
v 0.024136 0.004810 -0.033221
v 0.012689 0.004810 -0.039053
v 0.000000 0.004810 -0.041063
v -0.012689 0.004810 -0.039053
v -0.024136 0.004810 -0.033221
v -0.033221 0.004810 -0.024136
v -0.039053 0.004810 -0.012689
v -0.041063 0.004810 0.000000
v -0.039053 0.004810 0.012689
v -0.033221 0.004810 0.024136
v -0.024136 0.004810 0.033221
v -0.012689 0.004810 0.039053
v -0.000000 0.004810 0.041063
v 0.012689 0.004810 0.039053
v 0.024136 0.004810 0.033221
v 0.033221 0.004810 0.024136
v 0.039053 0.004810 0.012689
v 0.041063 0.004810 0.000000
v 0.000000 0.006900 0.000000
vt 0.259391 0.846792
vt 0.262138 0.820130
vt 0.268233 0.821788
vt 0.265700 0.846484
vt 0.272989 0.795622
vt 0.278274 0.799082
vt 0.290883 0.775668
vt 0.294839 0.780592
vt 0.314067 0.762220
vt 0.316308 0.768126
vt 0.340271 0.756595
vt 0.340578 0.762904
vt 0.366931 0.759343
vt 0.365274 0.765438
vt 0.391437 0.770194
vt 0.387977 0.775478
vt 0.411390 0.788087
vt 0.406467 0.792043
vt 0.424838 0.811269
vt 0.418933 0.813511
vt 0.430464 0.837472
vt 0.424155 0.837779
vt 0.427717 0.864131
vt 0.421622 0.862474
vt 0.416867 0.888637
vt 0.411583 0.885178
vt 0.398976 0.908591
vt 0.395019 0.903668
vt 0.375794 0.922040
vt 0.373552 0.916135
vt 0.349591 0.927667
vt 0.349283 0.921358
vt 0.322931 0.924922
vt 0.324587 0.918827
vt 0.298423 0.914072
vt 0.301883 0.908787
vt 0.278468 0.896180
vt 0.283391 0.892223
vt 0.265018 0.872997
vt 0.270923 0.870755
vt 0.273802 0.823276
vt 0.271456 0.846179
vt 0.283110 0.802219
vt 0.298470 0.785070
vt 0.318377 0.773506
vt 0.340883 0.768661
vt 0.363785 0.771007
vt 0.384840 0.780315
vt 0.401989 0.795674
vt 0.413552 0.815580
vt 0.418398 0.838085
vt 0.416053 0.860986
vt 0.406746 0.882041
vt 0.391388 0.899191
vt 0.371482 0.910755
vt 0.348977 0.915602
vt 0.326075 0.913257
vt 0.305019 0.903951
vt 0.287868 0.888592
vt 0.276303 0.868685
vt 0.279106 0.824676
vt 0.276934 0.845871
vt 0.287722 0.805190
vt 0.301938 0.789321
vt 0.320362 0.778621
vt 0.341190 0.774138
vt 0.362384 0.776311
vt 0.381869 0.784927
vt 0.397738 0.799142
vt 0.408438 0.817565
vt 0.412921 0.838392
vt 0.410748 0.859586
vt 0.402134 0.879071
vt 0.387919 0.894940
vt 0.369496 0.905640
vt 0.348669 0.910124
vt 0.327475 0.907953
vt 0.307989 0.899338
vt 0.292119 0.885123
vt 0.281418 0.866700
vt 0.284364 0.826054
vt 0.282360 0.845556
vt 0.292297 0.808125
vt 0.305382 0.793526
vt 0.322338 0.783685
vt 0.341505 0.779565
vt 0.361007 0.781569
vt 0.378934 0.789502
vt 0.393533 0.802586
vt 0.403374 0.819541
vt 0.407494 0.838707
vt 0.405490 0.858209
vt 0.397558 0.876136
vt 0.384474 0.890735
vt 0.367520 0.900577
vt 0.348353 0.904698
vt 0.328852 0.902694
vt 0.310923 0.894762
vt 0.296323 0.881678
vt 0.286481 0.864723
vt 0.289761 0.827463
vt 0.287928 0.845229
vt 0.296994 0.811134
vt 0.308919 0.797839
vt 0.324369 0.788879
vt 0.341831 0.785133
vt 0.359597 0.786966
vt 0.375926 0.794199
vt 0.389220 0.806124
vt 0.398179 0.821573
vt 0.401926 0.839034
vt 0.400093 0.856799
vt 0.392861 0.873128
vt 0.380937 0.886423
vt 0.365488 0.895382
vt 0.348026 0.899130
vt 0.330261 0.897297
vt 0.313931 0.890065
vt 0.300636 0.878141
vt 0.291676 0.862691
vt 0.295436 0.828947
vt 0.293784 0.844886
vt 0.301932 0.814299
vt 0.312638 0.802375
vt 0.326504 0.794343
vt 0.342173 0.790988
vt 0.358112 0.792641
vt 0.372760 0.799137
vt 0.384684 0.809842
vt 0.392716 0.823708
vt 0.396070 0.839377
vt 0.394419 0.855315
vt 0.387923 0.869963
vt 0.377218 0.881887
vt 0.363352 0.889919
vt 0.347683 0.893274
vt 0.331745 0.891623
vt 0.317096 0.885127
vt 0.305171 0.874422
vt 0.297139 0.860556
vt 0.301477 0.830532
vt 0.300019 0.844527
vt 0.307188 0.817673
vt 0.316594 0.807208
vt 0.328773 0.800162
vt 0.342533 0.797224
vt 0.356527 0.798682
vt 0.369386 0.804393
vt 0.379851 0.813798
vt 0.386897 0.825976
vt 0.389835 0.839736
vt 0.388377 0.853730
vt 0.382667 0.866589
vt 0.373262 0.877054
vt 0.361083 0.884100
vt 0.347324 0.887039
vt 0.333329 0.885581
vt 0.320470 0.879871
vt 0.310004 0.870466
vt 0.302958 0.858287
vt 0.307922 0.832231
vt 0.306674 0.844150
vt 0.312793 0.821280
vt 0.320809 0.812370
vt 0.331187 0.806374
vt 0.342909 0.803878
vt 0.354829 0.805127
vt 0.365779 0.809998
vt 0.374688 0.818014
vt 0.380684 0.828391
vt 0.383180 0.840112
vt 0.381932 0.852032
vt 0.377062 0.862982
vt 0.369046 0.871892
vt 0.358669 0.877888
vt 0.346947 0.880384
vt 0.335027 0.879136
vt 0.324076 0.874266
vt 0.315167 0.866250
vt 0.309170 0.855873
vt 0.314764 0.834042
vt 0.313741 0.843759
vt 0.318740 0.825118
vt 0.325280 0.817858
vt 0.333742 0.812975
vt 0.343300 0.810945
vt 0.353016 0.811969
vt 0.361941 0.815945
vt 0.369201 0.822484
vt 0.374084 0.830946
vt 0.376113 0.840503
vt 0.375090 0.850220
vt 0.371114 0.859145
vt 0.364575 0.866404
vt 0.356113 0.871288
vt 0.346556 0.873317
vt 0.336839 0.872294
vt 0.327914 0.868318
vt 0.320654 0.861779
vt 0.315770 0.853317
vt 0.321962 0.835958
vt 0.321178 0.843357
vt 0.324993 0.829164
vt 0.329976 0.823639
vt 0.336423 0.819924
vt 0.343701 0.818383
vt 0.351100 0.819166
vt 0.357895 0.822198
vt 0.363420 0.827181
vt 0.367135 0.833627
vt 0.368676 0.840905
vt 0.367892 0.848304
vt 0.364861 0.855099
vt 0.359878 0.860624
vt 0.353432 0.864339
vt 0.346153 0.865880
vt 0.338754 0.865096
vt 0.331960 0.862065
vt 0.326435 0.857082
vt 0.322719 0.850636
vt 0.329447 0.837961
vt 0.328916 0.842949
vt 0.331493 0.833382
vt 0.334855 0.829659
vt 0.339202 0.827157
vt 0.344110 0.826120
vt 0.349097 0.826652
vt 0.353677 0.828698
vt 0.357400 0.832059
vt 0.359902 0.836406
vt 0.360938 0.841314
vt 0.360407 0.846301
vt 0.358361 0.850881
vt 0.354999 0.854604
vt 0.350652 0.857106
vt 0.345745 0.858142
vt 0.340757 0.857611
vt 0.336177 0.855565
vt 0.332454 0.852204
vt 0.329952 0.847856
vt 0.337134 0.840028
vt 0.336865 0.842539
vt 0.338166 0.837723
vt 0.339859 0.835849
vt 0.342048 0.834590
vt 0.344520 0.834070
vt 0.347031 0.834338
vt 0.349336 0.835370
vt 0.351210 0.837063
vt 0.352468 0.839253
vt 0.352989 0.841724
vt 0.352720 0.844235
vt 0.351689 0.846540
vt 0.349995 0.848414
vt 0.347806 0.849672
vt 0.345335 0.850193
vt 0.342823 0.849924
vt 0.340518 0.848893
vt 0.338645 0.847199
vt 0.337386 0.845010
vt 0.344927 0.842131
vn 0.800874 -0.539339 -0.260219
vn 0.681264 -0.539339 -0.494967
vn 0.725631 -0.442174 -0.527202
vn 0.853031 -0.442174 -0.277166
vn 0.494968 -0.539339 -0.681264
vn 0.527202 -0.442173 -0.725631
vn 0.260220 -0.539339 -0.800874
vn 0.277166 -0.442173 -0.853031
vn -0.000000 -0.539339 -0.842089
vn -0.000000 -0.442173 -0.896930
vn -0.260220 -0.539339 -0.800874
vn -0.277167 -0.442173 -0.853031
vn -0.494968 -0.539339 -0.681264
vn -0.527202 -0.442173 -0.725631
vn -0.681264 -0.539339 -0.494967
vn -0.725631 -0.442174 -0.527202
vn -0.800874 -0.539340 -0.260220
vn -0.853031 -0.442174 -0.277167
vn -0.842088 -0.539340 0.000000
vn -0.896930 -0.442173 0.000000
vn -0.800874 -0.539340 0.260220
vn -0.853031 -0.442174 0.277167
vn -0.681264 -0.539339 0.494967
vn -0.725631 -0.442174 0.527202
vn -0.494967 -0.539339 0.681264
vn -0.527202 -0.442174 0.725631
vn -0.260220 -0.539339 0.800874
vn -0.277167 -0.442174 0.853031
vn -0.000000 -0.539339 0.842089
vn 0.000000 -0.442173 0.896930
vn 0.260220 -0.539339 0.800874
vn 0.277167 -0.442173 0.853031
vn 0.494967 -0.539339 0.681264
vn 0.527202 -0.442174 0.725631
vn 0.681264 -0.539340 0.494967
vn 0.725631 -0.442174 0.527202
vn 0.800874 -0.539340 0.260220
vn 0.853031 -0.442174 0.277166
vn 0.842089 -0.539339 0.000001
vn 0.896930 -0.442173 0.000001
vn 0.786606 -0.233744 -0.571503
vn 0.924711 -0.233744 -0.300456
vn 0.571502 -0.233744 -0.786606
vn 0.300457 -0.233743 -0.924711
vn -0.000000 -0.233743 -0.972298
vn -0.300457 -0.233744 -0.924711
vn -0.571503 -0.233743 -0.786606
vn -0.786606 -0.233743 -0.571503
vn -0.924711 -0.233744 -0.300457
vn -0.972298 -0.233744 -0.000000
vn -0.924711 -0.233743 0.300457
vn -0.786606 -0.233743 0.571503
vn -0.571503 -0.233744 0.786606
vn -0.300457 -0.233744 0.924711
vn 0.000000 -0.233743 0.972298
vn 0.300457 -0.233743 0.924711
vn 0.571503 -0.233743 0.786606
vn 0.786606 -0.233743 0.571503
vn 0.924711 -0.233743 0.300457
vn 0.972298 -0.233744 0.000001
vn 0.809017 0.000000 -0.587785
vn 0.951057 0.000000 -0.309016
vn 0.587785 0.000000 -0.809017
vn 0.309017 0.000000 -0.951057
vn -0.000000 0.000000 -1.000000
vn -0.309017 0.000000 -0.951056
vn -0.587785 0.000000 -0.809017
vn -0.809017 0.000000 -0.587785
vn -0.951057 -0.000000 -0.309017
vn -1.000000 -0.000000 -0.000000
vn -0.951057 -0.000000 0.309017
vn -0.809017 0.000000 0.587785
vn -0.587785 0.000000 0.809017
vn -0.309017 -0.000000 0.951057
vn 0.000000 -0.000000 1.000000
vn 0.309017 -0.000000 0.951057
vn 0.587785 -0.000000 0.809017
vn 0.809017 -0.000000 0.587785
vn 0.951056 0.000000 0.309017
vn 1.000000 0.000000 0.000001
vn 0.786606 0.233744 -0.571503
vn 0.924711 0.233744 -0.300456
vn 0.571502 0.233744 -0.786606
vn 0.300457 0.233744 -0.924711
vn -0.000000 0.233744 -0.972298
vn -0.300457 0.233744 -0.924711
vn -0.571503 0.233744 -0.786606
vn -0.786606 0.233744 -0.571503
vn -0.924711 0.233744 -0.300457
vn -0.972298 0.233744 0.000000
vn -0.924711 0.233744 0.300457
vn -0.786606 0.233743 0.571503
vn -0.571503 0.233744 0.786606
vn -0.300457 0.233744 0.924711
vn 0.000000 0.233743 0.972298
vn 0.300457 0.233743 0.924711
vn 0.571503 0.233743 0.786606
vn 0.786606 0.233743 0.571503
vn 0.924711 0.233744 0.300457
vn 0.972298 0.233744 0.000001
vn 0.725631 0.442174 -0.527202
vn 0.853031 0.442174 -0.277166
vn 0.527202 0.442173 -0.725631
vn 0.277166 0.442174 -0.853031
vn -0.000000 0.442174 -0.896930
vn -0.277167 0.442173 -0.853031
vn -0.527202 0.442174 -0.725631
vn -0.725631 0.442174 -0.527202
vn -0.853031 0.442174 -0.277167
vn -0.896930 0.442174 0.000000
vn -0.853031 0.442174 0.277167
vn -0.725631 0.442174 0.527202
vn -0.527202 0.442174 0.725631
vn -0.277167 0.442174 0.853031
vn 0.000000 0.442173 0.896930
vn 0.277167 0.442173 0.853031
vn 0.527202 0.442174 0.725631
vn 0.725631 0.442174 0.527202
vn 0.853031 0.442174 0.277166
vn 0.896930 0.442173 0.000001
vn 0.640278 0.611263 -0.465190
vn 0.752692 0.611263 -0.244564
vn 0.465190 0.611263 -0.640279
vn 0.244564 0.611263 -0.752692
vn -0.000000 0.611263 -0.791428
vn -0.244565 0.611263 -0.752692
vn -0.465190 0.611263 -0.640278
vn -0.640278 0.611263 -0.465189
vn -0.752692 0.611263 -0.244565
vn -0.791427 0.611263 0.000000
vn -0.752692 0.611263 0.244565
vn -0.640278 0.611263 0.465190
vn -0.465189 0.611263 0.640279
vn -0.244565 0.611263 0.752692
vn 0.000000 0.611263 0.791428
vn 0.244565 0.611263 0.752692
vn 0.465189 0.611263 0.640278
vn 0.640278 0.611263 0.465189
vn 0.752693 0.611263 0.244565
vn 0.791428 0.611263 0.000001
vn 0.544418 0.739700 -0.395543
vn 0.640002 0.739700 -0.207948
vn 0.395543 0.739700 -0.544418
vn 0.207949 0.739700 -0.640001
vn -0.000000 0.739700 -0.672937
vn -0.207949 0.739700 -0.640001
vn -0.395543 0.739700 -0.544418
vn -0.544418 0.739699 -0.395543
vn -0.640001 0.739700 -0.207949
vn -0.672937 0.739700 0.000000
vn -0.640001 0.739700 0.207949
vn -0.544418 0.739699 0.395543
vn -0.395543 0.739699 0.544418
vn -0.207949 0.739699 0.640001
vn -0.000000 0.739699 0.672937
vn 0.207949 0.739699 0.640001
vn 0.395543 0.739699 0.544418
vn 0.544418 0.739699 0.395543
vn 0.640002 0.739699 0.207949
vn 0.672937 0.739699 0.000001
vn 0.447226 0.833313 -0.324928
vn 0.525746 0.833313 -0.170825
vn 0.324929 0.833313 -0.447226
vn 0.170825 0.833313 -0.525745
vn -0.000000 0.833313 -0.552801
vn -0.170825 0.833313 -0.525745
vn -0.324929 0.833313 -0.447226
vn -0.447226 0.833313 -0.324928
vn -0.525746 0.833313 -0.170825
vn -0.552802 0.833313 -0.000000
vn -0.525746 0.833313 0.170825
vn -0.447226 0.833313 0.324929
vn -0.324929 0.833313 0.447226
vn -0.170825 0.833313 0.525745
vn 0.000000 0.833313 0.552801
vn 0.170825 0.833313 0.525745
vn 0.324929 0.833313 0.447226
vn 0.447226 0.833313 0.324929
vn 0.525745 0.833313 0.170825
vn 0.552802 0.833313 0.000000
vn 0.353251 0.899635 -0.256652
vn 0.415271 0.899635 -0.134929
vn 0.256652 0.899635 -0.353251
vn 0.134930 0.899635 -0.415271
vn -0.000000 0.899635 -0.436642
vn -0.134930 0.899635 -0.415271
vn -0.256652 0.899635 -0.353251
vn -0.353251 0.899635 -0.256652
vn -0.415271 0.899635 -0.134930
vn -0.436642 0.899635 -0.000000
vn -0.415271 0.899635 0.134930
vn -0.353251 0.899635 0.256652
vn -0.256652 0.899635 0.353251
vn -0.134930 0.899635 0.415271
vn 0.000000 0.899635 0.436642
vn 0.134930 0.899635 0.415271
vn 0.256652 0.899635 0.353251
vn 0.353251 0.899635 0.256652
vn 0.415271 0.899635 0.134930
vn 0.436642 0.899635 0.000000
vn 0.264149 0.945195 -0.191916
vn 0.310526 0.945195 -0.100896
vn 0.191916 0.945195 -0.264149
vn 0.100896 0.945195 -0.310526
vn -0.000000 0.945195 -0.326506
vn -0.100896 0.945195 -0.310526
vn -0.191916 0.945195 -0.264149
vn -0.264149 0.945195 -0.191916
vn -0.310526 0.945195 -0.100896
vn -0.326506 0.945195 0.000000
vn -0.310526 0.945195 0.100896
vn -0.264149 0.945195 0.191916
vn -0.191916 0.945195 0.264149
vn -0.100896 0.945195 0.310526
vn 0.000000 0.945195 0.326506
vn 0.100896 0.945195 0.310526
vn 0.191916 0.945195 0.264149
vn 0.264149 0.945195 0.191916
vn 0.310526 0.945195 0.100896
vn 0.326506 0.945195 0.000000
vn 0.180580 0.974771 -0.131199
vn 0.212284 0.974771 -0.068975
vn 0.131199 0.974771 -0.180580
vn 0.068975 0.974771 -0.212284
vn -0.000000 0.974771 -0.223209
vn -0.068975 0.974771 -0.212284
vn -0.131199 0.974771 -0.180580
vn -0.180580 0.974771 -0.131199
vn -0.212284 0.974771 -0.068975
vn -0.223209 0.974771 0.000000
vn -0.212284 0.974771 0.068975
vn -0.180580 0.974771 0.131199
vn -0.131199 0.974771 0.180580
vn -0.068975 0.974771 0.212284
vn 0.000000 0.974771 0.223209
vn 0.068975 0.974771 0.212284
vn 0.131199 0.974771 0.180580
vn 0.180580 0.974771 0.131199
vn 0.212284 0.974771 0.068975
vn 0.223209 0.974771 0.000000
vn 0.106101 0.991363 -0.077087
vn 0.124729 0.991363 -0.040527
vn 0.077087 0.991363 -0.106101
vn 0.040527 0.991363 -0.124729
vn -0.000000 0.991363 -0.131148
vn -0.040527 0.991363 -0.124729
vn -0.077087 0.991363 -0.106101
vn -0.106101 0.991363 -0.077087
vn -0.124729 0.991363 -0.040527
vn -0.131148 0.991363 0.000000
vn -0.124729 0.991363 0.040527
vn -0.106101 0.991363 0.077087
vn -0.077087 0.991363 0.106101
vn -0.040527 0.991363 0.124729
vn 0.000000 0.991363 0.131148
vn 0.040527 0.991363 0.124729
vn 0.077087 0.991363 0.106101
vn 0.106101 0.991363 0.077087
vn 0.124729 0.991363 0.040527
vn 0.131148 0.991363 0.000000
vn 0.000000 1.000000 -0.000000
s 1
g polySurface8 pCylinder11
usemtl initialShadingGroup
f 1/1/1 2/2/2 22/3/3 21/4/4
f 2/2/2 3/5/5 23/6/6 22/3/3
f 3/5/5 4/7/7 24/8/8 23/6/6
f 4/7/7 5/9/9 25/10/10 24/8/8
f 5/9/9 6/11/11 26/12/12 25/10/10
f 6/11/11 7/13/13 27/14/14 26/12/12
f 7/13/13 8/15/15 28/16/16 27/14/14
f 8/15/15 9/17/17 29/18/18 28/16/16
f 9/17/17 10/19/19 30/20/20 29/18/18
f 10/19/19 11/21/21 31/22/22 30/20/20
f 11/21/21 12/23/23 32/24/24 31/22/22
f 12/23/23 13/25/25 33/26/26 32/24/24
f 13/25/25 14/27/27 34/28/28 33/26/26
f 14/27/27 15/29/29 35/30/30 34/28/28
f 15/29/29 16/31/31 36/32/32 35/30/30
f 16/31/31 17/33/33 37/34/34 36/32/32
f 17/33/33 18/35/35 38/36/36 37/34/34
f 18/35/35 19/37/37 39/38/38 38/36/36
f 19/37/37 20/39/39 40/40/40 39/38/38
f 20/39/39 1/1/1 21/4/4 40/40/40
f 21/4/4 22/3/3 42/41/41 41/42/42
f 22/3/3 23/6/6 43/43/43 42/41/41
f 23/6/6 24/8/8 44/44/44 43/43/43
f 24/8/8 25/10/10 45/45/45 44/44/44
f 25/10/10 26/12/12 46/46/46 45/45/45
f 26/12/12 27/14/14 47/47/47 46/46/46
f 27/14/14 28/16/16 48/48/48 47/47/47
f 28/16/16 29/18/18 49/49/49 48/48/48
f 29/18/18 30/20/20 50/50/50 49/49/49
f 30/20/20 31/22/22 51/51/51 50/50/50
f 31/22/22 32/24/24 52/52/52 51/51/51
f 32/24/24 33/26/26 53/53/53 52/52/52
f 33/26/26 34/28/28 54/54/54 53/53/53
f 34/28/28 35/30/30 55/55/55 54/54/54
f 35/30/30 36/32/32 56/56/56 55/55/55
f 36/32/32 37/34/34 57/57/57 56/56/56
f 37/34/34 38/36/36 58/58/58 57/57/57
f 38/36/36 39/38/38 59/59/59 58/58/58
f 39/38/38 40/40/40 60/60/60 59/59/59
f 40/40/40 21/4/4 41/42/42 60/60/60
f 41/42/42 42/41/41 62/61/61 61/62/62
f 42/41/41 43/43/43 63/63/63 62/61/61
f 43/43/43 44/44/44 64/64/64 63/63/63
f 44/44/44 45/45/45 65/65/65 64/64/64
f 45/45/45 46/46/46 66/66/66 65/65/65
f 46/46/46 47/47/47 67/67/67 66/66/66
f 47/47/47 48/48/48 68/68/68 67/67/67
f 48/48/48 49/49/49 69/69/69 68/68/68
f 49/49/49 50/50/50 70/70/70 69/69/69
f 50/50/50 51/51/51 71/71/71 70/70/70
f 51/51/51 52/52/52 72/72/72 71/71/71
f 52/52/52 53/53/53 73/73/73 72/72/72
f 53/53/53 54/54/54 74/74/74 73/73/73
f 54/54/54 55/55/55 75/75/75 74/74/74
f 55/55/55 56/56/56 76/76/76 75/75/75
f 56/56/56 57/57/57 77/77/77 76/76/76
f 57/57/57 58/58/58 78/78/78 77/77/77
f 58/58/58 59/59/59 79/79/79 78/78/78
f 59/59/59 60/60/60 80/80/80 79/79/79
f 60/60/60 41/42/42 61/62/62 80/80/80
f 61/62/62 62/61/61 82/81/81 81/82/82
f 62/61/61 63/63/63 83/83/83 82/81/81
f 63/63/63 64/64/64 84/84/84 83/83/83
f 64/64/64 65/65/65 85/85/85 84/84/84
f 65/65/65 66/66/66 86/86/86 85/85/85
f 66/66/66 67/67/67 87/87/87 86/86/86
f 67/67/67 68/68/68 88/88/88 87/87/87
f 68/68/68 69/69/69 89/89/89 88/88/88
f 69/69/69 70/70/70 90/90/90 89/89/89
f 70/70/70 71/71/71 91/91/91 90/90/90
f 71/71/71 72/72/72 92/92/92 91/91/91
f 72/72/72 73/73/73 93/93/93 92/92/92
f 73/73/73 74/74/74 94/94/94 93/93/93
f 74/74/74 75/75/75 95/95/95 94/94/94
f 75/75/75 76/76/76 96/96/96 95/95/95
f 76/76/76 77/77/77 97/97/97 96/96/96
f 77/77/77 78/78/78 98/98/98 97/97/97
f 78/78/78 79/79/79 99/99/99 98/98/98
f 79/79/79 80/80/80 100/100/100 99/99/99
f 80/80/80 61/62/62 81/82/82 100/100/100
f 81/82/82 82/81/81 102/101/101 101/102/102
f 82/81/81 83/83/83 103/103/103 102/101/101
f 83/83/83 84/84/84 104/104/104 103/103/103
f 84/84/84 85/85/85 105/105/105 104/104/104
f 85/85/85 86/86/86 106/106/106 105/105/105
f 86/86/86 87/87/87 107/107/107 106/106/106
f 87/87/87 88/88/88 108/108/108 107/107/107
f 88/88/88 89/89/89 109/109/109 108/108/108
f 89/89/89 90/90/90 110/110/110 109/109/109
f 90/90/90 91/91/91 111/111/111 110/110/110
f 91/91/91 92/92/92 112/112/112 111/111/111
f 92/92/92 93/93/93 113/113/113 112/112/112
f 93/93/93 94/94/94 114/114/114 113/113/113
f 94/94/94 95/95/95 115/115/115 114/114/114
f 95/95/95 96/96/96 116/116/116 115/115/115
f 96/96/96 97/97/97 117/117/117 116/116/116
f 97/97/97 98/98/98 118/118/118 117/117/117
f 98/98/98 99/99/99 119/119/119 118/118/118
f 99/99/99 100/100/100 120/120/120 119/119/119
f 100/100/100 81/82/82 101/102/102 120/120/120
f 101/102/102 102/101/101 122/121/121 121/122/122
f 102/101/101 103/103/103 123/123/123 122/121/121
f 103/103/103 104/104/104 124/124/124 123/123/123
f 104/104/104 105/105/105 125/125/125 124/124/124
f 105/105/105 106/106/106 126/126/126 125/125/125
f 106/106/106 107/107/107 127/127/127 126/126/126
f 107/107/107 108/108/108 128/128/128 127/127/127
f 108/108/108 109/109/109 129/129/129 128/128/128
f 109/109/109 110/110/110 130/130/130 129/129/129
f 110/110/110 111/111/111 131/131/131 130/130/130
f 111/111/111 112/112/112 132/132/132 131/131/131
f 112/112/112 113/113/113 133/133/133 132/132/132
f 113/113/113 114/114/114 134/134/134 133/133/133
f 114/114/114 115/115/115 135/135/135 134/134/134
f 115/115/115 116/116/116 136/136/136 135/135/135
f 116/116/116 117/117/117 137/137/137 136/136/136
f 117/117/117 118/118/118 138/138/138 137/137/137
f 118/118/118 119/119/119 139/139/139 138/138/138
f 119/119/119 120/120/120 140/140/140 139/139/139
f 120/120/120 101/102/102 121/122/122 140/140/140
f 121/122/122 122/121/121 142/141/141 141/142/142
f 122/121/121 123/123/123 143/143/143 142/141/141
f 123/123/123 124/124/124 144/144/144 143/143/143
f 124/124/124 125/125/125 145/145/145 144/144/144
f 125/125/125 126/126/126 146/146/146 145/145/145
f 126/126/126 127/127/127 147/147/147 146/146/146
f 127/127/127 128/128/128 148/148/148 147/147/147
f 128/128/128 129/129/129 149/149/149 148/148/148
f 129/129/129 130/130/130 150/150/150 149/149/149
f 130/130/130 131/131/131 151/151/151 150/150/150
f 131/131/131 132/132/132 152/152/152 151/151/151
f 132/132/132 133/133/133 153/153/153 152/152/152
f 133/133/133 134/134/134 154/154/154 153/153/153
f 134/134/134 135/135/135 155/155/155 154/154/154
f 135/135/135 136/136/136 156/156/156 155/155/155
f 136/136/136 137/137/137 157/157/157 156/156/156
f 137/137/137 138/138/138 158/158/158 157/157/157
f 138/138/138 139/139/139 159/159/159 158/158/158
f 139/139/139 140/140/140 160/160/160 159/159/159
f 140/140/140 121/122/122 141/142/142 160/160/160
f 141/142/142 142/141/141 162/161/161 161/162/162
f 142/141/141 143/143/143 163/163/163 162/161/161
f 143/143/143 144/144/144 164/164/164 163/163/163
f 144/144/144 145/145/145 165/165/165 164/164/164
f 145/145/145 146/146/146 166/166/166 165/165/165
f 146/146/146 147/147/147 167/167/167 166/166/166
f 147/147/147 148/148/148 168/168/168 167/167/167
f 148/148/148 149/149/149 169/169/169 168/168/168
f 149/149/149 150/150/150 170/170/170 169/169/169
f 150/150/150 151/151/151 171/171/171 170/170/170
f 151/151/151 152/152/152 172/172/172 171/171/171
f 152/152/152 153/153/153 173/173/173 172/172/172
f 153/153/153 154/154/154 174/174/174 173/173/173
f 154/154/154 155/155/155 175/175/175 174/174/174
f 155/155/155 156/156/156 176/176/176 175/175/175
f 156/156/156 157/157/157 177/177/177 176/176/176
f 157/157/157 158/158/158 178/178/178 177/177/177
f 158/158/158 159/159/159 179/179/179 178/178/178
f 159/159/159 160/160/160 180/180/180 179/179/179
f 160/160/160 141/142/142 161/162/162 180/180/180
f 161/162/162 162/161/161 182/181/181 181/182/182
f 162/161/161 163/163/163 183/183/183 182/181/181
f 163/163/163 164/164/164 184/184/184 183/183/183
f 164/164/164 165/165/165 185/185/185 184/184/184
f 165/165/165 166/166/166 186/186/186 185/185/185
f 166/166/166 167/167/167 187/187/187 186/186/186
f 167/167/167 168/168/168 188/188/188 187/187/187
f 168/168/168 169/169/169 189/189/189 188/188/188
f 169/169/169 170/170/170 190/190/190 189/189/189
f 170/170/170 171/171/171 191/191/191 190/190/190
f 171/171/171 172/172/172 192/192/192 191/191/191
f 172/172/172 173/173/173 193/193/193 192/192/192
f 173/173/173 174/174/174 194/194/194 193/193/193
f 174/174/174 175/175/175 195/195/195 194/194/194
f 175/175/175 176/176/176 196/196/196 195/195/195
f 176/176/176 177/177/177 197/197/197 196/196/196
f 177/177/177 178/178/178 198/198/198 197/197/197
f 178/178/178 179/179/179 199/199/199 198/198/198
f 179/179/179 180/180/180 200/200/200 199/199/199
f 180/180/180 161/162/162 181/182/182 200/200/200
f 181/182/182 182/181/181 202/201/201 201/202/202
f 182/181/181 183/183/183 203/203/203 202/201/201
f 183/183/183 184/184/184 204/204/204 203/203/203
f 184/184/184 185/185/185 205/205/205 204/204/204
f 185/185/185 186/186/186 206/206/206 205/205/205
f 186/186/186 187/187/187 207/207/207 206/206/206
f 187/187/187 188/188/188 208/208/208 207/207/207
f 188/188/188 189/189/189 209/209/209 208/208/208
f 189/189/189 190/190/190 210/210/210 209/209/209
f 190/190/190 191/191/191 211/211/211 210/210/210
f 191/191/191 192/192/192 212/212/212 211/211/211
f 192/192/192 193/193/193 213/213/213 212/212/212
f 193/193/193 194/194/194 214/214/214 213/213/213
f 194/194/194 195/195/195 215/215/215 214/214/214
f 195/195/195 196/196/196 216/216/216 215/215/215
f 196/196/196 197/197/197 217/217/217 216/216/216
f 197/197/197 198/198/198 218/218/218 217/217/217
f 198/198/198 199/199/199 219/219/219 218/218/218
f 199/199/199 200/200/200 220/220/220 219/219/219
f 200/200/200 181/182/182 201/202/202 220/220/220
f 201/202/202 202/201/201 222/221/221 221/222/222
f 202/201/201 203/203/203 223/223/223 222/221/221
f 203/203/203 204/204/204 224/224/224 223/223/223
f 204/204/204 205/205/205 225/225/225 224/224/224
f 205/205/205 206/206/206 226/226/226 225/225/225
f 206/206/206 207/207/207 227/227/227 226/226/226
f 207/207/207 208/208/208 228/228/228 227/227/227
f 208/208/208 209/209/209 229/229/229 228/228/228
f 209/209/209 210/210/210 230/230/230 229/229/229
f 210/210/210 211/211/211 231/231/231 230/230/230
f 211/211/211 212/212/212 232/232/232 231/231/231
f 212/212/212 213/213/213 233/233/233 232/232/232
f 213/213/213 214/214/214 234/234/234 233/233/233
f 214/214/214 215/215/215 235/235/235 234/234/234
f 215/215/215 216/216/216 236/236/236 235/235/235
f 216/216/216 217/217/217 237/237/237 236/236/236
f 217/217/217 218/218/218 238/238/238 237/237/237
f 218/218/218 219/219/219 239/239/239 238/238/238
f 219/219/219 220/220/220 240/240/240 239/239/239
f 220/220/220 201/202/202 221/222/222 240/240/240
f 221/222/222 222/221/221 242/241/241 241/242/242
f 222/221/221 223/223/223 243/243/243 242/241/241
f 223/223/223 224/224/224 244/244/244 243/243/243
f 224/224/224 225/225/225 245/245/245 244/244/244
f 225/225/225 226/226/226 246/246/246 245/245/245
f 226/226/226 227/227/227 247/247/247 246/246/246
f 227/227/227 228/228/228 248/248/248 247/247/247
f 228/228/228 229/229/229 249/249/249 248/248/248
f 229/229/229 230/230/230 250/250/250 249/249/249
f 230/230/230 231/231/231 251/251/251 250/250/250
f 231/231/231 232/232/232 252/252/252 251/251/251
f 232/232/232 233/233/233 253/253/253 252/252/252
f 233/233/233 234/234/234 254/254/254 253/253/253
f 234/234/234 235/235/235 255/255/255 254/254/254
f 235/235/235 236/236/236 256/256/256 255/255/255
f 236/236/236 237/237/237 257/257/257 256/256/256
f 237/237/237 238/238/238 258/258/258 257/257/257
f 238/238/238 239/239/239 259/259/259 258/258/258
f 239/239/239 240/240/240 260/260/260 259/259/259
f 240/240/240 221/222/222 241/242/242 260/260/260
f 241/242/242 242/241/241 261/261/261
f 242/241/241 243/243/243 261/261/261
f 243/243/243 244/244/244 261/261/261
f 244/244/244 245/245/245 261/261/261
f 245/245/245 246/246/246 261/261/261
f 246/246/246 247/247/247 261/261/261
f 247/247/247 248/248/248 261/261/261
f 248/248/248 249/249/249 261/261/261
f 249/249/249 250/250/250 261/261/261
f 250/250/250 251/251/251 261/261/261
f 251/251/251 252/252/252 261/261/261
f 252/252/252 253/253/253 261/261/261
f 253/253/253 254/254/254 261/261/261
f 254/254/254 255/255/255 261/261/261
f 255/255/255 256/256/256 261/261/261
f 256/256/256 257/257/257 261/261/261
f 257/257/257 258/258/258 261/261/261
f 258/258/258 259/259/259 261/261/261
f 259/259/259 260/260/260 261/261/261
f 260/260/260 241/242/242 261/261/261
g default
v -0.307383 -0.058721 0.996955
v -0.221136 -0.066528 1.060714
v -0.112459 -0.070222 1.091834
v 0.112459 -0.070222 1.091834
v 0.221136 -0.066528 1.060714
v 0.307383 -0.058721 0.996955
v 0.381837 -0.048834 0.743466
v 0.307383 -0.111868 0.358686
v 0.221136 -0.201419 0.201408
v 0.112459 -0.305717 0.078297
v -0.112459 -0.305717 0.078297
v -0.221136 -0.201419 0.201408
v -0.307383 -0.111868 0.358686
v -0.381837 -0.048834 0.743466
v -0.303907 -0.037506 0.983646
v -0.220234 -0.045492 1.045502
v -0.114800 -0.050008 1.075693
v 0.114800 -0.050008 1.075693
v 0.220234 -0.045492 1.045502
v 0.303907 -0.037506 0.983646
v 0.376139 -0.028551 0.737721
v 0.303907 -0.090427 0.360279
v 0.220234 -0.176363 0.204209
v 0.114800 -0.278625 0.081465
v -0.114800 -0.278625 0.081465
v -0.220234 -0.176363 0.204209
v -0.303907 -0.090427 0.360279
v -0.376139 -0.028551 0.737721
v 0.303907 -0.030173 0.744455
v 0.220234 -0.034728 0.725053
v 0.114800 -0.048789 0.694463
v -0.114800 -0.048789 0.694463
v -0.220234 -0.034728 0.725054
v -0.303907 -0.030173 0.744455
v 0.303907 -0.031233 0.887988
v 0.220234 -0.037687 0.917467
v 0.114800 -0.053521 0.923707
v -0.114800 -0.053521 0.923707
v -0.220234 -0.037687 0.917467
v -0.303907 -0.031233 0.887988
v -0.370249 -0.048848 0.834379
v -0.336299 -0.053710 0.942756
v 0.336299 -0.053710 0.942756
v 0.370249 -0.048848 0.834379
v -0.364915 -0.028551 0.825790
v -0.331902 -0.032748 0.931175
v 0.331902 -0.032748 0.931175
v 0.364915 -0.028551 0.825790
v 0.331952 -0.083090 0.446900
v 0.326861 -0.063475 0.444115
v -0.331952 -0.083090 0.446900
v -0.326861 -0.063475 0.444115
v 0.303907 -0.078143 0.983646
v 0.220234 -0.085935 1.045502
v 0.114800 -0.090206 1.075693
v -0.114800 -0.090206 1.075693
v -0.220234 -0.085935 1.045502
v -0.303907 -0.078143 0.983646
v -0.376139 -0.069363 0.737721
v -0.303907 -0.130180 0.368185
v -0.220234 -0.214858 0.218231
v -0.114800 -0.315240 0.099965
v 0.114800 -0.315240 0.099965
v 0.220234 -0.214858 0.218231
v 0.303907 -0.130180 0.368185
v 0.376139 -0.069363 0.737721
v -0.303907 -0.070943 0.744516
v -0.220234 -0.075297 0.725482
v -0.114800 -0.088152 0.695704
v 0.114800 -0.088152 0.695704
v 0.220234 -0.075297 0.725482
v 0.303907 -0.070943 0.744516
v -0.303907 -0.071995 0.887988
v -0.220234 -0.078319 0.917467
v -0.114800 -0.093067 0.923707
v 0.114800 -0.093067 0.923707
v 0.220234 -0.078319 0.917467
v 0.303907 -0.071995 0.887988
v 0.364915 -0.069363 0.825790
v 0.331902 -0.073481 0.931175
v -0.331902 -0.073481 0.931175
v -0.364915 -0.069363 0.825790
v -0.326861 -0.103508 0.449287
v 0.326861 -0.103508 0.449287
v 0.004307 -0.070668 1.099163
v -0.004307 -0.070668 1.099163
v -0.004307 -0.051471 1.082830
v 0.004307 -0.051471 1.082830
v -0.004307 -0.360032 0.011078
v 0.004307 -0.360032 0.011078
v 0.004307 -0.355790 0.012189
v -0.004307 -0.355790 0.012189
v 0.004307 -0.090711 0.917898
v -0.004307 -0.090711 0.917898
v 0.004307 -0.085919 0.668211
v -0.004307 -0.085919 0.668211
v 0.004307 -0.091385 1.082830
v -0.004307 -0.091385 1.082830
v -0.004307 -0.368473 0.033364
v 0.004307 -0.368473 0.033364
v -0.004307 -0.105309 0.917898
v 0.004307 -0.105309 0.917898
v -0.004307 -0.100271 0.670167
v 0.004307 -0.100271 0.670167
v 0.303907 -0.038659 0.591708
v 0.287604 -0.031152 0.687111
v 0.220234 -0.053803 0.531396
v 0.220234 -0.038298 0.638682
v 0.114800 -0.058576 0.575168
v 0.114800 -0.080808 0.474132
v -0.114800 -0.080808 0.474132
v -0.114800 -0.058576 0.575168
v -0.220234 -0.053803 0.531396
v -0.220234 -0.038342 0.637611
v -0.288116 -0.031163 0.685541
v -0.319471 -0.037827 0.596774
v 0.363325 -0.056898 0.601524
v 0.376557 -0.049795 0.691713
v 0.371446 -0.029489 0.691552
v 0.358204 -0.036807 0.600531
v -0.376557 -0.049795 0.691713
v -0.363325 -0.056898 0.601524
v -0.358204 -0.036807 0.600531
v -0.371446 -0.029489 0.691552
v -0.303907 -0.079177 0.593049
v -0.288218 -0.071759 0.688276
v -0.220234 -0.094057 0.535044
v -0.220234 -0.078623 0.641143
v -0.094356 -0.100135 0.572134
v -0.114800 -0.119049 0.483167
v 0.114800 -0.119049 0.483167
v 0.094356 -0.100135 0.572134
v 0.220234 -0.094057 0.535044
v 0.220234 -0.078665 0.640072
v 0.288679 -0.071768 0.686807
v 0.318915 -0.078409 0.597752
v -0.371455 -0.070221 0.691940
v -0.357943 -0.077510 0.600734
v 0.357943 -0.077510 0.600734
v 0.371455 -0.070221 0.691940
v 0.004307 -0.130649 0.435019
v 0.004307 -0.103521 0.527246
v -0.004307 -0.103521 0.527246
v -0.004307 -0.130649 0.435019
v -0.004307 -0.145212 0.441589
v -0.004307 -0.117028 0.536320
v 0.004307 -0.117269 0.534392
v 0.004307 -0.144358 0.443343
v 0.313499 -0.059587 0.466358
v 0.303907 -0.049782 0.515511
v 0.220234 -0.107406 0.345490
v 0.220234 -0.085105 0.406598
v 0.114800 -0.170634 0.247410
v 0.114800 -0.145653 0.297315
v -0.114800 -0.170634 0.247410
v -0.114800 -0.145653 0.297315
v -0.220234 -0.107407 0.345489
v -0.220234 -0.085105 0.406596
v -0.315378 -0.058866 0.467591
v -0.307568 -0.049901 0.514547
v 0.336555 -0.078052 0.466537
v 0.344805 -0.070400 0.505256
v 0.331539 -0.058278 0.464390
v 0.339634 -0.050643 0.502906
v -0.336555 -0.078052 0.466537
v -0.344805 -0.070400 0.505256
v -0.331539 -0.058278 0.464390
v -0.339634 -0.050644 0.502905
v -0.313066 -0.099772 0.470823
v -0.303907 -0.089897 0.519644
v -0.220234 -0.146730 0.355449
v -0.220234 -0.124650 0.414979
v -0.114800 -0.210295 0.259839
v -0.114800 -0.184234 0.310397
v 0.114800 -0.208844 0.262050
v 0.114800 -0.184234 0.310397
v 0.220234 -0.146731 0.355448
v 0.220234 -0.124650 0.414978
v 0.314921 -0.099089 0.471949
v 0.307515 -0.090018 0.518682
v -0.331391 -0.098530 0.468345
v -0.339735 -0.090774 0.507030
v 0.331391 -0.098530 0.468345
v 0.339735 -0.090774 0.507030
v 0.004307 -0.250776 0.188639
v 0.004307 -0.229230 0.228876
v -0.004307 -0.250776 0.188639
v -0.004307 -0.229230 0.228876
v -0.004307 -0.262560 0.205642
v -0.004307 -0.241067 0.244771
v 0.010864 -0.261726 0.206999
v 0.004307 -0.241178 0.244543
v 0.487601 -0.156561 0.922306
v 0.593671 -0.164367 0.906405
v 0.692522 -0.168062 0.851563
v 0.851563 -0.168062 0.692522
v 0.906405 -0.164367 0.593671
v 0.922306 -0.156561 0.487601
v 0.795709 -0.146674 0.255711
v 0.470982 -0.209708 0.036277
v 0.298784 -0.299258 -0.013950
v 0.134885 -0.403557 -0.024156
v -0.024156 -0.403557 0.134885
v -0.013950 -0.299258 0.298784
v 0.036277 -0.209708 0.470982
v 0.255711 -0.146674 0.795709
v 0.480648 -0.135346 0.910437
v 0.583552 -0.143332 0.895011
v 0.679454 -0.147848 0.841806
v 0.841806 -0.147848 0.679454
v 0.895011 -0.143332 0.583552
v 0.910437 -0.135346 0.480648
v 0.787619 -0.126391 0.255677
v 0.469650 -0.188267 0.039861
v 0.300127 -0.274203 -0.011331
v 0.138781 -0.376464 -0.023571
v -0.023571 -0.376464 0.138781
v -0.011331 -0.274203 0.300127
v 0.039861 -0.188267 0.469650
v 0.255677 -0.126391 0.787618
v 0.741304 -0.128013 0.311515
v 0.668419 -0.132568 0.356961
v 0.572236 -0.146629 0.409884
v 0.409884 -0.146629 0.572236
v 0.356961 -0.132568 0.668419
v 0.311515 -0.128013 0.741304
v 0.842797 -0.129073 0.413008
v 0.804476 -0.135527 0.493018
v 0.734336 -0.151361 0.571983
v 0.571983 -0.151361 0.734336
v 0.493018 -0.135527 0.804477
v 0.413007 -0.129073 0.842797
v 0.328189 -0.146688 0.851801
v 0.428830 -0.151550 0.904429
v 0.904429 -0.151550 0.428830
v 0.851801 -0.146688 0.328189
v 0.325888 -0.126391 0.841956
v 0.423750 -0.130588 0.893130
v 0.893130 -0.130588 0.423750
v 0.841956 -0.126391 0.325888
v 0.550731 -0.180930 0.081280
v 0.545162 -0.161314 0.082911
v 0.081280 -0.180930 0.550731
v 0.082911 -0.161314 0.545162
v 0.910437 -0.175983 0.480648
v 0.895011 -0.183775 0.583552
v 0.841806 -0.188046 0.679454
v 0.679454 -0.188046 0.841806
v 0.583552 -0.183775 0.895011
v 0.480648 -0.175983 0.910437
v 0.255677 -0.167203 0.787619
v 0.045451 -0.228020 0.475241
v -0.001416 -0.312698 0.310042
v -0.010490 -0.413079 0.151862
v 0.151862 -0.413079 -0.010490
v 0.310042 -0.312698 -0.001416
v 0.475241 -0.228020 0.045451
v 0.787618 -0.167203 0.255677
v 0.311557 -0.168782 0.741347
v 0.357264 -0.173137 0.668723
v 0.410761 -0.185992 0.573113
v 0.573113 -0.185992 0.410761
v 0.668723 -0.173137 0.357264
v 0.741347 -0.168782 0.311557
v 0.413008 -0.169835 0.842797
v 0.493018 -0.176159 0.804476
v 0.571983 -0.190907 0.734336
v 0.734336 -0.190907 0.571983
v 0.804477 -0.176159 0.493018
v 0.842797 -0.169835 0.413007
v 0.841956 -0.167203 0.325888
v 0.893130 -0.171320 0.423750
v 0.423750 -0.171321 0.893130
v 0.325888 -0.167203 0.841956
v 0.086568 -0.201348 0.548819
v 0.548819 -0.201348 0.086569
v 0.780271 -0.168508 0.774180
v 0.774180 -0.168508 0.780271
v 0.762630 -0.149311 0.768722
v 0.768722 -0.149311 0.762630
v 0.004787 -0.457872 0.010879
v 0.010879 -0.457872 0.004787
v 0.011665 -0.453629 0.005573
v 0.005573 -0.453629 0.011665
v 0.652098 -0.188551 0.646006
v 0.646006 -0.188551 0.652098
v 0.475543 -0.183759 0.469451
v 0.469451 -0.183759 0.475543
v 0.768722 -0.189225 0.762630
v 0.762630 -0.189225 0.768722
v 0.020546 -0.466313 0.026638
v 0.026637 -0.466313 0.020546
v 0.646006 -0.203149 0.652098
v 0.652098 -0.203149 0.646006
v 0.470834 -0.198111 0.476925
v 0.476925 -0.198111 0.470834
v 0.633296 -0.136499 0.203506
v 0.689228 -0.128991 0.282494
v 0.531483 -0.151643 0.220025
v 0.607345 -0.136138 0.295887
v 0.487881 -0.156416 0.325529
v 0.416438 -0.178648 0.254086
v 0.254086 -0.178648 0.416438
v 0.325529 -0.156416 0.487881
v 0.220025 -0.151643 0.531483
v 0.295130 -0.136182 0.606588
v 0.281021 -0.129003 0.688479
v 0.196083 -0.135667 0.647883
v 0.682252 -0.154738 0.168432
v 0.755381 -0.147635 0.222849
v 0.751653 -0.127329 0.226349
v 0.677929 -0.134647 0.171351
v 0.222849 -0.147635 0.755381
v 0.168432 -0.154738 0.682252
v 0.171351 -0.134647 0.677929
v 0.226349 -0.127329 0.751653
v 0.204454 -0.177017 0.634244
v 0.282884 -0.169599 0.690486
v 0.222604 -0.191897 0.534063
v 0.297627 -0.176463 0.609086
v 0.337840 -0.197975 0.471279
v 0.260475 -0.216889 0.422827
v 0.422827 -0.216889 0.260475
v 0.471279 -0.197975 0.337840
v 0.534063 -0.191897 0.222604
v 0.608329 -0.176505 0.296870
v 0.689773 -0.169608 0.281519
v 0.648182 -0.176249 0.197167
v 0.226617 -0.168061 0.751934
v 0.171679 -0.175350 0.677887
v 0.677887 -0.175350 0.171679
v 0.751934 -0.168061 0.226617
v 0.310651 -0.228489 0.304559
v 0.375865 -0.201361 0.369774
v 0.369774 -0.201361 0.375865
v 0.304559 -0.228489 0.310651
v 0.309205 -0.243052 0.315296
v 0.376190 -0.214868 0.382282
v 0.380918 -0.215109 0.374826
v 0.316536 -0.242198 0.310445
v 0.551442 -0.157426 0.108088
v 0.579416 -0.147622 0.149626
v 0.400028 -0.205246 0.088569
v 0.443237 -0.182945 0.131779
v 0.256121 -0.268474 0.093769
v 0.291409 -0.243493 0.129057
v 0.093769 -0.268474 0.256121
v 0.129057 -0.243493 0.291409
v 0.088568 -0.205246 0.400026
v 0.131778 -0.182945 0.443236
v 0.107631 -0.156706 0.553642
v 0.146356 -0.147741 0.581323
v 0.567872 -0.175892 0.091911
v 0.601084 -0.168239 0.113456
v 0.562806 -0.156118 0.093940
v 0.595765 -0.148483 0.115451
v 0.091911 -0.175892 0.567872
v 0.113456 -0.168239 0.601084
v 0.093940 -0.156118 0.562807
v 0.115450 -0.148483 0.595765
v 0.111551 -0.197612 0.554293
v 0.152549 -0.187737 0.582339
v 0.095611 -0.244570 0.407070
v 0.137705 -0.222490 0.449164
v 0.102558 -0.308135 0.264910
v 0.138308 -0.282074 0.300660
v 0.266473 -0.306684 0.104121
v 0.300660 -0.282074 0.138308
v 0.407069 -0.244571 0.095610
v 0.449163 -0.222490 0.137704
v 0.556401 -0.196929 0.111036
v 0.584209 -0.187858 0.149318
v 0.096841 -0.196370 0.565498
v 0.118296 -0.188614 0.598753
v 0.565498 -0.196369 0.096841
v 0.598753 -0.188614 0.118296
v 0.136433 -0.348616 0.130342
v 0.164886 -0.327069 0.158794
v 0.130342 -0.348616 0.136433
v 0.158794 -0.327069 0.164886
v 0.142365 -0.360400 0.148457
v 0.170033 -0.338907 0.176125
v 0.154052 -0.359566 0.138688
v 0.175964 -0.339018 0.169872
v 0.996955 -0.101478 0.254567
v 1.060714 -0.109285 0.183140
v 1.091834 -0.112980 0.093136
v 1.091834 -0.112980 -0.093136
v 1.060714 -0.109285 -0.183140
v 0.996955 -0.101478 -0.254567
v 0.743466 -0.091592 -0.316229
v 0.358686 -0.154626 -0.254567
v 0.201408 -0.244176 -0.183140
v 0.078297 -0.348475 -0.093136
v 0.078297 -0.348475 0.093136
v 0.201408 -0.244176 0.183140
v 0.358686 -0.154626 0.254567
v 0.743466 -0.091592 0.316229
v 0.983646 -0.080264 0.251689
v 1.045502 -0.088250 0.182393
v 1.075693 -0.092766 0.095075
v 1.075693 -0.092766 -0.095075
v 1.045502 -0.088250 -0.182393
v 0.983646 -0.080264 -0.251689
v 0.737721 -0.071309 -0.311510
v 0.360279 -0.133185 -0.251689
v 0.204209 -0.219120 -0.182393
v 0.081465 -0.321382 -0.095075
v 0.081465 -0.321382 0.095075
v 0.204209 -0.219120 0.182393
v 0.360279 -0.133185 0.251689
v 0.737721 -0.071309 0.311510
v 0.744455 -0.072931 -0.251689
v 0.725053 -0.077486 -0.182393
v 0.694463 -0.091547 -0.095075
v 0.694463 -0.091547 0.095075
v 0.725054 -0.077486 0.182393
v 0.744455 -0.072931 0.251689
v 0.887988 -0.073991 -0.251689
v 0.917467 -0.080445 -0.182393
v 0.923707 -0.096279 -0.095075
v 0.923707 -0.096279 0.095075
v 0.917467 -0.080445 0.182393
v 0.887988 -0.073991 0.251689
v 0.834379 -0.091605 0.306632
v 0.942756 -0.096468 0.278516
v 0.942756 -0.096468 -0.278516
v 0.834379 -0.091605 -0.306632
v 0.825790 -0.071309 0.302214
v 0.931175 -0.075506 0.274874
v 0.931175 -0.075506 -0.274874
v 0.825790 -0.071309 -0.302214
v 0.446900 -0.125848 -0.274915
v 0.444115 -0.106232 -0.270699
v 0.446900 -0.125848 0.274915
v 0.444115 -0.106232 0.270699
v 0.983646 -0.120901 -0.251689
v 1.045502 -0.128693 -0.182393
v 1.075693 -0.132964 -0.095075
v 1.075693 -0.132964 0.095075
v 1.045502 -0.128693 0.182393
v 0.983646 -0.120901 0.251689
v 0.737721 -0.112121 0.311510
v 0.368185 -0.172938 0.251689
v 0.218231 -0.257616 0.182393
v 0.099965 -0.357997 0.095075
v 0.099965 -0.357997 -0.095075
v 0.218231 -0.257616 -0.182393
v 0.368185 -0.172938 -0.251689
v 0.737721 -0.112121 -0.311510
v 0.744516 -0.113700 0.251689
v 0.725482 -0.118054 0.182393
v 0.695704 -0.130910 0.095075
v 0.695704 -0.130910 -0.095075
v 0.725482 -0.118054 -0.182393
v 0.744516 -0.113700 -0.251689
v 0.887988 -0.114753 0.251689
v 0.917467 -0.121077 0.182393
v 0.923707 -0.135825 0.095075
v 0.923707 -0.135825 -0.095075
v 0.917467 -0.121077 -0.182393
v 0.887988 -0.114753 -0.251689
v 0.825790 -0.112121 -0.302214
v 0.931175 -0.116238 -0.274874
v 0.931175 -0.116238 0.274874
v 0.825790 -0.112121 0.302214
v 0.449287 -0.146266 0.270699
v 0.449287 -0.146266 -0.270699
v 1.099163 -0.113426 -0.003567
v 1.099163 -0.113426 0.003567
v 1.082830 -0.094229 0.003567
v 1.082830 -0.094229 -0.003567
v 0.011078 -0.402790 0.003567
v 0.011078 -0.402790 -0.003567
v 0.012189 -0.398547 -0.003567
v 0.012189 -0.398547 0.003567
v 0.917898 -0.133469 -0.003567
v 0.917898 -0.133469 0.003567
v 0.668211 -0.128677 -0.003567
v 0.668211 -0.128677 0.003567
v 1.082830 -0.134143 -0.003567
v 1.082830 -0.134143 0.003567
v 0.033364 -0.411231 0.003567
v 0.033364 -0.411231 -0.003567
v 0.917898 -0.148067 0.003567
v 0.917898 -0.148067 -0.003567
v 0.670167 -0.143029 0.003567
v 0.670167 -0.143029 -0.003567
v 0.591708 -0.081417 -0.251689
v 0.687111 -0.073909 -0.238187
v 0.531396 -0.096561 -0.182393
v 0.638682 -0.081056 -0.182393
v 0.575168 -0.101334 -0.095075
v 0.474132 -0.123566 -0.095075
v 0.474132 -0.123566 0.095075
v 0.575168 -0.101334 0.095075
v 0.531396 -0.096561 0.182393
v 0.637611 -0.081100 0.182393
v 0.685541 -0.073921 0.238611
v 0.596774 -0.080585 0.264579
v 0.601524 -0.099656 -0.300898
v 0.691713 -0.092553 -0.311856
v 0.691552 -0.072247 -0.307623
v 0.600531 -0.079565 -0.296657
v 0.691713 -0.092553 0.311856
v 0.601524 -0.099656 0.300898
v 0.600531 -0.079565 0.296657
v 0.691552 -0.072247 0.307623
v 0.593049 -0.121935 0.251689
v 0.688276 -0.114517 0.238696
v 0.535044 -0.136815 0.182393
v 0.641143 -0.121381 0.182393
v 0.572134 -0.142893 0.078143
v 0.483167 -0.161807 0.095075
v 0.483167 -0.161807 -0.095075
v 0.572134 -0.142893 -0.078143
v 0.535044 -0.136815 -0.182393
v 0.640072 -0.121423 -0.182393
v 0.686807 -0.114526 -0.239077
v 0.597752 -0.121167 -0.264119
v 0.691940 -0.112979 0.307631
v 0.600734 -0.120268 0.296441
v 0.600734 -0.120268 -0.296440
v 0.691940 -0.112979 -0.307631
v 0.435019 -0.173407 -0.003567
v 0.527246 -0.146279 -0.003567
v 0.527246 -0.146279 0.003567
v 0.435019 -0.173407 0.003567
v 0.441589 -0.187970 0.003567
v 0.536320 -0.159786 0.003567
v 0.534392 -0.160027 -0.003567
v 0.443343 -0.187116 -0.003567
v 0.466358 -0.102344 -0.259633
v 0.515511 -0.092540 -0.251689
v 0.345490 -0.150164 -0.182393
v 0.406598 -0.127863 -0.182393
v 0.247410 -0.213392 -0.095075
v 0.297315 -0.188411 -0.095075
v 0.247410 -0.213392 0.095075
v 0.297315 -0.188411 0.095075
v 0.345489 -0.150164 0.182393
v 0.406596 -0.127863 0.182393
v 0.467591 -0.101624 0.261189
v 0.514547 -0.092659 0.254721
v 0.466537 -0.120809 -0.278727
v 0.505256 -0.113157 -0.285560
v 0.464390 -0.101036 -0.274573
v 0.502906 -0.093401 -0.281277
v 0.466537 -0.120809 0.278727
v 0.505256 -0.113157 0.285560
v 0.464390 -0.101036 0.274573
v 0.502905 -0.093401 0.281277
v 0.470823 -0.142530 0.259274
v 0.519644 -0.132655 0.251689
v 0.355449 -0.189488 0.182393
v 0.414979 -0.167407 0.182393
v 0.259839 -0.253053 0.095075
v 0.310397 -0.226992 0.095075
v 0.262050 -0.251602 -0.095075
v 0.310397 -0.226992 -0.095075
v 0.355448 -0.189489 -0.182393
v 0.414978 -0.167408 -0.182393
v 0.471949 -0.141847 -0.260810
v 0.518682 -0.132776 -0.254677
v 0.468345 -0.141287 0.274450
v 0.507030 -0.133531 0.281361
v 0.468345 -0.141287 -0.274450
v 0.507030 -0.133531 -0.281361
v 0.188639 -0.293534 -0.003567
v 0.228876 -0.271987 -0.003567
v 0.188639 -0.293534 0.003567
v 0.228876 -0.271987 0.003567
v 0.205642 -0.305318 0.003567
v 0.244771 -0.283825 0.003567
v 0.206999 -0.304484 -0.008997
v 0.244543 -0.283936 -0.003567
v 0.922306 -0.156561 -0.487601
v 0.906405 -0.164367 -0.593671
v 0.851563 -0.168062 -0.692522
v 0.692522 -0.168062 -0.851563
v 0.593671 -0.164367 -0.906405
v 0.487601 -0.156561 -0.922306
v 0.255711 -0.146674 -0.795709
v 0.036277 -0.209708 -0.470982
v -0.013950 -0.299258 -0.298784
v -0.024156 -0.403557 -0.134885
v 0.134885 -0.403557 0.024156
v 0.298784 -0.299258 0.013950
v 0.470982 -0.209708 -0.036277
v 0.795709 -0.146674 -0.255711
v 0.910437 -0.135346 -0.480648
v 0.895011 -0.143332 -0.583552
v 0.841806 -0.147848 -0.679454
v 0.679454 -0.147848 -0.841806
v 0.583552 -0.143332 -0.895011
v 0.480648 -0.135346 -0.910437
v 0.255677 -0.126391 -0.787619
v 0.039861 -0.188267 -0.469650
v -0.011331 -0.274203 -0.300127
v -0.023571 -0.376464 -0.138781
v 0.138781 -0.376464 0.023571
v 0.300127 -0.274203 0.011331
v 0.469650 -0.188267 -0.039861
v 0.787618 -0.126391 -0.255677
v 0.311515 -0.128013 -0.741304
v 0.356961 -0.132568 -0.668419
v 0.409884 -0.146629 -0.572236
v 0.572236 -0.146629 -0.409884
v 0.668419 -0.132568 -0.356961
v 0.741304 -0.128013 -0.311515
v 0.413008 -0.129073 -0.842797
v 0.493018 -0.135527 -0.804476
v 0.571983 -0.151361 -0.734336
v 0.734336 -0.151361 -0.571983
v 0.804477 -0.135527 -0.493018
v 0.842797 -0.129073 -0.413007
v 0.851801 -0.146688 -0.328189
v 0.904429 -0.151550 -0.428830
v 0.428830 -0.151550 -0.904429
v 0.328189 -0.146688 -0.851801
v 0.841956 -0.126391 -0.325888
v 0.893130 -0.130588 -0.423750
v 0.423750 -0.130588 -0.893130
v 0.325888 -0.126391 -0.841956
v 0.081280 -0.180930 -0.550731
v 0.082911 -0.161314 -0.545162
v 0.550731 -0.180930 -0.081280
v 0.545162 -0.161314 -0.082911
v 0.480648 -0.175983 -0.910437
v 0.583552 -0.183775 -0.895011
v 0.679454 -0.188046 -0.841806
v 0.841806 -0.188046 -0.679454
v 0.895011 -0.183775 -0.583552
v 0.910437 -0.175983 -0.480648
v 0.787619 -0.167203 -0.255677
v 0.475241 -0.228020 -0.045451
v 0.310042 -0.312698 0.001416
v 0.151862 -0.413079 0.010490
v -0.010490 -0.413079 -0.151862
v -0.001416 -0.312698 -0.310042
v 0.045451 -0.228020 -0.475241
v 0.255677 -0.167203 -0.787618
v 0.741347 -0.168782 -0.311557
v 0.668723 -0.173137 -0.357264
v 0.573113 -0.185992 -0.410761
v 0.410761 -0.185992 -0.573113
v 0.357264 -0.173137 -0.668723
v 0.311557 -0.168782 -0.741347
v 0.842797 -0.169835 -0.413008
v 0.804476 -0.176159 -0.493018
v 0.734336 -0.190907 -0.571983
v 0.571983 -0.190907 -0.734336
v 0.493018 -0.176159 -0.804477
v 0.413007 -0.169835 -0.842797
v 0.325888 -0.167203 -0.841956
v 0.423750 -0.171320 -0.893130
v 0.893130 -0.171321 -0.423750
v 0.841956 -0.167203 -0.325888
v 0.548819 -0.201348 -0.086568
v 0.086569 -0.201348 -0.548819
v 0.774180 -0.168508 -0.780271
v 0.780271 -0.168508 -0.774180
v 0.768722 -0.149311 -0.762630
v 0.762630 -0.149311 -0.768722
v 0.010879 -0.457872 -0.004787
v 0.004787 -0.457872 -0.010879
v 0.005573 -0.453629 -0.011665
v 0.011665 -0.453629 -0.005573
v 0.646006 -0.188551 -0.652098
v 0.652098 -0.188551 -0.646006
v 0.469451 -0.183759 -0.475543
v 0.475543 -0.183759 -0.469451
v 0.762630 -0.189225 -0.768722
v 0.768722 -0.189225 -0.762630
v 0.026638 -0.466313 -0.020546
v 0.020546 -0.466313 -0.026637
v 0.652098 -0.203149 -0.646006
v 0.646006 -0.203149 -0.652098
v 0.476925 -0.198111 -0.470834
v 0.470834 -0.198111 -0.476925
v 0.203506 -0.136499 -0.633296
v 0.282494 -0.128991 -0.689228
v 0.220025 -0.151643 -0.531483
v 0.295887 -0.136138 -0.607345
v 0.325529 -0.156416 -0.487881
v 0.254086 -0.178648 -0.416438
v 0.416438 -0.178648 -0.254086
v 0.487881 -0.156416 -0.325529
v 0.531483 -0.151643 -0.220025
v 0.606588 -0.136182 -0.295130
v 0.688479 -0.129003 -0.281021
v 0.647883 -0.135667 -0.196083
v 0.168432 -0.154738 -0.682252
v 0.222849 -0.147635 -0.755381
v 0.226349 -0.127329 -0.751653
v 0.171351 -0.134647 -0.677929
v 0.755381 -0.147635 -0.222849
v 0.682252 -0.154738 -0.168432
v 0.677929 -0.134647 -0.171351
v 0.751653 -0.127329 -0.226349
v 0.634244 -0.177017 -0.204454
v 0.690486 -0.169599 -0.282884
v 0.534063 -0.191897 -0.222604
v 0.609086 -0.176463 -0.297627
v 0.471279 -0.197975 -0.337840
v 0.422827 -0.216889 -0.260475
v 0.260475 -0.216889 -0.422827
v 0.337840 -0.197975 -0.471279
v 0.222604 -0.191897 -0.534063
v 0.296870 -0.176505 -0.608329
v 0.281519 -0.169608 -0.689773
v 0.197167 -0.176249 -0.648182
v 0.751934 -0.168061 -0.226617
v 0.677887 -0.175350 -0.171679
v 0.171679 -0.175350 -0.677887
v 0.226617 -0.168061 -0.751934
v 0.304559 -0.228489 -0.310651
v 0.369774 -0.201361 -0.375865
v 0.375865 -0.201361 -0.369774
v 0.310651 -0.228489 -0.304559
v 0.315296 -0.243052 -0.309205
v 0.382282 -0.214868 -0.376190
v 0.374826 -0.215109 -0.380918
v 0.310445 -0.242198 -0.316536
v 0.108088 -0.157426 -0.551442
v 0.149626 -0.147622 -0.579416
v 0.088569 -0.205246 -0.400028
v 0.131779 -0.182945 -0.443237
v 0.093769 -0.268474 -0.256121
v 0.129057 -0.243493 -0.291409
v 0.256121 -0.268474 -0.093769
v 0.291409 -0.243493 -0.129057
v 0.400026 -0.205246 -0.088568
v 0.443236 -0.182945 -0.131778
v 0.553642 -0.156706 -0.107631
v 0.581323 -0.147741 -0.146356
v 0.091911 -0.175892 -0.567872
v 0.113456 -0.168239 -0.601084
v 0.093940 -0.156118 -0.562806
v 0.115451 -0.148483 -0.595765
v 0.567872 -0.175892 -0.091911
v 0.601084 -0.168239 -0.113456
v 0.562807 -0.156118 -0.093940
v 0.595765 -0.148483 -0.115450
v 0.554293 -0.197612 -0.111551
v 0.582339 -0.187737 -0.152549
v 0.407070 -0.244570 -0.095611
v 0.449164 -0.222490 -0.137705
v 0.264910 -0.308135 -0.102558
v 0.300660 -0.282074 -0.138308
v 0.104121 -0.306684 -0.266473
v 0.138308 -0.282074 -0.300660
v 0.095610 -0.244571 -0.407069
v 0.137704 -0.222490 -0.449163
v 0.111036 -0.196929 -0.556401
v 0.149318 -0.187858 -0.584209
v 0.565498 -0.196370 -0.096841
v 0.598753 -0.188614 -0.118296
v 0.096841 -0.196369 -0.565498
v 0.118296 -0.188614 -0.598753
v 0.130342 -0.348616 -0.136433
v 0.158794 -0.327069 -0.164886
v 0.136433 -0.348616 -0.130342
v 0.164886 -0.327069 -0.158794
v 0.148457 -0.360400 -0.142365
v 0.176125 -0.338907 -0.170033
v 0.138688 -0.359566 -0.154052
v 0.169872 -0.339018 -0.175964
v 0.307383 -0.058721 -0.996955
v 0.221136 -0.066528 -1.060714
v 0.112459 -0.070222 -1.091834
v -0.112459 -0.070222 -1.091834
v -0.221136 -0.066528 -1.060714
v -0.307383 -0.058721 -0.996955
v -0.381837 -0.048834 -0.743466
v -0.307383 -0.111868 -0.358686
v -0.221136 -0.201419 -0.201408
v -0.112459 -0.305717 -0.078297
v 0.112459 -0.305717 -0.078297
v 0.221136 -0.201419 -0.201408
v 0.307383 -0.111868 -0.358686
v 0.381837 -0.048834 -0.743466
v 0.303907 -0.037506 -0.983646
v 0.220234 -0.045492 -1.045502
v 0.114800 -0.050008 -1.075693
v -0.114800 -0.050008 -1.075693
v -0.220234 -0.045492 -1.045502
v -0.303907 -0.037506 -0.983646
v -0.376139 -0.028551 -0.737721
v -0.303907 -0.090427 -0.360279
v -0.220234 -0.176363 -0.204209
v -0.114800 -0.278625 -0.081465
v 0.114800 -0.278625 -0.081465
v 0.220234 -0.176363 -0.204209
v 0.303907 -0.090427 -0.360279
v 0.376139 -0.028551 -0.737721
v -0.303907 -0.030173 -0.744455
v -0.220234 -0.034728 -0.725053
v -0.114800 -0.048789 -0.694463
v 0.114800 -0.048789 -0.694463
v 0.220234 -0.034728 -0.725054
v 0.303907 -0.030173 -0.744455
v -0.303907 -0.031233 -0.887988
v -0.220234 -0.037687 -0.917467
v -0.114800 -0.053521 -0.923707
v 0.114800 -0.053521 -0.923707
v 0.220234 -0.037687 -0.917467
v 0.303907 -0.031233 -0.887988
v 0.370249 -0.048848 -0.834379
v 0.336299 -0.053710 -0.942756
v -0.336299 -0.053710 -0.942756
v -0.370249 -0.048848 -0.834379
v 0.364915 -0.028551 -0.825790
v 0.331902 -0.032748 -0.931175
v -0.331902 -0.032748 -0.931175
v -0.364915 -0.028551 -0.825790
v -0.331952 -0.083090 -0.446900
v -0.326861 -0.063475 -0.444115
v 0.331952 -0.083090 -0.446900
v 0.326861 -0.063475 -0.444115
v -0.303907 -0.078143 -0.983646
v -0.220234 -0.085935 -1.045502
v -0.114800 -0.090206 -1.075693
v 0.114800 -0.090206 -1.075693
v 0.220234 -0.085935 -1.045502
v 0.303907 -0.078143 -0.983646
v 0.376139 -0.069363 -0.737721
v 0.303907 -0.130180 -0.368185
v 0.220234 -0.214858 -0.218231
v 0.114800 -0.315240 -0.099965
v -0.114800 -0.315240 -0.099965
v -0.220234 -0.214858 -0.218231
v -0.303907 -0.130180 -0.368185
v -0.376139 -0.069363 -0.737721
v 0.303907 -0.070943 -0.744516
v 0.220234 -0.075297 -0.725482
v 0.114800 -0.088152 -0.695704
v -0.114800 -0.088152 -0.695704
v -0.220234 -0.075297 -0.725482
v -0.303907 -0.070943 -0.744516
v 0.303907 -0.071995 -0.887988
v 0.220234 -0.078319 -0.917467
v 0.114800 -0.093067 -0.923707
v -0.114800 -0.093067 -0.923707
v -0.220234 -0.078319 -0.917467
v -0.303907 -0.071995 -0.887988
v -0.364915 -0.069363 -0.825790
v -0.331902 -0.073481 -0.931175
v 0.331902 -0.073481 -0.931175
v 0.364915 -0.069363 -0.825790
v 0.326861 -0.103508 -0.449287
v -0.326861 -0.103508 -0.449287
v -0.004307 -0.070668 -1.099163
v 0.004307 -0.070668 -1.099163
v 0.004307 -0.051471 -1.082830
v -0.004307 -0.051471 -1.082830
v 0.004307 -0.360032 -0.011078
v -0.004307 -0.360032 -0.011078
v -0.004307 -0.355790 -0.012189
v 0.004307 -0.355790 -0.012189
v -0.004307 -0.090711 -0.917898
v 0.004307 -0.090711 -0.917898
v -0.004307 -0.085919 -0.668211
v 0.004307 -0.085919 -0.668211
v -0.004307 -0.091385 -1.082830
v 0.004307 -0.091385 -1.082830
v 0.004307 -0.368473 -0.033364
v -0.004307 -0.368473 -0.033364
v 0.004307 -0.105309 -0.917898
v -0.004307 -0.105309 -0.917898
v 0.004307 -0.100271 -0.670167
v -0.004307 -0.100271 -0.670167
v -0.303907 -0.038659 -0.591708
v -0.287604 -0.031152 -0.687111
v -0.220234 -0.053803 -0.531396
v -0.220234 -0.038298 -0.638682
v -0.114800 -0.058576 -0.575168
v -0.114800 -0.080808 -0.474132
v 0.114800 -0.080808 -0.474132
v 0.114800 -0.058576 -0.575168
v 0.220234 -0.053803 -0.531396
v 0.220234 -0.038342 -0.637611
v 0.288116 -0.031163 -0.685541
v 0.319471 -0.037827 -0.596774
v -0.363325 -0.056898 -0.601524
v -0.376557 -0.049795 -0.691713
v -0.371446 -0.029489 -0.691552
v -0.358204 -0.036807 -0.600531
v 0.376557 -0.049795 -0.691713
v 0.363325 -0.056898 -0.601524
v 0.358204 -0.036807 -0.600531
v 0.371446 -0.029489 -0.691552
v 0.303907 -0.079177 -0.593049
v 0.288218 -0.071759 -0.688276
v 0.220234 -0.094057 -0.535044
v 0.220234 -0.078623 -0.641143
v 0.094356 -0.100135 -0.572134
v 0.114800 -0.119049 -0.483167
v -0.114800 -0.119049 -0.483167
v -0.094356 -0.100135 -0.572134
v -0.220234 -0.094057 -0.535044
v -0.220234 -0.078665 -0.640072
v -0.288679 -0.071768 -0.686807
v -0.318915 -0.078409 -0.597752
v 0.371455 -0.070221 -0.691940
v 0.357943 -0.077510 -0.600734
v -0.357943 -0.077510 -0.600734
v -0.371455 -0.070221 -0.691940
v -0.004307 -0.130649 -0.435019
v -0.004307 -0.103521 -0.527246
v 0.004307 -0.103521 -0.527246
v 0.004307 -0.130649 -0.435019
v 0.004307 -0.145212 -0.441589
v 0.004307 -0.117028 -0.536320
v -0.004307 -0.117269 -0.534392
v -0.004307 -0.144358 -0.443343
v -0.313499 -0.059587 -0.466358
v -0.303907 -0.049782 -0.515511
v -0.220234 -0.107406 -0.345490
v -0.220234 -0.085105 -0.406598
v -0.114800 -0.170634 -0.247410
v -0.114800 -0.145653 -0.297315
v 0.114800 -0.170634 -0.247410
v 0.114800 -0.145653 -0.297315
v 0.220234 -0.107407 -0.345489
v 0.220234 -0.085105 -0.406596
v 0.315378 -0.058866 -0.467591
v 0.307568 -0.049901 -0.514547
v -0.336555 -0.078052 -0.466537
v -0.344805 -0.070400 -0.505256
v -0.331539 -0.058278 -0.464390
v -0.339634 -0.050643 -0.502906
v 0.336555 -0.078052 -0.466537
v 0.344805 -0.070400 -0.505256
v 0.331539 -0.058278 -0.464390
v 0.339634 -0.050644 -0.502905
v 0.313066 -0.099772 -0.470823
v 0.303907 -0.089897 -0.519644
v 0.220234 -0.146730 -0.355449
v 0.220234 -0.124650 -0.414979
v 0.114800 -0.210295 -0.259839
v 0.114800 -0.184234 -0.310397
v -0.114800 -0.208844 -0.262050
v -0.114800 -0.184234 -0.310397
v -0.220234 -0.146731 -0.355448
v -0.220234 -0.124650 -0.414978
v -0.314921 -0.099089 -0.471949
v -0.307515 -0.090018 -0.518682
v 0.331391 -0.098530 -0.468345
v 0.339735 -0.090774 -0.507030
v -0.331391 -0.098530 -0.468345
v -0.339735 -0.090774 -0.507030
v -0.004307 -0.250776 -0.188639
v -0.004307 -0.229230 -0.228876
v 0.004307 -0.250776 -0.188639
v 0.004307 -0.229230 -0.228876
v 0.004307 -0.262560 -0.205642
v 0.004307 -0.241067 -0.244771
v -0.010864 -0.261726 -0.206999
v -0.004307 -0.241178 -0.244543
v -0.996955 -0.101478 -0.254567
v -1.060714 -0.109285 -0.183140
v -1.091834 -0.112980 -0.093136
v -1.091834 -0.112980 0.093136
v -1.060714 -0.109285 0.183140
v -0.996955 -0.101478 0.254567
v -0.743466 -0.091592 0.316229
v -0.358686 -0.154626 0.254567
v -0.201408 -0.244176 0.183140
v -0.078297 -0.348475 0.093136
v -0.078297 -0.348475 -0.093136
v -0.201408 -0.244176 -0.183140
v -0.358686 -0.154626 -0.254567
v -0.743466 -0.091592 -0.316229
v -0.983646 -0.080264 -0.251689
v -1.045502 -0.088250 -0.182393
v -1.075693 -0.092766 -0.095075
v -1.075693 -0.092766 0.095075
v -1.045502 -0.088250 0.182393
v -0.983646 -0.080264 0.251689
v -0.737721 -0.071309 0.311510
v -0.360279 -0.133185 0.251689
v -0.204209 -0.219120 0.182393
v -0.081465 -0.321382 0.095075
v -0.081465 -0.321382 -0.095075
v -0.204209 -0.219120 -0.182393
v -0.360279 -0.133185 -0.251689
v -0.737721 -0.071309 -0.311510
v -0.744455 -0.072931 0.251689
v -0.725053 -0.077486 0.182393
v -0.694463 -0.091547 0.095075
v -0.694463 -0.091547 -0.095075
v -0.725054 -0.077486 -0.182393
v -0.744455 -0.072931 -0.251689
v -0.887988 -0.073991 0.251689
v -0.917467 -0.080445 0.182393
v -0.923707 -0.096279 0.095075
v -0.923707 -0.096279 -0.095075
v -0.917467 -0.080445 -0.182393
v -0.887988 -0.073991 -0.251689
v -0.834379 -0.091605 -0.306632
v -0.942756 -0.096468 -0.278516
v -0.942756 -0.096468 0.278516
v -0.834379 -0.091605 0.306632
v -0.825790 -0.071309 -0.302214
v -0.931175 -0.075506 -0.274874
v -0.931175 -0.075506 0.274874
v -0.825790 -0.071309 0.302214
v -0.446900 -0.125848 0.274915
v -0.444115 -0.106232 0.270699
v -0.446900 -0.125848 -0.274915
v -0.444115 -0.106232 -0.270699
v -0.983646 -0.120901 0.251689
v -1.045502 -0.128693 0.182393
v -1.075693 -0.132964 0.095075
v -1.075693 -0.132964 -0.095075
v -1.045502 -0.128693 -0.182393
v -0.983646 -0.120901 -0.251689
v -0.737721 -0.112121 -0.311510
v -0.368185 -0.172938 -0.251689
v -0.218231 -0.257616 -0.182393
v -0.099965 -0.357997 -0.095075
v -0.099965 -0.357997 0.095075
v -0.218231 -0.257616 0.182393
v -0.368185 -0.172938 0.251689
v -0.737721 -0.112121 0.311510
v -0.744516 -0.113700 -0.251689
v -0.725482 -0.118054 -0.182393
v -0.695704 -0.130910 -0.095075
v -0.695704 -0.130910 0.095075
v -0.725482 -0.118054 0.182393
v -0.744516 -0.113700 0.251689
v -0.887988 -0.114753 -0.251689
v -0.917467 -0.121077 -0.182393
v -0.923707 -0.135825 -0.095075
v -0.923707 -0.135825 0.095075
v -0.917467 -0.121077 0.182393
v -0.887988 -0.114753 0.251689
v -0.825790 -0.112121 0.302214
v -0.931175 -0.116238 0.274874
v -0.931175 -0.116238 -0.274874
v -0.825790 -0.112121 -0.302214
v -0.449287 -0.146266 -0.270699
v -0.449287 -0.146266 0.270699
v -1.099163 -0.113426 0.003567
v -1.099163 -0.113426 -0.003567
v -1.082830 -0.094229 -0.003567
v -1.082830 -0.094229 0.003567
v -0.011078 -0.402790 -0.003567
v -0.011078 -0.402790 0.003567
v -0.012189 -0.398547 0.003567
v -0.012189 -0.398547 -0.003567
v -0.917898 -0.133469 0.003567
v -0.917898 -0.133469 -0.003567
v -0.668211 -0.128677 0.003567
v -0.668211 -0.128677 -0.003567
v -1.082830 -0.134143 0.003567
v -1.082830 -0.134143 -0.003567
v -0.033364 -0.411231 -0.003567
v -0.033364 -0.411231 0.003567
v -0.917898 -0.148067 -0.003567
v -0.917898 -0.148067 0.003567
v -0.670167 -0.143029 -0.003567
v -0.670167 -0.143029 0.003567
v -0.591708 -0.081417 0.251689
v -0.687111 -0.073909 0.238187
v -0.531396 -0.096561 0.182393
v -0.638682 -0.081056 0.182393
v -0.575168 -0.101334 0.095075
v -0.474132 -0.123566 0.095075
v -0.474132 -0.123566 -0.095075
v -0.575168 -0.101334 -0.095075
v -0.531396 -0.096561 -0.182393
v -0.637611 -0.081100 -0.182393
v -0.685541 -0.073921 -0.238611
v -0.596774 -0.080585 -0.264579
v -0.601524 -0.099656 0.300898
v -0.691713 -0.092553 0.311856
v -0.691552 -0.072247 0.307623
v -0.600531 -0.079565 0.296657
v -0.691713 -0.092553 -0.311856
v -0.601524 -0.099656 -0.300898
v -0.600531 -0.079565 -0.296657
v -0.691552 -0.072247 -0.307623
v -0.593049 -0.121935 -0.251689
v -0.688276 -0.114517 -0.238696
v -0.535044 -0.136815 -0.182393
v -0.641143 -0.121381 -0.182393
v -0.572134 -0.142893 -0.078143
v -0.483167 -0.161807 -0.095075
v -0.483167 -0.161807 0.095075
v -0.572134 -0.142893 0.078143
v -0.535044 -0.136815 0.182393
v -0.640072 -0.121423 0.182393
v -0.686807 -0.114526 0.239077
v -0.597752 -0.121167 0.264119
v -0.691940 -0.112979 -0.307631
v -0.600734 -0.120268 -0.296441
v -0.600734 -0.120268 0.296440
v -0.691940 -0.112979 0.307631
v -0.435019 -0.173407 0.003567
v -0.527246 -0.146279 0.003567
v -0.527246 -0.146279 -0.003567
v -0.435019 -0.173407 -0.003567
v -0.441589 -0.187970 -0.003567
v -0.536320 -0.159786 -0.003567
v -0.534392 -0.160027 0.003567
v -0.443343 -0.187116 0.003567
v -0.466358 -0.102344 0.259633
v -0.515511 -0.092540 0.251689
v -0.345490 -0.150164 0.182393
v -0.406598 -0.127863 0.182393
v -0.247410 -0.213392 0.095075
v -0.297315 -0.188411 0.095075
v -0.247410 -0.213392 -0.095075
v -0.297315 -0.188411 -0.095075
v -0.345489 -0.150164 -0.182393
v -0.406596 -0.127863 -0.182393
v -0.467591 -0.101624 -0.261189
v -0.514547 -0.092659 -0.254721
v -0.466537 -0.120809 0.278727
v -0.505256 -0.113157 0.285560
v -0.464390 -0.101036 0.274573
v -0.502906 -0.093401 0.281277
v -0.466537 -0.120809 -0.278727
v -0.505256 -0.113157 -0.285560
v -0.464390 -0.101036 -0.274573
v -0.502905 -0.093401 -0.281277
v -0.470823 -0.142530 -0.259274
v -0.519644 -0.132655 -0.251689
v -0.355449 -0.189488 -0.182393
v -0.414979 -0.167407 -0.182393
v -0.259839 -0.253053 -0.095075
v -0.310397 -0.226992 -0.095075
v -0.262050 -0.251602 0.095075
v -0.310397 -0.226992 0.095075
v -0.355448 -0.189489 0.182393
v -0.414978 -0.167408 0.182393
v -0.471949 -0.141847 0.260810
v -0.518682 -0.132776 0.254677
v -0.468345 -0.141287 -0.274450
v -0.507030 -0.133531 -0.281361
v -0.468345 -0.141287 0.274450
v -0.507030 -0.133531 0.281361
v -0.188639 -0.293534 0.003567
v -0.228876 -0.271987 0.003567
v -0.188639 -0.293534 -0.003567
v -0.228876 -0.271987 -0.003567
v -0.205642 -0.305318 -0.003567
v -0.244771 -0.283825 -0.003567
v -0.206999 -0.304484 0.008997
v -0.244543 -0.283936 0.003567
v -0.487601 -0.156561 -0.922306
v -0.593671 -0.164367 -0.906405
v -0.692522 -0.168062 -0.851563
v -0.851563 -0.168062 -0.692522
v -0.906405 -0.164367 -0.593671
v -0.922306 -0.156561 -0.487601
v -0.795709 -0.146674 -0.255711
v -0.470982 -0.209708 -0.036277
v -0.298784 -0.299258 0.013950
v -0.134885 -0.403557 0.024156
v 0.024156 -0.403557 -0.134885
v 0.013950 -0.299258 -0.298784
v -0.036277 -0.209708 -0.470982
v -0.255711 -0.146674 -0.795709
v -0.480648 -0.135346 -0.910437
v -0.583552 -0.143332 -0.895011
v -0.679454 -0.147848 -0.841806
v -0.841806 -0.147848 -0.679454
v -0.895011 -0.143332 -0.583552
v -0.910437 -0.135346 -0.480648
v -0.787619 -0.126391 -0.255677
v -0.469650 -0.188267 -0.039861
v -0.300127 -0.274203 0.011331
v -0.138781 -0.376464 0.023571
v 0.023571 -0.376464 -0.138781
v 0.011331 -0.274203 -0.300127
v -0.039861 -0.188267 -0.469650
v -0.255677 -0.126391 -0.787618
v -0.741304 -0.128013 -0.311515
v -0.668419 -0.132568 -0.356961
v -0.572236 -0.146629 -0.409884
v -0.409884 -0.146629 -0.572236
v -0.356961 -0.132568 -0.668419
v -0.311515 -0.128013 -0.741304
v -0.842797 -0.129073 -0.413008
v -0.804476 -0.135527 -0.493018
v -0.734336 -0.151361 -0.571983
v -0.571983 -0.151361 -0.734336
v -0.493018 -0.135527 -0.804477
v -0.413007 -0.129073 -0.842797
v -0.328189 -0.146688 -0.851801
v -0.428830 -0.151550 -0.904429
v -0.904429 -0.151550 -0.428830
v -0.851801 -0.146688 -0.328189
v -0.325888 -0.126391 -0.841956
v -0.423750 -0.130588 -0.893130
v -0.893130 -0.130588 -0.423750
v -0.841956 -0.126391 -0.325888
v -0.550731 -0.180930 -0.081280
v -0.545162 -0.161314 -0.082911
v -0.081280 -0.180930 -0.550731
v -0.082911 -0.161314 -0.545162
v -0.910437 -0.175983 -0.480648
v -0.895011 -0.183775 -0.583552
v -0.841806 -0.188046 -0.679454
v -0.679454 -0.188046 -0.841806
v -0.583552 -0.183775 -0.895011
v -0.480648 -0.175983 -0.910437
v -0.255677 -0.167203 -0.787619
v -0.045451 -0.228020 -0.475241
v 0.001416 -0.312698 -0.310042
v 0.010490 -0.413079 -0.151862
v -0.151862 -0.413079 0.010490
v -0.310042 -0.312698 0.001416
v -0.475241 -0.228020 -0.045451
v -0.787618 -0.167203 -0.255677
v -0.311557 -0.168782 -0.741347
v -0.357264 -0.173137 -0.668723
v -0.410761 -0.185992 -0.573113
v -0.573113 -0.185992 -0.410761
v -0.668723 -0.173137 -0.357264
v -0.741347 -0.168782 -0.311557
v -0.413008 -0.169835 -0.842797
v -0.493018 -0.176159 -0.804476
v -0.571983 -0.190907 -0.734336
v -0.734336 -0.190907 -0.571983
v -0.804477 -0.176159 -0.493018
v -0.842797 -0.169835 -0.413007
v -0.841956 -0.167203 -0.325888
v -0.893130 -0.171320 -0.423750
v -0.423750 -0.171321 -0.893130
v -0.325888 -0.167203 -0.841956
v -0.086568 -0.201348 -0.548819
v -0.548819 -0.201348 -0.086569
v -0.780271 -0.168508 -0.774180
v -0.774180 -0.168508 -0.780271
v -0.762630 -0.149311 -0.768722
v -0.768722 -0.149311 -0.762630
v -0.004787 -0.457872 -0.010879
v -0.010879 -0.457872 -0.004787
v -0.011665 -0.453629 -0.005573
v -0.005573 -0.453629 -0.011665
v -0.652098 -0.188551 -0.646006
v -0.646006 -0.188551 -0.652098
v -0.475543 -0.183759 -0.469451
v -0.469451 -0.183759 -0.475543
v -0.768722 -0.189225 -0.762630
v -0.762630 -0.189225 -0.768722
v -0.020546 -0.466313 -0.026638
v -0.026637 -0.466313 -0.020546
v -0.646006 -0.203149 -0.652098
v -0.652098 -0.203149 -0.646006
v -0.470834 -0.198111 -0.476925
v -0.476925 -0.198111 -0.470834
v -0.633296 -0.136499 -0.203506
v -0.689228 -0.128991 -0.282494
v -0.531483 -0.151643 -0.220025
v -0.607345 -0.136138 -0.295887
v -0.487881 -0.156416 -0.325529
v -0.416438 -0.178648 -0.254086
v -0.254086 -0.178648 -0.416438
v -0.325529 -0.156416 -0.487881
v -0.220025 -0.151643 -0.531483
v -0.295130 -0.136182 -0.606588
v -0.281021 -0.129003 -0.688479
v -0.196083 -0.135667 -0.647883
v -0.682252 -0.154738 -0.168432
v -0.755381 -0.147635 -0.222849
v -0.751653 -0.127329 -0.226349
v -0.677929 -0.134647 -0.171351
v -0.222849 -0.147635 -0.755381
v -0.168432 -0.154738 -0.682252
v -0.171351 -0.134647 -0.677929
v -0.226349 -0.127329 -0.751653
v -0.204454 -0.177017 -0.634244
v -0.282884 -0.169599 -0.690486
v -0.222604 -0.191897 -0.534063
v -0.297627 -0.176463 -0.609086
v -0.337840 -0.197975 -0.471279
v -0.260475 -0.216889 -0.422827
v -0.422827 -0.216889 -0.260475
v -0.471279 -0.197975 -0.337840
v -0.534063 -0.191897 -0.222604
v -0.608329 -0.176505 -0.296870
v -0.689773 -0.169608 -0.281519
v -0.648182 -0.176249 -0.197167
v -0.226617 -0.168061 -0.751934
v -0.171679 -0.175350 -0.677887
v -0.677887 -0.175350 -0.171679
v -0.751934 -0.168061 -0.226617
v -0.310651 -0.228489 -0.304559
v -0.375865 -0.201361 -0.369774
v -0.369774 -0.201361 -0.375865
v -0.304559 -0.228489 -0.310651
v -0.309205 -0.243052 -0.315296
v -0.376190 -0.214868 -0.382282
v -0.380918 -0.215109 -0.374826
v -0.316536 -0.242198 -0.310445
v -0.551442 -0.157426 -0.108088
v -0.579416 -0.147622 -0.149626
v -0.400028 -0.205246 -0.088569
v -0.443237 -0.182945 -0.131779
v -0.256121 -0.268474 -0.093769
v -0.291409 -0.243493 -0.129057
v -0.093769 -0.268474 -0.256121
v -0.129057 -0.243493 -0.291409
v -0.088568 -0.205246 -0.400026
v -0.131778 -0.182945 -0.443236
v -0.107631 -0.156706 -0.553642
v -0.146356 -0.147741 -0.581323
v -0.567872 -0.175892 -0.091911
v -0.601084 -0.168239 -0.113456
v -0.562806 -0.156118 -0.093940
v -0.595765 -0.148483 -0.115451
v -0.091911 -0.175892 -0.567872
v -0.113456 -0.168239 -0.601084
v -0.093940 -0.156118 -0.562807
v -0.115450 -0.148483 -0.595765
v -0.111551 -0.197612 -0.554293
v -0.152549 -0.187737 -0.582339
v -0.095611 -0.244570 -0.407070
v -0.137705 -0.222490 -0.449164
v -0.102558 -0.308135 -0.264910
v -0.138308 -0.282074 -0.300660
v -0.266473 -0.306684 -0.104121
v -0.300660 -0.282074 -0.138308
v -0.407069 -0.244571 -0.095610
v -0.449163 -0.222490 -0.137704
v -0.556401 -0.196929 -0.111036
v -0.584209 -0.187858 -0.149318
v -0.096841 -0.196370 -0.565498
v -0.118296 -0.188614 -0.598753
v -0.565498 -0.196369 -0.096841
v -0.598753 -0.188614 -0.118296
v -0.136433 -0.348616 -0.130342
v -0.164886 -0.327069 -0.158794
v -0.130342 -0.348616 -0.136433
v -0.158794 -0.327069 -0.164886
v -0.142365 -0.360400 -0.148457
v -0.170033 -0.338907 -0.176125
v -0.154052 -0.359566 -0.138688
v -0.175964 -0.339018 -0.169872
v -0.922306 -0.156561 0.487601
v -0.906405 -0.164367 0.593671
v -0.851563 -0.168062 0.692522
v -0.692522 -0.168062 0.851563
v -0.593671 -0.164367 0.906405
v -0.487601 -0.156561 0.922306
v -0.255711 -0.146674 0.795709
v -0.036277 -0.209708 0.470982
v 0.013950 -0.299258 0.298784
v 0.024156 -0.403557 0.134885
v -0.134885 -0.403557 -0.024156
v -0.298784 -0.299258 -0.013950
v -0.470982 -0.209708 0.036277
v -0.795709 -0.146674 0.255711
v -0.910437 -0.135346 0.480648
v -0.895011 -0.143332 0.583552
v -0.841806 -0.147848 0.679454
v -0.679454 -0.147848 0.841806
v -0.583552 -0.143332 0.895011
v -0.480648 -0.135346 0.910437
v -0.255677 -0.126391 0.787619
v -0.039861 -0.188267 0.469650
v 0.011331 -0.274203 0.300127
v 0.023571 -0.376464 0.138781
v -0.138781 -0.376464 -0.023571
v -0.300127 -0.274203 -0.011331
v -0.469650 -0.188267 0.039861
v -0.787618 -0.126391 0.255677
v -0.311515 -0.128013 0.741304
v -0.356961 -0.132568 0.668419
v -0.409884 -0.146629 0.572236
v -0.572236 -0.146629 0.409884
v -0.668419 -0.132568 0.356961
v -0.741304 -0.128013 0.311515
v -0.413008 -0.129073 0.842797
v -0.493018 -0.135527 0.804476
v -0.571983 -0.151361 0.734336
v -0.734336 -0.151361 0.571983
v -0.804477 -0.135527 0.493018
v -0.842797 -0.129073 0.413007
v -0.851801 -0.146688 0.328189
v -0.904429 -0.151550 0.428830
v -0.428830 -0.151550 0.904429
v -0.328189 -0.146688 0.851801
v -0.841956 -0.126391 0.325888
v -0.893130 -0.130588 0.423750
v -0.423750 -0.130588 0.893130
v -0.325888 -0.126391 0.841956
v -0.081280 -0.180930 0.550731
v -0.082911 -0.161314 0.545162
v -0.550731 -0.180930 0.081280
v -0.545162 -0.161314 0.082911
v -0.480648 -0.175983 0.910437
v -0.583552 -0.183775 0.895011
v -0.679454 -0.188046 0.841806
v -0.841806 -0.188046 0.679454
v -0.895011 -0.183775 0.583552
v -0.910437 -0.175983 0.480648
v -0.787619 -0.167203 0.255677
v -0.475241 -0.228020 0.045451
v -0.310042 -0.312698 -0.001416
v -0.151862 -0.413079 -0.010490
v 0.010490 -0.413079 0.151862
v 0.001416 -0.312698 0.310042
v -0.045451 -0.228020 0.475241
v -0.255677 -0.167203 0.787618
v -0.741347 -0.168782 0.311557
v -0.668723 -0.173137 0.357264
v -0.573113 -0.185992 0.410761
v -0.410761 -0.185992 0.573113
v -0.357264 -0.173137 0.668723
v -0.311557 -0.168782 0.741347
v -0.842797 -0.169835 0.413008
v -0.804476 -0.176159 0.493018
v -0.734336 -0.190907 0.571983
v -0.571983 -0.190907 0.734336
v -0.493018 -0.176159 0.804477
v -0.413007 -0.169835 0.842797
v -0.325888 -0.167203 0.841956
v -0.423750 -0.171320 0.893130
v -0.893130 -0.171321 0.423750
v -0.841956 -0.167203 0.325888
v -0.548819 -0.201348 0.086568
v -0.086569 -0.201348 0.548819
v -0.774180 -0.168508 0.780271
v -0.780271 -0.168508 0.774180
v -0.768722 -0.149311 0.762630
v -0.762630 -0.149311 0.768722
v -0.010879 -0.457872 0.004787
v -0.004787 -0.457872 0.010879
v -0.005573 -0.453629 0.011665
v -0.011665 -0.453629 0.005573
v -0.646006 -0.188551 0.652098
v -0.652098 -0.188551 0.646006
v -0.469451 -0.183759 0.475543
v -0.475543 -0.183759 0.469451
v -0.762630 -0.189225 0.768722
v -0.768722 -0.189225 0.762630
v -0.026638 -0.466313 0.020546
v -0.020546 -0.466313 0.026637
v -0.652098 -0.203149 0.646006
v -0.646006 -0.203149 0.652098
v -0.476925 -0.198111 0.470834
v -0.470834 -0.198111 0.476925
v -0.203506 -0.136499 0.633296
v -0.282494 -0.128991 0.689228
v -0.220025 -0.151643 0.531483
v -0.295887 -0.136138 0.607345
v -0.325529 -0.156416 0.487881
v -0.254086 -0.178648 0.416438
v -0.416438 -0.178648 0.254086
v -0.487881 -0.156416 0.325529
v -0.531483 -0.151643 0.220025
v -0.606588 -0.136182 0.295130
v -0.688479 -0.129003 0.281021
v -0.647883 -0.135667 0.196083
v -0.168432 -0.154738 0.682252
v -0.222849 -0.147635 0.755381
v -0.226349 -0.127329 0.751653
v -0.171351 -0.134647 0.677929
v -0.755381 -0.147635 0.222849
v -0.682252 -0.154738 0.168432
v -0.677929 -0.134647 0.171351
v -0.751653 -0.127329 0.226349
v -0.634244 -0.177017 0.204454
v -0.690486 -0.169599 0.282884
v -0.534063 -0.191897 0.222604
v -0.609086 -0.176463 0.297627
v -0.471279 -0.197975 0.337840
v -0.422827 -0.216889 0.260475
v -0.260475 -0.216889 0.422827
v -0.337840 -0.197975 0.471279
v -0.222604 -0.191897 0.534063
v -0.296870 -0.176505 0.608329
v -0.281519 -0.169608 0.689773
v -0.197167 -0.176249 0.648182
v -0.751934 -0.168061 0.226617
v -0.677887 -0.175350 0.171679
v -0.171679 -0.175350 0.677887
v -0.226617 -0.168061 0.751934
v -0.304559 -0.228489 0.310651
v -0.369774 -0.201361 0.375865
v -0.375865 -0.201361 0.369774
v -0.310651 -0.228489 0.304559
v -0.315296 -0.243052 0.309205
v -0.382282 -0.214868 0.376190
v -0.374826 -0.215109 0.380918
v -0.310445 -0.242198 0.316536
v -0.108088 -0.157426 0.551442
v -0.149626 -0.147622 0.579416
v -0.088569 -0.205246 0.400028
v -0.131779 -0.182945 0.443237
v -0.093769 -0.268474 0.256121
v -0.129057 -0.243493 0.291409
v -0.256121 -0.268474 0.093769
v -0.291409 -0.243493 0.129057
v -0.400026 -0.205246 0.088568
v -0.443236 -0.182945 0.131778
v -0.553642 -0.156706 0.107631
v -0.581323 -0.147741 0.146356
v -0.091911 -0.175892 0.567872
v -0.113456 -0.168239 0.601084
v -0.093940 -0.156118 0.562806
v -0.115451 -0.148483 0.595765
v -0.567872 -0.175892 0.091911
v -0.601084 -0.168239 0.113456
v -0.562807 -0.156118 0.093940
v -0.595765 -0.148483 0.115450
v -0.554293 -0.197612 0.111551
v -0.582339 -0.187737 0.152549
v -0.407070 -0.244570 0.095611
v -0.449164 -0.222490 0.137705
v -0.264910 -0.308135 0.102558
v -0.300660 -0.282074 0.138308
v -0.104121 -0.306684 0.266473
v -0.138308 -0.282074 0.300660
v -0.095610 -0.244571 0.407069
v -0.137704 -0.222490 0.449163
v -0.111036 -0.196929 0.556401
v -0.149318 -0.187858 0.584209
v -0.565498 -0.196370 0.096841
v -0.598753 -0.188614 0.118296
v -0.096841 -0.196369 0.565498
v -0.118296 -0.188614 0.598753
v -0.130342 -0.348616 0.136433
v -0.158794 -0.327069 0.164886
v -0.136433 -0.348616 0.130342
v -0.164886 -0.327069 0.158794
v -0.148457 -0.360400 0.142365
v -0.176125 -0.338907 0.170033
v -0.138688 -0.359566 0.154052
v -0.169872 -0.339018 0.175964
vt 0.244995 0.446375
vt 0.225198 0.461011
vt 0.224991 0.457519
vt 0.244198 0.443320
vt 0.200251 0.468154
vt 0.200789 0.464449
vt 0.148622 0.468154
vt 0.123675 0.461011
vt 0.123882 0.457519
vt 0.148085 0.464449
vt 0.103878 0.446375
vt 0.104676 0.443320
vt 0.942597 0.548564
vt 0.921083 0.510779
vt 0.927103 0.511452
vt 0.947748 0.548946
vt 0.896026 0.481202
vt 0.902535 0.481964
vt 0.856873 0.236065
vt 0.881930 0.206488
vt 0.887949 0.205815
vt 0.863382 0.235304
vt 0.903444 0.168704
vt 0.908595 0.168321
vt 0.200789 0.429561
vt 0.224991 0.428129
vt 0.123882 0.428129
vt 0.148085 0.429561
vt 0.244198 0.421362
vt 0.104676 0.421362
vt 0.104676 0.388415
vt 0.123882 0.383961
vt 0.148085 0.376939
vt 0.200789 0.376939
vt 0.224991 0.383961
vt 0.244198 0.388415
vt 0.918584 0.054422
vt 0.917416 0.028385
vt 0.922452 0.031168
vt 0.923460 0.056485
vt 0.956569 0.688882
vt 0.957737 0.662845
vt 0.962613 0.660782
vt 0.961605 0.686100
vt 0.916212 0.015364
vt 0.921309 0.018562
vt 0.955365 0.701903
vt 0.960462 0.698705
vt 0.957740 0.641004
vt 0.962613 0.639624
vt 0.918587 0.076263
vt 0.923460 0.077643
vt 0.258202 0.407085
vt 0.250624 0.431276
vt 0.098249 0.431276
vt 0.090672 0.407085
vt 0.260778 0.386869
vt 0.088095 0.386869
vt 0.949511 0.569756
vt 0.954223 0.569087
vt 0.910357 0.147511
vt 0.915070 0.148180
vt 0.953490 0.717221
vt 0.948827 0.713566
vt 0.950699 0.698705
vt 0.598065 0.196105
vt 0.622771 0.189031
vt 0.622238 0.192700
vt 0.598270 0.199563
vt 0.673901 0.189031
vt 0.698606 0.196105
vt 0.698401 0.199563
vt 0.674433 0.192700
vt 0.914337 0.000047
vt 0.911546 0.018562
vt 0.909674 0.003701
vt 0.878701 0.202447
vt 0.899044 0.166422
vt 0.854585 0.230859
vt 0.917854 0.514821
vt 0.893739 0.486408
vt 0.938198 0.550846
vt 0.622238 0.227251
vt 0.598270 0.228669
vt 0.698401 0.228669
vt 0.674433 0.227251
vt 0.579249 0.213625
vt 0.579249 0.235370
vt 0.717422 0.213625
vt 0.717422 0.235370
vt 0.717422 0.267986
vt 0.698401 0.272313
vt 0.674433 0.279082
vt 0.622238 0.279082
vt 0.598270 0.272313
vt 0.579249 0.267986
vt 0.951819 0.686100
vt 0.952809 0.660782
vt 0.913655 0.056485
vt 0.912666 0.031168
vt 0.913655 0.077643
vt 0.952809 0.639624
vt 0.565381 0.249510
vt 0.572885 0.225553
vt 0.723786 0.225553
vt 0.731291 0.249510
vt 0.562829 0.269530
vt 0.733843 0.269530
vt 0.905452 0.146937
vt 0.944606 0.570330
vt 0.647357 0.187365
vt 0.649315 0.187365
vt 0.649315 0.191078
vt 0.647357 0.191078
vt 0.175425 0.469837
vt 0.173448 0.469837
vt 0.173448 0.466088
vt 0.175425 0.466088
vt 0.173448 0.428228
vt 0.175425 0.428228
vt 0.649315 0.434716
vt 0.647357 0.434716
vt 0.647357 0.429650
vt 0.649315 0.429650
vt 0.146825 0.028380
vt 0.146825 0.026331
vt 0.147834 0.026331
vt 0.147834 0.028380
vt 0.173448 0.370913
vt 0.175425 0.370913
vt 0.649315 0.228571
vt 0.647357 0.228571
vt 0.649315 0.284887
vt 0.647357 0.284887
vt 0.159745 0.054107
vt 0.166190 0.054664
vt 0.159745 0.000604
vt 0.166190 0.000048
vt 0.843824 0.252214
vt 0.841796 0.246860
vt 0.882978 0.465053
vt 0.880950 0.470408
vt 0.104676 0.353352
vt 0.108418 0.375252
vt 0.089172 0.376271
vt 0.092212 0.355378
vt 0.123882 0.339508
vt 0.123882 0.364135
vt 0.148085 0.326363
vt 0.148085 0.349555
vt 0.173448 0.317385
vt 0.173448 0.338555
vt 0.200789 0.326363
vt 0.200789 0.349555
vt 0.175425 0.338555
vt 0.175425 0.317385
vt 0.224991 0.339508
vt 0.224991 0.363889
vt 0.247770 0.354515
vt 0.240573 0.374891
vt 0.256661 0.355378
vt 0.259701 0.376271
vt 0.955803 0.606904
vt 0.957510 0.628571
vt 0.952602 0.628626
vt 0.950851 0.606714
vt 0.960630 0.606665
vt 0.962388 0.628532
vt 0.918356 0.088696
vt 0.916650 0.110364
vt 0.911698 0.110553
vt 0.913449 0.088642
vt 0.923235 0.088735
vt 0.921477 0.110602
vt 0.717422 0.302418
vt 0.713856 0.280770
vt 0.732778 0.279938
vt 0.729706 0.300671
vt 0.698401 0.315604
vt 0.698401 0.291485
vt 0.674433 0.327397
vt 0.669785 0.307173
vt 0.649315 0.336849
vt 0.649315 0.315314
vt 0.622238 0.327397
vt 0.626886 0.307173
vt 0.647357 0.315753
vt 0.647357 0.336451
vt 0.598270 0.315604
vt 0.598270 0.291729
vt 0.575837 0.301349
vt 0.582711 0.281104
vt 0.566965 0.300671
vt 0.563894 0.279938
vt 0.102474 0.324578
vt 0.104676 0.335861
vt 0.096475 0.332968
vt 0.098333 0.324127
vt 0.123883 0.296834
vt 0.123883 0.310861
vt 0.148085 0.274320
vt 0.148085 0.285775
vt 0.173448 0.260829
vt 0.173448 0.270065
vt 0.200789 0.274320
vt 0.200789 0.285775
vt 0.175425 0.270065
vt 0.175425 0.260829
vt 0.224991 0.296833
vt 0.224991 0.310860
vt 0.246831 0.324861
vt 0.245038 0.335640
vt 0.250540 0.324127
vt 0.252398 0.332968
vt 0.950721 0.574474
vt 0.952560 0.583776
vt 0.947665 0.584202
vt 0.945801 0.574908
vt 0.955472 0.573958
vt 0.957306 0.583211
vt 0.911568 0.142793
vt 0.913406 0.133491
vt 0.918153 0.134056
vt 0.916318 0.143309
vt 0.906648 0.142359
vt 0.908512 0.133065
vt 0.719504 0.330204
vt 0.717422 0.319105
vt 0.725567 0.321973
vt 0.723670 0.330767
vt 0.698401 0.356431
vt 0.698401 0.342898
vt 0.674433 0.378166
vt 0.674433 0.366673
vt 0.649315 0.390487
vt 0.649315 0.381592
vt 0.622238 0.377664
vt 0.622238 0.366673
vt 0.647357 0.381643
vt 0.645866 0.390178
vt 0.598270 0.356432
vt 0.598270 0.342899
vt 0.576746 0.329948
vt 0.578429 0.319324
vt 0.573002 0.330767
vt 0.571105 0.321973
vt 0.104676 0.300228
vt 0.123883 0.264403
vt 0.148085 0.236228
vt 0.200789 0.236228
vt 0.224991 0.264403
vt 0.244197 0.300228
vt 0.249466 0.319473
vt 0.099407 0.319473
vt 0.717422 0.353536
vt 0.698401 0.387625
vt 0.674433 0.414510
vt 0.622238 0.414510
vt 0.598270 0.387625
vt 0.579249 0.353536
vt 0.574031 0.335099
vt 0.722640 0.335099
vt 0.173448 0.220325
vt 0.175425 0.220325
vt 0.156900 0.226102
vt 0.137103 0.240738
vt 0.136896 0.237246
vt 0.156103 0.223047
vt 0.112156 0.247881
vt 0.112694 0.244176
vt 0.060527 0.247881
vt 0.035581 0.240738
vt 0.035788 0.237246
vt 0.059990 0.244176
vt 0.015783 0.226102
vt 0.016581 0.223047
vt 0.962174 0.517298
vt 0.940660 0.479513
vt 0.946679 0.480186
vt 0.967325 0.517680
vt 0.915603 0.449936
vt 0.922112 0.450697
vt 0.817720 0.236065
vt 0.842777 0.206488
vt 0.848796 0.205815
vt 0.824228 0.235304
vt 0.864290 0.168704
vt 0.869442 0.168321
vt 0.112694 0.209288
vt 0.136896 0.207856
vt 0.035788 0.207856
vt 0.059990 0.209288
vt 0.156103 0.201089
vt 0.016581 0.201089
vt 0.016581 0.168142
vt 0.035788 0.163688
vt 0.059990 0.156666
vt 0.112694 0.156666
vt 0.136896 0.163688
vt 0.156103 0.168142
vt 0.879431 0.054422
vt 0.878262 0.028385
vt 0.883298 0.031168
vt 0.884307 0.056485
vt 0.976146 0.657616
vt 0.977314 0.631579
vt 0.982190 0.629516
vt 0.981182 0.654833
vt 0.877059 0.015364
vt 0.882155 0.018562
vt 0.974942 0.670637
vt 0.980038 0.667439
vt 0.977317 0.609738
vt 0.982190 0.608358
vt 0.879434 0.076263
vt 0.884307 0.077643
vt 0.170107 0.186812
vt 0.162529 0.211003
vt 0.010155 0.211003
vt 0.002577 0.186812
vt 0.172683 0.166596
vt 0.000000 0.166596
vt 0.969087 0.538490
vt 0.973800 0.537821
vt 0.871204 0.147511
vt 0.875917 0.148180
vt 0.973066 0.685954
vt 0.968404 0.682300
vt 0.970276 0.667439
vt 0.255474 0.441626
vt 0.280179 0.434552
vt 0.279647 0.438221
vt 0.255679 0.445084
vt 0.331309 0.434552
vt 0.356015 0.441626
vt 0.355810 0.445084
vt 0.331842 0.438221
vt 0.875183 0.000047
vt 0.872393 0.018562
vt 0.870521 0.003701
vt 0.839548 0.202447
vt 0.859891 0.166422
vt 0.815432 0.230859
vt 0.937431 0.483554
vt 0.913315 0.455142
vt 0.957774 0.519579
vt 0.279647 0.472771
vt 0.255679 0.474190
vt 0.355810 0.474190
vt 0.331842 0.472771
vt 0.236658 0.459146
vt 0.236658 0.480891
vt 0.374831 0.459146
vt 0.374831 0.480891
vt 0.374831 0.513507
vt 0.355810 0.517833
vt 0.331842 0.524603
vt 0.279647 0.524603
vt 0.255679 0.517833
vt 0.236658 0.513507
vt 0.971396 0.654833
vt 0.972385 0.629516
vt 0.874502 0.056485
vt 0.873513 0.031168
vt 0.874502 0.077643
vt 0.972385 0.608358
vt 0.222789 0.495031
vt 0.230294 0.471074
vt 0.381195 0.471074
vt 0.388699 0.495031
vt 0.220237 0.515051
vt 0.391251 0.515051
vt 0.866299 0.146937
vt 0.964182 0.539064
vt 0.304765 0.432885
vt 0.306723 0.432885
vt 0.306723 0.436598
vt 0.304765 0.436598
vt 0.087330 0.249564
vt 0.085353 0.249564
vt 0.085353 0.245815
vt 0.087330 0.245815
vt 0.085353 0.207955
vt 0.087330 0.207955
vt 0.306723 0.680237
vt 0.304765 0.680237
vt 0.304765 0.675171
vt 0.306723 0.675171
vt 0.137037 0.028380
vt 0.137037 0.026331
vt 0.138046 0.026331
vt 0.138046 0.028380
vt 0.085353 0.150640
vt 0.087330 0.150640
vt 0.306723 0.474092
vt 0.304765 0.474092
vt 0.306723 0.530408
vt 0.304765 0.530408
vt 0.149957 0.054107
vt 0.156401 0.054664
vt 0.149957 0.000604
vt 0.156401 0.000048
vt 0.804671 0.252214
vt 0.802643 0.246860
vt 0.902554 0.433787
vt 0.900526 0.439141
vt 0.016581 0.133079
vt 0.020323 0.154979
vt 0.001077 0.155998
vt 0.004117 0.135105
vt 0.035788 0.119235
vt 0.035788 0.143862
vt 0.059990 0.106090
vt 0.059990 0.129282
vt 0.085353 0.097112
vt 0.085353 0.118282
vt 0.112694 0.106090
vt 0.112694 0.129282
vt 0.087330 0.118282
vt 0.087330 0.097112
vt 0.136896 0.119235
vt 0.136896 0.143616
vt 0.159675 0.134242
vt 0.152478 0.154618
vt 0.168566 0.135105
vt 0.171606 0.155998
vt 0.975380 0.575637
vt 0.977086 0.597305
vt 0.972179 0.597359
vt 0.970428 0.575448
vt 0.980206 0.575399
vt 0.981965 0.597266
vt 0.879203 0.088696
vt 0.877496 0.110364
vt 0.872545 0.110553
vt 0.874296 0.088642
vt 0.884081 0.088735
vt 0.882323 0.110602
vt 0.374831 0.547939
vt 0.371264 0.526291
vt 0.390186 0.525458
vt 0.387115 0.546192
vt 0.355810 0.561125
vt 0.355810 0.537006
vt 0.331842 0.572918
vt 0.327194 0.552694
vt 0.306723 0.582370
vt 0.306723 0.560835
vt 0.279647 0.572918
vt 0.284295 0.552694
vt 0.304765 0.561273
vt 0.304765 0.581971
vt 0.255679 0.561125
vt 0.255679 0.537249
vt 0.233246 0.546870
vt 0.240120 0.526625
vt 0.224374 0.546192
vt 0.221302 0.525458
vt 0.014379 0.104305
vt 0.016581 0.115588
vt 0.008380 0.112695
vt 0.010238 0.103854
vt 0.035788 0.076561
vt 0.035788 0.090588
vt 0.059990 0.054047
vt 0.059990 0.065502
vt 0.085353 0.040556
vt 0.085353 0.049792
vt 0.112694 0.054047
vt 0.112694 0.065502
vt 0.087330 0.049792
vt 0.087330 0.040556
vt 0.136896 0.076560
vt 0.136896 0.090587
vt 0.158736 0.104588
vt 0.156943 0.115367
vt 0.162445 0.103854
vt 0.164303 0.112695
vt 0.970298 0.543208
vt 0.972136 0.552510
vt 0.967241 0.552936
vt 0.965378 0.543642
vt 0.975048 0.542692
vt 0.976882 0.551945
vt 0.872415 0.142793
vt 0.874253 0.133491
vt 0.878999 0.134056
vt 0.877165 0.143309
vt 0.867495 0.142359
vt 0.869358 0.133065
vt 0.376913 0.575724
vt 0.374831 0.564626
vt 0.382975 0.567494
vt 0.381079 0.576288
vt 0.355810 0.601952
vt 0.355810 0.588419
vt 0.331842 0.623687
vt 0.331842 0.612194
vt 0.306723 0.636007
vt 0.306723 0.627112
vt 0.279647 0.623184
vt 0.279647 0.612194
vt 0.304765 0.627164
vt 0.303275 0.635699
vt 0.255679 0.601952
vt 0.255679 0.588420
vt 0.234154 0.575468
vt 0.235838 0.564845
vt 0.230410 0.576288
vt 0.228513 0.567493
vt 0.016581 0.079955
vt 0.035788 0.044130
vt 0.059990 0.015955
vt 0.112694 0.015955
vt 0.136896 0.044130
vt 0.156103 0.079955
vt 0.161371 0.099200
vt 0.011312 0.099200
vt 0.374831 0.599057
vt 0.355810 0.633146
vt 0.331842 0.660031
vt 0.279647 0.660031
vt 0.255679 0.633145
vt 0.236658 0.599057
vt 0.231440 0.580620
vt 0.380049 0.580620
vt 0.085353 0.000052
vt 0.087330 0.000052
vt 0.265877 0.797403
vt 0.247768 0.810791
vt 0.247578 0.807597
vt 0.265148 0.794608
vt 0.224948 0.817325
vt 0.225440 0.813936
vt 0.177721 0.817325
vt 0.154901 0.810791
vt 0.155090 0.807597
vt 0.177229 0.813936
vt 0.136791 0.797403
vt 0.137521 0.794608
vt 0.980417 0.081704
vt 0.959368 0.044736
vt 0.965258 0.045395
vt 0.985456 0.082078
vt 0.934853 0.015800
vt 0.941221 0.016544
vt 0.053904 0.918600
vt 0.078419 0.889663
vt 0.084308 0.889005
vt 0.060272 0.917855
vt 0.099467 0.852696
vt 0.104507 0.852322
vt 0.225440 0.782023
vt 0.247578 0.780712
vt 0.155090 0.780712
vt 0.177229 0.782023
vt 0.265148 0.774523
vt 0.137521 0.774523
vt 0.137521 0.744384
vt 0.155090 0.740310
vt 0.177229 0.733887
vt 0.225440 0.733887
vt 0.247578 0.740310
vt 0.265148 0.744384
vt 0.114280 0.740887
vt 0.113137 0.715413
vt 0.118064 0.718135
vt 0.119050 0.742905
vt 0.994086 0.218987
vt 0.995229 0.193513
vt 1.000000 0.191494
vt 0.999014 0.216264
vt 0.111959 0.702674
vt 0.116946 0.705802
vt 0.992909 0.231726
vt 0.997895 0.228597
vt 0.995233 0.172144
vt 1.000000 0.170794
vt 0.114283 0.762255
vt 0.119050 0.763605
vt 0.277958 0.761463
vt 0.271026 0.783591
vt 0.131643 0.783591
vt 0.124711 0.761463
vt 0.280315 0.742970
vt 0.122354 0.742970
vt 0.987181 0.102438
vt 0.991791 0.101783
vt 0.106231 0.831962
vt 0.110842 0.832616
vt 0.991074 0.246712
vt 0.986512 0.243137
vt 0.988344 0.228597
vt 0.550896 0.705723
vt 0.573413 0.699275
vt 0.572928 0.702619
vt 0.551083 0.708874
vt 0.620014 0.699275
vt 0.642530 0.705723
vt 0.642344 0.708874
vt 0.620499 0.702619
vt 0.110124 0.687687
vt 0.107394 0.705802
vt 0.105563 0.691263
vt 0.075260 0.885709
vt 0.095163 0.850463
vt 0.051666 0.913507
vt 0.956209 0.048691
vt 0.932615 0.020893
vt 0.976113 0.083936
vt 0.572928 0.734109
vt 0.551083 0.735402
vt 0.642344 0.735402
vt 0.620499 0.734109
vt 0.533747 0.721690
vt 0.533747 0.741510
vt 0.659680 0.721690
vt 0.659680 0.741510
vt 0.659680 0.771236
vt 0.642344 0.775179
vt 0.620499 0.781349
vt 0.572928 0.781349
vt 0.551083 0.775179
vt 0.533747 0.771236
vt 0.989440 0.216264
vt 0.990407 0.191494
vt 0.109458 0.742905
vt 0.108490 0.718135
vt 0.109458 0.763605
vt 0.990407 0.170794
vt 0.521107 0.754396
vt 0.527947 0.732562
vt 0.665480 0.732562
vt 0.672320 0.754396
vt 0.518781 0.772643
vt 0.674645 0.772643
vt 0.101432 0.831401
vt 0.982382 0.102999
vt 0.595821 0.697756
vt 0.597606 0.697756
vt 0.597606 0.701141
vt 0.595821 0.701141
vt 0.202239 0.818864
vt 0.200430 0.818864
vt 0.200430 0.815435
vt 0.202239 0.815435
vt 0.200430 0.780803
vt 0.202239 0.780803
vt 0.597606 0.923196
vt 0.595821 0.923196
vt 0.595821 0.918579
vt 0.597606 0.918579
vt 0.181084 0.026515
vt 0.181084 0.024601
vt 0.182027 0.024601
vt 0.182027 0.026515
vt 0.200430 0.728375
vt 0.202239 0.728375
vt 0.597606 0.735313
vt 0.595821 0.735313
vt 0.597606 0.786640
vt 0.595821 0.786640
vt 0.193152 0.050544
vt 0.199171 0.051064
vt 0.193152 0.000572
vt 0.199171 0.000052
vt 0.041137 0.934400
vt 0.039153 0.929161
vt 0.922087 0.000000
vt 0.920103 0.005238
vt 0.137521 0.712311
vt 0.140944 0.732343
vt 0.123340 0.733276
vt 0.126120 0.714164
vt 0.155090 0.699647
vt 0.155090 0.722174
vt 0.177229 0.687623
vt 0.177229 0.708838
vt 0.200430 0.679410
vt 0.200430 0.698775
vt 0.225440 0.687623
vt 0.225440 0.708838
vt 0.202239 0.698775
vt 0.202239 0.679410
vt 0.247578 0.699647
vt 0.247578 0.721949
vt 0.268416 0.713374
vt 0.261832 0.732013
vt 0.276549 0.714164
vt 0.279329 0.733276
vt 0.993337 0.138782
vt 0.995007 0.159980
vt 0.990206 0.160033
vt 0.988492 0.138596
vt 0.998059 0.138548
vt 0.999779 0.159942
vt 0.114057 0.774420
vt 0.112388 0.795618
vt 0.107543 0.795804
vt 0.109256 0.774366
vt 0.118830 0.774457
vt 0.117110 0.795851
vt 0.659680 0.802618
vt 0.656429 0.782888
vt 0.673675 0.782129
vt 0.670875 0.801026
vt 0.642344 0.814636
vt 0.642344 0.792653
vt 0.620499 0.825384
vt 0.616263 0.806951
vt 0.597606 0.833999
vt 0.597606 0.814371
vt 0.572928 0.825384
vt 0.577164 0.806951
vt 0.595821 0.814771
vt 0.595821 0.833635
vt 0.551083 0.814636
vt 0.551083 0.792875
vt 0.530638 0.801643
vt 0.536902 0.783192
vt 0.522551 0.801026
vt 0.519752 0.782129
vt 0.135507 0.685990
vt 0.137521 0.696311
vt 0.130019 0.693664
vt 0.131719 0.685577
vt 0.155090 0.660611
vt 0.155090 0.673442
vt 0.177229 0.640016
vt 0.177229 0.650495
vt 0.200430 0.627676
vt 0.200430 0.636125
vt 0.225440 0.640016
vt 0.225440 0.650495
vt 0.202239 0.636125
vt 0.202239 0.627676
vt 0.247578 0.660611
vt 0.247578 0.673442
vt 0.267556 0.686249
vt 0.265916 0.696109
vt 0.270950 0.685577
vt 0.272649 0.693664
vt 0.988365 0.107054
vt 0.990164 0.116154
vt 0.985375 0.116571
vt 0.983552 0.107478
vt 0.993013 0.106549
vt 0.994807 0.115602
vt 0.107416 0.827346
vt 0.109214 0.818245
vt 0.113858 0.818798
vt 0.112063 0.827851
vt 0.102602 0.826921
vt 0.104425 0.817828
vt 0.661577 0.827942
vt 0.659680 0.817826
vt 0.667103 0.820440
vt 0.665374 0.828455
vt 0.642344 0.851846
vt 0.642344 0.839512
vt 0.620499 0.871655
vt 0.620499 0.861180
vt 0.597606 0.882884
vt 0.597606 0.874777
vt 0.572928 0.871197
vt 0.572928 0.861180
vt 0.595821 0.874825
vt 0.594463 0.882603
vt 0.551083 0.851846
vt 0.551083 0.839512
vt 0.531465 0.827708
vt 0.533000 0.818026
vt 0.528053 0.828455
vt 0.526324 0.820440
vt 0.137521 0.663716
vt 0.155090 0.630945
vt 0.177229 0.605172
vt 0.225440 0.605172
vt 0.247578 0.630945
vt 0.265148 0.663716
vt 0.269967 0.681320
vt 0.132701 0.681320
vt 0.659680 0.849207
vt 0.642344 0.880276
vt 0.620499 0.904779
vt 0.572928 0.904779
vt 0.551083 0.880276
vt 0.533747 0.849207
vt 0.528991 0.832404
vt 0.664435 0.832404
vt 0.200430 0.590626
vt 0.202239 0.590626
vt 0.568010 0.226102
vt 0.548213 0.240738
vt 0.548006 0.237246
vt 0.567212 0.223047
vt 0.523266 0.247881
vt 0.523803 0.244176
vt 0.471637 0.247881
vt 0.446690 0.240738
vt 0.446897 0.237246
vt 0.471099 0.244176
vt 0.426893 0.226102
vt 0.427691 0.223047
vt 0.923020 0.569927
vt 0.901507 0.532142
vt 0.907526 0.532815
vt 0.928171 0.570309
vt 0.876450 0.502565
vt 0.882958 0.503326
vt 0.837296 0.236065
vt 0.862353 0.206488
vt 0.868373 0.205815
vt 0.843805 0.235304
vt 0.883867 0.168704
vt 0.889018 0.168321
vt 0.523803 0.209288
vt 0.548006 0.207856
vt 0.446897 0.207856
vt 0.471099 0.209288
vt 0.567212 0.201089
vt 0.427691 0.201089
vt 0.427691 0.168142
vt 0.446897 0.163688
vt 0.471099 0.156666
vt 0.523803 0.156666
vt 0.548005 0.163688
vt 0.567212 0.168142
vt 0.899007 0.054422
vt 0.897839 0.028385
vt 0.902875 0.031168
vt 0.903883 0.056485
vt 0.936992 0.710245
vt 0.938161 0.684208
vt 0.943037 0.682145
vt 0.942028 0.707463
vt 0.896635 0.015364
vt 0.901732 0.018562
vt 0.935789 0.723266
vt 0.940885 0.720068
vt 0.938164 0.662367
vt 0.943037 0.660987
vt 0.899010 0.076263
vt 0.903883 0.077643
vt 0.581216 0.186812
vt 0.573639 0.211003
vt 0.421264 0.211003
vt 0.413686 0.186812
vt 0.583793 0.166596
vt 0.411110 0.166596
vt 0.929934 0.591119
vt 0.934647 0.590450
vt 0.890781 0.147511
vt 0.895493 0.148180
vt 0.933913 0.738583
vt 0.929251 0.734929
vt 0.931123 0.720068
vt 0.710631 0.008793
vt 0.735336 0.001719
vt 0.734804 0.005388
vt 0.710836 0.012251
vt 0.786467 0.001719
vt 0.811172 0.008793
vt 0.810967 0.012251
vt 0.786999 0.005388
vt 0.894760 0.000047
vt 0.891969 0.018562
vt 0.890097 0.003701
vt 0.859125 0.202447
vt 0.879468 0.166422
vt 0.835009 0.230859
vt 0.898278 0.536183
vt 0.874162 0.507771
vt 0.918621 0.572209
vt 0.734804 0.039938
vt 0.710836 0.041357
vt 0.810967 0.041357
vt 0.786999 0.039938
vt 0.691815 0.026313
vt 0.691815 0.048058
vt 0.829988 0.026313
vt 0.829988 0.048058
vt 0.829988 0.080674
vt 0.810967 0.085000
vt 0.786999 0.091770
vt 0.734804 0.091770
vt 0.710836 0.085000
vt 0.691815 0.080674
vt 0.932243 0.707463
vt 0.933232 0.682145
vt 0.894079 0.056485
vt 0.893089 0.031168
vt 0.894079 0.077643
vt 0.933232 0.660987
vt 0.677946 0.062198
vt 0.685451 0.038241
vt 0.836352 0.038241
vt 0.843857 0.062198
vt 0.675395 0.082218
vt 0.846408 0.082218
vt 0.885876 0.146937
vt 0.925029 0.591693
vt 0.759922 0.000052
vt 0.761881 0.000052
vt 0.761881 0.003765
vt 0.759922 0.003765
vt 0.498440 0.249564
vt 0.496463 0.249564
vt 0.496463 0.245815
vt 0.498440 0.245815
vt 0.496463 0.207955
vt 0.498440 0.207955
vt 0.761881 0.247404
vt 0.759922 0.247404
vt 0.759922 0.242338
vt 0.761881 0.242338
vt 0.166402 0.028380
vt 0.166402 0.026331
vt 0.167411 0.026331
vt 0.167411 0.028380
vt 0.496463 0.150640
vt 0.498440 0.150640
vt 0.761881 0.041259
vt 0.759922 0.041259
vt 0.761881 0.097575
vt 0.759922 0.097575
vt 0.179322 0.054107
vt 0.185766 0.054664
vt 0.179322 0.000604
vt 0.185766 0.000048
vt 0.824248 0.252214
vt 0.822220 0.246860
vt 0.863401 0.486416
vt 0.861373 0.491770
vt 0.427691 0.133079
vt 0.431433 0.154979
vt 0.412187 0.155998
vt 0.415227 0.135105
vt 0.446897 0.119235
vt 0.446897 0.143862
vt 0.471099 0.106090
vt 0.471099 0.129282
vt 0.496463 0.097112
vt 0.496463 0.118282
vt 0.523803 0.106090
vt 0.523803 0.129282
vt 0.498440 0.118282
vt 0.498440 0.097112
vt 0.548005 0.119235
vt 0.548005 0.143616
vt 0.570785 0.134242
vt 0.563588 0.154618
vt 0.579676 0.135105
vt 0.582716 0.155998
vt 0.936226 0.628267
vt 0.937933 0.649934
vt 0.933026 0.649988
vt 0.931275 0.628077
vt 0.941053 0.628028
vt 0.942811 0.649895
vt 0.898780 0.088696
vt 0.897073 0.110364
vt 0.892121 0.110553
vt 0.893872 0.088642
vt 0.903658 0.088735
vt 0.901900 0.110602
vt 0.829988 0.115106
vt 0.826422 0.093458
vt 0.845344 0.092625
vt 0.842272 0.113359
vt 0.810967 0.128292
vt 0.810967 0.104173
vt 0.786999 0.140085
vt 0.782351 0.119861
vt 0.761881 0.149537
vt 0.761881 0.128002
vt 0.734804 0.140085
vt 0.739452 0.119861
vt 0.759922 0.128440
vt 0.759922 0.149138
vt 0.710836 0.128292
vt 0.710836 0.104416
vt 0.688403 0.114037
vt 0.695277 0.093792
vt 0.679531 0.113359
vt 0.676459 0.092625
vt 0.425489 0.104305
vt 0.427691 0.115588
vt 0.419490 0.112695
vt 0.421348 0.103854
vt 0.446897 0.076561
vt 0.446897 0.090588
vt 0.471099 0.054047
vt 0.471099 0.065502
vt 0.496463 0.040556
vt 0.496463 0.049792
vt 0.523803 0.054047
vt 0.523803 0.065502
vt 0.498440 0.049792
vt 0.498440 0.040556
vt 0.548005 0.076560
vt 0.548005 0.090587
vt 0.569845 0.104588
vt 0.568053 0.115367
vt 0.573555 0.103854
vt 0.575413 0.112695
vt 0.931144 0.595837
vt 0.932983 0.605139
vt 0.928088 0.605565
vt 0.926225 0.596271
vt 0.935895 0.595321
vt 0.937729 0.604574
vt 0.891991 0.142793
vt 0.893830 0.133491
vt 0.898576 0.134056
vt 0.896742 0.143309
vt 0.887072 0.142359
vt 0.888935 0.133065
vt 0.832070 0.142891
vt 0.829988 0.131793
vt 0.838133 0.134661
vt 0.836236 0.143455
vt 0.810967 0.169119
vt 0.810967 0.155586
vt 0.786999 0.190854
vt 0.786999 0.179361
vt 0.761881 0.203174
vt 0.761881 0.194279
vt 0.734804 0.190351
vt 0.734804 0.179361
vt 0.759922 0.194331
vt 0.758432 0.202866
vt 0.710836 0.169119
vt 0.710836 0.155587
vt 0.689311 0.142635
vt 0.690995 0.132012
vt 0.685567 0.143455
vt 0.683670 0.134661
vt 0.427691 0.079955
vt 0.446897 0.044130
vt 0.471099 0.015955
vt 0.523803 0.015955
vt 0.548005 0.044130
vt 0.567212 0.079955
vt 0.572481 0.099200
vt 0.422422 0.099200
vt 0.829988 0.166224
vt 0.810967 0.200313
vt 0.786999 0.227198
vt 0.734804 0.227198
vt 0.710836 0.200312
vt 0.691815 0.166224
vt 0.686597 0.147787
vt 0.835206 0.147787
vt 0.496463 0.000052
vt 0.498440 0.000052
vt 0.333090 0.226102
vt 0.313293 0.240738
vt 0.313086 0.237246
vt 0.332292 0.223047
vt 0.288346 0.247881
vt 0.288884 0.244176
vt 0.236717 0.247881
vt 0.211770 0.240738
vt 0.211977 0.237246
vt 0.236179 0.244176
vt 0.191973 0.226102
vt 0.192771 0.223047
vt 0.061648 0.712946
vt 0.040134 0.675161
vt 0.046153 0.675834
vt 0.066799 0.713329
vt 0.015077 0.645585
vt 0.021586 0.646346
vt 0.856873 0.486951
vt 0.881930 0.457375
vt 0.887949 0.456702
vt 0.863382 0.486190
vt 0.903444 0.419590
vt 0.908595 0.419207
vt 0.288884 0.209288
vt 0.313086 0.207856
vt 0.211977 0.207856
vt 0.236179 0.209288
vt 0.332292 0.201089
vt 0.192771 0.201089
vt 0.192771 0.168142
vt 0.211977 0.163688
vt 0.236179 0.156666
vt 0.288884 0.156666
vt 0.313086 0.163688
vt 0.332292 0.168142
vt 0.918584 0.305308
vt 0.917416 0.279271
vt 0.922452 0.282054
vt 0.923460 0.307372
vt 0.075619 0.853264
vt 0.076788 0.827228
vt 0.081664 0.825164
vt 0.080655 0.850482
vt 0.916212 0.266251
vt 0.921309 0.269448
vt 0.074416 0.866285
vt 0.079512 0.863088
vt 0.076791 0.805386
vt 0.081664 0.804006
vt 0.918587 0.327149
vt 0.923460 0.328530
vt 0.346296 0.186812
vt 0.338719 0.211003
vt 0.186344 0.211003
vt 0.178767 0.186812
vt 0.348873 0.166596
vt 0.176190 0.166596
vt 0.068561 0.734139
vt 0.073274 0.733470
vt 0.910357 0.398397
vt 0.915070 0.399066
vt 0.072540 0.881603
vt 0.067878 0.877948
vt 0.069750 0.863088
vt 0.402299 0.581164
vt 0.427004 0.574089
vt 0.426472 0.577758
vt 0.402504 0.584622
vt 0.478134 0.574089
vt 0.502840 0.581164
vt 0.502635 0.584622
vt 0.478667 0.577758
vt 0.914337 0.250933
vt 0.911546 0.269448
vt 0.909674 0.254588
vt 0.878701 0.453333
vt 0.899044 0.417308
vt 0.854585 0.481746
vt 0.036905 0.679203
vt 0.012789 0.650790
vt 0.057248 0.715228
vt 0.426472 0.612309
vt 0.402504 0.613727
vt 0.502635 0.613728
vt 0.478667 0.612309
vt 0.383483 0.598683
vt 0.383483 0.620429
vt 0.521656 0.598683
vt 0.521656 0.620429
vt 0.521656 0.653044
vt 0.502635 0.657371
vt 0.478667 0.664140
vt 0.426472 0.664140
vt 0.402504 0.657371
vt 0.383483 0.653044
vt 0.070870 0.850482
vt 0.071859 0.825164
vt 0.913655 0.307372
vt 0.912666 0.282054
vt 0.913655 0.328530
vt 0.071859 0.804006
vt 0.369614 0.634568
vt 0.377119 0.610611
vt 0.528020 0.610611
vt 0.535524 0.634568
vt 0.367062 0.654589
vt 0.538076 0.654589
vt 0.905452 0.397824
vt 0.063656 0.734712
vt 0.451590 0.572423
vt 0.453548 0.572423
vt 0.453548 0.576136
vt 0.451590 0.576136
vt 0.263520 0.249564
vt 0.261543 0.249564
vt 0.261543 0.245815
vt 0.263520 0.245815
vt 0.261543 0.207955
vt 0.263520 0.207955
vt 0.453548 0.819775
vt 0.451590 0.819775
vt 0.451590 0.814709
vt 0.453548 0.814709
vt 0.156613 0.028380
vt 0.156613 0.026331
vt 0.157622 0.026331
vt 0.157622 0.028380
vt 0.261543 0.150640
vt 0.263520 0.150640
vt 0.453548 0.613630
vt 0.451590 0.613630
vt 0.453548 0.669946
vt 0.451590 0.669946
vt 0.169533 0.054107
vt 0.175978 0.054664
vt 0.169533 0.000604
vt 0.175978 0.000048
vt 0.843824 0.503100
vt 0.841796 0.497746
vt 0.002028 0.629436
vt 0.000000 0.634790
vt 0.192771 0.133079
vt 0.196513 0.154979
vt 0.177267 0.155998
vt 0.180307 0.135105
vt 0.211977 0.119235
vt 0.211977 0.143862
vt 0.236179 0.106090
vt 0.236179 0.129282
vt 0.261543 0.097112
vt 0.261543 0.118282
vt 0.288884 0.106090
vt 0.288884 0.129282
vt 0.263520 0.118282
vt 0.263520 0.097112
vt 0.313086 0.119235
vt 0.313086 0.143616
vt 0.335865 0.134242
vt 0.328668 0.154618
vt 0.344756 0.135105
vt 0.347796 0.155998
vt 0.074854 0.771286
vt 0.076560 0.792953
vt 0.071653 0.793008
vt 0.069902 0.771096
vt 0.079680 0.771047
vt 0.081438 0.792915
vt 0.918356 0.339583
vt 0.916650 0.361250
vt 0.911698 0.361440
vt 0.913449 0.339528
vt 0.923235 0.339621
vt 0.921477 0.361488
vt 0.521656 0.687477
vt 0.518089 0.665829
vt 0.537011 0.664996
vt 0.533940 0.685730
vt 0.502635 0.700663
vt 0.502635 0.676544
vt 0.478667 0.712456
vt 0.474019 0.692231
vt 0.453548 0.721908
vt 0.453548 0.700373
vt 0.426472 0.712456
vt 0.431120 0.692231
vt 0.451590 0.700811
vt 0.451590 0.721509
vt 0.402504 0.700663
vt 0.402504 0.676787
vt 0.380071 0.686408
vt 0.386945 0.666163
vt 0.371199 0.685730
vt 0.368127 0.664996
vt 0.190569 0.104305
vt 0.192771 0.115588
vt 0.184570 0.112695
vt 0.186428 0.103854
vt 0.211977 0.076561
vt 0.211977 0.090588
vt 0.236179 0.054047
vt 0.236179 0.065502
vt 0.261543 0.040556
vt 0.261543 0.049792
vt 0.288884 0.054047
vt 0.288884 0.065502
vt 0.263520 0.049792
vt 0.263520 0.040556
vt 0.313086 0.076560
vt 0.313086 0.090587
vt 0.334926 0.104588
vt 0.333133 0.115367
vt 0.338635 0.103854
vt 0.340493 0.112695
vt 0.069772 0.738856
vt 0.071610 0.748158
vt 0.066715 0.748585
vt 0.064852 0.739291
vt 0.074522 0.738341
vt 0.076356 0.747594
vt 0.911568 0.393679
vt 0.913406 0.384378
vt 0.918153 0.384942
vt 0.916318 0.394195
vt 0.906648 0.393245
vt 0.908512 0.383951
vt 0.523738 0.715262
vt 0.521656 0.704164
vt 0.529800 0.707031
vt 0.527903 0.715825
vt 0.502635 0.741490
vt 0.502635 0.727957
vt 0.478667 0.763224
vt 0.478667 0.751731
vt 0.453548 0.775545
vt 0.453548 0.766650
vt 0.426472 0.762722
vt 0.426472 0.751731
vt 0.451590 0.766702
vt 0.450099 0.775237
vt 0.402504 0.741490
vt 0.402504 0.727957
vt 0.380979 0.715006
vt 0.382663 0.704382
vt 0.377235 0.715825
vt 0.375338 0.707031
vt 0.192771 0.079955
vt 0.211977 0.044130
vt 0.236179 0.015955
vt 0.288884 0.015955
vt 0.313086 0.044130
vt 0.332292 0.079955
vt 0.337561 0.099200
vt 0.187502 0.099200
vt 0.521656 0.738595
vt 0.502635 0.772683
vt 0.478667 0.799568
vt 0.426472 0.799568
vt 0.402504 0.772683
vt 0.383483 0.738595
vt 0.378265 0.720158
vt 0.526874 0.720158
vt 0.261543 0.000052
vt 0.263520 0.000052
vt 0.853177 0.478321
vt 0.835067 0.491709
vt 0.834878 0.488515
vt 0.852447 0.475526
vt 0.812248 0.498243
vt 0.812739 0.494854
vt 0.765020 0.498243
vt 0.742201 0.491709
vt 0.742390 0.488515
vt 0.764529 0.494854
vt 0.724091 0.478321
vt 0.724821 0.475526
vt 0.965734 0.255668
vt 0.944686 0.218701
vt 0.950575 0.219359
vt 0.970774 0.256042
vt 0.920171 0.189764
vt 0.926539 0.190509
vt 0.915277 0.916827
vt 0.939792 0.887890
vt 0.945681 0.887232
vt 0.921645 0.916082
vt 0.960840 0.850923
vt 0.965880 0.850548
vt 0.812739 0.462940
vt 0.834878 0.461630
vt 0.742390 0.461630
vt 0.764529 0.462940
vt 0.852447 0.455440
vt 0.724821 0.455440
vt 0.724821 0.425302
vt 0.742390 0.421228
vt 0.764529 0.414805
vt 0.812739 0.414805
vt 0.834878 0.421228
vt 0.852447 0.425302
vt 0.975653 0.739113
vt 0.974510 0.713640
vt 0.979437 0.716362
vt 0.980423 0.741132
vt 0.979404 0.392951
vt 0.980547 0.367477
vt 0.985318 0.365459
vt 0.984331 0.390229
vt 0.973332 0.700901
vt 0.978318 0.704029
vt 0.978226 0.405690
vt 0.983213 0.402562
vt 0.980550 0.346109
vt 0.985318 0.344759
vt 0.975656 0.760482
vt 0.980423 0.761832
vt 0.865257 0.442380
vt 0.858326 0.464509
vt 0.718943 0.464509
vt 0.712011 0.442380
vt 0.867614 0.423888
vt 0.709654 0.423888
vt 0.972498 0.276402
vt 0.977109 0.275748
vt 0.967604 0.830189
vt 0.972215 0.830843
vt 0.976391 0.420676
vt 0.971830 0.417101
vt 0.973661 0.402562
vt 0.771134 0.654548
vt 0.793651 0.648101
vt 0.793165 0.651445
vt 0.771321 0.657700
vt 0.840251 0.648101
vt 0.862768 0.654548
vt 0.862581 0.657700
vt 0.840736 0.651445
vt 0.971497 0.685914
vt 0.968767 0.704029
vt 0.966936 0.689490
vt 0.936633 0.883936
vt 0.956536 0.848690
vt 0.913039 0.911734
vt 0.941527 0.222655
vt 0.917933 0.194857
vt 0.961430 0.257901
vt 0.793165 0.682935
vt 0.771321 0.684228
vt 0.862581 0.684228
vt 0.840736 0.682935
vt 0.753985 0.670516
vt 0.753985 0.690335
vt 0.879917 0.670516
vt 0.879917 0.690335
vt 0.879917 0.720061
vt 0.862581 0.724005
vt 0.840736 0.730175
vt 0.793165 0.730175
vt 0.771321 0.724005
vt 0.753985 0.720061
vt 0.974757 0.390229
vt 0.975725 0.365459
vt 0.970831 0.741132
vt 0.969863 0.716362
vt 0.970831 0.761832
vt 0.975725 0.344759
vt 0.741344 0.703222
vt 0.748184 0.681388
vt 0.885717 0.681388
vt 0.892557 0.703222
vt 0.739019 0.721469
vt 0.894883 0.721469
vt 0.962805 0.829627
vt 0.967699 0.276963
vt 0.816058 0.646582
vt 0.817843 0.646582
vt 0.817843 0.649966
vt 0.816058 0.649966
vt 0.789539 0.499782
vt 0.787730 0.499782
vt 0.787730 0.496352
vt 0.789539 0.496352
vt 0.787730 0.461721
vt 0.789539 0.461721
vt 0.817843 0.872022
vt 0.816058 0.872022
vt 0.816058 0.867404
vt 0.817843 0.867404
vt 0.313227 0.026515
vt 0.313227 0.024601
vt 0.314169 0.024601
vt 0.314169 0.026515
vt 0.787730 0.409292
vt 0.789539 0.409292
vt 0.817843 0.684138
vt 0.816058 0.684138
vt 0.817843 0.735466
vt 0.816058 0.735466
vt 0.325294 0.050544
vt 0.331313 0.051064
vt 0.325294 0.000572
vt 0.331313 0.000052
vt 0.902510 0.932626
vt 0.900526 0.927388
vt 0.907405 0.173964
vt 0.905420 0.179203
vt 0.724821 0.393229
vt 0.728244 0.413261
vt 0.710639 0.414194
vt 0.713420 0.395081
vt 0.742390 0.380565
vt 0.742390 0.403092
vt 0.764529 0.368541
vt 0.764529 0.389756
vt 0.787730 0.360328
vt 0.787730 0.379693
vt 0.812739 0.368541
vt 0.812739 0.389756
vt 0.789539 0.379693
vt 0.789539 0.360328
vt 0.834878 0.380565
vt 0.834878 0.402867
vt 0.855715 0.394292
vt 0.849132 0.412931
vt 0.863848 0.395081
vt 0.866629 0.414194
vt 0.978655 0.312746
vt 0.980324 0.333944
vt 0.975523 0.333998
vt 0.973810 0.312560
vt 0.983377 0.312513
vt 0.985097 0.333907
vt 0.975430 0.772646
vt 0.973760 0.793845
vt 0.968916 0.794030
vt 0.970629 0.772593
vt 0.980203 0.772684
vt 0.978483 0.794078
vt 0.879917 0.751444
vt 0.876667 0.731713
vt 0.893912 0.730954
vt 0.891113 0.749851
vt 0.862581 0.763461
vt 0.862581 0.741479
vt 0.840736 0.774210
vt 0.836500 0.755777
vt 0.817843 0.782824
vt 0.817843 0.763197
vt 0.793165 0.774210
vt 0.797401 0.755777
vt 0.816058 0.763597
vt 0.816058 0.782461
vt 0.771321 0.763461
vt 0.771321 0.741701
vt 0.750875 0.750469
vt 0.757140 0.732018
vt 0.742789 0.749851
vt 0.739989 0.730954
vt 0.722807 0.366908
vt 0.724821 0.377229
vt 0.717319 0.374582
vt 0.719019 0.366495
vt 0.742390 0.341529
vt 0.742390 0.354360
vt 0.764529 0.320934
vt 0.764529 0.331413
vt 0.787730 0.308594
vt 0.787730 0.317043
vt 0.812739 0.320934
vt 0.812739 0.331413
vt 0.789539 0.317043
vt 0.789539 0.308594
vt 0.834878 0.341528
vt 0.834878 0.354360
vt 0.854856 0.367167
vt 0.853216 0.377027
vt 0.858249 0.366495
vt 0.859949 0.374582
vt 0.973683 0.281018
vt 0.975481 0.290119
vt 0.970692 0.290536
vt 0.968869 0.281443
vt 0.978330 0.280513
vt 0.980125 0.289566
vt 0.968789 0.825573
vt 0.970587 0.816472
vt 0.975231 0.817025
vt 0.973436 0.826077
vt 0.963975 0.825148
vt 0.965798 0.816055
vt 0.881815 0.776768
vt 0.879917 0.766652
vt 0.887340 0.769266
vt 0.885611 0.777281
vt 0.862581 0.800672
vt 0.862581 0.788338
vt 0.840736 0.820481
vt 0.840736 0.810006
vt 0.817843 0.831710
vt 0.817843 0.823603
vt 0.793165 0.820023
vt 0.793165 0.810006
vt 0.816058 0.823650
vt 0.814700 0.831429
vt 0.771321 0.800672
vt 0.771321 0.788338
vt 0.751703 0.776534
vt 0.753237 0.766852
vt 0.748290 0.777281
vt 0.746561 0.769266
vt 0.724821 0.344634
vt 0.742390 0.311863
vt 0.764529 0.286090
vt 0.812739 0.286090
vt 0.834878 0.311863
vt 0.852447 0.344634
vt 0.857267 0.362238
vt 0.720001 0.362238
vt 0.879917 0.798033
vt 0.862581 0.829102
vt 0.840736 0.853605
vt 0.793165 0.853605
vt 0.771321 0.829102
vt 0.753985 0.798033
vt 0.749229 0.781229
vt 0.884673 0.781229
vt 0.787730 0.271543
vt 0.789539 0.271543
vt 0.450550 0.417919
vt 0.430753 0.432555
vt 0.430546 0.429063
vt 0.449752 0.414864
vt 0.405806 0.439698
vt 0.406344 0.435993
vt 0.354177 0.439698
vt 0.329230 0.432555
vt 0.329437 0.429063
vt 0.353639 0.435993
vt 0.309433 0.417919
vt 0.310231 0.414864
vt 0.947491 0.291803
vt 0.925977 0.254018
vt 0.931997 0.254691
vt 0.952642 0.292186
vt 0.900921 0.224442
vt 0.907429 0.225203
vt 0.856873 0.849428
vt 0.881930 0.819851
vt 0.887949 0.819178
vt 0.863382 0.848667
vt 0.903444 0.782066
vt 0.908595 0.781684
vt 0.406344 0.401105
vt 0.430546 0.399673
vt 0.329437 0.399673
vt 0.353639 0.401105
vt 0.449752 0.392906
vt 0.310231 0.392906
vt 0.310231 0.359959
vt 0.329437 0.355505
vt 0.353639 0.348483
vt 0.406344 0.348483
vt 0.430546 0.355505
vt 0.449752 0.359959
vt 0.918584 0.667785
vt 0.917416 0.641748
vt 0.922452 0.644530
vt 0.923460 0.669848
vt 0.961463 0.432122
vt 0.962631 0.406085
vt 0.967507 0.404021
vt 0.966499 0.429339
vt 0.916212 0.628727
vt 0.921309 0.631925
vt 0.960259 0.445142
vt 0.965356 0.441945
vt 0.962635 0.384244
vt 0.967507 0.382863
vt 0.918587 0.689626
vt 0.923460 0.691006
vt 0.463756 0.378629
vt 0.456179 0.402819
vt 0.303804 0.402819
vt 0.296227 0.378629
vt 0.466333 0.358413
vt 0.293650 0.358413
vt 0.954405 0.312996
vt 0.959117 0.312327
vt 0.910357 0.760874
vt 0.915070 0.761543
vt 0.958384 0.460460
vt 0.953721 0.456805
vt 0.955593 0.441945
vt 0.035237 0.465878
vt 0.059942 0.458803
vt 0.059410 0.462473
vt 0.035442 0.469336
vt 0.111072 0.458803
vt 0.135777 0.465878
vt 0.135572 0.469336
vt 0.111604 0.462473
vt 0.914337 0.613409
vt 0.911546 0.631925
vt 0.909674 0.617064
vt 0.878701 0.815810
vt 0.899044 0.779784
vt 0.854585 0.844222
vt 0.922749 0.258060
vt 0.898633 0.229647
vt 0.943092 0.294085
vt 0.059410 0.497023
vt 0.035442 0.498442
vt 0.135572 0.498442
vt 0.111604 0.497023
vt 0.016420 0.483398
vt 0.016420 0.505143
vt 0.154593 0.483398
vt 0.154593 0.505143
vt 0.154593 0.537758
vt 0.135572 0.542085
vt 0.111604 0.548855
vt 0.059410 0.548855
vt 0.035442 0.542085
vt 0.016420 0.537758
vt 0.956713 0.429339
vt 0.957703 0.404021
vt 0.913655 0.669848
vt 0.912666 0.644530
vt 0.913655 0.691006
vt 0.957703 0.382863
vt 0.002552 0.519282
vt 0.010056 0.495326
vt 0.160957 0.495326
vt 0.168462 0.519282
vt 0.000000 0.539303
vt 0.171014 0.539303
vt 0.905452 0.760300
vt 0.949500 0.313569
vt 0.084528 0.457137
vt 0.086486 0.457137
vt 0.086486 0.460850
vt 0.084528 0.460850
vt 0.380980 0.441381
vt 0.379003 0.441381
vt 0.379003 0.437631
vt 0.380980 0.437631
vt 0.379003 0.399772
vt 0.380980 0.399772
vt 0.086486 0.704489
vt 0.084528 0.704489
vt 0.084528 0.699423
vt 0.086486 0.699423
vt 0.000000 0.028380
vt 0.000000 0.026331
vt 0.001009 0.026331
vt 0.001009 0.028380
vt 0.379003 0.342457
vt 0.380980 0.342457
vt 0.086486 0.498344
vt 0.084528 0.498344
vt 0.086486 0.554660
vt 0.084528 0.554660
vt 0.012920 0.054107
vt 0.019365 0.054664
vt 0.012920 0.000604
vt 0.019365 0.000048
vt 0.843824 0.865577
vt 0.841796 0.860223
vt 0.887872 0.208293
vt 0.885844 0.213647
vt 0.310231 0.324896
vt 0.313973 0.346795
vt 0.294727 0.347815
vt 0.297767 0.326921
vt 0.329437 0.311052
vt 0.329437 0.335679
vt 0.353639 0.297907
vt 0.353639 0.321099
vt 0.379003 0.288928
vt 0.379003 0.310099
vt 0.406344 0.297907
vt 0.406344 0.321099
vt 0.380980 0.310099
vt 0.380980 0.288928
vt 0.430546 0.311052
vt 0.430546 0.335433
vt 0.453325 0.326059
vt 0.446128 0.346435
vt 0.462216 0.326921
vt 0.465256 0.347815
vt 0.960697 0.350143
vt 0.962404 0.371810
vt 0.957497 0.371865
vt 0.955745 0.349953
vt 0.965524 0.349905
vt 0.967282 0.371772
vt 0.918356 0.702059
vt 0.916650 0.723726
vt 0.911698 0.723916
vt 0.913449 0.702005
vt 0.923235 0.702098
vt 0.921477 0.723965
vt 0.154593 0.572191
vt 0.151027 0.550543
vt 0.169949 0.549710
vt 0.166877 0.570444
vt 0.135572 0.585377
vt 0.135572 0.561258
vt 0.111604 0.597170
vt 0.106957 0.576946
vt 0.086486 0.606622
vt 0.086486 0.585087
vt 0.059410 0.597170
vt 0.064057 0.576946
vt 0.084528 0.585525
vt 0.084528 0.606223
vt 0.035442 0.585377
vt 0.035442 0.561501
vt 0.013009 0.571122
vt 0.019882 0.550877
vt 0.004136 0.570444
vt 0.001065 0.549710
vt 0.308029 0.296122
vt 0.310231 0.307405
vt 0.302030 0.304512
vt 0.303888 0.295670
vt 0.329437 0.268377
vt 0.329437 0.282404
vt 0.353639 0.245863
vt 0.353639 0.257319
vt 0.379003 0.232373
vt 0.379003 0.241609
vt 0.406344 0.245863
vt 0.406344 0.257319
vt 0.380980 0.241609
vt 0.380980 0.232373
vt 0.430546 0.268377
vt 0.430546 0.282404
vt 0.452385 0.296405
vt 0.450593 0.307184
vt 0.456095 0.295671
vt 0.457953 0.304512
vt 0.955615 0.317713
vt 0.957454 0.327015
vt 0.952559 0.327442
vt 0.950696 0.318148
vt 0.960366 0.317198
vt 0.962200 0.326451
vt 0.911568 0.756156
vt 0.913406 0.746854
vt 0.918153 0.747419
vt 0.916318 0.756672
vt 0.906648 0.755722
vt 0.908512 0.746428
vt 0.156675 0.599976
vt 0.154593 0.588878
vt 0.162738 0.591745
vt 0.160841 0.600540
vt 0.135572 0.626204
vt 0.135572 0.612671
vt 0.111604 0.647939
vt 0.111604 0.636446
vt 0.086486 0.660259
vt 0.086486 0.651364
vt 0.059410 0.647436
vt 0.059410 0.636446
vt 0.084528 0.651416
vt 0.083037 0.659951
vt 0.035442 0.626204
vt 0.035442 0.612672
vt 0.013917 0.599720
vt 0.015600 0.589097
vt 0.010173 0.600540
vt 0.008276 0.591745
vt 0.310231 0.271772
vt 0.329437 0.235947
vt 0.353639 0.207771
vt 0.406344 0.207771
vt 0.430546 0.235947
vt 0.449752 0.271772
vt 0.455021 0.291016
vt 0.304962 0.291016
vt 0.154593 0.623309
vt 0.135572 0.657397
vt 0.111604 0.684283
vt 0.059410 0.684283
vt 0.035442 0.657397
vt 0.016420 0.623309
vt 0.011202 0.604872
vt 0.159811 0.604872
vt 0.379003 0.191869
vt 0.380980 0.191869
vt 0.597375 0.557457
vt 0.577577 0.572092
vt 0.577371 0.568601
vt 0.596577 0.554402
vt 0.552631 0.579236
vt 0.553168 0.575531
vt 0.501002 0.579236
vt 0.476055 0.572092
vt 0.476262 0.568601
vt 0.500464 0.575531
vt 0.456258 0.557457
vt 0.457055 0.554402
vt 0.732148 0.810065
vt 0.710634 0.772280
vt 0.716654 0.772953
vt 0.737299 0.810448
vt 0.685577 0.742704
vt 0.692086 0.743465
vt 0.798143 0.236065
vt 0.823200 0.206488
vt 0.829219 0.205815
vt 0.804652 0.235304
vt 0.844714 0.168704
vt 0.849865 0.168321
vt 0.553168 0.540643
vt 0.577371 0.539211
vt 0.476262 0.539211
vt 0.500464 0.540643
vt 0.596577 0.532444
vt 0.457055 0.532444
vt 0.457055 0.499496
vt 0.476262 0.495043
vt 0.500464 0.488021
vt 0.553168 0.488021
vt 0.577370 0.495043
vt 0.596577 0.499496
vt 0.859854 0.054422
vt 0.858686 0.028385
vt 0.863722 0.031168
vt 0.864730 0.056485
vt 0.746120 0.950383
vt 0.747288 0.924347
vt 0.752164 0.922283
vt 0.751156 0.947601
vt 0.857482 0.015364
vt 0.862579 0.018562
vt 0.744916 0.963404
vt 0.750013 0.960207
vt 0.747291 0.902505
vt 0.752164 0.901125
vt 0.859857 0.076263
vt 0.864730 0.077643
vt 0.610581 0.518166
vt 0.603004 0.542357
vt 0.450629 0.542357
vt 0.443051 0.518166
vt 0.613158 0.497950
vt 0.440475 0.497950
vt 0.739062 0.831258
vt 0.743774 0.830589
vt 0.851627 0.147511
vt 0.856340 0.148180
vt 0.743041 0.978722
vt 0.738378 0.975067
vt 0.740250 0.960207
vt 0.637219 0.499691
vt 0.661924 0.492616
vt 0.661392 0.496285
vt 0.637424 0.503149
vt 0.713054 0.492616
vt 0.737759 0.499691
vt 0.737554 0.503149
vt 0.713586 0.496285
vt 0.855606 0.000047
vt 0.852816 0.018562
vt 0.850944 0.003701
vt 0.819971 0.202447
vt 0.840314 0.166422
vt 0.795855 0.230859
vt 0.707405 0.776322
vt 0.683290 0.747909
vt 0.727749 0.812347
vt 0.661392 0.530836
vt 0.637424 0.532255
vt 0.737554 0.532255
vt 0.713586 0.530836
vt 0.618403 0.517210
vt 0.618403 0.538956
vt 0.756576 0.517210
vt 0.756576 0.538956
vt 0.756576 0.571571
vt 0.737554 0.575898
vt 0.713586 0.582668
vt 0.661392 0.582668
vt 0.637424 0.575898
vt 0.618403 0.571571
vt 0.741370 0.947601
vt 0.742360 0.922283
vt 0.854925 0.056485
vt 0.853936 0.031168
vt 0.854925 0.077643
vt 0.742360 0.901125
vt 0.604534 0.553095
vt 0.612038 0.529138
vt 0.762940 0.529138
vt 0.770444 0.553095
vt 0.601982 0.573116
vt 0.772996 0.573116
vt 0.846722 0.146937
vt 0.734156 0.831831
vt 0.686510 0.490950
vt 0.688468 0.490950
vt 0.688468 0.494663
vt 0.686510 0.494663
vt 0.527805 0.580918
vt 0.525828 0.580918
vt 0.525828 0.577169
vt 0.527805 0.577169
vt 0.525828 0.539310
vt 0.527805 0.539310
vt 0.688468 0.738302
vt 0.686510 0.738302
vt 0.686510 0.733236
vt 0.688468 0.733236
vt 0.009788 0.028380
vt 0.009788 0.026331
vt 0.010797 0.026331
vt 0.010797 0.028380
vt 0.525828 0.481995
vt 0.527805 0.481995
vt 0.688468 0.532157
vt 0.686510 0.532157
vt 0.688468 0.588473
vt 0.686510 0.588473
vt 0.022708 0.054107
vt 0.029153 0.054664
vt 0.022708 0.000604
vt 0.029153 0.000048
vt 0.785094 0.252214
vt 0.783066 0.246860
vt 0.672529 0.726555
vt 0.670501 0.731909
vt 0.457055 0.464434
vt 0.460798 0.486333
vt 0.441552 0.487353
vt 0.444592 0.466459
vt 0.476262 0.450589
vt 0.476262 0.475216
vt 0.500464 0.437444
vt 0.500464 0.460637
vt 0.525828 0.428466
vt 0.525828 0.449637
vt 0.553168 0.437444
vt 0.553168 0.460637
vt 0.527805 0.449637
vt 0.527805 0.428466
vt 0.577370 0.450589
vt 0.577370 0.474971
vt 0.600150 0.465596
vt 0.592953 0.485973
vt 0.609041 0.466459
vt 0.612081 0.487353
vt 0.745354 0.868405
vt 0.747061 0.890072
vt 0.742153 0.890127
vt 0.740402 0.868215
vt 0.750181 0.868167
vt 0.751939 0.890034
vt 0.859626 0.088696
vt 0.857920 0.110364
vt 0.852968 0.110553
vt 0.854719 0.088642
vt 0.864505 0.088735
vt 0.862747 0.110602
vt 0.756576 0.606004
vt 0.753009 0.584356
vt 0.771931 0.583523
vt 0.768860 0.604257
vt 0.737554 0.619190
vt 0.737554 0.595071
vt 0.713586 0.630983
vt 0.708939 0.610758
vt 0.688468 0.640435
vt 0.688468 0.618900
vt 0.661392 0.630983
vt 0.666039 0.610758
vt 0.686510 0.619338
vt 0.686510 0.640036
vt 0.637424 0.619190
vt 0.637424 0.595314
vt 0.614991 0.604935
vt 0.621864 0.584690
vt 0.606119 0.604257
vt 0.603047 0.583523
vt 0.454854 0.435660
vt 0.457055 0.446943
vt 0.448854 0.444049
vt 0.450713 0.435208
vt 0.476262 0.407915
vt 0.476262 0.421942
vt 0.500464 0.385401
vt 0.500464 0.396857
vt 0.525828 0.371910
vt 0.525828 0.381147
vt 0.553168 0.385401
vt 0.553168 0.396857
vt 0.527805 0.381147
vt 0.527805 0.371910
vt 0.577370 0.407915
vt 0.577370 0.421942
vt 0.599210 0.435943
vt 0.597418 0.446721
vt 0.602920 0.435208
vt 0.604778 0.444049
vt 0.740272 0.835975
vt 0.742110 0.845277
vt 0.737216 0.845704
vt 0.735352 0.836410
vt 0.745023 0.835460
vt 0.746857 0.844713
vt 0.852838 0.142793
vt 0.854676 0.133491
vt 0.859423 0.134056
vt 0.857588 0.143309
vt 0.847918 0.142359
vt 0.849782 0.133065
vt 0.758658 0.633789
vt 0.756576 0.622691
vt 0.764720 0.625558
vt 0.762823 0.634353
vt 0.737554 0.660017
vt 0.737554 0.646484
vt 0.713586 0.681752
vt 0.713586 0.670258
vt 0.688468 0.694072
vt 0.688468 0.685177
vt 0.661392 0.681249
vt 0.661392 0.670258
vt 0.686510 0.685229
vt 0.685019 0.693764
vt 0.637424 0.660017
vt 0.637424 0.646484
vt 0.615899 0.633533
vt 0.617582 0.622909
vt 0.612155 0.634353
vt 0.610258 0.625558
vt 0.457055 0.411310
vt 0.476262 0.375485
vt 0.500464 0.347309
vt 0.553168 0.347309
vt 0.577370 0.375485
vt 0.596577 0.411310
vt 0.601846 0.430554
vt 0.451787 0.430554
vt 0.756576 0.657122
vt 0.737554 0.691210
vt 0.713586 0.718095
vt 0.661392 0.718095
vt 0.637424 0.691210
vt 0.618403 0.657122
vt 0.613185 0.638685
vt 0.761794 0.638685
vt 0.525828 0.331407
vt 0.527805 0.331407
vn -0.684629 0.007856 0.728849
vn -0.412329 -0.005161 0.911020
vn -0.003930 0.983141 0.182809
vn -0.102374 0.975780 0.193322
vn -0.158752 -0.005587 0.987303
vn 0.103854 0.992307 0.067382
vn 0.158752 -0.005587 0.987303
vn 0.412329 -0.005160 0.911020
vn 0.003930 0.983141 0.182809
vn -0.103854 0.992307 0.067382
vn 0.684629 0.007858 0.728849
vn 0.102374 0.975780 0.193322
vn 0.916534 -0.073003 -0.393237
vn 0.848179 -0.174383 -0.500184
vn 0.809329 0.107820 -0.577375
vn 0.885400 0.154452 -0.438420
vn 0.723529 -0.384558 -0.573255
vn 0.694971 0.062182 -0.716344
vn -0.723529 -0.384558 -0.573255
vn -0.848178 -0.174381 -0.500185
vn -0.809328 0.107822 -0.577376
vn -0.694970 0.062183 -0.716344
vn -0.916534 -0.073001 -0.393238
vn -0.885399 0.154455 -0.438420
vn 0.199845 0.979697 -0.015970
vn 0.099367 0.994742 0.024799
vn -0.099367 0.994742 0.024799
vn -0.199845 0.979697 -0.015970
vn 0.051269 0.998295 0.027920
vn -0.051269 0.998295 0.027920
vn -0.050455 0.998724 0.002136
vn -0.114932 0.993372 -0.001826
vn -0.246137 0.969110 -0.015556
vn 0.246065 0.969128 -0.015579
vn 0.114841 0.993382 -0.001942
vn 0.050518 0.998721 0.002000
vn -0.970638 0.005322 0.240487
vn -0.923995 0.002252 0.382397
vn -0.380177 0.905526 0.188381
vn -0.238659 0.969057 0.063007
vn 0.923995 0.002257 0.382398
vn 0.970638 0.005325 0.240487
vn 0.238659 0.969057 0.063007
vn 0.380176 0.905527 0.188381
vn 0.998004 0.001104 0.063138
vn 0.210972 0.977487 0.003080
vn -0.998004 0.001105 0.063138
vn -0.210203 0.977653 0.003021
vn 0.966851 -0.018596 -0.254662
vn 0.932366 0.189364 -0.307953
vn -0.966851 -0.018592 -0.254663
vn -0.932365 0.189367 -0.307954
vn 0.150079 -0.981049 0.122553
vn 0.196693 -0.977436 0.077015
vn 0.089566 -0.984327 0.151917
vn -0.150079 -0.981049 0.122553
vn -0.089566 -0.984327 0.151917
vn -0.196693 -0.977436 0.077015
vn -0.859290 -0.413658 -0.300845
vn -0.909348 -0.330322 -0.252929
vn -0.751622 -0.572344 -0.327852
vn 0.859290 -0.413659 -0.300844
vn 0.751622 -0.572344 -0.327852
vn 0.909348 -0.330324 -0.252929
vn 0.101200 -0.994862 -0.002914
vn 0.093040 -0.995343 -0.025236
vn -0.093040 -0.995343 -0.025236
vn -0.101200 -0.994862 -0.002914
vn 0.049841 -0.998377 -0.027571
vn -0.049841 -0.998377 -0.027571
vn -0.048927 -0.998799 -0.002728
vn -0.107183 -0.994238 0.001423
vn -0.119198 -0.992794 0.012344
vn 0.119247 -0.992786 0.012476
vn 0.107115 -0.994246 0.001535
vn 0.048984 -0.998796 -0.002605
vn 0.419098 -0.901958 0.104058
vn 0.295511 -0.954068 0.049278
vn -0.295511 -0.954068 0.049278
vn -0.419097 -0.901959 0.104058
vn -0.261319 -0.965204 0.009726
vn 0.260572 -0.965405 0.009735
vn -0.948460 -0.263299 -0.176346
vn 0.948459 -0.263302 -0.176345
vn 0.060641 -0.002030 0.998158
vn -0.060640 -0.002030 0.998158
vn -0.058033 -0.983947 0.168761
vn 0.058033 -0.983947 0.168761
vn -0.138464 0.990309 -0.010803
vn 0.138464 0.990309 -0.010803
vn -0.248814 0.967729 -0.039893
vn 0.248814 0.967729 -0.039893
vn -0.588178 -0.557468 -0.585898
vn 0.588178 -0.557468 -0.585898
vn 0.548336 -0.764021 -0.339999
vn -0.548337 -0.764022 -0.339997
vn -0.486096 0.084185 -0.869841
vn 0.486096 0.084184 -0.869841
vn -0.297174 0.954302 -0.031537
vn 0.297174 0.954302 -0.031537
vn -0.085934 -0.996266 0.008397
vn 0.085934 -0.996265 0.008397
vn -0.103378 -0.994260 0.027571
vn 0.103460 -0.994245 0.027810
vn -0.048283 0.990439 -0.129224
vn -0.046400 0.997085 -0.060565
vn -0.019279 0.998523 -0.050792
vn -0.017459 0.995139 -0.096922
vn -0.112091 0.971072 -0.210843
vn -0.101921 0.989747 -0.100062
vn -0.239305 0.926023 -0.291915
vn -0.228785 0.963144 -0.141463
vn -0.313979 0.884295 -0.345600
vn -0.288207 0.940578 -0.179580
vn 0.239406 0.925952 -0.292058
vn 0.229005 0.963098 -0.141420
vn 0.288207 0.940578 -0.179580
vn 0.313979 0.884295 -0.345600
vn 0.108890 0.972019 -0.208140
vn 0.098408 0.989922 -0.101839
vn 0.045329 0.990631 -0.128822
vn 0.046777 0.996818 -0.064537
vn 0.016777 0.995152 -0.096907
vn 0.018395 0.998702 -0.047500
vn 0.985990 -0.001861 -0.166795
vn 0.991513 0.003728 -0.129953
vn 0.963302 -0.243407 -0.113146
vn 0.959310 -0.246175 -0.138281
vn 0.954366 0.232753 -0.187113
vn 0.960850 0.239572 -0.139187
vn -0.991513 0.003735 -0.129953
vn -0.985990 -0.001855 -0.166796
vn -0.959312 -0.246169 -0.138282
vn -0.963304 -0.243401 -0.113146
vn -0.960849 0.239577 -0.139187
vn -0.954365 0.232758 -0.187113
vn -0.047849 -0.990483 0.129050
vn -0.044900 -0.997200 0.059804
vn -0.018309 -0.998587 0.049898
vn -0.016662 -0.995217 0.096255
vn -0.105362 -0.970939 0.214888
vn -0.094344 -0.990401 0.101022
vn -0.133274 -0.943790 0.302486
vn -0.109162 -0.982577 0.150418
vn -0.129360 -0.919932 0.370123
vn -0.098927 -0.976708 0.190407
vn 0.132933 -0.943554 0.303372
vn 0.108883 -0.982769 0.149367
vn 0.100423 -0.976288 0.191771
vn 0.131104 -0.920254 0.368707
vn 0.102570 -0.971810 0.212286
vn 0.091358 -0.990516 0.102627
vn 0.044912 -0.990678 0.128607
vn 0.045291 -0.996943 0.063671
vn 0.016016 -0.995223 0.096306
vn 0.017449 -0.998757 0.046694
vn -0.093569 0.950465 -0.296414
vn -0.069197 0.976906 -0.202152
vn -0.028630 0.987471 -0.155181
vn -0.098446 0.970114 -0.221782
vn -0.135373 0.907603 -0.397406
vn -0.131734 0.946248 -0.295402
vn -0.221761 0.847673 -0.481946
vn -0.285069 0.885073 -0.367942
vn -0.278145 0.819988 -0.500256
vn -0.320339 0.859592 -0.398100
vn 0.221762 0.847673 -0.481947
vn 0.285069 0.885073 -0.367942
vn 0.320339 0.859592 -0.398100
vn 0.278145 0.819988 -0.500256
vn 0.135594 0.907650 -0.397222
vn 0.131926 0.946839 -0.293413
vn 0.094541 0.950667 -0.295455
vn 0.071307 0.977065 -0.200648
vn 0.096397 0.970264 -0.222026
vn 0.029524 0.987679 -0.153683
vn 0.977419 -0.023842 -0.209960
vn 0.981253 -0.012603 -0.192312
vn 0.956475 -0.249377 -0.151545
vn 0.954547 -0.253859 -0.156190
vn 0.943863 0.213193 -0.252332
vn 0.948879 0.224210 -0.222169
vn -0.977419 -0.023840 -0.209961
vn -0.981253 -0.012598 -0.192312
vn -0.948878 0.224214 -0.222169
vn -0.943863 0.213195 -0.252332
vn -0.954548 -0.253855 -0.156192
vn -0.956476 -0.249373 -0.151546
vn -0.096556 -0.948839 0.300636
vn -0.070082 -0.976383 0.204366
vn -0.028849 -0.987315 0.156130
vn -0.099172 -0.969284 0.225062
vn -0.137818 -0.904606 0.403355
vn -0.129418 -0.944583 0.301686
vn -0.148956 -0.855708 0.495557
vn -0.151692 -0.909563 0.386891
vn -0.107229 -0.844405 0.524864
vn -0.144051 -0.894420 0.423393
vn 0.150263 -0.855419 0.495660
vn 0.151709 -0.909625 0.386738
vn 0.142789 -0.893934 0.424845
vn 0.112996 -0.844470 0.523548
vn 0.138266 -0.904721 0.402943
vn 0.129657 -0.945328 0.299238
vn 0.097508 -0.949041 0.299688
vn 0.072169 -0.976544 0.202863
vn 0.097547 -0.969393 0.225303
vn 0.029734 -0.987520 0.154664
vn -0.122350 0.922288 -0.366627
vn -0.152518 0.862979 -0.481670
vn -0.263559 0.822155 -0.504578
vn 0.263559 0.822154 -0.504578
vn 0.152511 0.863004 -0.481627
vn 0.122314 0.922272 -0.366680
vn 0.142474 0.955765 -0.257320
vn -0.147802 0.955369 -0.255784
vn -0.125241 -0.919650 0.372235
vn -0.156028 -0.860281 0.485358
vn -0.118746 -0.842023 0.526210
vn 0.122811 -0.842470 0.524558
vn 0.155014 -0.860220 0.485790
vn 0.125213 -0.919639 0.372270
vn 0.144122 -0.954247 0.261995
vn -0.148614 -0.953924 0.260660
vn -0.252107 0.822948 -0.509115
vn 0.252107 0.822948 -0.509115
vn -0.092144 -0.841883 0.531735
vn 0.094956 -0.842568 0.530154
vn 0.031267 0.007854 0.999480
vn 0.352628 -0.005162 0.935749
vn 0.126487 0.983141 0.132045
vn 0.064309 0.975780 0.209089
vn 0.585874 -0.005587 0.810383
vn 0.121083 0.992307 -0.025790
vn 0.810383 -0.005586 0.585873
vn 0.935749 -0.005158 0.352628
vn 0.132044 0.983141 0.126487
vn -0.025790 0.992307 0.121083
vn 0.999480 0.007859 0.031268
vn 0.209089 0.975780 0.064310
vn 0.370027 -0.073003 -0.926148
vn 0.246070 -0.174383 -0.953436
vn 0.164016 0.107818 -0.980548
vn 0.316063 0.154451 -0.936082
vn 0.106260 -0.384558 -0.916965
vn -0.015113 0.062181 -0.997951
vn -0.916965 -0.384557 0.106259
vn -0.953437 -0.174381 0.246069
vn -0.980548 0.107821 0.164015
vn -0.997950 0.062183 -0.015114
vn -0.926149 -0.073001 0.370027
vn -0.936082 0.154454 0.316062
vn 0.130020 0.979697 -0.152604
vn 0.087799 0.994742 -0.052728
vn -0.052728 0.994742 0.087799
vn -0.152604 0.979697 0.130020
vn 0.055995 0.998295 -0.016510
vn -0.016510 0.998295 0.055995
vn -0.034167 0.998724 0.037187
vn -0.082561 0.993372 0.079978
vn -0.185045 0.969110 0.163045
vn 0.162979 0.969128 -0.185010
vn 0.079831 0.993382 -0.082578
vn 0.037136 0.998721 -0.034308
vn -0.516295 0.005322 0.856395
vn -0.382968 0.002251 0.923759
vn -0.135620 0.905526 0.402031
vn -0.124205 0.969057 0.213310
vn 0.923759 0.002257 -0.382967
vn 0.856395 0.005325 -0.516294
vn 0.213310 0.969057 -0.124205
vn 0.402031 0.905527 -0.135619
vn 0.750341 0.001102 -0.661050
vn 0.151358 0.977487 -0.147001
vn -0.661050 0.001106 0.750341
vn -0.146499 0.977653 0.150772
vn 0.503595 -0.018596 -0.863740
vn 0.441527 0.189362 -0.877038
vn -0.863741 -0.018593 0.503593
vn -0.877038 0.189366 0.441526
vn 0.192780 -0.981049 -0.019464
vn 0.193541 -0.977436 -0.084626
vn 0.170755 -0.984327 0.044089
vn -0.019464 -0.981049 0.192780
vn 0.044089 -0.984327 0.170754
vn -0.084626 -0.977436 0.193541
vn -0.820340 -0.413657 0.394880
vn -0.821855 -0.330321 0.464159
vn -0.763304 -0.572343 0.299650
vn 0.394881 -0.413658 -0.820339
vn 0.299651 -0.572343 -0.763304
vn 0.464158 -0.330322 -0.821854
vn 0.069499 -0.994862 -0.073620
vn 0.047944 -0.995343 -0.083634
vn -0.083634 -0.995343 0.047944
vn -0.073620 -0.994862 0.069498
vn 0.015747 -0.998377 -0.054738
vn -0.054738 -0.998377 0.015747
vn -0.036525 -0.998799 0.032668
vn -0.074784 -0.994238 0.076796
vn -0.075557 -0.992794 0.093014
vn 0.093142 -0.992786 -0.075499
vn 0.076827 -0.994245 -0.074657
vn 0.032795 -0.998796 -0.036479
vn 0.369927 -0.901958 -0.222767
vn 0.243803 -0.954068 -0.174113
vn -0.174113 -0.954068 0.243802
vn -0.222767 -0.901959 0.369926
vn -0.177903 -0.965204 0.191658
vn 0.191136 -0.965405 -0.177368
vn -0.795357 -0.263299 0.545967
vn 0.545968 -0.263300 -0.795357
vn 0.748684 -0.002030 0.662924
vn 0.662924 -0.002029 0.748684
vn 0.078296 -0.983947 0.160367
vn 0.160367 -0.983947 0.078297
vn -0.105548 0.990309 0.090270
vn 0.090271 0.990309 -0.105548
vn -0.204147 0.967729 0.147730
vn 0.147730 0.967729 -0.204146
vn -0.830197 -0.557468 0.001613
vn 0.001612 -0.557468 -0.830197
vn 0.147317 -0.764021 -0.628147
vn -0.628147 -0.764021 0.147318
vn -0.958792 0.084187 -0.271349
vn -0.271349 0.084185 -0.958792
vn -0.232434 0.954302 0.187834
vn 0.187834 0.954302 -0.232434
vn -0.054827 -0.996266 0.066702
vn 0.066702 -0.996266 -0.054827
vn -0.053604 -0.994260 0.092595
vn 0.092822 -0.994245 -0.053492
vn -0.125516 0.990439 -0.057234
vn -0.075635 0.997085 -0.010016
vn -0.049548 0.998523 -0.022283
vn -0.080879 0.995139 -0.056189
vn -0.228349 0.971072 -0.069829
vn -0.142823 0.989747 0.001314
vn -0.375629 0.926023 -0.037201
vn -0.261805 0.963144 0.061746
vn -0.466393 0.884295 -0.022359
vn -0.330775 0.940578 0.076811
vn -0.037231 0.925952 -0.375802
vn 0.061932 0.963098 -0.261930
vn 0.076811 0.940578 -0.330775
vn -0.022359 0.884295 -0.466393
vn -0.070180 0.972019 -0.224174
vn -0.002426 0.989922 -0.141596
vn -0.059038 0.990631 -0.123143
vn -0.012558 0.996818 -0.078710
vn -0.056660 0.995152 -0.080387
vn -0.020580 0.998702 -0.046595
vn 0.579258 -0.001862 -0.815142
vn 0.609215 0.003729 -0.792996
vn 0.601151 -0.243407 -0.761164
vn 0.580555 -0.246176 -0.776114
vn 0.542530 0.232753 -0.807148
vn 0.581004 0.239572 -0.777843
vn -0.792996 0.003735 0.609215
vn -0.815143 -0.001856 0.579257
vn -0.776116 -0.246170 0.580556
vn -0.761165 -0.243402 0.601152
vn -0.777842 0.239578 0.581003
vn -0.807147 0.232758 0.542529
vn 0.057417 -0.990483 0.125087
vn 0.010539 -0.997200 0.074037
vn 0.022337 -0.998586 0.048230
vn 0.056281 -0.995217 0.079844
vn 0.077447 -0.970939 0.226450
vn 0.004722 -0.990401 0.138145
vn 0.119651 -0.943790 0.308128
vn 0.029173 -0.982577 0.183551
vn 0.170245 -0.919932 0.353188
vn 0.064686 -0.976708 0.204590
vn 0.308514 -0.943554 0.120519
vn 0.182610 -0.982769 0.028627
vn 0.206613 -0.976288 0.064593
vn 0.353420 -0.920254 0.168011
vn 0.222637 -0.971810 0.077581
vn 0.137168 -0.990516 0.007968
vn 0.122696 -0.990678 0.059181
vn 0.077048 -0.996943 0.012997
vn 0.079424 -0.995223 0.056774
vn 0.045356 -0.998757 0.020680
vn -0.275759 0.950465 -0.143433
vn -0.191873 0.976906 -0.094013
vn -0.129974 0.987471 -0.089485
vn -0.226435 0.970114 -0.087211
vn -0.376732 0.907603 -0.185285
vn -0.302030 0.946248 -0.115731
vn -0.497597 0.847673 -0.183978
vn -0.461748 0.885073 -0.058600
vn -0.550412 0.819988 -0.157056
vn -0.508013 0.859592 -0.054985
vn -0.183979 0.847673 -0.497597
vn -0.058600 0.885073 -0.461748
vn -0.054986 0.859592 -0.508013
vn -0.157056 0.819988 -0.550412
vn -0.184999 0.907650 -0.376758
vn -0.114189 0.946839 -0.300760
vn -0.142067 0.950667 -0.275769
vn -0.091458 0.977065 -0.192302
vn -0.088831 0.970264 -0.225159
vn -0.087793 0.987679 -0.129546
vn 0.542676 -0.023842 -0.839604
vn 0.557866 -0.012604 -0.829836
vn 0.569172 -0.249380 -0.783488
vn 0.564524 -0.253858 -0.785410
vn 0.488987 0.213192 -0.845837
vn 0.513861 0.224211 -0.828056
vn -0.839604 -0.023840 0.542675
vn -0.829836 -0.012599 0.557865
vn -0.828055 0.224214 0.513861
vn -0.845837 0.213194 0.488987
vn -0.785411 -0.253855 0.564524
vn -0.783490 -0.249374 0.569172
vn 0.144307 -0.948839 0.280857
vn 0.094953 -0.976383 0.194064
vn 0.090001 -0.987315 0.130800
vn 0.089017 -0.969284 0.229269
vn 0.187763 -0.904606 0.382667
vn 0.121812 -0.944583 0.304836
vn 0.245083 -0.855708 0.455739
vn 0.166311 -0.909563 0.380836
vn 0.295313 -0.844405 0.446957
vn 0.197525 -0.894420 0.401244
vn 0.456736 -0.855419 0.244233
vn 0.380739 -0.909626 0.166190
vn 0.401377 -0.893934 0.199443
vn 0.450105 -0.844470 0.290304
vn 0.382692 -0.904721 0.187155
vn 0.303275 -0.945328 0.119912
vn 0.280860 -0.949041 0.142963
vn 0.194477 -0.976544 0.092415
vn 0.228290 -0.969393 0.090336
vn 0.130389 -0.987520 0.088339
vn -0.345758 0.922288 -0.172730
vn -0.448439 0.862979 -0.232745
vn -0.543155 0.822154 -0.170427
vn -0.170426 0.822154 -0.543155
vn -0.232720 0.863004 -0.448403
vn -0.172794 0.922272 -0.345771
vn -0.081206 0.955765 -0.282698
vn -0.285377 0.955369 -0.076355
vn 0.174651 -0.919650 0.351768
vn 0.232871 -0.860281 0.453528
vn 0.288121 -0.842023 0.456053
vn 0.457759 -0.842471 0.284078
vn 0.453117 -0.860220 0.233894
vn 0.351774 -0.919639 0.174696
vn 0.287168 -0.954248 0.083345
vn 0.079227 -0.953924 0.289401
vn -0.538266 0.822948 -0.181732
vn -0.181732 0.822948 -0.538266
vn 0.310838 -0.841883 0.441149
vn 0.442020 -0.842568 0.307731
vn 0.666216 0.008258 0.745713
vn 0.880518 -0.005440 0.473982
vn 0.182388 0.983212 0.005291
vn 0.186806 0.975369 0.117301
vn 0.981745 -0.006673 0.190086
vn 0.068211 0.989781 -0.125223
vn 0.981745 -0.006672 -0.190086
vn 0.880518 -0.005438 -0.473982
vn 0.182388 0.983212 -0.005291
vn 0.068211 0.989781 0.125224
vn 0.666216 0.008259 -0.745713
vn 0.186806 0.975369 -0.117301
vn -0.335413 -0.061708 -0.940048
vn -0.435272 -0.151084 -0.887532
vn -0.504420 0.095306 -0.858182
vn -0.373919 0.132998 -0.917876
vn -0.515551 -0.347054 -0.783428
vn -0.646249 0.056036 -0.761066
vn -0.515552 -0.347054 0.783428
vn -0.435272 -0.151083 0.887531
vn -0.504421 0.095307 0.858182
vn -0.646251 0.056037 0.761065
vn -0.335413 -0.061707 0.940048
vn -0.373919 0.132999 0.917876
vn -0.016081 0.970929 -0.238828
vn 0.025106 0.992468 -0.119907
vn 0.025106 0.992468 0.119907
vn -0.016081 0.970929 0.238829
vn 0.027698 0.997677 -0.062241
vn 0.027698 0.997677 0.062241
vn 0.002341 0.998122 0.061219
vn -0.001268 0.990297 0.138959
vn -0.015164 0.955689 0.293987
vn -0.015187 0.955715 -0.293901
vn -0.001386 0.990314 -0.138842
vn 0.002210 0.998118 -0.061284
vn 0.201930 0.004577 0.979389
vn 0.326117 0.002159 0.945327
vn 0.181135 0.878003 0.443059
vn 0.060284 0.958769 0.277719
vn 0.326118 0.002163 -0.945327
vn 0.201930 0.004579 -0.979389
vn 0.060284 0.958769 -0.277719
vn 0.181135 0.878003 -0.443058
vn 0.052464 0.000928 -0.998622
vn 0.002771 0.968752 -0.248015
vn 0.052465 0.000930 0.998622
vn 0.002713 0.968983 0.247113
vn -0.213262 -0.015412 -0.976874
vn -0.260278 0.160226 -0.952146
vn -0.213263 -0.015410 0.976873
vn -0.260278 0.160229 0.952146
vn 0.123082 -0.975510 -0.182296
vn 0.070412 -0.970422 -0.230919
vn 0.154364 -0.982100 -0.107940
vn 0.123081 -0.975510 0.182296
vn 0.154364 -0.982100 0.107940
vn 0.070412 -0.970422 0.230919
vn -0.259914 -0.357051 0.897195
vn -0.214968 -0.280922 0.935346
vn -0.292075 -0.509160 0.809598
vn -0.259914 -0.357052 -0.897195
vn -0.292074 -0.509161 -0.809598
vn -0.214968 -0.280923 -0.935346
vn -0.002768 -0.992563 -0.121704
vn -0.025539 -0.993347 -0.112291
vn -0.025539 -0.993347 0.112291
vn -0.002768 -0.992563 0.121704
vn -0.027363 -0.997793 -0.060500
vn -0.027363 -0.997793 0.060500
vn -0.002917 -0.998232 0.059362
vn 0.000865 -0.991564 0.129612
vn 0.012233 -0.989611 0.143252
vn 0.012363 -0.989600 -0.143312
vn 0.000978 -0.991576 -0.129524
vn -0.002798 -0.998229 -0.059421
vn 0.098994 -0.868583 -0.485555
vn 0.047251 -0.937824 -0.343879
vn 0.047251 -0.937825 0.343879
vn 0.098993 -0.868584 0.485554
vn 0.009454 -0.951753 0.306718
vn 0.009465 -0.952031 -0.305854
vn -0.148364 -0.221562 0.963794
vn -0.148364 -0.221564 -0.963793
vn 0.997319 -0.002460 -0.073133
vn 0.997319 -0.002460 0.073133
vn 0.169836 -0.982983 0.070000
vn 0.169836 -0.982983 -0.070000
vn -0.009194 0.986077 0.166034
vn -0.009194 0.986077 -0.166034
vn -0.038695 0.954103 0.296968
vn -0.038695 0.954103 -0.296967
vn -0.539591 -0.524782 0.658366
vn -0.539591 -0.524782 -0.658366
vn -0.318657 -0.715927 -0.621214
vn -0.318655 -0.715927 0.621215
vn -0.826154 0.079887 0.557753
vn -0.826153 0.079886 -0.557753
vn -0.032299 0.935592 0.351603
vn -0.032299 0.935592 -0.351603
vn 0.008148 -0.994566 0.103790
vn 0.008148 -0.994566 -0.103790
vn 0.029077 -0.991804 0.124420
vn 0.029320 -0.991784 -0.124521
vn -0.127932 0.990085 0.058014
vn -0.058699 0.996744 0.055281
vn -0.051001 0.998428 0.023263
vn -0.096840 0.995077 0.021081
vn -0.208841 0.968689 0.134268
vn -0.098799 0.987508 0.122749
vn -0.287639 0.914814 0.283513
vn -0.139666 0.951807 0.273049
vn -0.339774 0.863898 0.371798
vn -0.179110 0.922792 0.341138
vn -0.287767 0.914740 -0.283620
vn -0.139625 0.951735 -0.273322
vn -0.179110 0.922792 -0.341138
vn -0.339774 0.863898 -0.371798
vn -0.206188 0.969770 -0.130512
vn -0.100710 0.987847 -0.118390
vn -0.127948 0.990266 -0.054790
vn -0.062149 0.996509 -0.055747
vn -0.097037 0.995074 -0.020267
vn -0.047629 0.998618 -0.022196
vn -0.138893 -0.001505 -0.990306
vn -0.108013 0.003140 -0.994144
vn -0.094727 -0.203900 -0.974398
vn -0.115904 -0.206467 -0.971565
vn -0.156981 0.195556 -0.968047
vn -0.116552 0.200853 -0.972663
vn -0.108013 0.003145 0.994144
vn -0.138894 -0.001501 0.990306
vn -0.115905 -0.206463 0.971565
vn -0.094727 -0.203896 0.974399
vn -0.116552 0.200857 0.972662
vn -0.156981 0.195560 0.968046
vn 0.127725 -0.990143 0.057473
vn 0.057919 -0.996888 0.053470
vn 0.050156 -0.998497 0.022089
vn 0.096248 -0.995154 0.020117
vn 0.213044 -0.968869 0.126116
vn 0.099594 -0.988496 0.113830
vn 0.300977 -0.940043 0.160414
vn 0.149489 -0.980021 0.131191
vn 0.370763 -0.915457 0.156439
vn 0.193170 -0.973924 0.118984
vn 0.301891 -0.939822 -0.159990
vn 0.148443 -0.980217 -0.130916
vn 0.195015 -0.973333 -0.120797
vn 0.369009 -0.915771 -0.158732
vn 0.210487 -0.969847 -0.122850
vn 0.101329 -0.988741 -0.110111
vn 0.127708 -0.990326 -0.054267
vn 0.061280 -0.996662 -0.053937
vn 0.096517 -0.995143 -0.019356
vn 0.046877 -0.998679 -0.021048
vn -0.293195 0.949588 0.110993
vn -0.199998 0.976257 0.083209
vn -0.156544 0.987018 0.035909
vn -0.222306 0.967516 0.120387
vn -0.393280 0.904936 0.162548
vn -0.294446 0.942362 0.158917
vn -0.476708 0.838813 0.262951
vn -0.362100 0.867813 0.340270
vn -0.492349 0.805603 0.329539
vn -0.390896 0.839487 0.377442
vn -0.476708 0.838812 -0.262951
vn -0.362100 0.867813 -0.340270
vn -0.390896 0.839487 -0.377442
vn -0.492349 0.805603 -0.329539
vn -0.393103 0.904972 -0.162774
vn -0.292630 0.942865 -0.159290
vn -0.292088 0.949784 -0.112230
vn -0.198460 0.976374 -0.085478
vn -0.223084 0.967562 -0.118562
vn -0.154990 0.987231 -0.036785
vn -0.175186 -0.019916 -0.984334
vn -0.160259 -0.010547 -0.987019
vn -0.127205 -0.209332 -0.969535
vn -0.131180 -0.213226 -0.968156
vn -0.212530 0.179702 -0.960489
vn -0.186842 0.188699 -0.964097
vn -0.175186 -0.019913 0.984334
vn -0.160260 -0.010542 0.987019
vn -0.186843 0.188703 0.964096
vn -0.212529 0.179705 0.960488
vn -0.131181 -0.213223 0.968157
vn -0.127206 -0.209328 0.969536
vn 0.297252 -0.947900 0.114571
vn 0.202153 -0.975727 0.084207
vn 0.157578 -0.986842 0.036234
vn 0.225738 -0.966586 0.121464
vn 0.399268 -0.901791 0.165403
vn 0.300745 -0.940849 0.156060
vn 0.492645 -0.851312 0.180470
vn 0.386036 -0.904355 0.181983
vn 0.524273 -0.841812 0.128415
vn 0.423474 -0.889167 0.173357
vn 0.492827 -0.850912 -0.181855
vn 0.385832 -0.904437 -0.182012
vn 0.425319 -0.888524 -0.172129
vn 0.522810 -0.841648 -0.135272
vn 0.398773 -0.901909 -0.165953
vn 0.298528 -0.941488 -0.156468
vn 0.296163 -0.948094 -0.115778
vn 0.200612 -0.975849 -0.086452
vn 0.226500 -0.966576 -0.120117
vn 0.156057 -0.987051 -0.037107
vn -0.365485 0.919105 0.147198
vn -0.480963 0.857265 0.183772
vn -0.496794 0.807905 0.316993
vn -0.496795 0.807905 -0.316993
vn -0.480927 0.857286 -0.183763
vn -0.365519 0.919096 -0.147166
vn -0.256133 0.951354 -0.171237
vn -0.254514 0.950625 0.177579
vn 0.371023 -0.916322 0.150653
vn 0.484538 -0.854336 0.187972
vn 0.525486 -0.838981 0.141336
vn 0.523684 -0.839247 -0.146355
vn 0.485005 -0.854340 -0.186744
vn 0.371037 -0.916320 -0.150630
vn 0.260758 -0.949740 -0.173202
vn 0.259351 -0.949135 0.178547
vn -0.502294 0.812355 0.296278
vn -0.502294 0.812355 -0.296278
vn 0.530640 -0.840541 0.109142
vn 0.529030 -0.841120 -0.112449
vn 0.999480 0.007855 -0.031267
vn 0.935749 -0.005163 -0.352628
vn 0.132045 0.983141 -0.126487
vn 0.209089 0.975780 -0.064309
vn 0.810383 -0.005588 -0.585873
vn -0.025790 0.992307 -0.121083
vn 0.585873 -0.005586 -0.810383
vn 0.352628 -0.005159 -0.935749
vn 0.126487 0.983141 -0.132044
vn 0.121083 0.992307 0.025790
vn 0.031267 0.007859 -0.999480
vn 0.064310 0.975780 -0.209089
vn -0.926148 -0.073003 -0.370027
vn -0.953436 -0.174383 -0.246070
vn -0.980548 0.107818 -0.164016
vn -0.936082 0.154452 -0.316063
vn -0.916965 -0.384557 -0.106260
vn -0.997951 0.062181 0.015112
vn 0.106259 -0.384557 0.916965
vn 0.246068 -0.174381 0.953437
vn 0.164015 0.107821 0.980548
vn -0.015114 0.062183 0.997950
vn 0.370026 -0.073001 0.926149
vn 0.316062 0.154454 0.936082
vn -0.152604 0.979697 -0.130020
vn -0.052728 0.994742 -0.087799
vn 0.087799 0.994742 0.052728
vn 0.130020 0.979697 0.152604
vn -0.016510 0.998295 -0.055995
vn 0.055995 0.998295 0.016510
vn 0.037187 0.998724 0.034167
vn 0.079978 0.993372 0.082561
vn 0.163045 0.969110 0.185045
vn -0.185010 0.969128 -0.162979
vn -0.082578 0.993382 -0.079831
vn -0.034308 0.998721 -0.037136
vn 0.856395 0.005322 0.516294
vn 0.923759 0.002252 0.382967
vn 0.402032 0.905526 0.135620
vn 0.213310 0.969057 0.124205
vn -0.382967 0.002257 -0.923759
vn -0.516294 0.005325 -0.856395
vn -0.124205 0.969057 -0.213309
vn -0.135620 0.905527 -0.402031
vn -0.661050 0.001103 -0.750341
vn -0.147001 0.977487 -0.151358
vn 0.750341 0.001107 0.661050
vn 0.150772 0.977653 0.146499
vn -0.863740 -0.018596 -0.503595
vn -0.877038 0.189363 -0.441527
vn 0.503594 -0.018593 0.863741
vn 0.441526 0.189366 0.877038
vn -0.019464 -0.981049 -0.192780
vn -0.084626 -0.977436 -0.193541
vn 0.044089 -0.984327 -0.170754
vn 0.192780 -0.981049 0.019464
vn 0.170754 -0.984327 -0.044089
vn 0.193541 -0.977436 0.084626
vn 0.394880 -0.413657 0.820340
vn 0.464158 -0.330321 0.821855
vn 0.299650 -0.572343 0.763304
vn -0.820339 -0.413658 -0.394881
vn -0.763304 -0.572343 -0.299651
vn -0.821854 -0.330322 -0.464158
vn -0.073620 -0.994862 -0.069499
vn -0.083634 -0.995342 -0.047944
vn 0.047944 -0.995343 0.083634
vn 0.069499 -0.994862 0.073620
vn -0.054738 -0.998377 -0.015747
vn 0.015747 -0.998377 0.054738
vn 0.032667 -0.998799 0.036525
vn 0.076796 -0.994238 0.074784
vn 0.093014 -0.992794 0.075557
vn -0.075498 -0.992786 -0.093142
vn -0.074657 -0.994246 -0.076827
vn -0.036479 -0.998796 -0.032795
vn -0.222767 -0.901958 -0.369927
vn -0.174113 -0.954068 -0.243803
vn 0.243803 -0.954068 0.174113
vn 0.369926 -0.901959 0.222766
vn 0.191658 -0.965203 0.177903
vn -0.177368 -0.965405 -0.191136
vn 0.545967 -0.263299 0.795357
vn -0.795357 -0.263300 -0.545967
vn 0.662924 -0.002030 -0.748684
vn 0.748684 -0.002029 -0.662924
vn 0.160367 -0.983947 -0.078296
vn 0.078296 -0.983947 -0.160367
vn 0.090271 0.990309 0.105548
vn -0.105548 0.990308 -0.090271
vn 0.147730 0.967729 0.204147
vn -0.204147 0.967729 -0.147730
vn 0.001613 -0.557469 0.830196
vn -0.830197 -0.557468 -0.001612
vn -0.628148 -0.764021 -0.147316
vn 0.147318 -0.764022 0.628147
vn -0.271349 0.084187 0.958792
vn -0.958792 0.084185 0.271348
vn 0.187834 0.954302 0.232434
vn -0.232434 0.954302 -0.187834
vn 0.066702 -0.996266 0.054827
vn -0.054827 -0.996266 -0.066702
vn 0.092595 -0.994260 0.053604
vn -0.053492 -0.994245 -0.092822
vn -0.057234 0.990439 0.125516
vn -0.010016 0.997085 0.075635
vn -0.022283 0.998523 0.049548
vn -0.056189 0.995139 0.080879
vn -0.069829 0.971072 0.228349
vn 0.001314 0.989747 0.142823
vn -0.037201 0.926023 0.375629
vn 0.061746 0.963144 0.261805
vn -0.022359 0.884295 0.466393
vn 0.076811 0.940578 0.330775
vn -0.375802 0.925952 0.037231
vn -0.261930 0.963098 -0.061932
vn -0.330775 0.940579 -0.076811
vn -0.466393 0.884295 0.022359
vn -0.224174 0.972019 0.070181
vn -0.141597 0.989922 0.002426
vn -0.123143 0.990631 0.059038
vn -0.078710 0.996818 0.012558
vn -0.080387 0.995152 0.056660
vn -0.046595 0.998702 0.020580
vn -0.815142 -0.001861 -0.579258
vn -0.792996 0.003729 -0.609215
vn -0.761164 -0.243407 -0.601151
vn -0.776114 -0.246176 -0.580555
vn -0.807147 0.232754 -0.542530
vn -0.777843 0.239573 -0.581004
vn 0.609215 0.003734 0.792996
vn 0.579258 -0.001856 0.815142
vn 0.580556 -0.246169 0.776116
vn 0.601152 -0.243401 0.761165
vn 0.581003 0.239576 0.777842
vn 0.542529 0.232757 0.807147
vn 0.125087 -0.990483 -0.057417
vn 0.074037 -0.997200 -0.010539
vn 0.048230 -0.998586 -0.022337
vn 0.079844 -0.995217 -0.056281
vn 0.226451 -0.970939 -0.077447
vn 0.138145 -0.990401 -0.004722
vn 0.308129 -0.943790 -0.119651
vn 0.183551 -0.982577 -0.029172
vn 0.353188 -0.919932 -0.170245
vn 0.204590 -0.976708 -0.064686
vn 0.120519 -0.943554 -0.308514
vn 0.028627 -0.982769 -0.182610
vn 0.064593 -0.976288 -0.206613
vn 0.168011 -0.920254 -0.353420
vn 0.077581 -0.971810 -0.222637
vn 0.007968 -0.990516 -0.137168
vn 0.059181 -0.990678 -0.122696
vn 0.012997 -0.996943 -0.077048
vn 0.056774 -0.995223 -0.079424
vn 0.020680 -0.998757 -0.045356
vn -0.143433 0.950465 0.275759
vn -0.094014 0.976906 0.191873
vn -0.089485 0.987471 0.129974
vn -0.087213 0.970114 0.226435
vn -0.185285 0.907603 0.376731
vn -0.115731 0.946247 0.302030
vn -0.183978 0.847673 0.497597
vn -0.058600 0.885073 0.461748
vn -0.157056 0.819988 0.550412
vn -0.054986 0.859592 0.508013
vn -0.497597 0.847673 0.183979
vn -0.461748 0.885073 0.058600
vn -0.508013 0.859592 0.054986
vn -0.550412 0.819988 0.157057
vn -0.376758 0.907650 0.184999
vn -0.300760 0.946839 0.114189
vn -0.275769 0.950667 0.142067
vn -0.192302 0.977065 0.091458
vn -0.225159 0.970264 0.088832
vn -0.129547 0.987679 0.087794
vn -0.839604 -0.023843 -0.542676
vn -0.829836 -0.012604 -0.557866
vn -0.783488 -0.249379 -0.569172
vn -0.785409 -0.253859 -0.564525
vn -0.845838 0.213191 -0.488987
vn -0.828056 0.224211 -0.513861
vn 0.542675 -0.023840 0.839604
vn 0.557865 -0.012598 0.829836
vn 0.513860 0.224215 0.828055
vn 0.488986 0.213196 0.845837
vn 0.564523 -0.253856 0.785411
vn 0.569172 -0.249374 0.783490
vn 0.280857 -0.948839 -0.144307
vn 0.194064 -0.976383 -0.094953
vn 0.130800 -0.987315 -0.090001
vn 0.229269 -0.969284 -0.089017
vn 0.382667 -0.904606 -0.187763
vn 0.304836 -0.944583 -0.121812
vn 0.455739 -0.855708 -0.245084
vn 0.380836 -0.909563 -0.166310
vn 0.446957 -0.844405 -0.295313
vn 0.401244 -0.894420 -0.197525
vn 0.244233 -0.855419 -0.456736
vn 0.166190 -0.909626 -0.380739
vn 0.199444 -0.893934 -0.401377
vn 0.290304 -0.844470 -0.450105
vn 0.187155 -0.904721 -0.382692
vn 0.119912 -0.945328 -0.303275
vn 0.142963 -0.949041 -0.280860
vn 0.092414 -0.976544 -0.194477
vn 0.090337 -0.969393 -0.228290
vn 0.088339 -0.987520 -0.130389
vn -0.172730 0.922288 0.345758
vn -0.232745 0.862979 0.448439
vn -0.170426 0.822154 0.543155
vn -0.543155 0.822154 0.170427
vn -0.448403 0.863004 0.232720
vn -0.345771 0.922272 0.172793
vn -0.282698 0.955765 0.081207
vn -0.076358 0.955369 0.285377
vn 0.351768 -0.919650 -0.174651
vn 0.453528 -0.860281 -0.232871
vn 0.456053 -0.842023 -0.288121
vn 0.284078 -0.842470 -0.457759
vn 0.233894 -0.860220 -0.453116
vn 0.174695 -0.919639 -0.351774
vn 0.083349 -0.954247 -0.287168
vn 0.289401 -0.953923 -0.079229
vn -0.181732 0.822948 0.538266
vn -0.538266 0.822948 0.181732
vn 0.441149 -0.841883 -0.310838
vn 0.307731 -0.842568 -0.442020
vn 0.684629 0.007856 -0.728849
vn 0.412329 -0.005161 -0.911020
vn 0.003930 0.983141 -0.182809
vn 0.102374 0.975780 -0.193322
vn 0.158752 -0.005587 -0.987303
vn -0.103854 0.992307 -0.067382
vn -0.158752 -0.005587 -0.987303
vn -0.412329 -0.005160 -0.911020
vn -0.003930 0.983141 -0.182809
vn 0.103854 0.992307 -0.067382
vn -0.684629 0.007858 -0.728849
vn -0.102374 0.975780 -0.193322
vn -0.916534 -0.073003 0.393237
vn -0.848179 -0.174383 0.500184
vn -0.809329 0.107820 0.577375
vn -0.885400 0.154452 0.438420
vn -0.723529 -0.384558 0.573255
vn -0.694971 0.062182 0.716344
vn 0.723529 -0.384558 0.573255
vn 0.848178 -0.174381 0.500185
vn 0.809328 0.107822 0.577376
vn 0.694970 0.062183 0.716344
vn 0.916534 -0.073001 0.393238
vn 0.885399 0.154455 0.438420
vn -0.199845 0.979697 0.015970
vn -0.099367 0.994742 -0.024799
vn 0.099367 0.994742 -0.024799
vn 0.199845 0.979697 0.015970
vn -0.051269 0.998295 -0.027920
vn 0.051269 0.998295 -0.027920
vn 0.050455 0.998724 -0.002136
vn 0.114932 0.993372 0.001826
vn 0.246137 0.969110 0.015556
vn -0.246065 0.969128 0.015579
vn -0.114841 0.993382 0.001942
vn -0.050518 0.998721 -0.002000
vn 0.970638 0.005322 -0.240487
vn 0.923995 0.002252 -0.382397
vn 0.380177 0.905526 -0.188381
vn 0.238659 0.969057 -0.063007
vn -0.923995 0.002257 -0.382398
vn -0.970638 0.005325 -0.240487
vn -0.238659 0.969057 -0.063007
vn -0.380176 0.905527 -0.188381
vn -0.998004 0.001104 -0.063138
vn -0.210972 0.977487 -0.003080
vn 0.998004 0.001105 -0.063138
vn 0.210203 0.977653 -0.003021
vn -0.966851 -0.018596 0.254662
vn -0.932366 0.189364 0.307953
vn 0.966851 -0.018592 0.254663
vn 0.932365 0.189367 0.307954
vn -0.150079 -0.981049 -0.122553
vn -0.196693 -0.977436 -0.077015
vn -0.089566 -0.984327 -0.151917
vn 0.150079 -0.981049 -0.122553
vn 0.089566 -0.984327 -0.151917
vn 0.196693 -0.977436 -0.077015
vn 0.859290 -0.413658 0.300845
vn 0.909348 -0.330322 0.252929
vn 0.751622 -0.572344 0.327852
vn -0.859290 -0.413659 0.300844
vn -0.751622 -0.572344 0.327852
vn -0.909348 -0.330324 0.252929
vn -0.101200 -0.994862 0.002914
vn -0.093040 -0.995343 0.025236
vn 0.093040 -0.995343 0.025236
vn 0.101200 -0.994862 0.002914
vn -0.049841 -0.998377 0.027571
vn 0.049841 -0.998377 0.027571
vn 0.048927 -0.998799 0.002728
vn 0.107183 -0.994238 -0.001423
vn 0.119198 -0.992794 -0.012344
vn -0.119247 -0.992786 -0.012476
vn -0.107115 -0.994246 -0.001535
vn -0.048984 -0.998796 0.002605
vn -0.419098 -0.901958 -0.104058
vn -0.295511 -0.954068 -0.049278
vn 0.295511 -0.954068 -0.049278
vn 0.419097 -0.901959 -0.104058
vn 0.261319 -0.965204 -0.009726
vn -0.260572 -0.965405 -0.009735
vn 0.948460 -0.263299 0.176346
vn -0.948459 -0.263302 0.176345
vn -0.060641 -0.002030 -0.998158
vn 0.060640 -0.002030 -0.998158
vn 0.058033 -0.983947 -0.168761
vn -0.058033 -0.983947 -0.168761
vn 0.138464 0.990309 0.010803
vn -0.138464 0.990309 0.010803
vn 0.248814 0.967729 0.039893
vn -0.248814 0.967729 0.039893
vn 0.588178 -0.557468 0.585898
vn -0.588178 -0.557468 0.585898
vn -0.548336 -0.764021 0.339999
vn 0.548337 -0.764022 0.339997
vn 0.486096 0.084185 0.869841
vn -0.486096 0.084184 0.869841
vn 0.297174 0.954302 0.031537
vn -0.297174 0.954302 0.031537
vn 0.085934 -0.996266 -0.008397
vn -0.085934 -0.996265 -0.008397
vn 0.103378 -0.994260 -0.027571
vn -0.103460 -0.994245 -0.027810
vn 0.048283 0.990439 0.129224
vn 0.046400 0.997085 0.060565
vn 0.019279 0.998523 0.050792
vn 0.017459 0.995139 0.096922
vn 0.112091 0.971072 0.210843
vn 0.101921 0.989747 0.100062
vn 0.239305 0.926023 0.291915
vn 0.228785 0.963144 0.141463
vn 0.313979 0.884295 0.345600
vn 0.288207 0.940578 0.179580
vn -0.239406 0.925952 0.292058
vn -0.229005 0.963098 0.141420
vn -0.288207 0.940578 0.179580
vn -0.313979 0.884295 0.345600
vn -0.108890 0.972019 0.208140
vn -0.098408 0.989922 0.101839
vn -0.045329 0.990631 0.128822
vn -0.046777 0.996818 0.064537
vn -0.016777 0.995152 0.096907
vn -0.018395 0.998702 0.047500
vn -0.985990 -0.001861 0.166795
vn -0.991513 0.003728 0.129953
vn -0.963302 -0.243407 0.113146
vn -0.959310 -0.246175 0.138281
vn -0.954366 0.232753 0.187113
vn -0.960850 0.239572 0.139187
vn 0.991513 0.003735 0.129953
vn 0.985990 -0.001855 0.166796
vn 0.959312 -0.246169 0.138282
vn 0.963304 -0.243401 0.113146
vn 0.960849 0.239577 0.139187
vn 0.954365 0.232758 0.187113
vn 0.047849 -0.990483 -0.129050
vn 0.044900 -0.997200 -0.059804
vn 0.018309 -0.998587 -0.049898
vn 0.016662 -0.995217 -0.096255
vn 0.105362 -0.970939 -0.214888
vn 0.094344 -0.990401 -0.101022
vn 0.133274 -0.943790 -0.302486
vn 0.109162 -0.982577 -0.150418
vn 0.129360 -0.919932 -0.370123
vn 0.098927 -0.976708 -0.190407
vn -0.132933 -0.943554 -0.303372
vn -0.108883 -0.982769 -0.149367
vn -0.100423 -0.976288 -0.191771
vn -0.131104 -0.920254 -0.368707
vn -0.102570 -0.971810 -0.212286
vn -0.091358 -0.990516 -0.102627
vn -0.044912 -0.990678 -0.128607
vn -0.045291 -0.996943 -0.063671
vn -0.016016 -0.995223 -0.096306
vn -0.017449 -0.998757 -0.046694
vn 0.093569 0.950465 0.296414
vn 0.069197 0.976906 0.202152
vn 0.028630 0.987471 0.155181
vn 0.098446 0.970114 0.221782
vn 0.135373 0.907603 0.397406
vn 0.131734 0.946248 0.295402
vn 0.221761 0.847673 0.481946
vn 0.285069 0.885073 0.367942
vn 0.278145 0.819988 0.500256
vn 0.320339 0.859592 0.398100
vn -0.221762 0.847673 0.481947
vn -0.285069 0.885073 0.367942
vn -0.320339 0.859592 0.398100
vn -0.278145 0.819988 0.500256
vn -0.135594 0.907650 0.397222
vn -0.131926 0.946839 0.293413
vn -0.094541 0.950667 0.295455
vn -0.071307 0.977065 0.200648
vn -0.096397 0.970264 0.222026
vn -0.029524 0.987679 0.153683
vn -0.977419 -0.023842 0.209960
vn -0.981253 -0.012603 0.192312
vn -0.956475 -0.249377 0.151545
vn -0.954547 -0.253859 0.156190
vn -0.943863 0.213193 0.252332
vn -0.948879 0.224210 0.222169
vn 0.977419 -0.023840 0.209961
vn 0.981253 -0.012598 0.192312
vn 0.948878 0.224214 0.222169
vn 0.943863 0.213195 0.252332
vn 0.954548 -0.253855 0.156192
vn 0.956476 -0.249373 0.151546
vn 0.096556 -0.948839 -0.300636
vn 0.070082 -0.976383 -0.204366
vn 0.028849 -0.987315 -0.156130
vn 0.099172 -0.969284 -0.225062
vn 0.137818 -0.904606 -0.403355
vn 0.129418 -0.944583 -0.301686
vn 0.148956 -0.855708 -0.495557
vn 0.151692 -0.909563 -0.386891
vn 0.107229 -0.844405 -0.524864
vn 0.144051 -0.894420 -0.423393
vn -0.150263 -0.855419 -0.495660
vn -0.151709 -0.909625 -0.386738
vn -0.142789 -0.893934 -0.424845
vn -0.112996 -0.844470 -0.523548
vn -0.138266 -0.904721 -0.402943
vn -0.129657 -0.945328 -0.299238
vn -0.097508 -0.949041 -0.299688
vn -0.072169 -0.976544 -0.202863
vn -0.097547 -0.969393 -0.225303
vn -0.029734 -0.987520 -0.154664
vn 0.122350 0.922288 0.366627
vn 0.152518 0.862979 0.481670
vn 0.263559 0.822155 0.504578
vn -0.263559 0.822154 0.504578
vn -0.152511 0.863004 0.481627
vn -0.122314 0.922272 0.366680
vn -0.142474 0.955765 0.257320
vn 0.147802 0.955369 0.255784
vn 0.125241 -0.919650 -0.372235
vn 0.156028 -0.860281 -0.485358
vn 0.118746 -0.842023 -0.526210
vn -0.122811 -0.842470 -0.524558
vn -0.155014 -0.860220 -0.485790
vn -0.125213 -0.919639 -0.372270
vn -0.144122 -0.954247 -0.261995
vn 0.148614 -0.953924 -0.260660
vn 0.252107 0.822948 0.509115
vn -0.252107 0.822948 0.509115
vn 0.092144 -0.841883 -0.531735
vn -0.094956 -0.842568 -0.530154
vn -0.666216 0.008258 -0.745713
vn -0.880518 -0.005440 -0.473982
vn -0.182388 0.983212 -0.005291
vn -0.186806 0.975369 -0.117301
vn -0.981745 -0.006673 -0.190086
vn -0.068211 0.989781 0.125223
vn -0.981745 -0.006672 0.190086
vn -0.880518 -0.005438 0.473982
vn -0.182388 0.983212 0.005291
vn -0.068211 0.989781 -0.125224
vn -0.666216 0.008259 0.745713
vn -0.186806 0.975369 0.117301
vn 0.335413 -0.061708 0.940048
vn 0.435272 -0.151084 0.887532
vn 0.504420 0.095306 0.858182
vn 0.373919 0.132998 0.917876
vn 0.515551 -0.347054 0.783428
vn 0.646249 0.056036 0.761066
vn 0.515552 -0.347054 -0.783428
vn 0.435272 -0.151083 -0.887531
vn 0.504421 0.095307 -0.858182
vn 0.646251 0.056037 -0.761065
vn 0.335413 -0.061707 -0.940048
vn 0.373919 0.132999 -0.917876
vn 0.016081 0.970929 0.238828
vn -0.025106 0.992468 0.119907
vn -0.025106 0.992468 -0.119907
vn 0.016081 0.970929 -0.238829
vn -0.027698 0.997677 0.062241
vn -0.027698 0.997677 -0.062241
vn -0.002341 0.998122 -0.061219
vn 0.001268 0.990297 -0.138959
vn 0.015164 0.955689 -0.293987
vn 0.015187 0.955715 0.293901
vn 0.001386 0.990314 0.138842
vn -0.002210 0.998118 0.061284
vn -0.201930 0.004577 -0.979389
vn -0.326117 0.002159 -0.945327
vn -0.181135 0.878003 -0.443059
vn -0.060284 0.958769 -0.277719
vn -0.326118 0.002163 0.945327
vn -0.201930 0.004579 0.979389
vn -0.060284 0.958769 0.277719
vn -0.181135 0.878003 0.443058
vn -0.052464 0.000928 0.998622
vn -0.002771 0.968752 0.248015
vn -0.052465 0.000930 -0.998622
vn -0.002713 0.968983 -0.247113
vn 0.213262 -0.015412 0.976874
vn 0.260278 0.160226 0.952146
vn 0.213263 -0.015410 -0.976873
vn 0.260278 0.160229 -0.952146
vn -0.123082 -0.975510 0.182296
vn -0.070412 -0.970422 0.230919
vn -0.154364 -0.982100 0.107940
vn -0.123081 -0.975510 -0.182296
vn -0.154364 -0.982100 -0.107940
vn -0.070412 -0.970422 -0.230919
vn 0.259914 -0.357051 -0.897195
vn 0.214968 -0.280922 -0.935346
vn 0.292075 -0.509160 -0.809598
vn 0.259914 -0.357052 0.897195
vn 0.292074 -0.509161 0.809598
vn 0.214968 -0.280923 0.935346
vn 0.002768 -0.992563 0.121704
vn 0.025539 -0.993347 0.112291
vn 0.025539 -0.993347 -0.112291
vn 0.002768 -0.992563 -0.121704
vn 0.027363 -0.997793 0.060500
vn 0.027363 -0.997793 -0.060500
vn 0.002917 -0.998232 -0.059362
vn -0.000865 -0.991564 -0.129612
vn -0.012233 -0.989611 -0.143252
vn -0.012363 -0.989600 0.143312
vn -0.000978 -0.991576 0.129524
vn 0.002798 -0.998229 0.059421
vn -0.098994 -0.868583 0.485555
vn -0.047251 -0.937824 0.343879
vn -0.047251 -0.937825 -0.343879
vn -0.098993 -0.868584 -0.485554
vn -0.009454 -0.951753 -0.306718
vn -0.009465 -0.952031 0.305854
vn 0.148364 -0.221562 -0.963794
vn 0.148364 -0.221564 0.963793
vn -0.997319 -0.002460 0.073133
vn -0.997319 -0.002460 -0.073133
vn -0.169836 -0.982983 -0.070000
vn -0.169836 -0.982983 0.070000
vn 0.009194 0.986077 -0.166034
vn 0.009194 0.986077 0.166034
vn 0.038695 0.954103 -0.296968
vn 0.038695 0.954103 0.296967
vn 0.539591 -0.524782 -0.658366
vn 0.539591 -0.524782 0.658366
vn 0.318657 -0.715927 0.621214
vn 0.318655 -0.715927 -0.621215
vn 0.826154 0.079887 -0.557753
vn 0.826153 0.079886 0.557753
vn 0.032299 0.935592 -0.351603
vn 0.032299 0.935592 0.351603
vn -0.008148 -0.994566 -0.103790
vn -0.008148 -0.994566 0.103790
vn -0.029077 -0.991804 -0.124420
vn -0.029320 -0.991784 0.124521
vn 0.127932 0.990085 -0.058014
vn 0.058699 0.996744 -0.055281
vn 0.051001 0.998428 -0.023263
vn 0.096840 0.995077 -0.021081
vn 0.208841 0.968689 -0.134268
vn 0.098799 0.987508 -0.122749
vn 0.287639 0.914814 -0.283513
vn 0.139666 0.951807 -0.273049
vn 0.339774 0.863898 -0.371798
vn 0.179110 0.922792 -0.341138
vn 0.287767 0.914740 0.283620
vn 0.139625 0.951735 0.273322
vn 0.179110 0.922792 0.341138
vn 0.339774 0.863898 0.371798
vn 0.206188 0.969770 0.130512
vn 0.100710 0.987847 0.118390
vn 0.127948 0.990266 0.054790
vn 0.062149 0.996509 0.055747
vn 0.097037 0.995074 0.020267
vn 0.047629 0.998618 0.022196
vn 0.138893 -0.001505 0.990306
vn 0.108013 0.003140 0.994144
vn 0.094727 -0.203900 0.974398
vn 0.115904 -0.206467 0.971565
vn 0.156981 0.195556 0.968047
vn 0.116552 0.200853 0.972663
vn 0.108013 0.003145 -0.994144
vn 0.138894 -0.001501 -0.990306
vn 0.115905 -0.206463 -0.971565
vn 0.094727 -0.203896 -0.974399
vn 0.116552 0.200857 -0.972662
vn 0.156981 0.195560 -0.968046
vn -0.127725 -0.990143 -0.057473
vn -0.057919 -0.996888 -0.053470
vn -0.050156 -0.998497 -0.022089
vn -0.096248 -0.995154 -0.020117
vn -0.213044 -0.968869 -0.126116
vn -0.099594 -0.988496 -0.113830
vn -0.300977 -0.940043 -0.160414
vn -0.149489 -0.980021 -0.131191
vn -0.370763 -0.915457 -0.156439
vn -0.193170 -0.973924 -0.118984
vn -0.301891 -0.939822 0.159990
vn -0.148443 -0.980217 0.130916
vn -0.195015 -0.973333 0.120797
vn -0.369009 -0.915771 0.158732
vn -0.210487 -0.969847 0.122850
vn -0.101329 -0.988741 0.110111
vn -0.127708 -0.990326 0.054267
vn -0.061280 -0.996662 0.053937
vn -0.096517 -0.995143 0.019356
vn -0.046877 -0.998679 0.021048
vn 0.293195 0.949588 -0.110993
vn 0.199998 0.976257 -0.083209
vn 0.156544 0.987018 -0.035909
vn 0.222306 0.967516 -0.120387
vn 0.393280 0.904936 -0.162548
vn 0.294446 0.942362 -0.158917
vn 0.476708 0.838813 -0.262951
vn 0.362100 0.867813 -0.340270
vn 0.492349 0.805603 -0.329539
vn 0.390896 0.839487 -0.377442
vn 0.476708 0.838812 0.262951
vn 0.362100 0.867813 0.340270
vn 0.390896 0.839487 0.377442
vn 0.492349 0.805603 0.329539
vn 0.393103 0.904972 0.162774
vn 0.292630 0.942865 0.159290
vn 0.292088 0.949784 0.112230
vn 0.198460 0.976374 0.085478
vn 0.223084 0.967562 0.118562
vn 0.154990 0.987231 0.036785
vn 0.175186 -0.019916 0.984334
vn 0.160259 -0.010547 0.987019
vn 0.127205 -0.209332 0.969535
vn 0.131180 -0.213226 0.968156
vn 0.212530 0.179702 0.960489
vn 0.186842 0.188699 0.964097
vn 0.175186 -0.019913 -0.984334
vn 0.160260 -0.010542 -0.987019
vn 0.186843 0.188703 -0.964096
vn 0.212529 0.179705 -0.960488
vn 0.131181 -0.213223 -0.968157
vn 0.127206 -0.209328 -0.969536
vn -0.297252 -0.947900 -0.114571
vn -0.202153 -0.975727 -0.084207
vn -0.157578 -0.986842 -0.036234
vn -0.225738 -0.966586 -0.121464
vn -0.399268 -0.901791 -0.165403
vn -0.300745 -0.940849 -0.156060
vn -0.492645 -0.851312 -0.180470
vn -0.386036 -0.904355 -0.181983
vn -0.524273 -0.841812 -0.128415
vn -0.423474 -0.889167 -0.173357
vn -0.492827 -0.850912 0.181855
vn -0.385832 -0.904437 0.182012
vn -0.425319 -0.888524 0.172129
vn -0.522810 -0.841648 0.135272
vn -0.398773 -0.901909 0.165953
vn -0.298528 -0.941488 0.156468
vn -0.296163 -0.948094 0.115778
vn -0.200612 -0.975849 0.086452
vn -0.226500 -0.966576 0.120117
vn -0.156057 -0.987051 0.037107
vn 0.365485 0.919105 -0.147198
vn 0.480963 0.857265 -0.183772
vn 0.496794 0.807905 -0.316993
vn 0.496795 0.807905 0.316993
vn 0.480927 0.857286 0.183763
vn 0.365519 0.919096 0.147166
vn 0.256133 0.951354 0.171237
vn 0.254514 0.950625 -0.177579
vn -0.371023 -0.916322 -0.150653
vn -0.484538 -0.854336 -0.187972
vn -0.525486 -0.838981 -0.141336
vn -0.523684 -0.839247 0.146355
vn -0.485005 -0.854340 0.186744
vn -0.371037 -0.916320 0.150630
vn -0.260758 -0.949740 0.173202
vn -0.259351 -0.949135 -0.178547
vn 0.502294 0.812355 -0.296278
vn 0.502294 0.812355 0.296278
vn -0.530640 -0.840541 -0.109142
vn -0.529030 -0.841120 0.112449
vn -0.031267 0.007854 -0.999480
vn -0.352628 -0.005162 -0.935749
vn -0.126487 0.983141 -0.132045
vn -0.064309 0.975780 -0.209089
vn -0.585874 -0.005587 -0.810383
vn -0.121083 0.992307 0.025790
vn -0.810383 -0.005586 -0.585873
vn -0.935749 -0.005158 -0.352628
vn -0.132044 0.983141 -0.126487
vn 0.025790 0.992307 -0.121083
vn -0.999480 0.007859 -0.031268
vn -0.209089 0.975780 -0.064310
vn -0.370027 -0.073003 0.926148
vn -0.246070 -0.174383 0.953436
vn -0.164016 0.107818 0.980548
vn -0.316063 0.154451 0.936082
vn -0.106260 -0.384558 0.916965
vn 0.015113 0.062181 0.997951
vn 0.916965 -0.384557 -0.106259
vn 0.953437 -0.174381 -0.246069
vn 0.980548 0.107821 -0.164015
vn 0.997950 0.062183 0.015114
vn 0.926149 -0.073001 -0.370027
vn 0.936082 0.154454 -0.316062
vn -0.130020 0.979697 0.152604
vn -0.087799 0.994742 0.052728
vn 0.052728 0.994742 -0.087799
vn 0.152604 0.979697 -0.130020
vn -0.055995 0.998295 0.016510
vn 0.016510 0.998295 -0.055995
vn 0.034167 0.998724 -0.037187
vn 0.082561 0.993372 -0.079978
vn 0.185045 0.969110 -0.163045
vn -0.162979 0.969128 0.185010
vn -0.079831 0.993382 0.082578
vn -0.037136 0.998721 0.034308
vn 0.516295 0.005322 -0.856395
vn 0.382968 0.002251 -0.923759
vn 0.135620 0.905526 -0.402031
vn 0.124205 0.969057 -0.213310
vn -0.923759 0.002257 0.382967
vn -0.856395 0.005325 0.516294
vn -0.213310 0.969057 0.124205
vn -0.402031 0.905527 0.135619
vn -0.750341 0.001102 0.661050
vn -0.151358 0.977487 0.147001
vn 0.661050 0.001106 -0.750341
vn 0.146499 0.977653 -0.150772
vn -0.503595 -0.018596 0.863740
vn -0.441527 0.189362 0.877038
vn 0.863741 -0.018593 -0.503593
vn 0.877038 0.189366 -0.441526
vn -0.192780 -0.981049 0.019464
vn -0.193541 -0.977436 0.084626
vn -0.170755 -0.984327 -0.044089
vn 0.019464 -0.981049 -0.192780
vn -0.044089 -0.984327 -0.170754
vn 0.084626 -0.977436 -0.193541
vn 0.820340 -0.413657 -0.394880
vn 0.821855 -0.330321 -0.464159
vn 0.763304 -0.572343 -0.299650
vn -0.394881 -0.413658 0.820339
vn -0.299651 -0.572343 0.763304
vn -0.464158 -0.330322 0.821854
vn -0.069499 -0.994862 0.073620
vn -0.047944 -0.995343 0.083634
vn 0.083634 -0.995343 -0.047944
vn 0.073620 -0.994862 -0.069498
vn -0.015747 -0.998377 0.054738
vn 0.054738 -0.998377 -0.015747
vn 0.036525 -0.998799 -0.032668
vn 0.074784 -0.994238 -0.076796
vn 0.075557 -0.992794 -0.093014
vn -0.093142 -0.992786 0.075499
vn -0.076827 -0.994245 0.074657
vn -0.032795 -0.998796 0.036479
vn -0.369927 -0.901958 0.222767
vn -0.243803 -0.954068 0.174113
vn 0.174113 -0.954068 -0.243802
vn 0.222767 -0.901959 -0.369926
vn 0.177903 -0.965204 -0.191658
vn -0.191136 -0.965405 0.177368
vn 0.795357 -0.263299 -0.545967
vn -0.545968 -0.263300 0.795357
vn -0.748684 -0.002030 -0.662924
vn -0.662924 -0.002029 -0.748684
vn -0.078296 -0.983947 -0.160367
vn -0.160367 -0.983947 -0.078297
vn 0.105548 0.990309 -0.090270
vn -0.090271 0.990309 0.105548
vn 0.204147 0.967729 -0.147730
vn -0.147730 0.967729 0.204146
vn 0.830197 -0.557468 -0.001613
vn -0.001612 -0.557468 0.830197
vn -0.147317 -0.764021 0.628147
vn 0.628147 -0.764021 -0.147318
vn 0.958792 0.084187 0.271349
vn 0.271349 0.084185 0.958792
vn 0.232434 0.954302 -0.187834
vn -0.187834 0.954302 0.232434
vn 0.054827 -0.996266 -0.066702
vn -0.066702 -0.996266 0.054827
vn 0.053604 -0.994260 -0.092595
vn -0.092822 -0.994245 0.053492
vn 0.125516 0.990439 0.057234
vn 0.075635 0.997085 0.010016
vn 0.049548 0.998523 0.022283
vn 0.080879 0.995139 0.056189
vn 0.228349 0.971072 0.069829
vn 0.142823 0.989747 -0.001314
vn 0.375629 0.926023 0.037201
vn 0.261805 0.963144 -0.061746
vn 0.466393 0.884295 0.022359
vn 0.330775 0.940578 -0.076811
vn 0.037231 0.925952 0.375802
vn -0.061932 0.963098 0.261930
vn -0.076811 0.940578 0.330775
vn 0.022359 0.884295 0.466393
vn 0.070180 0.972019 0.224174
vn 0.002426 0.989922 0.141596
vn 0.059038 0.990631 0.123143
vn 0.012558 0.996818 0.078710
vn 0.056660 0.995152 0.080387
vn 0.020580 0.998702 0.046595
vn -0.579258 -0.001862 0.815142
vn -0.609215 0.003729 0.792996
vn -0.601151 -0.243407 0.761164
vn -0.580555 -0.246176 0.776114
vn -0.542530 0.232753 0.807148
vn -0.581004 0.239572 0.777843
vn 0.792996 0.003735 -0.609215
vn 0.815143 -0.001856 -0.579257
vn 0.776116 -0.246170 -0.580556
vn 0.761165 -0.243402 -0.601152
vn 0.777842 0.239578 -0.581003
vn 0.807147 0.232758 -0.542529
vn -0.057417 -0.990483 -0.125087
vn -0.010539 -0.997200 -0.074037
vn -0.022337 -0.998586 -0.048230
vn -0.056281 -0.995217 -0.079844
vn -0.077447 -0.970939 -0.226450
vn -0.004722 -0.990401 -0.138145
vn -0.119651 -0.943790 -0.308128
vn -0.029173 -0.982577 -0.183551
vn -0.170245 -0.919932 -0.353188
vn -0.064686 -0.976708 -0.204590
vn -0.308514 -0.943554 -0.120519
vn -0.182610 -0.982769 -0.028627
vn -0.206613 -0.976288 -0.064593
vn -0.353420 -0.920254 -0.168011
vn -0.222637 -0.971810 -0.077581
vn -0.137168 -0.990516 -0.007968
vn -0.122696 -0.990678 -0.059181
vn -0.077048 -0.996943 -0.012997
vn -0.079424 -0.995223 -0.056774
vn -0.045356 -0.998757 -0.020680
vn 0.275759 0.950465 0.143433
vn 0.191873 0.976906 0.094013
vn 0.129974 0.987471 0.089485
vn 0.226435 0.970114 0.087211
vn 0.376732 0.907603 0.185285
vn 0.302030 0.946248 0.115731
vn 0.497597 0.847673 0.183978
vn 0.461748 0.885073 0.058600
vn 0.550412 0.819988 0.157056
vn 0.508013 0.859592 0.054985
vn 0.183979 0.847673 0.497597
vn 0.058600 0.885073 0.461748
vn 0.054986 0.859592 0.508013
vn 0.157056 0.819988 0.550412
vn 0.184999 0.907650 0.376758
vn 0.114189 0.946839 0.300760
vn 0.142067 0.950667 0.275769
vn 0.091458 0.977065 0.192302
vn 0.088831 0.970264 0.225159
vn 0.087793 0.987679 0.129546
vn -0.542676 -0.023842 0.839604
vn -0.557866 -0.012604 0.829836
vn -0.569172 -0.249380 0.783488
vn -0.564524 -0.253858 0.785410
vn -0.488987 0.213192 0.845837
vn -0.513861 0.224211 0.828056
vn 0.839604 -0.023840 -0.542675
vn 0.829836 -0.012599 -0.557865
vn 0.828055 0.224214 -0.513861
vn 0.845837 0.213194 -0.488987
vn 0.785411 -0.253855 -0.564524
vn 0.783490 -0.249374 -0.569172
vn -0.144307 -0.948839 -0.280857
vn -0.094953 -0.976383 -0.194064
vn -0.090001 -0.987315 -0.130800
vn -0.089017 -0.969284 -0.229269
vn -0.187763 -0.904606 -0.382667
vn -0.121812 -0.944583 -0.304836
vn -0.245083 -0.855708 -0.455739
vn -0.166311 -0.909563 -0.380836
vn -0.295313 -0.844405 -0.446957
vn -0.197525 -0.894420 -0.401244
vn -0.456736 -0.855419 -0.244233
vn -0.380739 -0.909626 -0.166190
vn -0.401377 -0.893934 -0.199443
vn -0.450105 -0.844470 -0.290304
vn -0.382692 -0.904721 -0.187155
vn -0.303275 -0.945328 -0.119912
vn -0.280860 -0.949041 -0.142963
vn -0.194477 -0.976544 -0.092415
vn -0.228290 -0.969393 -0.090336
vn -0.130389 -0.987520 -0.088339
vn 0.345758 0.922288 0.172730
vn 0.448439 0.862979 0.232745
vn 0.543155 0.822154 0.170427
vn 0.170426 0.822154 0.543155
vn 0.232720 0.863004 0.448403
vn 0.172794 0.922272 0.345771
vn 0.081206 0.955765 0.282698
vn 0.285377 0.955369 0.076355
vn -0.174651 -0.919650 -0.351768
vn -0.232871 -0.860281 -0.453528
vn -0.288121 -0.842023 -0.456053
vn -0.457759 -0.842471 -0.284078
vn -0.453117 -0.860220 -0.233894
vn -0.351774 -0.919639 -0.174696
vn -0.287168 -0.954248 -0.083345
vn -0.079227 -0.953924 -0.289401
vn 0.538266 0.822948 0.181732
vn 0.181732 0.822948 0.538266
vn -0.310838 -0.841883 -0.441149
vn -0.442020 -0.842568 -0.307731
vn -0.999480 0.007855 0.031267
vn -0.935749 -0.005163 0.352628
vn -0.132045 0.983141 0.126487
vn -0.209089 0.975780 0.064309
vn -0.810383 -0.005588 0.585873
vn 0.025790 0.992307 0.121083
vn -0.585873 -0.005586 0.810383
vn -0.352628 -0.005159 0.935749
vn -0.126487 0.983141 0.132044
vn -0.121083 0.992307 -0.025790
vn -0.031267 0.007859 0.999480
vn -0.064310 0.975780 0.209089
vn 0.926148 -0.073003 0.370027
vn 0.953436 -0.174383 0.246070
vn 0.980548 0.107818 0.164016
vn 0.936082 0.154452 0.316063
vn 0.916965 -0.384557 0.106260
vn 0.997951 0.062181 -0.015112
vn -0.106259 -0.384557 -0.916965
vn -0.246068 -0.174381 -0.953437
vn -0.164015 0.107821 -0.980548
vn 0.015114 0.062183 -0.997950
vn -0.370026 -0.073001 -0.926149
vn -0.316062 0.154454 -0.936082
vn 0.152604 0.979697 0.130020
vn 0.052728 0.994742 0.087799
vn -0.087799 0.994742 -0.052728
vn -0.130020 0.979697 -0.152604
vn 0.016510 0.998295 0.055995
vn -0.055995 0.998295 -0.016510
vn -0.037187 0.998724 -0.034167
vn -0.079978 0.993372 -0.082561
vn -0.163045 0.969110 -0.185045
vn 0.185010 0.969128 0.162979
vn 0.082578 0.993382 0.079831
vn 0.034308 0.998721 0.037136
vn -0.856395 0.005322 -0.516294
vn -0.923759 0.002252 -0.382967
vn -0.402032 0.905526 -0.135620
vn -0.213310 0.969057 -0.124205
vn 0.382967 0.002257 0.923759
vn 0.516294 0.005325 0.856395
vn 0.124205 0.969057 0.213309
vn 0.135620 0.905527 0.402031
vn 0.661050 0.001103 0.750341
vn 0.147001 0.977487 0.151358
vn -0.750341 0.001107 -0.661050
vn -0.150772 0.977653 -0.146499
vn 0.863740 -0.018596 0.503595
vn 0.877038 0.189363 0.441527
vn -0.503594 -0.018593 -0.863741
vn -0.441526 0.189366 -0.877038
vn 0.019464 -0.981049 0.192780
vn 0.084626 -0.977436 0.193541
vn -0.044089 -0.984327 0.170754
vn -0.192780 -0.981049 -0.019464
vn -0.170754 -0.984327 0.044089
vn -0.193541 -0.977436 -0.084626
vn -0.394880 -0.413657 -0.820340
vn -0.464158 -0.330321 -0.821855
vn -0.299650 -0.572343 -0.763304
vn 0.820339 -0.413658 0.394881
vn 0.763304 -0.572343 0.299651
vn 0.821854 -0.330322 0.464158
vn 0.073620 -0.994862 0.069499
vn 0.083634 -0.995342 0.047944
vn -0.047944 -0.995343 -0.083634
vn -0.069499 -0.994862 -0.073620
vn 0.054738 -0.998377 0.015747
vn -0.015747 -0.998377 -0.054738
vn -0.032667 -0.998799 -0.036525
vn -0.076796 -0.994238 -0.074784
vn -0.093014 -0.992794 -0.075557
vn 0.075498 -0.992786 0.093142
vn 0.074657 -0.994246 0.076827
vn 0.036479 -0.998796 0.032795
vn 0.222767 -0.901958 0.369927
vn 0.174113 -0.954068 0.243803
vn -0.243803 -0.954068 -0.174113
vn -0.369926 -0.901959 -0.222766
vn -0.191658 -0.965203 -0.177903
vn 0.177368 -0.965405 0.191136
vn -0.545967 -0.263299 -0.795357
vn 0.795357 -0.263300 0.545967
vn -0.662924 -0.002030 0.748684
vn -0.748684 -0.002029 0.662924
vn -0.160367 -0.983947 0.078296
vn -0.078296 -0.983947 0.160367
vn -0.090271 0.990309 -0.105548
vn 0.105548 0.990308 0.090271
vn -0.147730 0.967729 -0.204147
vn 0.204147 0.967729 0.147730
vn -0.001613 -0.557469 -0.830196
vn 0.830197 -0.557468 0.001612
vn 0.628148 -0.764021 0.147316
vn -0.147318 -0.764022 -0.628147
vn 0.271349 0.084187 -0.958792
vn 0.958792 0.084185 -0.271348
vn -0.187834 0.954302 -0.232434
vn 0.232434 0.954302 0.187834
vn -0.066702 -0.996266 -0.054827
vn 0.054827 -0.996266 0.066702
vn -0.092595 -0.994260 -0.053604
vn 0.053492 -0.994245 0.092822
vn 0.057234 0.990439 -0.125516
vn 0.010016 0.997085 -0.075635
vn 0.022283 0.998523 -0.049548
vn 0.056189 0.995139 -0.080879
vn 0.069829 0.971072 -0.228349
vn -0.001314 0.989747 -0.142823
vn 0.037201 0.926023 -0.375629
vn -0.061746 0.963144 -0.261805
vn 0.022359 0.884295 -0.466393
vn -0.076811 0.940578 -0.330775
vn 0.375802 0.925952 -0.037231
vn 0.261930 0.963098 0.061932
vn 0.330775 0.940579 0.076811
vn 0.466393 0.884295 -0.022359
vn 0.224174 0.972019 -0.070181
vn 0.141597 0.989922 -0.002426
vn 0.123143 0.990631 -0.059038
vn 0.078710 0.996818 -0.012558
vn 0.080387 0.995152 -0.056660
vn 0.046595 0.998702 -0.020580
vn 0.815142 -0.001861 0.579258
vn 0.792996 0.003729 0.609215
vn 0.761164 -0.243407 0.601151
vn 0.776114 -0.246176 0.580555
vn 0.807147 0.232754 0.542530
vn 0.777843 0.239573 0.581004
vn -0.609215 0.003734 -0.792996
vn -0.579258 -0.001856 -0.815142
vn -0.580556 -0.246169 -0.776116
vn -0.601152 -0.243401 -0.761165
vn -0.581003 0.239576 -0.777842
vn -0.542529 0.232757 -0.807147
vn -0.125087 -0.990483 0.057417
vn -0.074037 -0.997200 0.010539
vn -0.048230 -0.998586 0.022337
vn -0.079844 -0.995217 0.056281
vn -0.226451 -0.970939 0.077447
vn -0.138145 -0.990401 0.004722
vn -0.308129 -0.943790 0.119651
vn -0.183551 -0.982577 0.029172
vn -0.353188 -0.919932 0.170245
vn -0.204590 -0.976708 0.064686
vn -0.120519 -0.943554 0.308514
vn -0.028627 -0.982769 0.182610
vn -0.064593 -0.976288 0.206613
vn -0.168011 -0.920254 0.353420
vn -0.077581 -0.971810 0.222637
vn -0.007968 -0.990516 0.137168
vn -0.059181 -0.990678 0.122696
vn -0.012997 -0.996943 0.077048
vn -0.056774 -0.995223 0.079424
vn -0.020680 -0.998757 0.045356
vn 0.143433 0.950465 -0.275759
vn 0.094014 0.976906 -0.191873
vn 0.089485 0.987471 -0.129974
vn 0.087213 0.970114 -0.226435
vn 0.185285 0.907603 -0.376731
vn 0.115731 0.946247 -0.302030
vn 0.183978 0.847673 -0.497597
vn 0.058600 0.885073 -0.461748
vn 0.157056 0.819988 -0.550412
vn 0.054986 0.859592 -0.508013
vn 0.497597 0.847673 -0.183979
vn 0.461748 0.885073 -0.058600
vn 0.508013 0.859592 -0.054986
vn 0.550412 0.819988 -0.157057
vn 0.376758 0.907650 -0.184999
vn 0.300760 0.946839 -0.114189
vn 0.275769 0.950667 -0.142067
vn 0.192302 0.977065 -0.091458
vn 0.225159 0.970264 -0.088832
vn 0.129547 0.987679 -0.087794
vn 0.839604 -0.023843 0.542676
vn 0.829836 -0.012604 0.557866
vn 0.783488 -0.249379 0.569172
vn 0.785409 -0.253859 0.564525
vn 0.845838 0.213191 0.488987
vn 0.828056 0.224211 0.513861
vn -0.542675 -0.023840 -0.839604
vn -0.557865 -0.012598 -0.829836
vn -0.513860 0.224215 -0.828055
vn -0.488986 0.213196 -0.845837
vn -0.564523 -0.253856 -0.785411
vn -0.569172 -0.249374 -0.783490
vn -0.280857 -0.948839 0.144307
vn -0.194064 -0.976383 0.094953
vn -0.130800 -0.987315 0.090001
vn -0.229269 -0.969284 0.089017
vn -0.382667 -0.904606 0.187763
vn -0.304836 -0.944583 0.121812
vn -0.455739 -0.855708 0.245084
vn -0.380836 -0.909563 0.166310
vn -0.446957 -0.844405 0.295313
vn -0.401244 -0.894420 0.197525
vn -0.244233 -0.855419 0.456736
vn -0.166190 -0.909626 0.380739
vn -0.199444 -0.893934 0.401377
vn -0.290304 -0.844470 0.450105
vn -0.187155 -0.904721 0.382692
vn -0.119912 -0.945328 0.303275
vn -0.142963 -0.949041 0.280860
vn -0.092414 -0.976544 0.194477
vn -0.090337 -0.969393 0.228290
vn -0.088339 -0.987520 0.130389
vn 0.172730 0.922288 -0.345758
vn 0.232745 0.862979 -0.448439
vn 0.170426 0.822154 -0.543155
vn 0.543155 0.822154 -0.170427
vn 0.448403 0.863004 -0.232720
vn 0.345771 0.922272 -0.172793
vn 0.282698 0.955765 -0.081207
vn 0.076358 0.955369 -0.285377
vn -0.351768 -0.919650 0.174651
vn -0.453528 -0.860281 0.232871
vn -0.456053 -0.842023 0.288121
vn -0.284078 -0.842470 0.457759
vn -0.233894 -0.860220 0.453116
vn -0.174695 -0.919639 0.351774
vn -0.083349 -0.954247 0.287168
vn -0.289401 -0.953923 0.079229
vn 0.181732 0.822948 -0.538266
vn 0.538266 0.822948 -0.181732
vn -0.441149 -0.841883 0.310838
vn -0.307731 -0.842568 0.442020
s 1
g polySurface6
usemtl initialShadingGroup
f 262/262/262 263/263/263 277/264/264 276/265/265
f 263/263/263 264/266/266 278/267/267 277/264/264
f 265/268/268 266/269/269 280/270/270 279/271/271
f 266/269/269 267/272/272 281/273/273 280/270/270
f 269/274/274 270/275/275 284/276/276 283/277/277
f 270/275/275 271/278/278 285/279/279 284/276/276
f 272/280/280 273/281/281 287/282/282 286/283/283
f 273/281/281 274/284/284 288/285/285 287/282/282
f 277/264/264 278/267/267 299/286/286 300/287/287
f 279/271/271 280/270/270 297/288/288 298/289/289
f 276/265/265 277/264/264 300/287/287 301/290/290
f 280/270/270 281/273/273 296/291/291 297/288/288
f 297/288/288 296/291/291 290/292/292 291/293/293
f 298/289/289 297/288/288 291/293/293 292/294/294
f 300/287/287 299/286/286 293/295/295 294/296/296
f 301/290/290 300/287/287 294/296/296 295/297/297
f 302/298/298 303/299/299 307/300/300 306/301/301
f 304/302/302 305/303/303 309/304/304 308/305/305
f 303/299/299 262/306/262 276/307/265 307/300/300
f 267/308/272 304/302/302 308/305/305 281/309/273
f 305/303/303 268/310/306 282/311/307 309/304/304
f 275/312/308 302/298/298 306/301/301 289/313/309
f 276/265/265 301/290/290 306/314/301 307/315/300
f 296/291/291 281/273/273 308/316/305 309/317/304
f 289/318/309 306/314/301 301/290/290 295/297/297
f 290/292/292 296/291/291 309/317/304 282/319/307
f 310/320/310 269/274/274 283/277/277 311/321/311
f 274/284/284 312/322/312 313/323/313 288/285/285
f 267/308/272 266/324/269 315/325/314 314/326/315
f 266/327/269 265/328/268 316/329/316 315/330/314
f 264/331/266 263/332/263 318/333/317 317/334/318
f 263/335/263 262/306/262 319/336/319 318/337/317
f 274/284/284 273/281/281 322/338/320 321/339/321
f 273/281/281 272/280/280 323/340/322 322/338/320
f 271/278/278 270/275/275 325/341/323 324/342/324
f 270/275/275 269/274/274 326/343/325 325/341/323
f 315/330/314 316/329/316 337/344/326 338/345/327
f 317/334/318 318/333/317 335/346/328 336/347/329
f 314/348/315 315/330/314 338/345/327 339/349/330
f 318/333/317 319/350/319 334/351/331 335/346/328
f 335/346/328 334/351/331 328/352/332 329/353/333
f 336/347/329 335/346/328 329/353/333 330/354/334
f 338/345/327 337/344/326 331/355/335 332/356/336
f 339/349/330 338/345/327 332/356/336 333/357/337
f 305/303/303 304/302/302 341/358/338 340/359/339
f 303/299/299 302/298/298 343/360/340 342/361/341
f 304/302/302 267/308/272 314/326/315 341/358/338
f 262/306/262 303/299/299 342/361/341 319/336/319
f 302/298/298 275/312/308 320/362/342 343/360/340
f 268/310/306 305/303/303 340/359/339 327/363/343
f 314/348/315 339/349/330 340/364/339 341/365/338
f 334/351/331 319/350/319 342/366/341 343/367/340
f 327/368/343 340/364/339 339/349/330 333/357/337
f 328/352/332 334/351/331 343/367/340 320/369/342
f 312/322/312 274/284/284 321/339/321 344/370/344
f 269/274/274 310/320/310 345/371/345 326/343/325
f 346/372/346 347/373/347 359/374/348 358/375/349
f 347/376/347 346/377/346 349/378/350 348/379/351
f 348/379/351 349/378/350 354/380/352 355/381/353
f 350/382/354 351/383/355 361/384/356 360/385/357
f 351/386/355 350/387/354 353/388/358 352/389/359
f 355/381/353 354/380/352 356/390/360 357/391/361
f 358/375/349 359/374/348 362/392/362 363/393/363
f 363/393/363 362/392/362 364/394/364 365/395/365
f 264/266/266 347/376/347 348/379/351 278/267/267
f 346/377/346 265/268/268 279/271/271 349/378/350
f 271/396/278 351/386/355 352/389/359 285/397/279
f 350/387/354 272/398/280 286/399/283 353/388/358
f 278/267/267 348/379/351 355/381/353 299/286/286
f 349/378/350 279/271/271 298/289/289 354/380/352
f 354/380/352 298/289/289 292/294/294 356/390/360
f 299/286/286 355/381/353 357/391/361 293/295/295
f 265/328/268 346/372/346 358/375/349 316/329/316
f 347/373/347 264/331/266 317/334/318 359/374/348
f 272/280/280 350/400/354 360/401/357 323/340/322
f 351/402/355 271/278/278 324/342/324 361/403/356
f 316/329/316 358/375/349 363/393/363 337/344/326
f 359/374/348 317/334/318 336/347/329 362/392/362
f 362/392/362 336/347/329 330/354/334 364/394/364
f 337/344/326 363/393/363 365/395/365 331/355/335
f 366/404/366 367/405/367 380/406/368 381/407/369
f 367/405/367 366/404/366 368/408/370 369/409/371
f 369/409/371 368/408/370 371/410/372 370/411/373
f 370/411/373 371/410/372 402/412/374 403/413/375
f 372/414/376 373/415/377 404/416/378 405/417/379
f 373/415/377 372/414/376 374/418/380 375/419/381
f 375/419/381 374/418/380 377/420/382 376/421/383
f 376/421/383 377/420/382 384/422/384 385/423/385
f 378/424/386 379/425/387 401/426/388 400/427/389
f 379/425/387 378/424/386 381/428/390 380/429/391
f 382/430/392 383/431/393 399/432/394 398/433/395
f 383/431/393 382/430/392 385/434/396 384/435/397
f 386/436/398 387/437/399 398/438/400 399/439/401
f 387/437/399 386/436/398 388/440/402 389/441/403
f 389/441/403 388/440/402 391/442/404 390/443/405
f 390/443/405 391/442/404 406/444/406 407/445/407
f 392/446/408 393/447/409 408/448/410 409/449/411
f 393/447/409 392/446/408 394/450/412 395/451/413
f 395/451/413 394/450/412 397/452/414 396/453/415
f 396/453/415 397/452/414 400/454/416 401/455/417
f 403/413/375 402/412/374 405/417/379 404/416/378
f 407/445/407 406/444/406 409/449/411 408/448/410
f 291/293/293 290/292/292 367/405/367 369/409/371
f 292/294/294 291/293/293 369/409/371 370/411/373
f 294/296/296 293/295/295 373/415/377 375/419/381
f 295/297/297 294/296/296 375/419/381 376/421/383
f 268/310/306 379/425/387 380/429/391 282/311/307
f 382/430/392 275/312/308 289/313/309 385/434/396
f 295/297/297 376/421/383 385/423/385 289/318/309
f 282/319/307 380/406/368 367/405/367 290/292/292
f 329/353/333 328/352/332 387/437/399 389/441/403
f 330/354/334 329/353/333 389/441/403 390/443/405
f 332/356/336 331/355/335 393/447/409 395/451/413
f 333/357/337 332/356/336 395/451/413 396/453/415
f 275/312/308 382/430/392 398/433/395 320/362/342
f 379/425/387 268/310/306 327/363/343 401/426/388
f 333/357/337 396/453/415 401/455/417 327/368/343
f 320/369/342 398/438/400 387/437/399 328/352/332
f 403/413/375 404/416/378 357/391/361 356/390/360
f 407/445/407 408/448/410 365/395/365 364/394/364
f 356/390/360 292/294/294 370/411/373 403/413/375
f 293/295/295 357/391/361 404/416/378 373/415/377
f 364/394/364 330/354/334 390/443/405 407/445/407
f 331/355/335 365/395/365 408/448/410 393/447/409
f 410/456/418 411/457/419 425/458/420 424/459/421
f 411/457/419 410/456/418 412/460/422 413/461/423
f 413/461/423 412/460/422 414/462/424 415/463/425
f 415/463/425 414/462/424 446/464/426 447/465/427
f 416/466/428 417/467/429 449/468/430 448/469/431
f 417/467/429 416/466/428 418/470/432 419/471/433
f 419/471/433 418/470/432 420/472/434 421/473/435
f 421/473/435 420/472/434 428/474/436 429/475/437
f 422/476/438 423/477/439 445/478/440 444/479/441
f 423/477/439 422/476/438 424/480/442 425/481/443
f 426/482/444 427/483/445 429/484/446 428/485/447
f 427/483/445 426/482/444 442/486/448 443/487/449
f 430/488/450 431/489/451 443/490/452 442/491/453
f 431/489/451 430/488/450 432/492/454 433/493/455
f 433/493/455 432/492/454 434/494/456 435/495/457
f 435/495/457 434/494/456 450/496/458 451/497/459
f 436/498/460 437/499/461 453/500/462 452/501/463
f 437/499/461 436/498/460 438/502/464 439/503/465
f 439/503/465 438/502/464 440/504/466 441/505/467
f 441/505/467 440/504/466 444/506/468 445/507/469
f 447/465/427 446/464/426 448/469/431 449/468/430
f 451/497/459 450/496/458 452/501/463 453/500/462
f 412/460/422 410/456/418 283/508/470 284/509/471
f 414/462/424 412/460/422 284/509/471 285/510/472
f 418/470/432 416/466/428 286/511/473 287/512/474
f 420/472/434 418/470/432 287/512/474 288/513/475
f 422/476/438 310/320/310 311/321/311 424/480/442
f 312/322/312 426/482/444 428/485/447 313/323/313
f 420/472/434 288/513/475 313/514/476 428/474/436
f 283/508/470 410/456/418 424/459/421 311/515/477
f 432/492/454 430/488/450 321/516/478 322/517/479
f 434/494/456 432/492/454 322/517/479 323/518/480
f 438/502/464 436/498/460 324/519/481 325/520/482
f 440/504/466 438/502/464 325/520/482 326/521/483
f 426/482/444 312/322/312 344/370/344 442/486/448
f 310/320/310 422/476/438 444/479/441 345/371/345
f 440/504/466 326/521/483 345/522/484 444/506/468
f 321/516/478 430/488/450 442/491/453 344/523/485
f 352/524/486 353/525/487 448/469/431 446/464/426
f 360/385/488 361/384/489 452/501/463 450/496/458
f 446/464/426 414/462/424 285/510/472 352/524/486
f 416/466/428 448/469/431 353/525/487 286/511/473
f 450/496/458 434/494/456 323/518/480 360/385/488
f 436/498/460 452/501/463 361/384/489 324/519/481
f 368/408/370 366/404/366 411/457/419 413/461/423
f 371/410/372 368/408/370 413/461/423 415/463/425
f 374/418/380 372/414/376 417/467/429 419/471/433
f 377/420/382 374/418/380 419/471/433 421/473/435
f 378/424/386 423/477/439 425/481/443 381/428/390
f 427/483/445 383/431/393 384/435/397 429/484/446
f 377/420/382 421/473/435 429/475/437 384/422/384
f 411/457/419 366/404/366 381/407/369 425/458/420
f 388/440/402 386/436/398 431/489/451 433/493/455
f 391/442/404 388/440/402 433/493/455 435/495/457
f 394/450/412 392/446/408 437/499/461 439/503/465
f 397/452/414 394/450/412 439/503/465 441/505/467
f 383/431/393 427/483/445 443/487/449 399/432/394
f 423/477/439 378/424/386 400/427/389 445/478/440
f 397/452/414 441/505/467 445/507/469 400/454/416
f 431/489/451 386/436/398 399/439/401 443/490/452
f 447/465/427 449/468/430 405/417/379 402/412/374
f 451/497/459 453/500/462 409/449/411 406/444/406
f 402/412/374 371/410/372 415/463/425 447/465/427
f 372/414/376 405/417/379 449/468/430 417/467/429
f 406/444/406 391/442/404 435/495/457 451/497/459
f 392/446/408 409/449/411 453/500/462 437/499/461
s 21
f 454/526/490 455/527/491 469/528/492 468/529/493
f 455/527/491 456/530/494 470/531/495 469/528/492
f 457/532/496 458/533/497 472/534/498 471/535/499
f 458/533/497 459/536/500 473/537/501 472/534/498
f 461/538/502 462/539/503 476/540/504 475/541/505
f 462/539/503 463/542/506 477/543/507 476/540/504
f 464/544/508 465/545/509 479/546/510 478/547/511
f 465/545/509 466/548/512 480/549/513 479/546/510
f 469/528/492 470/531/495 491/550/514 492/551/515
f 471/535/499 472/534/498 489/552/516 490/553/517
f 468/529/493 469/528/492 492/551/515 493/554/518
f 472/534/498 473/537/501 488/555/519 489/552/516
f 489/552/516 488/555/519 482/556/520 483/557/521
f 490/553/517 489/552/516 483/557/521 484/558/522
f 492/551/515 491/550/514 485/559/523 486/560/524
f 493/554/518 492/551/515 486/560/524 487/561/525
f 494/562/526 495/563/527 499/564/528 498/565/529
f 496/566/530 497/567/531 501/568/532 500/569/533
f 495/563/527 454/570/490 468/571/493 499/564/528
f 459/572/500 496/566/530 500/569/533 473/573/501
f 497/567/531 460/574/534 474/575/535 501/568/532
f 467/576/536 494/562/526 498/565/529 481/577/537
f 468/529/493 493/554/518 498/578/529 499/579/528
f 488/555/519 473/537/501 500/580/533 501/581/532
f 481/582/537 498/578/529 493/554/518 487/561/525
f 482/556/520 488/555/519 501/581/532 474/583/535
f 502/584/538 461/538/502 475/541/505 503/585/539
f 466/548/512 504/586/540 505/587/541 480/549/513
f 459/572/500 458/588/497 507/589/542 506/590/543
f 458/591/497 457/592/496 508/593/544 507/594/542
f 456/595/494 455/596/491 510/597/545 509/598/546
f 455/599/491 454/570/490 511/600/547 510/601/545
f 466/548/512 465/545/509 514/602/548 513/603/549
f 465/545/509 464/544/508 515/604/550 514/602/548
f 463/542/506 462/539/503 517/605/551 516/606/552
f 462/539/503 461/538/502 518/607/553 517/605/551
f 507/594/542 508/593/544 529/608/554 530/609/555
f 509/598/546 510/597/545 527/610/556 528/611/557
f 506/612/543 507/594/542 530/609/555 531/613/558
f 510/597/545 511/614/547 526/615/559 527/610/556
f 527/610/556 526/615/559 520/616/560 521/617/561
f 528/611/557 527/610/556 521/617/561 522/618/562
f 530/609/555 529/608/554 523/619/563 524/620/564
f 531/613/558 530/609/555 524/620/564 525/621/565
f 497/567/531 496/566/530 533/622/566 532/623/567
f 495/563/527 494/562/526 535/624/568 534/625/569
f 496/566/530 459/572/500 506/590/543 533/622/566
f 454/570/490 495/563/527 534/625/569 511/600/547
f 494/562/526 467/576/536 512/626/570 535/624/568
f 460/574/534 497/567/531 532/623/567 519/627/571
f 506/612/543 531/613/558 532/628/567 533/629/566
f 526/615/559 511/614/547 534/630/569 535/631/568
f 519/632/571 532/628/567 531/613/558 525/621/565
f 520/616/560 526/615/559 535/631/568 512/633/570
f 504/586/540 466/548/512 513/603/549 536/634/572
f 461/538/502 502/584/538 537/635/573 518/607/553
f 538/636/574 539/637/575 551/638/576 550/639/577
f 539/640/575 538/641/574 541/642/578 540/643/579
f 540/643/579 541/642/578 546/644/580 547/645/581
f 542/646/582 543/647/583 553/648/584 552/649/585
f 543/650/583 542/651/582 545/652/586 544/653/587
f 547/645/581 546/644/580 548/654/588 549/655/589
f 550/639/577 551/638/576 554/656/590 555/657/591
f 555/657/591 554/656/590 556/658/592 557/659/593
f 456/530/494 539/640/575 540/643/579 470/531/495
f 538/641/574 457/532/496 471/535/499 541/642/578
f 463/660/506 543/650/583 544/653/587 477/661/507
f 542/651/582 464/662/508 478/663/511 545/652/586
f 470/531/495 540/643/579 547/645/581 491/550/514
f 541/642/578 471/535/499 490/553/517 546/644/580
f 546/644/580 490/553/517 484/558/522 548/654/588
f 491/550/514 547/645/581 549/655/589 485/559/523
f 457/592/496 538/636/574 550/639/577 508/593/544
f 539/637/575 456/595/494 509/598/546 551/638/576
f 464/544/508 542/664/582 552/665/585 515/604/550
f 543/666/583 463/542/506 516/606/552 553/667/584
f 508/593/544 550/639/577 555/657/591 529/608/554
f 551/638/576 509/598/546 528/611/557 554/656/590
f 554/656/590 528/611/557 522/618/562 556/658/592
f 529/608/554 555/657/591 557/659/593 523/619/563
f 558/668/594 559/669/595 572/670/596 573/671/597
f 559/669/595 558/668/594 560/672/598 561/673/599
f 561/673/599 560/672/598 563/674/600 562/675/601
f 562/675/601 563/674/600 594/676/602 595/677/603
f 564/678/604 565/679/605 596/680/606 597/681/607
f 565/679/605 564/678/604 566/682/608 567/683/609
f 567/683/609 566/682/608 569/684/610 568/685/611
f 568/685/611 569/684/610 576/686/612 577/687/613
f 570/688/614 571/689/615 593/690/616 592/691/617
f 571/689/615 570/688/614 573/692/618 572/693/619
f 574/694/620 575/695/621 591/696/622 590/697/623
f 575/695/621 574/694/620 577/698/624 576/699/625
f 578/700/626 579/701/627 590/702/628 591/703/629
f 579/701/627 578/700/626 580/704/630 581/705/631
f 581/705/631 580/704/630 583/706/632 582/707/633
f 582/707/633 583/706/632 598/708/634 599/709/635
f 584/710/636 585/711/637 600/712/638 601/713/639
f 585/711/637 584/710/636 586/714/640 587/715/641
f 587/715/641 586/714/640 589/716/642 588/717/643
f 588/717/643 589/716/642 592/718/644 593/719/645
f 595/677/603 594/676/602 597/681/607 596/680/606
f 599/709/635 598/708/634 601/713/639 600/712/638
f 483/557/521 482/556/520 559/669/595 561/673/599
f 484/558/522 483/557/521 561/673/599 562/675/601
f 486/560/524 485/559/523 565/679/605 567/683/609
f 487/561/525 486/560/524 567/683/609 568/685/611
f 460/574/534 571/689/615 572/693/619 474/575/535
f 574/694/620 467/576/536 481/577/537 577/698/624
f 487/561/525 568/685/611 577/687/613 481/582/537
f 474/583/535 572/670/596 559/669/595 482/556/520
f 521/617/561 520/616/560 579/701/627 581/705/631
f 522/618/562 521/617/561 581/705/631 582/707/633
f 524/620/564 523/619/563 585/711/637 587/715/641
f 525/621/565 524/620/564 587/715/641 588/717/643
f 467/576/536 574/694/620 590/697/623 512/626/570
f 571/689/615 460/574/534 519/627/571 593/690/616
f 525/621/565 588/717/643 593/719/645 519/632/571
f 512/633/570 590/702/628 579/701/627 520/616/560
f 595/677/603 596/680/606 549/655/589 548/654/588
f 599/709/635 600/712/638 557/659/593 556/658/592
f 548/654/588 484/558/522 562/675/601 595/677/603
f 485/559/523 549/655/589 596/680/606 565/679/605
f 556/658/592 522/618/562 582/707/633 599/709/635
f 523/619/563 557/659/593 600/712/638 585/711/637
f 602/720/646 603/721/647 617/722/648 616/723/649
f 603/721/647 602/720/646 604/724/650 605/725/651
f 605/725/651 604/724/650 606/726/652 607/727/653
f 607/727/653 606/726/652 638/728/654 639/729/655
f 608/730/656 609/731/657 641/732/658 640/733/659
f 609/731/657 608/730/656 610/734/660 611/735/661
f 611/735/661 610/734/660 612/736/662 613/737/663
f 613/737/663 612/736/662 620/738/664 621/739/665
f 614/740/666 615/741/667 637/742/668 636/743/669
f 615/741/667 614/740/666 616/744/670 617/745/671
f 618/746/672 619/747/673 621/748/674 620/749/675
f 619/747/673 618/746/672 634/750/676 635/751/677
f 622/752/678 623/753/679 635/754/680 634/755/681
f 623/753/679 622/752/678 624/756/682 625/757/683
f 625/757/683 624/756/682 626/758/684 627/759/685
f 627/759/685 626/758/684 642/760/686 643/761/687
f 628/762/688 629/763/689 645/764/690 644/765/691
f 629/763/689 628/762/688 630/766/692 631/767/693
f 631/767/693 630/766/692 632/768/694 633/769/695
f 633/769/695 632/768/694 636/770/696 637/771/697
f 639/729/655 638/728/654 640/733/659 641/732/658
f 643/761/687 642/760/686 644/765/691 645/764/690
f 604/724/650 602/720/646 475/772/698 476/773/699
f 606/726/652 604/724/650 476/773/699 477/774/700
f 610/734/660 608/730/656 478/775/701 479/776/702
f 612/736/662 610/734/660 479/776/702 480/777/703
f 614/740/666 502/584/538 503/585/539 616/744/670
f 504/586/540 618/746/672 620/749/675 505/587/541
f 612/736/662 480/777/703 505/778/704 620/738/664
f 475/772/698 602/720/646 616/723/649 503/779/705
f 624/756/682 622/752/678 513/780/706 514/781/707
f 626/758/684 624/756/682 514/781/707 515/782/708
f 630/766/692 628/762/688 516/783/709 517/784/710
f 632/768/694 630/766/692 517/784/710 518/785/711
f 618/746/672 504/586/540 536/634/572 634/750/676
f 502/584/538 614/740/666 636/743/669 537/635/573
f 632/768/694 518/785/711 537/786/712 636/770/696
f 513/780/706 622/752/678 634/755/681 536/787/713
f 544/788/714 545/789/715 640/733/659 638/728/654
f 552/649/716 553/648/717 644/765/691 642/760/686
f 638/728/654 606/726/652 477/774/700 544/788/714
f 608/730/656 640/733/659 545/789/715 478/775/701
f 642/760/686 626/758/684 515/782/708 552/649/716
f 628/762/688 644/765/691 553/648/717 516/783/709
f 560/672/598 558/668/594 603/721/647 605/725/651
f 563/674/600 560/672/598 605/725/651 607/727/653
f 566/682/608 564/678/604 609/731/657 611/735/661
f 569/684/610 566/682/608 611/735/661 613/737/663
f 570/688/614 615/741/667 617/745/671 573/692/618
f 619/747/673 575/695/621 576/699/625 621/748/674
f 569/684/610 613/737/663 621/739/665 576/686/612
f 603/721/647 558/668/594 573/671/597 617/722/648
f 580/704/630 578/700/626 623/753/679 625/757/683
f 583/706/632 580/704/630 625/757/683 627/759/685
f 586/714/640 584/710/636 629/763/689 631/767/693
f 589/716/642 586/714/640 631/767/693 633/769/695
f 575/695/621 619/747/673 635/751/677 591/696/622
f 615/741/667 570/688/614 592/691/617 637/742/668
f 589/716/642 633/769/695 637/771/697 592/718/644
f 623/753/679 578/700/626 591/703/629 635/754/680
f 639/729/655 641/732/658 597/681/607 594/676/602
f 643/761/687 645/764/690 601/713/639 598/708/634
f 594/676/602 563/674/600 607/727/653 639/729/655
f 564/678/604 597/681/607 641/732/658 609/731/657
f 598/708/634 583/706/632 627/759/685 643/761/687
f 584/710/636 601/713/639 645/764/690 629/763/689
s 41
f 646/790/718 647/791/719 661/792/720 660/793/721
f 647/791/719 648/794/722 662/795/723 661/792/720
f 649/796/724 650/797/725 664/798/726 663/799/727
f 650/797/725 651/800/728 665/801/729 664/798/726
f 653/802/730 654/803/731 668/804/732 667/805/733
f 654/803/731 655/806/734 669/807/735 668/804/732
f 656/808/736 657/809/737 671/810/738 670/811/739
f 657/809/737 658/812/740 672/813/741 671/810/738
f 661/792/720 662/795/723 683/814/742 684/815/743
f 663/799/727 664/798/726 681/816/744 682/817/745
f 660/793/721 661/792/720 684/815/743 685/818/746
f 664/798/726 665/801/729 680/819/747 681/816/744
f 681/816/744 680/819/747 674/820/748 675/821/749
f 682/817/745 681/816/744 675/821/749 676/822/750
f 684/815/743 683/814/742 677/823/751 678/824/752
f 685/818/746 684/815/743 678/824/752 679/825/753
f 686/826/754 687/827/755 691/828/756 690/829/757
f 688/830/758 689/831/759 693/832/760 692/833/761
f 687/827/755 646/834/718 660/835/721 691/828/756
f 651/836/728 688/830/758 692/833/761 665/837/729
f 689/831/759 652/838/762 666/839/763 693/832/760
f 659/840/764 686/826/754 690/829/757 673/841/765
f 660/793/721 685/818/746 690/842/757 691/843/756
f 680/819/747 665/801/729 692/844/761 693/845/760
f 673/846/765 690/842/757 685/818/746 679/825/753
f 674/820/748 680/819/747 693/845/760 666/847/763
f 694/848/766 653/802/730 667/805/733 695/849/767
f 658/812/740 696/850/768 697/851/769 672/813/741
f 651/836/728 650/852/725 699/853/770 698/854/771
f 650/855/725 649/856/724 700/857/772 699/858/770
f 648/859/722 647/860/719 702/861/773 701/862/774
f 647/863/719 646/834/718 703/864/775 702/865/773
f 658/812/740 657/809/737 706/866/776 705/867/777
f 657/809/737 656/808/736 707/868/778 706/866/776
f 655/806/734 654/803/731 709/869/779 708/870/780
f 654/803/731 653/802/730 710/871/781 709/869/779
f 699/858/770 700/857/772 721/872/782 722/873/783
f 701/862/774 702/861/773 719/874/784 720/875/785
f 698/876/771 699/858/770 722/873/783 723/877/786
f 702/861/773 703/878/775 718/879/787 719/874/784
f 719/874/784 718/879/787 712/880/788 713/881/789
f 720/875/785 719/874/784 713/881/789 714/882/790
f 722/873/783 721/872/782 715/883/791 716/884/792
f 723/877/786 722/873/783 716/884/792 717/885/793
f 689/831/759 688/830/758 725/886/794 724/887/795
f 687/827/755 686/826/754 727/888/796 726/889/797
f 688/830/758 651/836/728 698/854/771 725/886/794
f 646/834/718 687/827/755 726/889/797 703/864/775
f 686/826/754 659/840/764 704/890/798 727/888/796
f 652/838/762 689/831/759 724/887/795 711/891/799
f 698/876/771 723/877/786 724/892/795 725/893/794
f 718/879/787 703/878/775 726/894/797 727/895/796
f 711/896/799 724/892/795 723/877/786 717/885/793
f 712/880/788 718/879/787 727/895/796 704/897/798
f 696/850/768 658/812/740 705/867/777 728/898/800
f 653/802/730 694/848/766 729/899/801 710/871/781
f 730/900/802 731/901/803 743/902/804 742/903/805
f 731/904/803 730/905/802 733/906/806 732/907/807
f 732/907/807 733/906/806 738/908/808 739/909/809
f 734/910/810 735/911/811 745/912/812 744/913/813
f 735/914/811 734/915/810 737/916/814 736/917/815
f 739/909/809 738/908/808 740/918/816 741/919/817
f 742/903/805 743/902/804 746/920/818 747/921/819
f 747/921/819 746/920/818 748/922/820 749/923/821
f 648/794/722 731/904/803 732/907/807 662/795/723
f 730/905/802 649/796/724 663/799/727 733/906/806
f 655/924/734 735/914/811 736/917/815 669/925/735
f 734/915/810 656/926/736 670/927/739 737/916/814
f 662/795/723 732/907/807 739/909/809 683/814/742
f 733/906/806 663/799/727 682/817/745 738/908/808
f 738/908/808 682/817/745 676/822/750 740/918/816
f 683/814/742 739/909/809 741/919/817 677/823/751
f 649/856/724 730/900/802 742/903/805 700/857/772
f 731/901/803 648/859/722 701/862/774 743/902/804
f 656/808/736 734/928/810 744/929/813 707/868/778
f 735/930/811 655/806/734 708/870/780 745/931/812
f 700/857/772 742/903/805 747/921/819 721/872/782
f 743/902/804 701/862/774 720/875/785 746/920/818
f 746/920/818 720/875/785 714/882/790 748/922/820
f 721/872/782 747/921/819 749/923/821 715/883/791
f 750/932/822 751/933/823 764/934/824 765/935/825
f 751/933/823 750/932/822 752/936/826 753/937/827
f 753/937/827 752/936/826 755/938/828 754/939/829
f 754/939/829 755/938/828 786/940/830 787/941/831
f 756/942/832 757/943/833 788/944/834 789/945/835
f 757/943/833 756/942/832 758/946/836 759/947/837
f 759/947/837 758/946/836 761/948/838 760/949/839
f 760/949/839 761/948/838 768/950/840 769/951/841
f 762/952/842 763/953/843 785/954/844 784/955/845
f 763/953/843 762/952/842 765/956/846 764/957/847
f 766/958/848 767/959/849 783/960/850 782/961/851
f 767/959/849 766/958/848 769/962/852 768/963/853
f 770/964/854 771/965/855 782/966/856 783/967/857
f 771/965/855 770/964/854 772/968/858 773/969/859
f 773/969/859 772/968/858 775/970/860 774/971/861
f 774/971/861 775/970/860 790/972/862 791/973/863
f 776/974/864 777/975/865 792/976/866 793/977/867
f 777/975/865 776/974/864 778/978/868 779/979/869
f 779/979/869 778/978/868 781/980/870 780/981/871
f 780/981/871 781/980/870 784/982/872 785/983/873
f 787/941/831 786/940/830 789/945/835 788/944/834
f 791/973/863 790/972/862 793/977/867 792/976/866
f 675/821/749 674/820/748 751/933/823 753/937/827
f 676/822/750 675/821/749 753/937/827 754/939/829
f 678/824/752 677/823/751 757/943/833 759/947/837
f 679/825/753 678/824/752 759/947/837 760/949/839
f 652/838/762 763/953/843 764/957/847 666/839/763
f 766/958/848 659/840/764 673/841/765 769/962/852
f 679/825/753 760/949/839 769/951/841 673/846/765
f 666/847/763 764/934/824 751/933/823 674/820/748
f 713/881/789 712/880/788 771/965/855 773/969/859
f 714/882/790 713/881/789 773/969/859 774/971/861
f 716/884/792 715/883/791 777/975/865 779/979/869
f 717/885/793 716/884/792 779/979/869 780/981/871
f 659/840/764 766/958/848 782/961/851 704/890/798
f 763/953/843 652/838/762 711/891/799 785/954/844
f 717/885/793 780/981/871 785/983/873 711/896/799
f 704/897/798 782/966/856 771/965/855 712/880/788
f 787/941/831 788/944/834 741/919/817 740/918/816
f 791/973/863 792/976/866 749/923/821 748/922/820
f 740/918/816 676/822/750 754/939/829 787/941/831
f 677/823/751 741/919/817 788/944/834 757/943/833
f 748/922/820 714/882/790 774/971/861 791/973/863
f 715/883/791 749/923/821 792/976/866 777/975/865
f 794/984/874 795/985/875 809/986/876 808/987/877
f 795/985/875 794/984/874 796/988/878 797/989/879
f 797/989/879 796/988/878 798/990/880 799/991/881
f 799/991/881 798/990/880 830/992/882 831/993/883
f 800/994/884 801/995/885 833/996/886 832/997/887
f 801/995/885 800/994/884 802/998/888 803/999/889
f 803/999/889 802/998/888 804/1000/890 805/1001/891
f 805/1001/891 804/1000/890 812/1002/892 813/1003/893
f 806/1004/894 807/1005/895 829/1006/896 828/1007/897
f 807/1005/895 806/1004/894 808/1008/898 809/1009/899
f 810/1010/900 811/1011/901 813/1012/902 812/1013/903
f 811/1011/901 810/1010/900 826/1014/904 827/1015/905
f 814/1016/906 815/1017/907 827/1018/908 826/1019/909
f 815/1017/907 814/1016/906 816/1020/910 817/1021/911
f 817/1021/911 816/1020/910 818/1022/912 819/1023/913
f 819/1023/913 818/1022/912 834/1024/914 835/1025/915
f 820/1026/916 821/1027/917 837/1028/918 836/1029/919
f 821/1027/917 820/1026/916 822/1030/920 823/1031/921
f 823/1031/921 822/1030/920 824/1032/922 825/1033/923
f 825/1033/923 824/1032/922 828/1034/924 829/1035/925
f 831/993/883 830/992/882 832/997/887 833/996/886
f 835/1025/915 834/1024/914 836/1029/919 837/1028/918
f 796/988/878 794/984/874 667/1036/926 668/1037/927
f 798/990/880 796/988/878 668/1037/927 669/1038/928
f 802/998/888 800/994/884 670/1039/929 671/1040/930
f 804/1000/890 802/998/888 671/1040/930 672/1041/931
f 806/1004/894 694/848/766 695/849/767 808/1008/898
f 696/850/768 810/1010/900 812/1013/903 697/851/769
f 804/1000/890 672/1041/931 697/1042/932 812/1002/892
f 667/1036/926 794/984/874 808/987/877 695/1043/933
f 816/1020/910 814/1016/906 705/1044/934 706/1045/935
f 818/1022/912 816/1020/910 706/1045/935 707/1046/936
f 822/1030/920 820/1026/916 708/1047/937 709/1048/938
f 824/1032/922 822/1030/920 709/1048/938 710/1049/939
f 810/1010/900 696/850/768 728/898/800 826/1014/904
f 694/848/766 806/1004/894 828/1007/897 729/899/801
f 824/1032/922 710/1049/939 729/1050/940 828/1034/924
f 705/1044/934 814/1016/906 826/1019/909 728/1051/941
f 736/1052/942 737/1053/943 832/997/887 830/992/882
f 744/913/944 745/912/945 836/1029/919 834/1024/914
f 830/992/882 798/990/880 669/1038/928 736/1052/942
f 800/994/884 832/997/887 737/1053/943 670/1039/929
f 834/1024/914 818/1022/912 707/1046/936 744/913/944
f 820/1026/916 836/1029/919 745/912/945 708/1047/937
f 752/936/826 750/932/822 795/985/875 797/989/879
f 755/938/828 752/936/826 797/989/879 799/991/881
f 758/946/836 756/942/832 801/995/885 803/999/889
f 761/948/838 758/946/836 803/999/889 805/1001/891
f 762/952/842 807/1005/895 809/1009/899 765/956/846
f 811/1011/901 767/959/849 768/963/853 813/1012/902
f 761/948/838 805/1001/891 813/1003/893 768/950/840
f 795/985/875 750/932/822 765/935/825 809/986/876
f 772/968/858 770/964/854 815/1017/907 817/1021/911
f 775/970/860 772/968/858 817/1021/911 819/1023/913
f 778/978/868 776/974/864 821/1027/917 823/1031/921
f 781/980/870 778/978/868 823/1031/921 825/1033/923
f 767/959/849 811/1011/901 827/1015/905 783/960/850
f 807/1005/895 762/952/842 784/955/845 829/1006/896
f 781/980/870 825/1033/923 829/1035/925 784/982/872
f 815/1017/907 770/964/854 783/967/857 827/1018/908
f 831/993/883 833/996/886 789/945/835 786/940/830
f 835/1025/915 837/1028/918 793/977/867 790/972/862
f 786/940/830 755/938/828 799/991/881 831/993/883
f 756/942/832 789/945/835 833/996/886 801/995/885
f 790/972/862 775/970/860 819/1023/913 835/1025/915
f 776/974/864 793/977/867 837/1028/918 821/1027/917
s 61
f 838/1054/946 839/1055/947 853/1056/948 852/1057/949
f 839/1055/947 840/1058/950 854/1059/951 853/1056/948
f 841/1060/952 842/1061/953 856/1062/954 855/1063/955
f 842/1061/953 843/1064/956 857/1065/957 856/1062/954
f 845/1066/958 846/1067/959 860/1068/960 859/1069/961
f 846/1067/959 847/1070/962 861/1071/963 860/1068/960
f 848/1072/964 849/1073/965 863/1074/966 862/1075/967
f 849/1073/965 850/1076/968 864/1077/969 863/1074/966
f 853/1056/948 854/1059/951 875/1078/970 876/1079/971
f 855/1063/955 856/1062/954 873/1080/972 874/1081/973
f 852/1057/949 853/1056/948 876/1079/971 877/1082/974
f 856/1062/954 857/1065/957 872/1083/975 873/1080/972
f 873/1080/972 872/1083/975 866/1084/976 867/1085/977
f 874/1081/973 873/1080/972 867/1085/977 868/1086/978
f 876/1079/971 875/1078/970 869/1087/979 870/1088/980
f 877/1082/974 876/1079/971 870/1088/980 871/1089/981
f 878/1090/982 879/1091/983 883/1092/984 882/1093/985
f 880/1094/986 881/1095/987 885/1096/988 884/1097/989
f 879/1091/983 838/1098/946 852/1099/949 883/1092/984
f 843/1100/956 880/1094/986 884/1097/989 857/1101/957
f 881/1095/987 844/1102/990 858/1103/991 885/1096/988
f 851/1104/992 878/1090/982 882/1093/985 865/1105/993
f 852/1057/949 877/1082/974 882/1106/985 883/1107/984
f 872/1083/975 857/1065/957 884/1108/989 885/1109/988
f 865/1110/993 882/1106/985 877/1082/974 871/1089/981
f 866/1084/976 872/1083/975 885/1109/988 858/1111/991
f 886/1112/994 845/1066/958 859/1069/961 887/1113/995
f 850/1076/968 888/1114/996 889/1115/997 864/1077/969
f 843/1100/956 842/1116/953 891/1117/998 890/1118/999
f 842/1119/953 841/1120/952 892/1121/1000 891/1122/998
f 840/1123/950 839/1124/947 894/1125/1001 893/1126/1002
f 839/1127/947 838/1098/946 895/1128/1003 894/1129/1001
f 850/1076/968 849/1073/965 898/1130/1004 897/1131/1005
f 849/1073/965 848/1072/964 899/1132/1006 898/1130/1004
f 847/1070/962 846/1067/959 901/1133/1007 900/1134/1008
f 846/1067/959 845/1066/958 902/1135/1009 901/1133/1007
f 891/1122/998 892/1121/1000 913/1136/1010 914/1137/1011
f 893/1126/1002 894/1125/1001 911/1138/1012 912/1139/1013
f 890/1140/999 891/1122/998 914/1137/1011 915/1141/1014
f 894/1125/1001 895/1142/1003 910/1143/1015 911/1138/1012
f 911/1138/1012 910/1143/1015 904/1144/1016 905/1145/1017
f 912/1139/1013 911/1138/1012 905/1145/1017 906/1146/1018
f 914/1137/1011 913/1136/1010 907/1147/1019 908/1148/1020
f 915/1141/1014 914/1137/1011 908/1148/1020 909/1149/1021
f 881/1095/987 880/1094/986 917/1150/1022 916/1151/1023
f 879/1091/983 878/1090/982 919/1152/1024 918/1153/1025
f 880/1094/986 843/1100/956 890/1118/999 917/1150/1022
f 838/1098/946 879/1091/983 918/1153/1025 895/1128/1003
f 878/1090/982 851/1104/992 896/1154/1026 919/1152/1024
f 844/1102/990 881/1095/987 916/1151/1023 903/1155/1027
f 890/1140/999 915/1141/1014 916/1156/1023 917/1157/1022
f 910/1143/1015 895/1142/1003 918/1158/1025 919/1159/1024
f 903/1160/1027 916/1156/1023 915/1141/1014 909/1149/1021
f 904/1144/1016 910/1143/1015 919/1159/1024 896/1161/1026
f 888/1114/996 850/1076/968 897/1131/1005 920/1162/1028
f 845/1066/958 886/1112/994 921/1163/1029 902/1135/1009
f 922/1164/1030 923/1165/1031 935/1166/1032 934/1167/1033
f 923/1168/1031 922/1169/1030 925/1170/1034 924/1171/1035
f 924/1171/1035 925/1170/1034 930/1172/1036 931/1173/1037
f 926/1174/1038 927/1175/1039 937/1176/1040 936/1177/1041
f 927/1178/1039 926/1179/1038 929/1180/1042 928/1181/1043
f 931/1173/1037 930/1172/1036 932/1182/1044 933/1183/1045
f 934/1167/1033 935/1166/1032 938/1184/1046 939/1185/1047
f 939/1185/1047 938/1184/1046 940/1186/1048 941/1187/1049
f 840/1058/950 923/1168/1031 924/1171/1035 854/1059/951
f 922/1169/1030 841/1060/952 855/1063/955 925/1170/1034
f 847/1188/962 927/1178/1039 928/1181/1043 861/1189/963
f 926/1179/1038 848/1190/964 862/1191/967 929/1180/1042
f 854/1059/951 924/1171/1035 931/1173/1037 875/1078/970
f 925/1170/1034 855/1063/955 874/1081/973 930/1172/1036
f 930/1172/1036 874/1081/973 868/1086/978 932/1182/1044
f 875/1078/970 931/1173/1037 933/1183/1045 869/1087/979
f 841/1120/952 922/1164/1030 934/1167/1033 892/1121/1000
f 923/1165/1031 840/1123/950 893/1126/1002 935/1166/1032
f 848/1072/964 926/1192/1038 936/1193/1041 899/1132/1006
f 927/1194/1039 847/1070/962 900/1134/1008 937/1195/1040
f 892/1121/1000 934/1167/1033 939/1185/1047 913/1136/1010
f 935/1166/1032 893/1126/1002 912/1139/1013 938/1184/1046
f 938/1184/1046 912/1139/1013 906/1146/1018 940/1186/1048
f 913/1136/1010 939/1185/1047 941/1187/1049 907/1147/1019
f 942/1196/1050 943/1197/1051 956/1198/1052 957/1199/1053
f 943/1197/1051 942/1196/1050 944/1200/1054 945/1201/1055
f 945/1201/1055 944/1200/1054 947/1202/1056 946/1203/1057
f 946/1203/1057 947/1202/1056 978/1204/1058 979/1205/1059
f 948/1206/1060 949/1207/1061 980/1208/1062 981/1209/1063
f 949/1207/1061 948/1206/1060 950/1210/1064 951/1211/1065
f 951/1211/1065 950/1210/1064 953/1212/1066 952/1213/1067
f 952/1213/1067 953/1212/1066 960/1214/1068 961/1215/1069
f 954/1216/1070 955/1217/1071 977/1218/1072 976/1219/1073
f 955/1217/1071 954/1216/1070 957/1220/1074 956/1221/1075
f 958/1222/1076 959/1223/1077 975/1224/1078 974/1225/1079
f 959/1223/1077 958/1222/1076 961/1226/1080 960/1227/1081
f 962/1228/1082 963/1229/1083 974/1230/1084 975/1231/1085
f 963/1229/1083 962/1228/1082 964/1232/1086 965/1233/1087
f 965/1233/1087 964/1232/1086 967/1234/1088 966/1235/1089
f 966/1235/1089 967/1234/1088 982/1236/1090 983/1237/1091
f 968/1238/1092 969/1239/1093 984/1240/1094 985/1241/1095
f 969/1239/1093 968/1238/1092 970/1242/1096 971/1243/1097
f 971/1243/1097 970/1242/1096 973/1244/1098 972/1245/1099
f 972/1245/1099 973/1244/1098 976/1246/1100 977/1247/1101
f 979/1205/1059 978/1204/1058 981/1209/1063 980/1208/1062
f 983/1237/1091 982/1236/1090 985/1241/1095 984/1240/1094
f 867/1085/977 866/1084/976 943/1197/1051 945/1201/1055
f 868/1086/978 867/1085/977 945/1201/1055 946/1203/1057
f 870/1088/980 869/1087/979 949/1207/1061 951/1211/1065
f 871/1089/981 870/1088/980 951/1211/1065 952/1213/1067
f 844/1102/990 955/1217/1071 956/1221/1075 858/1103/991
f 958/1222/1076 851/1104/992 865/1105/993 961/1226/1080
f 871/1089/981 952/1213/1067 961/1215/1069 865/1110/993
f 858/1111/991 956/1198/1052 943/1197/1051 866/1084/976
f 905/1145/1017 904/1144/1016 963/1229/1083 965/1233/1087
f 906/1146/1018 905/1145/1017 965/1233/1087 966/1235/1089
f 908/1148/1020 907/1147/1019 969/1239/1093 971/1243/1097
f 909/1149/1021 908/1148/1020 971/1243/1097 972/1245/1099
f 851/1104/992 958/1222/1076 974/1225/1079 896/1154/1026
f 955/1217/1071 844/1102/990 903/1155/1027 977/1218/1072
f 909/1149/1021 972/1245/1099 977/1247/1101 903/1160/1027
f 896/1161/1026 974/1230/1084 963/1229/1083 904/1144/1016
f 979/1205/1059 980/1208/1062 933/1183/1045 932/1182/1044
f 983/1237/1091 984/1240/1094 941/1187/1049 940/1186/1048
f 932/1182/1044 868/1086/978 946/1203/1057 979/1205/1059
f 869/1087/979 933/1183/1045 980/1208/1062 949/1207/1061
f 940/1186/1048 906/1146/1018 966/1235/1089 983/1237/1091
f 907/1147/1019 941/1187/1049 984/1240/1094 969/1239/1093
f 986/1248/1102 987/1249/1103 1001/1250/1104 1000/1251/1105
f 987/1249/1103 986/1248/1102 988/1252/1106 989/1253/1107
f 989/1253/1107 988/1252/1106 990/1254/1108 991/1255/1109
f 991/1255/1109 990/1254/1108 1022/1256/1110 1023/1257/1111
f 992/1258/1112 993/1259/1113 1025/1260/1114 1024/1261/1115
f 993/1259/1113 992/1258/1112 994/1262/1116 995/1263/1117
f 995/1263/1117 994/1262/1116 996/1264/1118 997/1265/1119
f 997/1265/1119 996/1264/1118 1004/1266/1120 1005/1267/1121
f 998/1268/1122 999/1269/1123 1021/1270/1124 1020/1271/1125
f 999/1269/1123 998/1268/1122 1000/1272/1126 1001/1273/1127
f 1002/1274/1128 1003/1275/1129 1005/1276/1130 1004/1277/1131
f 1003/1275/1129 1002/1274/1128 1018/1278/1132 1019/1279/1133
f 1006/1280/1134 1007/1281/1135 1019/1282/1136 1018/1283/1137
f 1007/1281/1135 1006/1280/1134 1008/1284/1138 1009/1285/1139
f 1009/1285/1139 1008/1284/1138 1010/1286/1140 1011/1287/1141
f 1011/1287/1141 1010/1286/1140 1026/1288/1142 1027/1289/1143
f 1012/1290/1144 1013/1291/1145 1029/1292/1146 1028/1293/1147
f 1013/1291/1145 1012/1290/1144 1014/1294/1148 1015/1295/1149
f 1015/1295/1149 1014/1294/1148 1016/1296/1150 1017/1297/1151
f 1017/1297/1151 1016/1296/1150 1020/1298/1152 1021/1299/1153
f 1023/1257/1111 1022/1256/1110 1024/1261/1115 1025/1260/1114
f 1027/1289/1143 1026/1288/1142 1028/1293/1147 1029/1292/1146
f 988/1252/1106 986/1248/1102 859/1300/1154 860/1301/1155
f 990/1254/1108 988/1252/1106 860/1301/1155 861/1302/1156
f 994/1262/1116 992/1258/1112 862/1303/1157 863/1304/1158
f 996/1264/1118 994/1262/1116 863/1304/1158 864/1305/1159
f 998/1268/1122 886/1112/994 887/1113/995 1000/1272/1126
f 888/1114/996 1002/1274/1128 1004/1277/1131 889/1115/997
f 996/1264/1118 864/1305/1159 889/1306/1160 1004/1266/1120
f 859/1300/1154 986/1248/1102 1000/1251/1105 887/1307/1161
f 1008/1284/1138 1006/1280/1134 897/1308/1162 898/1309/1163
f 1010/1286/1140 1008/1284/1138 898/1309/1163 899/1310/1164
f 1014/1294/1148 1012/1290/1144 900/1311/1165 901/1312/1166
f 1016/1296/1150 1014/1294/1148 901/1312/1166 902/1313/1167
f 1002/1274/1128 888/1114/996 920/1162/1028 1018/1278/1132
f 886/1112/994 998/1268/1122 1020/1271/1125 921/1163/1029
f 1016/1296/1150 902/1313/1167 921/1314/1168 1020/1298/1152
f 897/1308/1162 1006/1280/1134 1018/1283/1137 920/1315/1169
f 928/1316/1170 929/1317/1171 1024/1261/1115 1022/1256/1110
f 936/1177/1172 937/1176/1173 1028/1293/1147 1026/1288/1142
f 1022/1256/1110 990/1254/1108 861/1302/1156 928/1316/1170
f 992/1258/1112 1024/1261/1115 929/1317/1171 862/1303/1157
f 1026/1288/1142 1010/1286/1140 899/1310/1164 936/1177/1172
f 1012/1290/1144 1028/1293/1147 937/1176/1173 900/1311/1165
f 944/1200/1054 942/1196/1050 987/1249/1103 989/1253/1107
f 947/1202/1056 944/1200/1054 989/1253/1107 991/1255/1109
f 950/1210/1064 948/1206/1060 993/1259/1113 995/1263/1117
f 953/1212/1066 950/1210/1064 995/1263/1117 997/1265/1119
f 954/1216/1070 999/1269/1123 1001/1273/1127 957/1220/1074
f 1003/1275/1129 959/1223/1077 960/1227/1081 1005/1276/1130
f 953/1212/1066 997/1265/1119 1005/1267/1121 960/1214/1068
f 987/1249/1103 942/1196/1050 957/1199/1053 1001/1250/1104
f 964/1232/1086 962/1228/1082 1007/1281/1135 1009/1285/1139
f 967/1234/1088 964/1232/1086 1009/1285/1139 1011/1287/1141
f 970/1242/1096 968/1238/1092 1013/1291/1145 1015/1295/1149
f 973/1244/1098 970/1242/1096 1015/1295/1149 1017/1297/1151
f 959/1223/1077 1003/1275/1129 1019/1279/1133 975/1224/1078
f 999/1269/1123 954/1216/1070 976/1219/1073 1021/1270/1124
f 973/1244/1098 1017/1297/1151 1021/1299/1153 976/1246/1100
f 1007/1281/1135 962/1228/1082 975/1231/1085 1019/1282/1136
f 1023/1257/1111 1025/1260/1114 981/1209/1063 978/1204/1058
f 1027/1289/1143 1029/1292/1146 985/1241/1095 982/1236/1090
f 978/1204/1058 947/1202/1056 991/1255/1109 1023/1257/1111
f 948/1206/1060 981/1209/1063 1025/1260/1114 993/1259/1113
f 982/1236/1090 967/1234/1088 1011/1287/1141 1027/1289/1143
f 968/1238/1092 985/1241/1095 1029/1292/1146 1013/1291/1145
s 81
f 1030/1318/1174 1031/1319/1175 1045/1320/1176 1044/1321/1177
f 1031/1319/1175 1032/1322/1178 1046/1323/1179 1045/1320/1176
f 1033/1324/1180 1034/1325/1181 1048/1326/1182 1047/1327/1183
f 1034/1325/1181 1035/1328/1184 1049/1329/1185 1048/1326/1182
f 1037/1330/1186 1038/1331/1187 1052/1332/1188 1051/1333/1189
f 1038/1331/1187 1039/1334/1190 1053/1335/1191 1052/1332/1188
f 1040/1336/1192 1041/1337/1193 1055/1338/1194 1054/1339/1195
f 1041/1337/1193 1042/1340/1196 1056/1341/1197 1055/1338/1194
f 1045/1320/1176 1046/1323/1179 1067/1342/1198 1068/1343/1199
f 1047/1327/1183 1048/1326/1182 1065/1344/1200 1066/1345/1201
f 1044/1321/1177 1045/1320/1176 1068/1343/1199 1069/1346/1202
f 1048/1326/1182 1049/1329/1185 1064/1347/1203 1065/1344/1200
f 1065/1344/1200 1064/1347/1203 1058/1348/1204 1059/1349/1205
f 1066/1345/1201 1065/1344/1200 1059/1349/1205 1060/1350/1206
f 1068/1343/1199 1067/1342/1198 1061/1351/1207 1062/1352/1208
f 1069/1346/1202 1068/1343/1199 1062/1352/1208 1063/1353/1209
f 1070/1354/1210 1071/1355/1211 1075/1356/1212 1074/1357/1213
f 1072/1358/1214 1073/1359/1215 1077/1360/1216 1076/1361/1217
f 1071/1355/1211 1030/1362/1174 1044/1363/1177 1075/1356/1212
f 1035/1364/1184 1072/1358/1214 1076/1361/1217 1049/1365/1185
f 1073/1359/1215 1036/1366/1218 1050/1367/1219 1077/1360/1216
f 1043/1368/1220 1070/1354/1210 1074/1357/1213 1057/1369/1221
f 1044/1321/1177 1069/1346/1202 1074/1370/1213 1075/1371/1212
f 1064/1347/1203 1049/1329/1185 1076/1372/1217 1077/1373/1216
f 1057/1374/1221 1074/1370/1213 1069/1346/1202 1063/1353/1209
f 1058/1348/1204 1064/1347/1203 1077/1373/1216 1050/1375/1219
f 1078/1376/1222 1037/1330/1186 1051/1333/1189 1079/1377/1223
f 1042/1340/1196 1080/1378/1224 1081/1379/1225 1056/1341/1197
f 1035/1364/1184 1034/1380/1181 1083/1381/1226 1082/1382/1227
f 1034/1383/1181 1033/1384/1180 1084/1385/1228 1083/1386/1226
f 1032/1387/1178 1031/1388/1175 1086/1389/1229 1085/1390/1230
f 1031/1391/1175 1030/1362/1174 1087/1392/1231 1086/1393/1229
f 1042/1340/1196 1041/1337/1193 1090/1394/1232 1089/1395/1233
f 1041/1337/1193 1040/1336/1192 1091/1396/1234 1090/1394/1232
f 1039/1334/1190 1038/1331/1187 1093/1397/1235 1092/1398/1236
f 1038/1331/1187 1037/1330/1186 1094/1399/1237 1093/1397/1235
f 1083/1386/1226 1084/1385/1228 1105/1400/1238 1106/1401/1239
f 1085/1390/1230 1086/1389/1229 1103/1402/1240 1104/1403/1241
f 1082/1404/1227 1083/1386/1226 1106/1401/1239 1107/1405/1242
f 1086/1389/1229 1087/1406/1231 1102/1407/1243 1103/1402/1240
f 1103/1402/1240 1102/1407/1243 1096/1408/1244 1097/1409/1245
f 1104/1403/1241 1103/1402/1240 1097/1409/1245 1098/1410/1246
f 1106/1401/1239 1105/1400/1238 1099/1411/1247 1100/1412/1248
f 1107/1405/1242 1106/1401/1239 1100/1412/1248 1101/1413/1249
f 1073/1359/1215 1072/1358/1214 1109/1414/1250 1108/1415/1251
f 1071/1355/1211 1070/1354/1210 1111/1416/1252 1110/1417/1253
f 1072/1358/1214 1035/1364/1184 1082/1382/1227 1109/1414/1250
f 1030/1362/1174 1071/1355/1211 1110/1417/1253 1087/1392/1231
f 1070/1354/1210 1043/1368/1220 1088/1418/1254 1111/1416/1252
f 1036/1366/1218 1073/1359/1215 1108/1415/1251 1095/1419/1255
f 1082/1404/1227 1107/1405/1242 1108/1420/1251 1109/1421/1250
f 1102/1407/1243 1087/1406/1231 1110/1422/1253 1111/1423/1252
f 1095/1424/1255 1108/1420/1251 1107/1405/1242 1101/1413/1249
f 1096/1408/1244 1102/1407/1243 1111/1423/1252 1088/1425/1254
f 1080/1378/1224 1042/1340/1196 1089/1395/1233 1112/1426/1256
f 1037/1330/1186 1078/1376/1222 1113/1427/1257 1094/1399/1237
f 1114/1428/1258 1115/1429/1259 1127/1430/1260 1126/1431/1261
f 1115/1432/1259 1114/1433/1258 1117/1434/1262 1116/1435/1263
f 1116/1435/1263 1117/1434/1262 1122/1436/1264 1123/1437/1265
f 1118/1438/1266 1119/1439/1267 1129/1440/1268 1128/1441/1269
f 1119/1442/1267 1118/1443/1266 1121/1444/1270 1120/1445/1271
f 1123/1437/1265 1122/1436/1264 1124/1446/1272 1125/1447/1273
f 1126/1431/1261 1127/1430/1260 1130/1448/1274 1131/1449/1275
f 1131/1449/1275 1130/1448/1274 1132/1450/1276 1133/1451/1277
f 1032/1322/1178 1115/1432/1259 1116/1435/1263 1046/1323/1179
f 1114/1433/1258 1033/1324/1180 1047/1327/1183 1117/1434/1262
f 1039/1452/1190 1119/1442/1267 1120/1445/1271 1053/1453/1191
f 1118/1443/1266 1040/1454/1192 1054/1455/1195 1121/1444/1270
f 1046/1323/1179 1116/1435/1263 1123/1437/1265 1067/1342/1198
f 1117/1434/1262 1047/1327/1183 1066/1345/1201 1122/1436/1264
f 1122/1436/1264 1066/1345/1201 1060/1350/1206 1124/1446/1272
f 1067/1342/1198 1123/1437/1265 1125/1447/1273 1061/1351/1207
f 1033/1384/1180 1114/1428/1258 1126/1431/1261 1084/1385/1228
f 1115/1429/1259 1032/1387/1178 1085/1390/1230 1127/1430/1260
f 1040/1336/1192 1118/1456/1266 1128/1457/1269 1091/1396/1234
f 1119/1458/1267 1039/1334/1190 1092/1398/1236 1129/1459/1268
f 1084/1385/1228 1126/1431/1261 1131/1449/1275 1105/1400/1238
f 1127/1430/1260 1085/1390/1230 1104/1403/1241 1130/1448/1274
f 1130/1448/1274 1104/1403/1241 1098/1410/1246 1132/1450/1276
f 1105/1400/1238 1131/1449/1275 1133/1451/1277 1099/1411/1247
f 1134/1460/1278 1135/1461/1279 1148/1462/1280 1149/1463/1281
f 1135/1461/1279 1134/1460/1278 1136/1464/1282 1137/1465/1283
f 1137/1465/1283 1136/1464/1282 1139/1466/1284 1138/1467/1285
f 1138/1467/1285 1139/1466/1284 1170/1468/1286 1171/1469/1287
f 1140/1470/1288 1141/1471/1289 1172/1472/1290 1173/1473/1291
f 1141/1471/1289 1140/1470/1288 1142/1474/1292 1143/1475/1293
f 1143/1475/1293 1142/1474/1292 1145/1476/1294 1144/1477/1295
f 1144/1477/1295 1145/1476/1294 1152/1478/1296 1153/1479/1297
f 1146/1480/1298 1147/1481/1299 1169/1482/1300 1168/1483/1301
f 1147/1481/1299 1146/1480/1298 1149/1484/1302 1148/1485/1303
f 1150/1486/1304 1151/1487/1305 1167/1488/1306 1166/1489/1307
f 1151/1487/1305 1150/1486/1304 1153/1490/1308 1152/1491/1309
f 1154/1492/1310 1155/1493/1311 1166/1494/1312 1167/1495/1313
f 1155/1493/1311 1154/1492/1310 1156/1496/1314 1157/1497/1315
f 1157/1497/1315 1156/1496/1314 1159/1498/1316 1158/1499/1317
f 1158/1499/1317 1159/1498/1316 1174/1500/1318 1175/1501/1319
f 1160/1502/1320 1161/1503/1321 1176/1504/1322 1177/1505/1323
f 1161/1503/1321 1160/1502/1320 1162/1506/1324 1163/1507/1325
f 1163/1507/1325 1162/1506/1324 1165/1508/1326 1164/1509/1327
f 1164/1509/1327 1165/1508/1326 1168/1510/1328 1169/1511/1329
f 1171/1469/1287 1170/1468/1286 1173/1473/1291 1172/1472/1290
f 1175/1501/1319 1174/1500/1318 1177/1505/1323 1176/1504/1322
f 1059/1349/1205 1058/1348/1204 1135/1461/1279 1137/1465/1283
f 1060/1350/1206 1059/1349/1205 1137/1465/1283 1138/1467/1285
f 1062/1352/1208 1061/1351/1207 1141/1471/1289 1143/1475/1293
f 1063/1353/1209 1062/1352/1208 1143/1475/1293 1144/1477/1295
f 1036/1366/1218 1147/1481/1299 1148/1485/1303 1050/1367/1219
f 1150/1486/1304 1043/1368/1220 1057/1369/1221 1153/1490/1308
f 1063/1353/1209 1144/1477/1295 1153/1479/1297 1057/1374/1221
f 1050/1375/1219 1148/1462/1280 1135/1461/1279 1058/1348/1204
f 1097/1409/1245 1096/1408/1244 1155/1493/1311 1157/1497/1315
f 1098/1410/1246 1097/1409/1245 1157/1497/1315 1158/1499/1317
f 1100/1412/1248 1099/1411/1247 1161/1503/1321 1163/1507/1325
f 1101/1413/1249 1100/1412/1248 1163/1507/1325 1164/1509/1327
f 1043/1368/1220 1150/1486/1304 1166/1489/1307 1088/1418/1254
f 1147/1481/1299 1036/1366/1218 1095/1419/1255 1169/1482/1300
f 1101/1413/1249 1164/1509/1327 1169/1511/1329 1095/1424/1255
f 1088/1425/1254 1166/1494/1312 1155/1493/1311 1096/1408/1244
f 1171/1469/1287 1172/1472/1290 1125/1447/1273 1124/1446/1272
f 1175/1501/1319 1176/1504/1322 1133/1451/1277 1132/1450/1276
f 1124/1446/1272 1060/1350/1206 1138/1467/1285 1171/1469/1287
f 1061/1351/1207 1125/1447/1273 1172/1472/1290 1141/1471/1289
f 1132/1450/1276 1098/1410/1246 1158/1499/1317 1175/1501/1319
f 1099/1411/1247 1133/1451/1277 1176/1504/1322 1161/1503/1321
f 1178/1512/1330 1179/1513/1331 1193/1514/1332 1192/1515/1333
f 1179/1513/1331 1178/1512/1330 1180/1516/1334 1181/1517/1335
f 1181/1517/1335 1180/1516/1334 1182/1518/1336 1183/1519/1337
f 1183/1519/1337 1182/1518/1336 1214/1520/1338 1215/1521/1339
f 1184/1522/1340 1185/1523/1341 1217/1524/1342 1216/1525/1343
f 1185/1523/1341 1184/1522/1340 1186/1526/1344 1187/1527/1345
f 1187/1527/1345 1186/1526/1344 1188/1528/1346 1189/1529/1347
f 1189/1529/1347 1188/1528/1346 1196/1530/1348 1197/1531/1349
f 1190/1532/1350 1191/1533/1351 1213/1534/1352 1212/1535/1353
f 1191/1533/1351 1190/1532/1350 1192/1536/1354 1193/1537/1355
f 1194/1538/1356 1195/1539/1357 1197/1540/1358 1196/1541/1359
f 1195/1539/1357 1194/1538/1356 1210/1542/1360 1211/1543/1361
f 1198/1544/1362 1199/1545/1363 1211/1546/1364 1210/1547/1365
f 1199/1545/1363 1198/1544/1362 1200/1548/1366 1201/1549/1367
f 1201/1549/1367 1200/1548/1366 1202/1550/1368 1203/1551/1369
f 1203/1551/1369 1202/1550/1368 1218/1552/1370 1219/1553/1371
f 1204/1554/1372 1205/1555/1373 1221/1556/1374 1220/1557/1375
f 1205/1555/1373 1204/1554/1372 1206/1558/1376 1207/1559/1377
f 1207/1559/1377 1206/1558/1376 1208/1560/1378 1209/1561/1379
f 1209/1561/1379 1208/1560/1378 1212/1562/1380 1213/1563/1381
f 1215/1521/1339 1214/1520/1338 1216/1525/1343 1217/1524/1342
f 1219/1553/1371 1218/1552/1370 1220/1557/1375 1221/1556/1374
f 1180/1516/1334 1178/1512/1330 1051/1564/1382 1052/1565/1383
f 1182/1518/1336 1180/1516/1334 1052/1565/1383 1053/1566/1384
f 1186/1526/1344 1184/1522/1340 1054/1567/1385 1055/1568/1386
f 1188/1528/1346 1186/1526/1344 1055/1568/1386 1056/1569/1387
f 1190/1532/1350 1078/1376/1222 1079/1377/1223 1192/1536/1354
f 1080/1378/1224 1194/1538/1356 1196/1541/1359 1081/1379/1225
f 1188/1528/1346 1056/1569/1387 1081/1570/1388 1196/1530/1348
f 1051/1564/1382 1178/1512/1330 1192/1515/1333 1079/1571/1389
f 1200/1548/1366 1198/1544/1362 1089/1572/1390 1090/1573/1391
f 1202/1550/1368 1200/1548/1366 1090/1573/1391 1091/1574/1392
f 1206/1558/1376 1204/1554/1372 1092/1575/1393 1093/1576/1394
f 1208/1560/1378 1206/1558/1376 1093/1576/1394 1094/1577/1395
f 1194/1538/1356 1080/1378/1224 1112/1426/1256 1210/1542/1360
f 1078/1376/1222 1190/1532/1350 1212/1535/1353 1113/1427/1257
f 1208/1560/1378 1094/1577/1395 1113/1578/1396 1212/1562/1380
f 1089/1572/1390 1198/1544/1362 1210/1547/1365 1112/1579/1397
f 1120/1580/1398 1121/1581/1399 1216/1525/1343 1214/1520/1338
f 1128/1441/1400 1129/1440/1401 1220/1557/1375 1218/1552/1370
f 1214/1520/1338 1182/1518/1336 1053/1566/1384 1120/1580/1398
f 1184/1522/1340 1216/1525/1343 1121/1581/1399 1054/1567/1385
f 1218/1552/1370 1202/1550/1368 1091/1574/1392 1128/1441/1400
f 1204/1554/1372 1220/1557/1375 1129/1440/1401 1092/1575/1393
f 1136/1464/1282 1134/1460/1278 1179/1513/1331 1181/1517/1335
f 1139/1466/1284 1136/1464/1282 1181/1517/1335 1183/1519/1337
f 1142/1474/1292 1140/1470/1288 1185/1523/1341 1187/1527/1345
f 1145/1476/1294 1142/1474/1292 1187/1527/1345 1189/1529/1347
f 1146/1480/1298 1191/1533/1351 1193/1537/1355 1149/1484/1302
f 1195/1539/1357 1151/1487/1305 1152/1491/1309 1197/1540/1358
f 1145/1476/1294 1189/1529/1347 1197/1531/1349 1152/1478/1296
f 1179/1513/1331 1134/1460/1278 1149/1463/1281 1193/1514/1332
f 1156/1496/1314 1154/1492/1310 1199/1545/1363 1201/1549/1367
f 1159/1498/1316 1156/1496/1314 1201/1549/1367 1203/1551/1369
f 1162/1506/1324 1160/1502/1320 1205/1555/1373 1207/1559/1377
f 1165/1508/1326 1162/1506/1324 1207/1559/1377 1209/1561/1379
f 1151/1487/1305 1195/1539/1357 1211/1543/1361 1167/1488/1306
f 1191/1533/1351 1146/1480/1298 1168/1483/1301 1213/1534/1352
f 1165/1508/1326 1209/1561/1379 1213/1563/1381 1168/1510/1328
f 1199/1545/1363 1154/1492/1310 1167/1495/1313 1211/1546/1364
f 1215/1521/1339 1217/1524/1342 1173/1473/1291 1170/1468/1286
f 1219/1553/1371 1221/1556/1374 1177/1505/1323 1174/1500/1318
f 1170/1468/1286 1139/1466/1284 1183/1519/1337 1215/1521/1339
f 1140/1470/1288 1173/1473/1291 1217/1524/1342 1185/1523/1341
f 1174/1500/1318 1159/1498/1316 1203/1551/1369 1219/1553/1371
f 1160/1502/1320 1177/1505/1323 1221/1556/1374 1205/1555/1373
s 101
f 1222/1582/1402 1223/1583/1403 1237/1584/1404 1236/1585/1405
f 1223/1583/1403 1224/1586/1406 1238/1587/1407 1237/1584/1404
f 1225/1588/1408 1226/1589/1409 1240/1590/1410 1239/1591/1411
f 1226/1589/1409 1227/1592/1412 1241/1593/1413 1240/1590/1410
f 1229/1594/1414 1230/1595/1415 1244/1596/1416 1243/1597/1417
f 1230/1595/1415 1231/1598/1418 1245/1599/1419 1244/1596/1416
f 1232/1600/1420 1233/1601/1421 1247/1602/1422 1246/1603/1423
f 1233/1601/1421 1234/1604/1424 1248/1605/1425 1247/1602/1422
f 1237/1584/1404 1238/1587/1407 1259/1606/1426 1260/1607/1427
f 1239/1591/1411 1240/1590/1410 1257/1608/1428 1258/1609/1429
f 1236/1585/1405 1237/1584/1404 1260/1607/1427 1261/1610/1430
f 1240/1590/1410 1241/1593/1413 1256/1611/1431 1257/1608/1428
f 1257/1608/1428 1256/1611/1431 1250/1612/1432 1251/1613/1433
f 1258/1609/1429 1257/1608/1428 1251/1613/1433 1252/1614/1434
f 1260/1607/1427 1259/1606/1426 1253/1615/1435 1254/1616/1436
f 1261/1610/1430 1260/1607/1427 1254/1616/1436 1255/1617/1437
f 1262/1618/1438 1263/1619/1439 1267/1620/1440 1266/1621/1441
f 1264/1622/1442 1265/1623/1443 1269/1624/1444 1268/1625/1445
f 1263/1619/1439 1222/1626/1402 1236/1627/1405 1267/1620/1440
f 1227/1628/1412 1264/1622/1442 1268/1625/1445 1241/1629/1413
f 1265/1623/1443 1228/1630/1446 1242/1631/1447 1269/1624/1444
f 1235/1632/1448 1262/1618/1438 1266/1621/1441 1249/1633/1449
f 1236/1585/1405 1261/1610/1430 1266/1634/1441 1267/1635/1440
f 1256/1611/1431 1241/1593/1413 1268/1636/1445 1269/1637/1444
f 1249/1638/1449 1266/1634/1441 1261/1610/1430 1255/1617/1437
f 1250/1612/1432 1256/1611/1431 1269/1637/1444 1242/1639/1447
f 1270/1640/1450 1229/1594/1414 1243/1597/1417 1271/1641/1451
f 1234/1604/1424 1272/1642/1452 1273/1643/1453 1248/1605/1425
f 1227/1628/1412 1226/1644/1409 1275/1645/1454 1274/1646/1455
f 1226/1647/1409 1225/1648/1408 1276/1649/1456 1275/1650/1454
f 1224/1651/1406 1223/1652/1403 1278/1653/1457 1277/1654/1458
f 1223/1655/1403 1222/1626/1402 1279/1656/1459 1278/1657/1457
f 1234/1604/1424 1233/1601/1421 1282/1658/1460 1281/1659/1461
f 1233/1601/1421 1232/1600/1420 1283/1660/1462 1282/1658/1460
f 1231/1598/1418 1230/1595/1415 1285/1661/1463 1284/1662/1464
f 1230/1595/1415 1229/1594/1414 1286/1663/1465 1285/1661/1463
f 1275/1650/1454 1276/1649/1456 1297/1664/1466 1298/1665/1467
f 1277/1654/1458 1278/1653/1457 1295/1666/1468 1296/1667/1469
f 1274/1668/1455 1275/1650/1454 1298/1665/1467 1299/1669/1470
f 1278/1653/1457 1279/1670/1459 1294/1671/1471 1295/1666/1468
f 1295/1666/1468 1294/1671/1471 1288/1672/1472 1289/1673/1473
f 1296/1667/1469 1295/1666/1468 1289/1673/1473 1290/1674/1474
f 1298/1665/1467 1297/1664/1466 1291/1675/1475 1292/1676/1476
f 1299/1669/1470 1298/1665/1467 1292/1676/1476 1293/1677/1477
f 1265/1623/1443 1264/1622/1442 1301/1678/1478 1300/1679/1479
f 1263/1619/1439 1262/1618/1438 1303/1680/1480 1302/1681/1481
f 1264/1622/1442 1227/1628/1412 1274/1646/1455 1301/1678/1478
f 1222/1626/1402 1263/1619/1439 1302/1681/1481 1279/1656/1459
f 1262/1618/1438 1235/1632/1448 1280/1682/1482 1303/1680/1480
f 1228/1630/1446 1265/1623/1443 1300/1679/1479 1287/1683/1483
f 1274/1668/1455 1299/1669/1470 1300/1684/1479 1301/1685/1478
f 1294/1671/1471 1279/1670/1459 1302/1686/1481 1303/1687/1480
f 1287/1688/1483 1300/1684/1479 1299/1669/1470 1293/1677/1477
f 1288/1672/1472 1294/1671/1471 1303/1687/1480 1280/1689/1482
f 1272/1642/1452 1234/1604/1424 1281/1659/1461 1304/1690/1484
f 1229/1594/1414 1270/1640/1450 1305/1691/1485 1286/1663/1465
f 1306/1692/1486 1307/1693/1487 1319/1694/1488 1318/1695/1489
f 1307/1696/1487 1306/1697/1486 1309/1698/1490 1308/1699/1491
f 1308/1699/1491 1309/1698/1490 1314/1700/1492 1315/1701/1493
f 1310/1702/1494 1311/1703/1495 1321/1704/1496 1320/1705/1497
f 1311/1706/1495 1310/1707/1494 1313/1708/1498 1312/1709/1499
f 1315/1701/1493 1314/1700/1492 1316/1710/1500 1317/1711/1501
f 1318/1695/1489 1319/1694/1488 1322/1712/1502 1323/1713/1503
f 1323/1713/1503 1322/1712/1502 1324/1714/1504 1325/1715/1505
f 1224/1586/1406 1307/1696/1487 1308/1699/1491 1238/1587/1407
f 1306/1697/1486 1225/1588/1408 1239/1591/1411 1309/1698/1490
f 1231/1716/1418 1311/1706/1495 1312/1709/1499 1245/1717/1419
f 1310/1707/1494 1232/1718/1420 1246/1719/1423 1313/1708/1498
f 1238/1587/1407 1308/1699/1491 1315/1701/1493 1259/1606/1426
f 1309/1698/1490 1239/1591/1411 1258/1609/1429 1314/1700/1492
f 1314/1700/1492 1258/1609/1429 1252/1614/1434 1316/1710/1500
f 1259/1606/1426 1315/1701/1493 1317/1711/1501 1253/1615/1435
f 1225/1648/1408 1306/1692/1486 1318/1695/1489 1276/1649/1456
f 1307/1693/1487 1224/1651/1406 1277/1654/1458 1319/1694/1488
f 1232/1600/1420 1310/1720/1494 1320/1721/1497 1283/1660/1462
f 1311/1722/1495 1231/1598/1418 1284/1662/1464 1321/1723/1496
f 1276/1649/1456 1318/1695/1489 1323/1713/1503 1297/1664/1466
f 1319/1694/1488 1277/1654/1458 1296/1667/1469 1322/1712/1502
f 1322/1712/1502 1296/1667/1469 1290/1674/1474 1324/1714/1504
f 1297/1664/1466 1323/1713/1503 1325/1715/1505 1291/1675/1475
f 1326/1724/1506 1327/1725/1507 1340/1726/1508 1341/1727/1509
f 1327/1725/1507 1326/1724/1506 1328/1728/1510 1329/1729/1511
f 1329/1729/1511 1328/1728/1510 1331/1730/1512 1330/1731/1513
f 1330/1731/1513 1331/1730/1512 1362/1732/1514 1363/1733/1515
f 1332/1734/1516 1333/1735/1517 1364/1736/1518 1365/1737/1519
f 1333/1735/1517 1332/1734/1516 1334/1738/1520 1335/1739/1521
f 1335/1739/1521 1334/1738/1520 1337/1740/1522 1336/1741/1523
f 1336/1741/1523 1337/1740/1522 1344/1742/1524 1345/1743/1525
f 1338/1744/1526 1339/1745/1527 1361/1746/1528 1360/1747/1529
f 1339/1745/1527 1338/1744/1526 1341/1748/1530 1340/1749/1531
f 1342/1750/1532 1343/1751/1533 1359/1752/1534 1358/1753/1535
f 1343/1751/1533 1342/1750/1532 1345/1754/1536 1344/1755/1537
f 1346/1756/1538 1347/1757/1539 1358/1758/1540 1359/1759/1541
f 1347/1757/1539 1346/1756/1538 1348/1760/1542 1349/1761/1543
f 1349/1761/1543 1348/1760/1542 1351/1762/1544 1350/1763/1545
f 1350/1763/1545 1351/1762/1544 1366/1764/1546 1367/1765/1547
f 1352/1766/1548 1353/1767/1549 1368/1768/1550 1369/1769/1551
f 1353/1767/1549 1352/1766/1548 1354/1770/1552 1355/1771/1553
f 1355/1771/1553 1354/1770/1552 1357/1772/1554 1356/1773/1555
f 1356/1773/1555 1357/1772/1554 1360/1774/1556 1361/1775/1557
f 1363/1733/1515 1362/1732/1514 1365/1737/1519 1364/1736/1518
f 1367/1765/1547 1366/1764/1546 1369/1769/1551 1368/1768/1550
f 1251/1613/1433 1250/1612/1432 1327/1725/1507 1329/1729/1511
f 1252/1614/1434 1251/1613/1433 1329/1729/1511 1330/1731/1513
f 1254/1616/1436 1253/1615/1435 1333/1735/1517 1335/1739/1521
f 1255/1617/1437 1254/1616/1436 1335/1739/1521 1336/1741/1523
f 1228/1630/1446 1339/1745/1527 1340/1749/1531 1242/1631/1447
f 1342/1750/1532 1235/1632/1448 1249/1633/1449 1345/1754/1536
f 1255/1617/1437 1336/1741/1523 1345/1743/1525 1249/1638/1449
f 1242/1639/1447 1340/1726/1508 1327/1725/1507 1250/1612/1432
f 1289/1673/1473 1288/1672/1472 1347/1757/1539 1349/1761/1543
f 1290/1674/1474 1289/1673/1473 1349/1761/1543 1350/1763/1545
f 1292/1676/1476 1291/1675/1475 1353/1767/1549 1355/1771/1553
f 1293/1677/1477 1292/1676/1476 1355/1771/1553 1356/1773/1555
f 1235/1632/1448 1342/1750/1532 1358/1753/1535 1280/1682/1482
f 1339/1745/1527 1228/1630/1446 1287/1683/1483 1361/1746/1528
f 1293/1677/1477 1356/1773/1555 1361/1775/1557 1287/1688/1483
f 1280/1689/1482 1358/1758/1540 1347/1757/1539 1288/1672/1472
f 1363/1733/1515 1364/1736/1518 1317/1711/1501 1316/1710/1500
f 1367/1765/1547 1368/1768/1550 1325/1715/1505 1324/1714/1504
f 1316/1710/1500 1252/1614/1434 1330/1731/1513 1363/1733/1515
f 1253/1615/1435 1317/1711/1501 1364/1736/1518 1333/1735/1517
f 1324/1714/1504 1290/1674/1474 1350/1763/1545 1367/1765/1547
f 1291/1675/1475 1325/1715/1505 1368/1768/1550 1353/1767/1549
f 1370/1776/1558 1371/1777/1559 1385/1778/1560 1384/1779/1561
f 1371/1777/1559 1370/1776/1558 1372/1780/1562 1373/1781/1563
f 1373/1781/1563 1372/1780/1562 1374/1782/1564 1375/1783/1565
f 1375/1783/1565 1374/1782/1564 1406/1784/1566 1407/1785/1567
f 1376/1786/1568 1377/1787/1569 1409/1788/1570 1408/1789/1571
f 1377/1787/1569 1376/1786/1568 1378/1790/1572 1379/1791/1573
f 1379/1791/1573 1378/1790/1572 1380/1792/1574 1381/1793/1575
f 1381/1793/1575 1380/1792/1574 1388/1794/1576 1389/1795/1577
f 1382/1796/1578 1383/1797/1579 1405/1798/1580 1404/1799/1581
f 1383/1797/1579 1382/1796/1578 1384/1800/1582 1385/1801/1583
f 1386/1802/1584 1387/1803/1585 1389/1804/1586 1388/1805/1587
f 1387/1803/1585 1386/1802/1584 1402/1806/1588 1403/1807/1589
f 1390/1808/1590 1391/1809/1591 1403/1810/1592 1402/1811/1593
f 1391/1809/1591 1390/1808/1590 1392/1812/1594 1393/1813/1595
f 1393/1813/1595 1392/1812/1594 1394/1814/1596 1395/1815/1597
f 1395/1815/1597 1394/1814/1596 1410/1816/1598 1411/1817/1599
f 1396/1818/1600 1397/1819/1601 1413/1820/1602 1412/1821/1603
f 1397/1819/1601 1396/1818/1600 1398/1822/1604 1399/1823/1605
f 1399/1823/1605 1398/1822/1604 1400/1824/1606 1401/1825/1607
f 1401/1825/1607 1400/1824/1606 1404/1826/1608 1405/1827/1609
f 1407/1785/1567 1406/1784/1566 1408/1789/1571 1409/1788/1570
f 1411/1817/1599 1410/1816/1598 1412/1821/1603 1413/1820/1602
f 1372/1780/1562 1370/1776/1558 1243/1828/1610 1244/1829/1611
f 1374/1782/1564 1372/1780/1562 1244/1829/1611 1245/1830/1612
f 1378/1790/1572 1376/1786/1568 1246/1831/1613 1247/1832/1614
f 1380/1792/1574 1378/1790/1572 1247/1832/1614 1248/1833/1615
f 1382/1796/1578 1270/1640/1450 1271/1641/1451 1384/1800/1582
f 1272/1642/1452 1386/1802/1584 1388/1805/1587 1273/1643/1453
f 1380/1792/1574 1248/1833/1615 1273/1834/1616 1388/1794/1576
f 1243/1828/1610 1370/1776/1558 1384/1779/1561 1271/1835/1617
f 1392/1812/1594 1390/1808/1590 1281/1836/1618 1282/1837/1619
f 1394/1814/1596 1392/1812/1594 1282/1837/1619 1283/1838/1620
f 1398/1822/1604 1396/1818/1600 1284/1839/1621 1285/1840/1622
f 1400/1824/1606 1398/1822/1604 1285/1840/1622 1286/1841/1623
f 1386/1802/1584 1272/1642/1452 1304/1690/1484 1402/1806/1588
f 1270/1640/1450 1382/1796/1578 1404/1799/1581 1305/1691/1485
f 1400/1824/1606 1286/1841/1623 1305/1842/1624 1404/1826/1608
f 1281/1836/1618 1390/1808/1590 1402/1811/1593 1304/1843/1625
f 1312/1844/1626 1313/1845/1627 1408/1789/1571 1406/1784/1566
f 1320/1705/1628 1321/1704/1629 1412/1821/1603 1410/1816/1598
f 1406/1784/1566 1374/1782/1564 1245/1830/1612 1312/1844/1626
f 1376/1786/1568 1408/1789/1571 1313/1845/1627 1246/1831/1613
f 1410/1816/1598 1394/1814/1596 1283/1838/1620 1320/1705/1628
f 1396/1818/1600 1412/1821/1603 1321/1704/1629 1284/1839/1621
f 1328/1728/1510 1326/1724/1506 1371/1777/1559 1373/1781/1563
f 1331/1730/1512 1328/1728/1510 1373/1781/1563 1375/1783/1565
f 1334/1738/1520 1332/1734/1516 1377/1787/1569 1379/1791/1573
f 1337/1740/1522 1334/1738/1520 1379/1791/1573 1381/1793/1575
f 1338/1744/1526 1383/1797/1579 1385/1801/1583 1341/1748/1530
f 1387/1803/1585 1343/1751/1533 1344/1755/1537 1389/1804/1586
f 1337/1740/1522 1381/1793/1575 1389/1795/1577 1344/1742/1524
f 1371/1777/1559 1326/1724/1506 1341/1727/1509 1385/1778/1560
f 1348/1760/1542 1346/1756/1538 1391/1809/1591 1393/1813/1595
f 1351/1762/1544 1348/1760/1542 1393/1813/1595 1395/1815/1597
f 1354/1770/1552 1352/1766/1548 1397/1819/1601 1399/1823/1605
f 1357/1772/1554 1354/1770/1552 1399/1823/1605 1401/1825/1607
f 1343/1751/1533 1387/1803/1585 1403/1807/1589 1359/1752/1534
f 1383/1797/1579 1338/1744/1526 1360/1747/1529 1405/1798/1580
f 1357/1772/1554 1401/1825/1607 1405/1827/1609 1360/1774/1556
f 1391/1809/1591 1346/1756/1538 1359/1759/1541 1403/1810/1592
f 1407/1785/1567 1409/1788/1570 1365/1737/1519 1362/1732/1514
f 1411/1817/1599 1413/1820/1602 1369/1769/1551 1366/1764/1546
f 1362/1732/1514 1331/1730/1512 1375/1783/1565 1407/1785/1567
f 1332/1734/1516 1365/1737/1519 1409/1788/1570 1377/1787/1569
f 1366/1764/1546 1351/1762/1544 1395/1815/1597 1411/1817/1599
f 1352/1766/1548 1369/1769/1551 1413/1820/1602 1397/1819/1601
s 121
f 1414/1846/1630 1415/1847/1631 1429/1848/1632 1428/1849/1633
f 1415/1847/1631 1416/1850/1634 1430/1851/1635 1429/1848/1632
f 1417/1852/1636 1418/1853/1637 1432/1854/1638 1431/1855/1639
f 1418/1853/1637 1419/1856/1640 1433/1857/1641 1432/1854/1638
f 1421/1858/1642 1422/1859/1643 1436/1860/1644 1435/1861/1645
f 1422/1859/1643 1423/1862/1646 1437/1863/1647 1436/1860/1644
f 1424/1864/1648 1425/1865/1649 1439/1866/1650 1438/1867/1651
f 1425/1865/1649 1426/1868/1652 1440/1869/1653 1439/1866/1650
f 1429/1848/1632 1430/1851/1635 1451/1870/1654 1452/1871/1655
f 1431/1855/1639 1432/1854/1638 1449/1872/1656 1450/1873/1657
f 1428/1849/1633 1429/1848/1632 1452/1871/1655 1453/1874/1658
f 1432/1854/1638 1433/1857/1641 1448/1875/1659 1449/1872/1656
f 1449/1872/1656 1448/1875/1659 1442/1876/1660 1443/1877/1661
f 1450/1873/1657 1449/1872/1656 1443/1877/1661 1444/1878/1662
f 1452/1871/1655 1451/1870/1654 1445/1879/1663 1446/1880/1664
f 1453/1874/1658 1452/1871/1655 1446/1880/1664 1447/1881/1665
f 1454/1882/1666 1455/1883/1667 1459/1884/1668 1458/1885/1669
f 1456/1886/1670 1457/1887/1671 1461/1888/1672 1460/1889/1673
f 1455/1883/1667 1414/1890/1630 1428/1891/1633 1459/1884/1668
f 1419/1892/1640 1456/1886/1670 1460/1889/1673 1433/1893/1641
f 1457/1887/1671 1420/1894/1674 1434/1895/1675 1461/1888/1672
f 1427/1896/1676 1454/1882/1666 1458/1885/1669 1441/1897/1677
f 1428/1849/1633 1453/1874/1658 1458/1898/1669 1459/1899/1668
f 1448/1875/1659 1433/1857/1641 1460/1900/1673 1461/1901/1672
f 1441/1902/1677 1458/1898/1669 1453/1874/1658 1447/1881/1665
f 1442/1876/1660 1448/1875/1659 1461/1901/1672 1434/1903/1675
f 1462/1904/1678 1421/1858/1642 1435/1861/1645 1463/1905/1679
f 1426/1868/1652 1464/1906/1680 1465/1907/1681 1440/1869/1653
f 1419/1892/1640 1418/1908/1637 1467/1909/1682 1466/1910/1683
f 1418/1911/1637 1417/1912/1636 1468/1913/1684 1467/1914/1682
f 1416/1915/1634 1415/1916/1631 1470/1917/1685 1469/1918/1686
f 1415/1919/1631 1414/1890/1630 1471/1920/1687 1470/1921/1685
f 1426/1868/1652 1425/1865/1649 1474/1922/1688 1473/1923/1689
f 1425/1865/1649 1424/1864/1648 1475/1924/1690 1474/1922/1688
f 1423/1862/1646 1422/1859/1643 1477/1925/1691 1476/1926/1692
f 1422/1859/1643 1421/1858/1642 1478/1927/1693 1477/1925/1691
f 1467/1914/1682 1468/1913/1684 1489/1928/1694 1490/1929/1695
f 1469/1918/1686 1470/1917/1685 1487/1930/1696 1488/1931/1697
f 1466/1932/1683 1467/1914/1682 1490/1929/1695 1491/1933/1698
f 1470/1917/1685 1471/1934/1687 1486/1935/1699 1487/1930/1696
f 1487/1930/1696 1486/1935/1699 1480/1936/1700 1481/1937/1701
f 1488/1931/1697 1487/1930/1696 1481/1937/1701 1482/1938/1702
f 1490/1929/1695 1489/1928/1694 1483/1939/1703 1484/1940/1704
f 1491/1933/1698 1490/1929/1695 1484/1940/1704 1485/1941/1705
f 1457/1887/1671 1456/1886/1670 1493/1942/1706 1492/1943/1707
f 1455/1883/1667 1454/1882/1666 1495/1944/1708 1494/1945/1709
f 1456/1886/1670 1419/1892/1640 1466/1910/1683 1493/1942/1706
f 1414/1890/1630 1455/1883/1667 1494/1945/1709 1471/1920/1687
f 1454/1882/1666 1427/1896/1676 1472/1946/1710 1495/1944/1708
f 1420/1894/1674 1457/1887/1671 1492/1943/1707 1479/1947/1711
f 1466/1932/1683 1491/1933/1698 1492/1948/1707 1493/1949/1706
f 1486/1935/1699 1471/1934/1687 1494/1950/1709 1495/1951/1708
f 1479/1952/1711 1492/1948/1707 1491/1933/1698 1485/1941/1705
f 1480/1936/1700 1486/1935/1699 1495/1951/1708 1472/1953/1710
f 1464/1906/1680 1426/1868/1652 1473/1923/1689 1496/1954/1712
f 1421/1858/1642 1462/1904/1678 1497/1955/1713 1478/1927/1693
f 1498/1956/1714 1499/1957/1715 1511/1958/1716 1510/1959/1717
f 1499/1960/1715 1498/1961/1714 1501/1962/1718 1500/1963/1719
f 1500/1963/1719 1501/1962/1718 1506/1964/1720 1507/1965/1721
f 1502/1966/1722 1503/1967/1723 1513/1968/1724 1512/1969/1725
f 1503/1970/1723 1502/1971/1722 1505/1972/1726 1504/1973/1727
f 1507/1965/1721 1506/1964/1720 1508/1974/1728 1509/1975/1729
f 1510/1959/1717 1511/1958/1716 1514/1976/1730 1515/1977/1731
f 1515/1977/1731 1514/1976/1730 1516/1978/1732 1517/1979/1733
f 1416/1850/1634 1499/1960/1715 1500/1963/1719 1430/1851/1635
f 1498/1961/1714 1417/1852/1636 1431/1855/1639 1501/1962/1718
f 1423/1980/1646 1503/1970/1723 1504/1973/1727 1437/1981/1647
f 1502/1971/1722 1424/1982/1648 1438/1983/1651 1505/1972/1726
f 1430/1851/1635 1500/1963/1719 1507/1965/1721 1451/1870/1654
f 1501/1962/1718 1431/1855/1639 1450/1873/1657 1506/1964/1720
f 1506/1964/1720 1450/1873/1657 1444/1878/1662 1508/1974/1728
f 1451/1870/1654 1507/1965/1721 1509/1975/1729 1445/1879/1663
f 1417/1912/1636 1498/1956/1714 1510/1959/1717 1468/1913/1684
f 1499/1957/1715 1416/1915/1634 1469/1918/1686 1511/1958/1716
f 1424/1864/1648 1502/1984/1722 1512/1985/1725 1475/1924/1690
f 1503/1986/1723 1423/1862/1646 1476/1926/1692 1513/1987/1724
f 1468/1913/1684 1510/1959/1717 1515/1977/1731 1489/1928/1694
f 1511/1958/1716 1469/1918/1686 1488/1931/1697 1514/1976/1730
f 1514/1976/1730 1488/1931/1697 1482/1938/1702 1516/1978/1732
f 1489/1928/1694 1515/1977/1731 1517/1979/1733 1483/1939/1703
f 1518/1988/1734 1519/1989/1735 1532/1990/1736 1533/1991/1737
f 1519/1989/1735 1518/1988/1734 1520/1992/1738 1521/1993/1739
f 1521/1993/1739 1520/1992/1738 1523/1994/1740 1522/1995/1741
f 1522/1995/1741 1523/1994/1740 1554/1996/1742 1555/1997/1743
f 1524/1998/1744 1525/1999/1745 1556/2000/1746 1557/2001/1747
f 1525/1999/1745 1524/1998/1744 1526/2002/1748 1527/2003/1749
f 1527/2003/1749 1526/2002/1748 1529/2004/1750 1528/2005/1751
f 1528/2005/1751 1529/2004/1750 1536/2006/1752 1537/2007/1753
f 1530/2008/1754 1531/2009/1755 1553/2010/1756 1552/2011/1757
f 1531/2009/1755 1530/2008/1754 1533/2012/1758 1532/2013/1759
f 1534/2014/1760 1535/2015/1761 1551/2016/1762 1550/2017/1763
f 1535/2015/1761 1534/2014/1760 1537/2018/1764 1536/2019/1765
f 1538/2020/1766 1539/2021/1767 1550/2022/1768 1551/2023/1769
f 1539/2021/1767 1538/2020/1766 1540/2024/1770 1541/2025/1771
f 1541/2025/1771 1540/2024/1770 1543/2026/1772 1542/2027/1773
f 1542/2027/1773 1543/2026/1772 1558/2028/1774 1559/2029/1775
f 1544/2030/1776 1545/2031/1777 1560/2032/1778 1561/2033/1779
f 1545/2031/1777 1544/2030/1776 1546/2034/1780 1547/2035/1781
f 1547/2035/1781 1546/2034/1780 1549/2036/1782 1548/2037/1783
f 1548/2037/1783 1549/2036/1782 1552/2038/1784 1553/2039/1785
f 1555/1997/1743 1554/1996/1742 1557/2001/1747 1556/2000/1746
f 1559/2029/1775 1558/2028/1774 1561/2033/1779 1560/2032/1778
f 1443/1877/1661 1442/1876/1660 1519/1989/1735 1521/1993/1739
f 1444/1878/1662 1443/1877/1661 1521/1993/1739 1522/1995/1741
f 1446/1880/1664 1445/1879/1663 1525/1999/1745 1527/2003/1749
f 1447/1881/1665 1446/1880/1664 1527/2003/1749 1528/2005/1751
f 1420/1894/1674 1531/2009/1755 1532/2013/1759 1434/1895/1675
f 1534/2014/1760 1427/1896/1676 1441/1897/1677 1537/2018/1764
f 1447/1881/1665 1528/2005/1751 1537/2007/1753 1441/1902/1677
f 1434/1903/1675 1532/1990/1736 1519/1989/1735 1442/1876/1660
f 1481/1937/1701 1480/1936/1700 1539/2021/1767 1541/2025/1771
f 1482/1938/1702 1481/1937/1701 1541/2025/1771 1542/2027/1773
f 1484/1940/1704 1483/1939/1703 1545/2031/1777 1547/2035/1781
f 1485/1941/1705 1484/1940/1704 1547/2035/1781 1548/2037/1783
f 1427/1896/1676 1534/2014/1760 1550/2017/1763 1472/1946/1710
f 1531/2009/1755 1420/1894/1674 1479/1947/1711 1553/2010/1756
f 1485/1941/1705 1548/2037/1783 1553/2039/1785 1479/1952/1711
f 1472/1953/1710 1550/2022/1768 1539/2021/1767 1480/1936/1700
f 1555/1997/1743 1556/2000/1746 1509/1975/1729 1508/1974/1728
f 1559/2029/1775 1560/2032/1778 1517/1979/1733 1516/1978/1732
f 1508/1974/1728 1444/1878/1662 1522/1995/1741 1555/1997/1743
f 1445/1879/1663 1509/1975/1729 1556/2000/1746 1525/1999/1745
f 1516/1978/1732 1482/1938/1702 1542/2027/1773 1559/2029/1775
f 1483/1939/1703 1517/1979/1733 1560/2032/1778 1545/2031/1777
f 1562/2040/1786 1563/2041/1787 1577/2042/1788 1576/2043/1789
f 1563/2041/1787 1562/2040/1786 1564/2044/1790 1565/2045/1791
f 1565/2045/1791 1564/2044/1790 1566/2046/1792 1567/2047/1793
f 1567/2047/1793 1566/2046/1792 1598/2048/1794 1599/2049/1795
f 1568/2050/1796 1569/2051/1797 1601/2052/1798 1600/2053/1799
f 1569/2051/1797 1568/2050/1796 1570/2054/1800 1571/2055/1801
f 1571/2055/1801 1570/2054/1800 1572/2056/1802 1573/2057/1803
f 1573/2057/1803 1572/2056/1802 1580/2058/1804 1581/2059/1805
f 1574/2060/1806 1575/2061/1807 1597/2062/1808 1596/2063/1809
f 1575/2061/1807 1574/2060/1806 1576/2064/1810 1577/2065/1811
f 1578/2066/1812 1579/2067/1813 1581/2068/1814 1580/2069/1815
f 1579/2067/1813 1578/2066/1812 1594/2070/1816 1595/2071/1817
f 1582/2072/1818 1583/2073/1819 1595/2074/1820 1594/2075/1821
f 1583/2073/1819 1582/2072/1818 1584/2076/1822 1585/2077/1823
f 1585/2077/1823 1584/2076/1822 1586/2078/1824 1587/2079/1825
f 1587/2079/1825 1586/2078/1824 1602/2080/1826 1603/2081/1827
f 1588/2082/1828 1589/2083/1829 1605/2084/1830 1604/2085/1831
f 1589/2083/1829 1588/2082/1828 1590/2086/1832 1591/2087/1833
f 1591/2087/1833 1590/2086/1832 1592/2088/1834 1593/2089/1835
f 1593/2089/1835 1592/2088/1834 1596/2090/1836 1597/2091/1837
f 1599/2049/1795 1598/2048/1794 1600/2053/1799 1601/2052/1798
f 1603/2081/1827 1602/2080/1826 1604/2085/1831 1605/2084/1830
f 1564/2044/1790 1562/2040/1786 1435/2092/1838 1436/2093/1839
f 1566/2046/1792 1564/2044/1790 1436/2093/1839 1437/2094/1840
f 1570/2054/1800 1568/2050/1796 1438/2095/1841 1439/2096/1842
f 1572/2056/1802 1570/2054/1800 1439/2096/1842 1440/2097/1843
f 1574/2060/1806 1462/1904/1678 1463/1905/1679 1576/2064/1810
f 1464/1906/1680 1578/2066/1812 1580/2069/1815 1465/1907/1681
f 1572/2056/1802 1440/2097/1843 1465/2098/1844 1580/2058/1804
f 1435/2092/1838 1562/2040/1786 1576/2043/1789 1463/2099/1845
f 1584/2076/1822 1582/2072/1818 1473/2100/1846 1474/2101/1847
f 1586/2078/1824 1584/2076/1822 1474/2101/1847 1475/2102/1848
f 1590/2086/1832 1588/2082/1828 1476/2103/1849 1477/2104/1850
f 1592/2088/1834 1590/2086/1832 1477/2104/1850 1478/2105/1851
f 1578/2066/1812 1464/1906/1680 1496/1954/1712 1594/2070/1816
f 1462/1904/1678 1574/2060/1806 1596/2063/1809 1497/1955/1713
f 1592/2088/1834 1478/2105/1851 1497/2106/1852 1596/2090/1836
f 1473/2100/1846 1582/2072/1818 1594/2075/1821 1496/2107/1853
f 1504/2108/1854 1505/2109/1855 1600/2053/1799 1598/2048/1794
f 1512/1969/1856 1513/1968/1857 1604/2085/1831 1602/2080/1826
f 1598/2048/1794 1566/2046/1792 1437/2094/1840 1504/2108/1854
f 1568/2050/1796 1600/2053/1799 1505/2109/1855 1438/2095/1841
f 1602/2080/1826 1586/2078/1824 1475/2102/1848 1512/1969/1856
f 1588/2082/1828 1604/2085/1831 1513/1968/1857 1476/2103/1849
f 1520/1992/1738 1518/1988/1734 1563/2041/1787 1565/2045/1791
f 1523/1994/1740 1520/1992/1738 1565/2045/1791 1567/2047/1793
f 1526/2002/1748 1524/1998/1744 1569/2051/1797 1571/2055/1801
f 1529/2004/1750 1526/2002/1748 1571/2055/1801 1573/2057/1803
f 1530/2008/1754 1575/2061/1807 1577/2065/1811 1533/2012/1758
f 1579/2067/1813 1535/2015/1761 1536/2019/1765 1581/2068/1814
f 1529/2004/1750 1573/2057/1803 1581/2059/1805 1536/2006/1752
f 1563/2041/1787 1518/1988/1734 1533/1991/1737 1577/2042/1788
f 1540/2024/1770 1538/2020/1766 1583/2073/1819 1585/2077/1823
f 1543/2026/1772 1540/2024/1770 1585/2077/1823 1587/2079/1825
f 1546/2034/1780 1544/2030/1776 1589/2083/1829 1591/2087/1833
f 1549/2036/1782 1546/2034/1780 1591/2087/1833 1593/2089/1835
f 1535/2015/1761 1579/2067/1813 1595/2071/1817 1551/2016/1762
f 1575/2061/1807 1530/2008/1754 1552/2011/1757 1597/2062/1808
f 1549/2036/1782 1593/2089/1835 1597/2091/1837 1552/2038/1784
f 1583/2073/1819 1538/2020/1766 1551/2023/1769 1595/2074/1820
f 1599/2049/1795 1601/2052/1798 1557/2001/1747 1554/1996/1742
f 1603/2081/1827 1605/2084/1830 1561/2033/1779 1558/2028/1774
f 1554/1996/1742 1523/1994/1740 1567/2047/1793 1599/2049/1795
f 1524/1998/1744 1557/2001/1747 1601/2052/1798 1569/2051/1797
f 1558/2028/1774 1543/2026/1772 1587/2079/1825 1603/2081/1827
f 1544/2030/1776 1561/2033/1779 1605/2084/1830 1589/2083/1829
s 141
f 1606/2110/1858 1607/2111/1859 1621/2112/1860 1620/2113/1861
f 1607/2111/1859 1608/2114/1862 1622/2115/1863 1621/2112/1860
f 1609/2116/1864 1610/2117/1865 1624/2118/1866 1623/2119/1867
f 1610/2117/1865 1611/2120/1868 1625/2121/1869 1624/2118/1866
f 1613/2122/1870 1614/2123/1871 1628/2124/1872 1627/2125/1873
f 1614/2123/1871 1615/2126/1874 1629/2127/1875 1628/2124/1872
f 1616/2128/1876 1617/2129/1877 1631/2130/1878 1630/2131/1879
f 1617/2129/1877 1618/2132/1880 1632/2133/1881 1631/2130/1878
f 1621/2112/1860 1622/2115/1863 1643/2134/1882 1644/2135/1883
f 1623/2119/1867 1624/2118/1866 1641/2136/1884 1642/2137/1885
f 1620/2113/1861 1621/2112/1860 1644/2135/1883 1645/2138/1886
f 1624/2118/1866 1625/2121/1869 1640/2139/1887 1641/2136/1884
f 1641/2136/1884 1640/2139/1887 1634/2140/1888 1635/2141/1889
f 1642/2137/1885 1641/2136/1884 1635/2141/1889 1636/2142/1890
f 1644/2135/1883 1643/2134/1882 1637/2143/1891 1638/2144/1892
f 1645/2138/1886 1644/2135/1883 1638/2144/1892 1639/2145/1893
f 1646/2146/1894 1647/2147/1895 1651/2148/1896 1650/2149/1897
f 1648/2150/1898 1649/2151/1899 1653/2152/1900 1652/2153/1901
f 1647/2147/1895 1606/2154/1858 1620/2155/1861 1651/2148/1896
f 1611/2156/1868 1648/2150/1898 1652/2153/1901 1625/2157/1869
f 1649/2151/1899 1612/2158/1902 1626/2159/1903 1653/2152/1900
f 1619/2160/1904 1646/2146/1894 1650/2149/1897 1633/2161/1905
f 1620/2113/1861 1645/2138/1886 1650/2162/1897 1651/2163/1896
f 1640/2139/1887 1625/2121/1869 1652/2164/1901 1653/2165/1900
f 1633/2166/1905 1650/2162/1897 1645/2138/1886 1639/2145/1893
f 1634/2140/1888 1640/2139/1887 1653/2165/1900 1626/2167/1903
f 1654/2168/1906 1613/2122/1870 1627/2125/1873 1655/2169/1907
f 1618/2132/1880 1656/2170/1908 1657/2171/1909 1632/2133/1881
f 1611/2156/1868 1610/2172/1865 1659/2173/1910 1658/2174/1911
f 1610/2175/1865 1609/2176/1864 1660/2177/1912 1659/2178/1910
f 1608/2179/1862 1607/2180/1859 1662/2181/1913 1661/2182/1914
f 1607/2183/1859 1606/2154/1858 1663/2184/1915 1662/2185/1913
f 1618/2132/1880 1617/2129/1877 1666/2186/1916 1665/2187/1917
f 1617/2129/1877 1616/2128/1876 1667/2188/1918 1666/2186/1916
f 1615/2126/1874 1614/2123/1871 1669/2189/1919 1668/2190/1920
f 1614/2123/1871 1613/2122/1870 1670/2191/1921 1669/2189/1919
f 1659/2178/1910 1660/2177/1912 1681/2192/1922 1682/2193/1923
f 1661/2182/1914 1662/2181/1913 1679/2194/1924 1680/2195/1925
f 1658/2196/1911 1659/2178/1910 1682/2193/1923 1683/2197/1926
f 1662/2181/1913 1663/2198/1915 1678/2199/1927 1679/2194/1924
f 1679/2194/1924 1678/2199/1927 1672/2200/1928 1673/2201/1929
f 1680/2195/1925 1679/2194/1924 1673/2201/1929 1674/2202/1930
f 1682/2193/1923 1681/2192/1922 1675/2203/1931 1676/2204/1932
f 1683/2197/1926 1682/2193/1923 1676/2204/1932 1677/2205/1933
f 1649/2151/1899 1648/2150/1898 1685/2206/1934 1684/2207/1935
f 1647/2147/1895 1646/2146/1894 1687/2208/1936 1686/2209/1937
f 1648/2150/1898 1611/2156/1868 1658/2174/1911 1685/2206/1934
f 1606/2154/1858 1647/2147/1895 1686/2209/1937 1663/2184/1915
f 1646/2146/1894 1619/2160/1904 1664/2210/1938 1687/2208/1936
f 1612/2158/1902 1649/2151/1899 1684/2207/1935 1671/2211/1939
f 1658/2196/1911 1683/2197/1926 1684/2212/1935 1685/2213/1934
f 1678/2199/1927 1663/2198/1915 1686/2214/1937 1687/2215/1936
f 1671/2216/1939 1684/2212/1935 1683/2197/1926 1677/2205/1933
f 1672/2200/1928 1678/2199/1927 1687/2215/1936 1664/2217/1938
f 1656/2170/1908 1618/2132/1880 1665/2187/1917 1688/2218/1940
f 1613/2122/1870 1654/2168/1906 1689/2219/1941 1670/2191/1921
f 1690/2220/1942 1691/2221/1943 1703/2222/1944 1702/2223/1945
f 1691/2224/1943 1690/2225/1942 1693/2226/1946 1692/2227/1947
f 1692/2227/1947 1693/2226/1946 1698/2228/1948 1699/2229/1949
f 1694/2230/1950 1695/2231/1951 1705/2232/1952 1704/2233/1953
f 1695/2234/1951 1694/2235/1950 1697/2236/1954 1696/2237/1955
f 1699/2229/1949 1698/2228/1948 1700/2238/1956 1701/2239/1957
f 1702/2223/1945 1703/2222/1944 1706/2240/1958 1707/2241/1959
f 1707/2241/1959 1706/2240/1958 1708/2242/1960 1709/2243/1961
f 1608/2114/1862 1691/2224/1943 1692/2227/1947 1622/2115/1863
f 1690/2225/1942 1609/2116/1864 1623/2119/1867 1693/2226/1946
f 1615/2244/1874 1695/2234/1951 1696/2237/1955 1629/2245/1875
f 1694/2235/1950 1616/2246/1876 1630/2247/1879 1697/2236/1954
f 1622/2115/1863 1692/2227/1947 1699/2229/1949 1643/2134/1882
f 1693/2226/1946 1623/2119/1867 1642/2137/1885 1698/2228/1948
f 1698/2228/1948 1642/2137/1885 1636/2142/1890 1700/2238/1956
f 1643/2134/1882 1699/2229/1949 1701/2239/1957 1637/2143/1891
f 1609/2176/1864 1690/2220/1942 1702/2223/1945 1660/2177/1912
f 1691/2221/1943 1608/2179/1862 1661/2182/1914 1703/2222/1944
f 1616/2128/1876 1694/2248/1950 1704/2249/1953 1667/2188/1918
f 1695/2250/1951 1615/2126/1874 1668/2190/1920 1705/2251/1952
f 1660/2177/1912 1702/2223/1945 1707/2241/1959 1681/2192/1922
f 1703/2222/1944 1661/2182/1914 1680/2195/1925 1706/2240/1958
f 1706/2240/1958 1680/2195/1925 1674/2202/1930 1708/2242/1960
f 1681/2192/1922 1707/2241/1959 1709/2243/1961 1675/2203/1931
f 1710/2252/1962 1711/2253/1963 1724/2254/1964 1725/2255/1965
f 1711/2253/1963 1710/2252/1962 1712/2256/1966 1713/2257/1967
f 1713/2257/1967 1712/2256/1966 1715/2258/1968 1714/2259/1969
f 1714/2259/1969 1715/2258/1968 1746/2260/1970 1747/2261/1971
f 1716/2262/1972 1717/2263/1973 1748/2264/1974 1749/2265/1975
f 1717/2263/1973 1716/2262/1972 1718/2266/1976 1719/2267/1977
f 1719/2267/1977 1718/2266/1976 1721/2268/1978 1720/2269/1979
f 1720/2269/1979 1721/2268/1978 1728/2270/1980 1729/2271/1981
f 1722/2272/1982 1723/2273/1983 1745/2274/1984 1744/2275/1985
f 1723/2273/1983 1722/2272/1982 1725/2276/1986 1724/2277/1987
f 1726/2278/1988 1727/2279/1989 1743/2280/1990 1742/2281/1991
f 1727/2279/1989 1726/2278/1988 1729/2282/1992 1728/2283/1993
f 1730/2284/1994 1731/2285/1995 1742/2286/1996 1743/2287/1997
f 1731/2285/1995 1730/2284/1994 1732/2288/1998 1733/2289/1999
f 1733/2289/1999 1732/2288/1998 1735/2290/2000 1734/2291/2001
f 1734/2291/2001 1735/2290/2000 1750/2292/2002 1751/2293/2003
f 1736/2294/2004 1737/2295/2005 1752/2296/2006 1753/2297/2007
f 1737/2295/2005 1736/2294/2004 1738/2298/2008 1739/2299/2009
f 1739/2299/2009 1738/2298/2008 1741/2300/2010 1740/2301/2011
f 1740/2301/2011 1741/2300/2010 1744/2302/2012 1745/2303/2013
f 1747/2261/1971 1746/2260/1970 1749/2265/1975 1748/2264/1974
f 1751/2293/2003 1750/2292/2002 1753/2297/2007 1752/2296/2006
f 1635/2141/1889 1634/2140/1888 1711/2253/1963 1713/2257/1967
f 1636/2142/1890 1635/2141/1889 1713/2257/1967 1714/2259/1969
f 1638/2144/1892 1637/2143/1891 1717/2263/1973 1719/2267/1977
f 1639/2145/1893 1638/2144/1892 1719/2267/1977 1720/2269/1979
f 1612/2158/1902 1723/2273/1983 1724/2277/1987 1626/2159/1903
f 1726/2278/1988 1619/2160/1904 1633/2161/1905 1729/2282/1992
f 1639/2145/1893 1720/2269/1979 1729/2271/1981 1633/2166/1905
f 1626/2167/1903 1724/2254/1964 1711/2253/1963 1634/2140/1888
f 1673/2201/1929 1672/2200/1928 1731/2285/1995 1733/2289/1999
f 1674/2202/1930 1673/2201/1929 1733/2289/1999 1734/2291/2001
f 1676/2204/1932 1675/2203/1931 1737/2295/2005 1739/2299/2009
f 1677/2205/1933 1676/2204/1932 1739/2299/2009 1740/2301/2011
f 1619/2160/1904 1726/2278/1988 1742/2281/1991 1664/2210/1938
f 1723/2273/1983 1612/2158/1902 1671/2211/1939 1745/2274/1984
f 1677/2205/1933 1740/2301/2011 1745/2303/2013 1671/2216/1939
f 1664/2217/1938 1742/2286/1996 1731/2285/1995 1672/2200/1928
f 1747/2261/1971 1748/2264/1974 1701/2239/1957 1700/2238/1956
f 1751/2293/2003 1752/2296/2006 1709/2243/1961 1708/2242/1960
f 1700/2238/1956 1636/2142/1890 1714/2259/1969 1747/2261/1971
f 1637/2143/1891 1701/2239/1957 1748/2264/1974 1717/2263/1973
f 1708/2242/1960 1674/2202/1930 1734/2291/2001 1751/2293/2003
f 1675/2203/1931 1709/2243/1961 1752/2296/2006 1737/2295/2005
f 1754/2304/2014 1755/2305/2015 1769/2306/2016 1768/2307/2017
f 1755/2305/2015 1754/2304/2014 1756/2308/2018 1757/2309/2019
f 1757/2309/2019 1756/2308/2018 1758/2310/2020 1759/2311/2021
f 1759/2311/2021 1758/2310/2020 1790/2312/2022 1791/2313/2023
f 1760/2314/2024 1761/2315/2025 1793/2316/2026 1792/2317/2027
f 1761/2315/2025 1760/2314/2024 1762/2318/2028 1763/2319/2029
f 1763/2319/2029 1762/2318/2028 1764/2320/2030 1765/2321/2031
f 1765/2321/2031 1764/2320/2030 1772/2322/2032 1773/2323/2033
f 1766/2324/2034 1767/2325/2035 1789/2326/2036 1788/2327/2037
f 1767/2325/2035 1766/2324/2034 1768/2328/2038 1769/2329/2039
f 1770/2330/2040 1771/2331/2041 1773/2332/2042 1772/2333/2043
f 1771/2331/2041 1770/2330/2040 1786/2334/2044 1787/2335/2045
f 1774/2336/2046 1775/2337/2047 1787/2338/2048 1786/2339/2049
f 1775/2337/2047 1774/2336/2046 1776/2340/2050 1777/2341/2051
f 1777/2341/2051 1776/2340/2050 1778/2342/2052 1779/2343/2053
f 1779/2343/2053 1778/2342/2052 1794/2344/2054 1795/2345/2055
f 1780/2346/2056 1781/2347/2057 1797/2348/2058 1796/2349/2059
f 1781/2347/2057 1780/2346/2056 1782/2350/2060 1783/2351/2061
f 1783/2351/2061 1782/2350/2060 1784/2352/2062 1785/2353/2063
f 1785/2353/2063 1784/2352/2062 1788/2354/2064 1789/2355/2065
f 1791/2313/2023 1790/2312/2022 1792/2317/2027 1793/2316/2026
f 1795/2345/2055 1794/2344/2054 1796/2349/2059 1797/2348/2058
f 1756/2308/2018 1754/2304/2014 1627/2356/2066 1628/2357/2067
f 1758/2310/2020 1756/2308/2018 1628/2357/2067 1629/2358/2068
f 1762/2318/2028 1760/2314/2024 1630/2359/2069 1631/2360/2070
f 1764/2320/2030 1762/2318/2028 1631/2360/2070 1632/2361/2071
f 1766/2324/2034 1654/2168/1906 1655/2169/1907 1768/2328/2038
f 1656/2170/1908 1770/2330/2040 1772/2333/2043 1657/2171/1909
f 1764/2320/2030 1632/2361/2071 1657/2362/2072 1772/2322/2032
f 1627/2356/2066 1754/2304/2014 1768/2307/2017 1655/2363/2073
f 1776/2340/2050 1774/2336/2046 1665/2364/2074 1666/2365/2075
f 1778/2342/2052 1776/2340/2050 1666/2365/2075 1667/2366/2076
f 1782/2350/2060 1780/2346/2056 1668/2367/2077 1669/2368/2078
f 1784/2352/2062 1782/2350/2060 1669/2368/2078 1670/2369/2079
f 1770/2330/2040 1656/2170/1908 1688/2218/1940 1786/2334/2044
f 1654/2168/1906 1766/2324/2034 1788/2327/2037 1689/2219/1941
f 1784/2352/2062 1670/2369/2079 1689/2370/2080 1788/2354/2064
f 1665/2364/2074 1774/2336/2046 1786/2339/2049 1688/2371/2081
f 1696/2372/2082 1697/2373/2083 1792/2317/2027 1790/2312/2022
f 1704/2233/2084 1705/2232/2085 1796/2349/2059 1794/2344/2054
f 1790/2312/2022 1758/2310/2020 1629/2358/2068 1696/2372/2082
f 1760/2314/2024 1792/2317/2027 1697/2373/2083 1630/2359/2069
f 1794/2344/2054 1778/2342/2052 1667/2366/2076 1704/2233/2084
f 1780/2346/2056 1796/2349/2059 1705/2232/2085 1668/2367/2077
f 1712/2256/1966 1710/2252/1962 1755/2305/2015 1757/2309/2019
f 1715/2258/1968 1712/2256/1966 1757/2309/2019 1759/2311/2021
f 1718/2266/1976 1716/2262/1972 1761/2315/2025 1763/2319/2029
f 1721/2268/1978 1718/2266/1976 1763/2319/2029 1765/2321/2031
f 1722/2272/1982 1767/2325/2035 1769/2329/2039 1725/2276/1986
f 1771/2331/2041 1727/2279/1989 1728/2283/1993 1773/2332/2042
f 1721/2268/1978 1765/2321/2031 1773/2323/2033 1728/2270/1980
f 1755/2305/2015 1710/2252/1962 1725/2255/1965 1769/2306/2016
f 1732/2288/1998 1730/2284/1994 1775/2337/2047 1777/2341/2051
f 1735/2290/2000 1732/2288/1998 1777/2341/2051 1779/2343/2053
f 1738/2298/2008 1736/2294/2004 1781/2347/2057 1783/2351/2061
f 1741/2300/2010 1738/2298/2008 1783/2351/2061 1785/2353/2063
f 1727/2279/1989 1771/2331/2041 1787/2335/2045 1743/2280/1990
f 1767/2325/2035 1722/2272/1982 1744/2275/1985 1789/2326/2036
f 1741/2300/2010 1785/2353/2063 1789/2355/2065 1744/2302/2012
f 1775/2337/2047 1730/2284/1994 1743/2287/1997 1787/2338/2048
f 1791/2313/2023 1793/2316/2026 1749/2265/1975 1746/2260/1970
f 1795/2345/2055 1797/2348/2058 1753/2297/2007 1750/2292/2002
f 1746/2260/1970 1715/2258/1968 1759/2311/2021 1791/2313/2023
f 1716/2262/1972 1749/2265/1975 1793/2316/2026 1761/2315/2025
f 1750/2292/2002 1735/2290/2000 1779/2343/2053 1795/2345/2055
f 1736/2294/2004 1753/2297/2007 1797/2348/2058 1781/2347/2057
