# Blender 4.4.0
# www.blender.org
mtllib House.mtl
o House
v 0.690993 -0.231419 0.513120
v 0.680985 -0.232397 0.524634
v 0.682026 -0.242400 0.513120
v 0.678422 -0.135278 0.511047
v 0.679396 -0.145293 0.524634
v 0.689403 -0.144245 0.511047
v 0.679396 -0.145293 -0.524806
v 0.679346 -0.135107 -0.512384
v 0.689387 -0.143306 -0.512384
v 0.682026 -0.242400 -0.513292
v 0.680985 -0.232397 -0.524806
v 0.690993 -0.231419 -0.513292
v -0.787014 -0.406504 -0.524806
v -0.786523 -0.416520 -0.512384
v -0.797039 -0.406738 -0.512384
v -0.797039 -0.406738 0.512212
v -0.786653 -0.416523 0.512371
v -0.787014 -0.406504 0.524634
v -0.801335 -0.319604 0.512046
v -0.791316 -0.319241 0.524634
v -0.791680 -0.309222 0.512046
v -0.801342 -0.319470 -0.512384
v -0.791680 -0.309222 -0.512218
v -0.791316 -0.319241 -0.524806
v 0.020961 -0.364750 0.512426
v -0.184407 -0.394327 0.512279
v -0.391448 -0.407402 0.512267
v -0.392983 -0.397410 0.524634
v -0.185410 -0.384297 0.524634
v 0.020553 -0.354631 0.524634
v 0.020662 -0.267211 0.524634
v -0.185299 -0.296883 0.524634
v -0.392872 -0.310010 0.524634
v -0.393407 -0.299994 0.512155
v -0.186366 -0.286905 0.512128
v 0.019001 -0.257324 0.511936
v 0.018969 -0.257330 -0.512384
v -0.186382 -0.286907 -0.512370
v -0.393439 -0.299995 -0.512327
v -0.392872 -0.310010 -0.524806
v -0.185299 -0.296883 -0.524806
v 0.020662 -0.267211 -0.524806
v 0.020553 -0.354631 -0.524806
v -0.185410 -0.384297 -0.524806
v -0.392983 -0.397410 -0.524806
v -0.391449 -0.407402 -0.512384
v -0.184407 -0.394327 -0.512437
v 0.020961 -0.364750 -0.512598
v 0.690993 0.003698 0.499913
v 0.680985 0.003131 0.500316
v 0.682026 -0.002670 0.499913
v 0.678422 0.059453 0.499841
v 0.679396 0.053645 0.500316
v 0.689403 0.054253 0.499841
v 0.679396 0.053645 0.444968
v 0.679346 0.059552 0.445403
v 0.689387 0.054797 0.445403
v 0.682026 -0.002670 0.445371
v 0.680985 0.003131 0.444968
v 0.690993 0.003698 0.445371
v -0.787014 -0.135170 0.444968
v -0.786523 -0.140978 0.445403
v -0.797039 -0.135306 0.445403
v -0.797039 -0.135306 0.499881
v -0.786652 -0.140980 0.499887
v -0.787014 -0.135170 0.500316
v -0.801335 -0.084774 0.499876
v -0.791316 -0.084564 0.500316
v -0.791680 -0.078753 0.499876
v -0.801342 -0.084697 0.445403
v -0.791680 -0.078753 0.445409
v -0.791316 -0.084564 0.444968
v 0.031932 -0.100484 0.499889
v -0.184170 -0.125523 0.499884
v -0.401473 -0.135825 0.499883
v -0.402751 -0.130027 0.500316
v -0.185191 -0.119711 0.500316
v 0.031191 -0.094638 0.500316
v 0.031300 -0.043923 0.500316
v -0.185082 -0.069013 0.500316
v -0.402642 -0.079341 0.500316
v -0.403432 -0.073537 0.499879
v -0.186129 -0.063222 0.499878
v 0.029971 -0.038167 0.499871
v 0.029972 -0.038177 0.445403
v -0.186129 -0.063224 0.445404
v -0.403432 -0.073537 0.445405
v -0.402642 -0.079341 0.444968
v -0.185082 -0.069013 0.444968
v 0.031300 -0.043923 0.444968
v 0.031191 -0.094638 0.444968
v -0.185191 -0.119711 0.444968
v -0.402751 -0.130027 0.444968
v -0.401473 -0.135825 0.445403
v -0.184170 -0.125523 0.445401
v 0.031932 -0.100484 0.445395
v -0.761521 -0.347381 0.508385
v -0.753908 -0.346867 0.508956
v -0.687385 -0.346922 0.508956
v -0.679772 -0.346407 0.508385
v -0.679772 -0.346407 0.436899
v -0.687385 -0.346922 0.436329
v -0.753908 -0.346867 0.436329
v -0.761521 -0.347381 0.436899
v -0.764488 -0.047381 0.436329
v -0.772111 -0.047625 0.436899
v -0.764667 -0.042397 0.436899
v -0.764667 -0.042397 0.508385
v -0.772112 -0.047561 0.508392
v -0.764488 -0.047381 0.508956
v -0.698360 -0.040261 0.508378
v -0.698085 -0.045242 0.508956
v -0.690460 -0.045061 0.508378
v -0.698258 -0.040258 0.436899
v -0.690460 -0.045061 0.436907
v -0.698085 -0.045242 0.436329
v -0.600532 -0.335770 0.498532
v -0.595018 -0.335371 0.498946
v -0.546832 -0.335413 0.498946
v -0.541318 -0.335014 0.498532
v -0.541318 -0.335014 0.446752
v -0.546832 -0.335413 0.446339
v -0.595018 -0.335371 0.446339
v -0.600532 -0.335770 0.446752
v -0.602681 -0.102676 0.446339
v -0.608203 -0.102866 0.446752
v -0.602811 -0.098804 0.446752
v -0.602811 -0.098804 0.498532
v -0.608204 -0.102816 0.498537
v -0.602681 -0.102676 0.498946
v -0.554781 -0.097144 0.498527
v -0.554582 -0.101015 0.498946
v -0.549059 -0.100874 0.498527
v -0.554708 -0.097142 0.446752
v -0.549059 -0.100874 0.446758
v -0.554582 -0.101015 0.446339
v -0.456734 -0.335770 0.498532
v -0.451220 -0.335371 0.498946
v -0.403034 -0.335413 0.498946
v -0.397520 -0.335014 0.498532
v -0.397520 -0.335014 0.446752
v -0.403034 -0.335413 0.446339
v -0.451220 -0.335371 0.446339
v -0.456734 -0.335770 0.446752
v -0.458883 -0.102676 0.446339
v -0.464405 -0.102866 0.446752
v -0.459013 -0.098804 0.446752
v -0.459013 -0.098804 0.498532
v -0.464406 -0.102816 0.498537
v -0.458883 -0.102676 0.498946
v -0.410983 -0.097144 0.498527
v -0.410784 -0.101015 0.498946
v -0.405261 -0.100874 0.498527
v -0.410910 -0.097142 0.446752
v -0.405261 -0.100874 0.446758
v -0.410784 -0.101015 0.446339
v -0.248526 -0.335770 0.498532
v -0.243012 -0.335371 0.498946
v -0.194826 -0.335413 0.498946
v -0.189312 -0.335014 0.498532
v -0.189312 -0.335014 0.446752
v -0.194826 -0.335413 0.446339
v -0.243012 -0.335371 0.446339
v -0.248526 -0.335770 0.446752
v -0.250675 -0.102676 0.446339
v -0.256197 -0.102866 0.446752
v -0.250805 -0.098804 0.446752
v -0.250805 -0.098804 0.498532
v -0.256198 -0.102816 0.498537
v -0.250675 -0.102676 0.498946
v -0.202775 -0.097144 0.498527
v -0.202576 -0.101015 0.498946
v -0.197053 -0.100874 0.498527
v -0.202702 -0.097142 0.446752
v -0.197053 -0.100874 0.446758
v -0.202576 -0.101015 0.446339
v -0.026599 -0.325056 0.498532
v -0.021286 -0.323525 0.498946
v 0.025866 -0.313600 0.498946
v 0.031179 -0.312069 0.498532
v 0.031179 -0.312069 0.446752
v 0.025866 -0.313600 0.446339
v -0.021286 -0.323525 0.446339
v -0.026599 -0.325056 0.446752
v -0.076912 -0.097447 0.446339
v -0.082275 -0.098774 0.446752
v -0.077839 -0.093685 0.446752
v -0.077839 -0.093685 0.498532
v -0.082286 -0.098726 0.498537
v -0.076912 -0.097447 0.498946
v -0.031192 -0.082127 0.498527
v -0.030196 -0.085873 0.498946
v -0.024822 -0.084593 0.498527
v -0.031121 -0.082110 0.446752
v -0.024822 -0.084593 0.446758
v -0.030196 -0.085873 0.446339
v 0.226136 -0.291507 0.498532
v 0.231448 -0.289976 0.498946
v 0.278601 -0.280051 0.498946
v 0.283914 -0.278520 0.498532
v 0.283914 -0.278520 0.446752
v 0.278601 -0.280051 0.446339
v 0.231448 -0.289976 0.446339
v 0.226136 -0.291507 0.446752
v 0.175823 -0.063898 0.446339
v 0.170460 -0.065225 0.446752
v 0.174895 -0.060136 0.446752
v 0.174895 -0.060136 0.498532
v 0.170449 -0.065177 0.498537
v 0.175823 -0.063898 0.498946
v 0.221543 -0.048579 0.498527
v 0.222538 -0.052324 0.498946
v 0.227913 -0.051044 0.498527
v 0.221614 -0.048561 0.446752
v 0.227913 -0.051044 0.446758
v 0.222538 -0.052324 0.446339
v 0.438327 -0.236727 0.498532
v 0.443794 -0.235907 0.498946
v 0.491842 -0.232259 0.498946
v 0.497309 -0.231439 0.498532
v 0.497309 -0.231439 0.446752
v 0.491842 -0.232259 0.446339
v 0.443794 -0.235907 0.446339
v 0.438327 -0.236727 0.446752
v 0.418336 -0.004482 0.446339
v 0.412845 -0.005094 0.446752
v 0.417910 -0.000631 0.446752
v 0.417910 -0.000631 0.498532
v 0.412840 -0.005044 0.498537
v 0.418336 -0.004482 0.498946
v 0.465671 0.004701 0.498527
v 0.466166 0.000858 0.498946
v 0.471662 0.001421 0.498527
v 0.465744 0.004709 0.446752
v 0.471662 0.001421 0.446758
v 0.466166 0.000858 0.446339
v 0.557745 -0.197086 0.508385
v 0.565375 -0.197130 0.508956
v 0.631716 -0.202053 0.508956
v 0.639346 -0.202097 0.508385
v 0.639346 -0.202097 0.436899
v 0.631716 -0.202053 0.436329
v 0.565375 -0.197130 0.436329
v 0.557745 -0.197086 0.436899
v 0.576742 0.102327 0.436329
v 0.569121 0.102641 0.436899
v 0.576928 0.107311 0.436899
v 0.576928 0.107311 0.508385
v 0.569124 0.102705 0.508392
v 0.576742 0.102327 0.508956
v 0.643213 0.104588 0.508378
v 0.643123 0.099600 0.508956
v 0.650741 0.099222 0.508378
v 0.643315 0.104584 0.436899
v 0.650741 0.099222 0.436907
v 0.643123 0.099600 0.436329
v -0.672401 -1.861657 0.436162
v -0.664726 -1.861268 0.436735
v -0.672668 -1.874871 0.436735
v -0.672668 -1.874871 0.508549
v -0.664730 -1.861438 0.508556
v -0.672401 -1.861657 0.509122
v -0.739433 -1.878283 0.508542
v -0.739264 -1.865074 0.509122
v -0.746935 -1.865294 0.508542
v -0.739535 -1.878288 0.436735
v -0.746935 -1.865294 0.436743
v -0.739264 -1.865074 0.436162
v -0.654392 -0.345080 0.508552
v -0.662087 -0.346506 0.509122
v -0.728858 -0.344108 0.509122
v -0.736541 -0.344891 0.508546
v -0.736541 -0.344891 0.436738
v -0.728858 -0.344108 0.436162
v -0.662087 -0.346506 0.436162
v -0.654392 -0.345080 0.436735
v -0.672401 -1.861657 -0.462520
v -0.664726 -1.861268 -0.461947
v -0.672668 -1.874871 -0.461947
v -0.672668 -1.874871 -0.390133
v -0.664730 -1.861438 -0.390126
v -0.672401 -1.861657 -0.389560
v -0.739433 -1.878283 -0.390141
v -0.739264 -1.865074 -0.389560
v -0.746935 -1.865294 -0.390141
v -0.739535 -1.878288 -0.461947
v -0.746935 -1.865294 -0.461939
v -0.739264 -1.865074 -0.462520
v -0.654392 -0.345080 -0.390130
v -0.662087 -0.346506 -0.389560
v -0.728858 -0.344108 -0.389560
v -0.736541 -0.344891 -0.390136
v -0.736541 -0.344891 -0.461944
v -0.728858 -0.344108 -0.462520
v -0.662087 -0.346506 -0.462520
v -0.654392 -0.345080 -0.461947
v -0.036073 -1.861657 0.436162
v -0.028398 -1.861268 0.436735
v -0.036339 -1.874871 0.436735
v -0.036339 -1.874871 0.508549
v -0.028402 -1.861438 0.508556
v -0.036073 -1.861657 0.509122
v -0.103104 -1.878283 0.508542
v -0.102935 -1.865074 0.509122
v -0.110606 -1.865294 0.508542
v -0.103206 -1.878288 0.436735
v -0.110606 -1.865294 0.436743
v -0.102935 -1.865074 0.436162
v -0.018063 -0.345080 0.508552
v -0.025759 -0.346506 0.509122
v -0.092530 -0.344108 0.509122
v -0.100212 -0.344891 0.508546
v -0.100213 -0.344891 0.436738
v -0.092530 -0.344108 0.436162
v -0.025759 -0.346506 0.436162
v -0.018063 -0.345080 0.436735
v -0.065090 -1.861657 -0.462520
v -0.057415 -1.861268 -0.461947
v -0.065356 -1.874871 -0.461947
v -0.065356 -1.874871 -0.390133
v -0.057418 -1.861438 -0.390126
v -0.065090 -1.861657 -0.389560
v -0.132121 -1.878283 -0.390141
v -0.131952 -1.865074 -0.389560
v -0.139623 -1.865294 -0.390141
v -0.132223 -1.878288 -0.461947
v -0.139623 -1.865294 -0.461939
v -0.131952 -1.865074 -0.462520
v -0.047080 -0.345080 -0.390130
v -0.054775 -0.346506 -0.389560
v -0.121547 -0.344108 -0.389560
v -0.129229 -0.344891 -0.390136
v -0.129229 -0.344891 -0.461944
v -0.121547 -0.344108 -0.462520
v -0.054775 -0.346506 -0.462520
v -0.047080 -0.345080 -0.461947
v 0.640025 -0.759631 -0.462520
v 0.647700 -0.759243 -0.461947
v 0.639758 -0.772845 -0.461947
v 0.639758 -0.772845 -0.390133
v 0.647696 -0.759413 -0.390126
v 0.640025 -0.759631 -0.389560
v 0.572993 -0.776258 -0.390141
v 0.573162 -0.763048 -0.389560
v 0.565491 -0.763269 -0.390141
v 0.572891 -0.776263 -0.461947
v 0.565491 -0.763269 -0.461939
v 0.573162 -0.763048 -0.462520
v 0.658034 -0.197283 -0.390130
v 0.650339 -0.198709 -0.389560
v 0.583568 -0.196311 -0.389560
v 0.575885 -0.197094 -0.390136
v 0.575885 -0.197094 -0.461944
v 0.583568 -0.196311 -0.462520
v 0.650339 -0.198709 -0.462520
v 0.658034 -0.197283 -0.461947
v 0.640025 -0.759631 0.387749
v 0.647700 -0.759243 0.388322
v 0.639758 -0.772845 0.388322
v 0.639758 -0.772845 0.460136
v 0.647696 -0.759413 0.460143
v 0.640025 -0.759631 0.460709
v 0.572993 -0.776258 0.460128
v 0.573162 -0.763048 0.460709
v 0.565491 -0.763269 0.460128
v 0.572891 -0.776263 0.388322
v 0.565491 -0.763269 0.388330
v 0.573162 -0.763048 0.387749
v 0.658034 -0.197283 0.460138
v 0.650339 -0.198709 0.460709
v 0.583568 -0.196311 0.460709
v 0.575885 -0.197094 0.460133
v 0.575885 -0.197094 0.388325
v 0.583568 -0.196311 0.387749
v 0.650339 -0.198709 0.387749
v 0.658034 -0.197283 0.388322
v 0.368083 -0.759631 0.387749
v 0.375757 -0.759243 0.388322
v 0.367816 -0.772845 0.388322
v 0.367816 -0.772845 0.460136
v 0.375754 -0.759413 0.460143
v 0.368083 -0.759631 0.460709
v 0.301051 -0.776258 0.460128
v 0.301220 -0.763048 0.460709
v 0.293549 -0.763269 0.460128
v 0.300949 -0.776263 0.388322
v 0.293549 -0.763269 0.388330
v 0.301220 -0.763048 0.387749
v 0.386092 -0.197283 0.460138
v 0.378397 -0.198709 0.460709
v 0.311625 -0.196311 0.460709
v 0.303943 -0.197094 0.460133
v 0.303943 -0.197094 0.388325
v 0.311625 -0.196311 0.387749
v 0.378397 -0.198709 0.387749
v 0.386092 -0.197283 0.388322
v 0.368083 -0.759631 -0.462520
v 0.375757 -0.759243 -0.461947
v 0.367816 -0.772845 -0.461947
v 0.367816 -0.772845 -0.390133
v 0.375754 -0.759413 -0.390126
v 0.368083 -0.759631 -0.389560
v 0.301051 -0.776258 -0.390141
v 0.301220 -0.763048 -0.389560
v 0.293549 -0.763269 -0.390141
v 0.300949 -0.776263 -0.461947
v 0.293549 -0.763269 -0.461939
v 0.301220 -0.763048 -0.462520
v 0.386092 -0.197283 -0.390130
v 0.378397 -0.198709 -0.389560
v 0.311625 -0.196311 -0.389560
v 0.303943 -0.197094 -0.390136
v 0.303943 -0.197094 -0.461944
v 0.311625 -0.196311 -0.462520
v 0.378397 -0.198709 -0.462520
v 0.386092 -0.197283 -0.461947
v -0.677407 -0.321811 0.491848
v -0.683531 -0.325465 0.492242
v -0.743564 -0.351518 0.492242
v -0.749977 -0.354921 0.491844
v -0.749977 -0.354921 0.442224
v -0.743564 -0.351518 0.441826
v -0.683531 -0.325465 0.441826
v -0.677407 -0.321811 0.442222
v -0.055032 -0.851209 0.492242
v -0.048419 -0.847980 0.491850
v -0.048489 -0.847920 0.442222
v -0.055032 -0.851209 0.441826
v -0.085867 -0.908800 0.441826
v -0.092506 -0.912004 0.442227
v -0.092506 -0.912004 0.491841
v -0.085867 -0.908800 0.492242
v -0.031520 -0.398454 0.500985
v -0.033842 -0.391711 0.501474
v -0.047047 -0.327615 0.501474
v -0.049065 -0.320641 0.500980
v -0.049065 -0.320641 0.439427
v -0.047047 -0.327615 0.438934
v -0.033842 -0.391711 0.438934
v -0.031520 -0.398454 0.439425
v -0.677164 -0.899211 0.501474
v -0.675357 -0.906344 0.500988
v -0.675284 -0.906289 0.439425
v -0.677164 -0.899211 0.438934
v -0.727218 -0.857235 0.438934
v -0.728995 -0.850079 0.439431
v -0.728995 -0.850079 0.500976
v -0.727218 -0.857235 0.501474
v -0.065091 -0.378062 -0.392949
v -0.067818 -0.371472 -0.392460
v -0.084882 -0.308294 -0.392460
v -0.087318 -0.301454 -0.392954
v -0.087318 -0.301454 -0.454507
v -0.084882 -0.308294 -0.455000
v -0.067818 -0.371472 -0.455000
v -0.065091 -0.378062 -0.454509
v -0.679217 -0.917009 -0.392460
v -0.676981 -0.924020 -0.392946
v -0.676912 -0.923961 -0.454509
v -0.679217 -0.917009 -0.455000
v -0.731722 -0.878142 -0.455000
v -0.733929 -0.871107 -0.454503
v -0.733929 -0.871108 -0.392958
v -0.731722 -0.878142 -0.392460
v -0.696984 -0.321811 -0.402086
v -0.703109 -0.325465 -0.401692
v -0.763142 -0.351518 -0.401692
v -0.769555 -0.354921 -0.402090
v -0.769555 -0.354921 -0.451710
v -0.763142 -0.351518 -0.452108
v -0.703109 -0.325465 -0.452108
v -0.696984 -0.321811 -0.451712
v -0.074609 -0.851209 -0.401692
v -0.067997 -0.847980 -0.402084
v -0.068066 -0.847920 -0.451712
v -0.074609 -0.851209 -0.452108
v -0.105444 -0.908800 -0.452108
v -0.112084 -0.912004 -0.451707
v -0.112084 -0.912004 -0.402093
v -0.105444 -0.908800 -0.401692
v -0.675478 -1.265201 -0.439187
v -0.670225 -1.265241 -0.438348
v -0.675611 -1.272845 -0.446307
v -0.676565 -1.301102 -0.387511
v -0.671181 -1.293595 -0.379643
v -0.676447 -1.293909 -0.379453
v -0.722320 -1.302736 -0.390769
v -0.722268 -1.295548 -0.382710
v -0.727518 -1.295410 -0.383461
v -0.721436 -1.274483 -0.449563
v -0.726564 -1.267160 -0.442244
v -0.721299 -1.266839 -0.442444
v -0.670448 -0.442189 0.490734
v -0.675726 -0.443182 0.490234
v -0.721509 -0.441556 0.490316
v -0.726764 -0.441737 0.489247
v -0.725810 -0.413482 0.430456
v -0.720540 -0.412848 0.430582
v -0.674757 -0.414474 0.430500
v -0.669494 -0.413931 0.431936
v -0.675095 -0.414449 -0.401034
v -0.668565 -0.415459 -0.400868
v -0.674650 -0.407609 -0.408924
v -0.677172 -0.467326 -0.435117
v -0.671083 -0.475088 -0.427162
v -0.677657 -0.475119 -0.427647
v -0.700945 -0.462643 -0.438406
v -0.701512 -0.470435 -0.430943
v -0.708046 -0.469509 -0.431008
v -0.698510 -0.402925 -0.412219
v -0.705525 -0.409804 -0.404821
v -0.698951 -0.409765 -0.404330
v -0.704630 -1.313672 0.453777
v -0.711164 -1.313037 0.452590
v -0.735246 -1.311571 0.452673
v -0.741759 -1.310339 0.452278
v -0.739238 -1.250627 0.478470
v -0.732684 -1.250901 0.479286
v -0.708602 -1.252368 0.479202
v -0.702109 -1.253954 0.479972
v -0.060925 -0.413861 -0.401472
v -0.054342 -0.414418 -0.401265
v -0.060906 -0.407015 -0.409368
v -0.059145 -0.466789 -0.435492
v -0.052583 -0.474105 -0.427491
v -0.059136 -0.474589 -0.428015
v -0.083164 -0.463760 -0.438930
v -0.083238 -0.471565 -0.431459
v -0.089819 -0.471092 -0.431565
v -0.085011 -0.403990 -0.412812
v -0.091579 -0.411330 -0.405446
v -0.085027 -0.410837 -0.404916
v -0.033540 -1.312132 0.454411
v -0.040095 -1.311951 0.453184
v -0.064220 -1.312149 0.453122
v -0.070801 -1.311369 0.452686
v -0.072562 -1.251600 0.478809
v -0.066009 -1.251420 0.479664
v -0.041883 -1.251223 0.479726
v -0.035301 -1.252356 0.480537
v -0.074657 -1.264485 -0.440385
v -0.069359 -1.264474 -0.439903
v -0.075196 -1.272124 -0.447493
v -0.071890 -1.300447 -0.388814
v -0.066061 -1.292895 -0.381316
v -0.071298 -1.293262 -0.380771
v -0.117742 -1.302535 -0.388972
v -0.117216 -1.295355 -0.380923
v -0.122505 -1.295270 -0.381317
v -0.121117 -1.274217 -0.447645
v -0.125811 -1.266952 -0.439982
v -0.120575 -1.266579 -0.440537
v -0.027418 -0.442401 0.488448
v -0.032707 -0.443446 0.488304
v -0.078394 -0.442279 0.491486
v -0.083707 -0.442511 0.490775
v -0.087013 -0.414189 0.432102
v -0.081753 -0.413502 0.431872
v -0.036066 -0.414670 0.428690
v -0.030724 -0.414076 0.429768
v 0.690993 0.003698 -0.410157
v 0.680985 0.003131 -0.409754
v 0.682026 -0.002670 -0.410157
v 0.678422 0.059453 -0.410230
v 0.679396 0.053645 -0.409754
v 0.689403 0.054253 -0.410230
v 0.679396 0.053645 -0.465102
v 0.679346 0.059552 -0.464667
v 0.689387 0.054797 -0.464667
v 0.682026 -0.002670 -0.464699
v 0.680985 0.003131 -0.465102
v 0.690993 0.003698 -0.464699
v -0.787014 -0.135170 -0.465102
v -0.786523 -0.140978 -0.464667
v -0.797039 -0.135306 -0.464667
v -0.797039 -0.135306 -0.410189
v -0.786652 -0.140980 -0.410183
v -0.787014 -0.135170 -0.409754
v -0.801335 -0.084774 -0.410195
v -0.791316 -0.084564 -0.409754
v -0.791680 -0.078753 -0.410195
v -0.801342 -0.084697 -0.464667
v -0.791680 -0.078753 -0.464661
v -0.791316 -0.084564 -0.465102
v 0.031932 -0.100484 -0.410181
v -0.184170 -0.125523 -0.410186
v -0.401473 -0.135825 -0.410187
v -0.402751 -0.130027 -0.409754
v -0.185191 -0.119711 -0.409754
v 0.031191 -0.094638 -0.409754
v 0.031300 -0.043923 -0.409754
v -0.185082 -0.069013 -0.409754
v -0.402642 -0.079341 -0.409754
v -0.403432 -0.073537 -0.410191
v -0.186129 -0.063222 -0.410192
v 0.029971 -0.038167 -0.410199
v 0.029972 -0.038177 -0.464667
v -0.186129 -0.063224 -0.464666
v -0.403432 -0.073537 -0.464665
v -0.402642 -0.079341 -0.465102
v -0.185082 -0.069013 -0.465102
v 0.031300 -0.043923 -0.465102
v 0.031191 -0.094638 -0.465102
v -0.185191 -0.119711 -0.465102
v -0.402751 -0.130027 -0.465102
v -0.401473 -0.135825 -0.464667
v -0.184170 -0.125523 -0.464669
v 0.031932 -0.100484 -0.464675
v -0.761521 -0.347381 -0.401685
v -0.753908 -0.346867 -0.401114
v -0.687385 -0.346922 -0.401114
v -0.679772 -0.346407 -0.401685
v -0.679772 -0.346407 -0.473171
v -0.687385 -0.346922 -0.473741
v -0.753908 -0.346867 -0.473741
v -0.761521 -0.347381 -0.473171
v -0.764488 -0.047381 -0.473741
v -0.772111 -0.047625 -0.473171
v -0.764667 -0.042397 -0.473171
v -0.764667 -0.042397 -0.401685
v -0.772112 -0.047561 -0.401678
v -0.764488 -0.047381 -0.401114
v -0.698360 -0.040261 -0.401693
v -0.698085 -0.045242 -0.401114
v -0.690460 -0.045061 -0.401693
v -0.698258 -0.040258 -0.473171
v -0.690460 -0.045061 -0.473163
v -0.698085 -0.045242 -0.473741
v 0.557745 -0.197086 -0.401685
v 0.565375 -0.197130 -0.401114
v 0.631716 -0.202053 -0.401114
v 0.639346 -0.202097 -0.401685
v 0.639346 -0.202097 -0.473171
v 0.631716 -0.202053 -0.473741
v 0.565375 -0.197130 -0.473741
v 0.557745 -0.197086 -0.473171
v 0.576742 0.102327 -0.473741
v 0.569121 0.102641 -0.473171
v 0.576928 0.107311 -0.473171
v 0.576928 0.107311 -0.401685
v 0.569124 0.102705 -0.401678
v 0.576742 0.102327 -0.401114
v 0.643213 0.104588 -0.401693
v 0.643123 0.099600 -0.401114
v 0.650741 0.099222 -0.401693
v 0.643315 0.104584 -0.473171
v 0.650741 0.099222 -0.473163
v 0.643123 0.099600 -0.473741
v 0.438327 -0.236727 -0.411538
v 0.443794 -0.235907 -0.411124
v 0.491842 -0.232259 -0.411124
v 0.497309 -0.231439 -0.411538
v 0.497309 -0.231439 -0.463318
v 0.491842 -0.232259 -0.463731
v 0.443794 -0.235907 -0.463731
v 0.438327 -0.236727 -0.463318
v 0.418336 -0.004482 -0.463731
v 0.412845 -0.005094 -0.463318
v 0.417910 -0.000631 -0.463318
v 0.417910 -0.000631 -0.411538
v 0.412840 -0.005044 -0.411533
v 0.418336 -0.004482 -0.411124
v 0.465671 0.004701 -0.411543
v 0.466166 0.000858 -0.411124
v 0.471662 0.001421 -0.411543
v 0.465744 0.004709 -0.463318
v 0.471662 0.001421 -0.463313
v 0.466166 0.000858 -0.463731
v 0.226136 -0.291507 -0.411538
v 0.231448 -0.289976 -0.411124
v 0.278601 -0.280051 -0.411124
v 0.283914 -0.278520 -0.411538
v 0.283914 -0.278520 -0.463318
v 0.278601 -0.280051 -0.463731
v 0.231448 -0.289976 -0.463731
v 0.226136 -0.291507 -0.463318
v 0.175823 -0.063898 -0.463731
v 0.170460 -0.065225 -0.463318
v 0.174895 -0.060136 -0.463318
v 0.174895 -0.060136 -0.411538
v 0.170449 -0.065177 -0.411533
v 0.175823 -0.063898 -0.411124
v 0.221543 -0.048579 -0.411543
v 0.222538 -0.052324 -0.411124
v 0.227913 -0.051044 -0.411543
v 0.221614 -0.048561 -0.463318
v 0.227913 -0.051044 -0.463313
v 0.222538 -0.052324 -0.463731
v -0.026599 -0.325056 -0.411538
v -0.021286 -0.323525 -0.411124
v 0.025866 -0.313600 -0.411124
v 0.031179 -0.312069 -0.411538
v 0.031179 -0.312069 -0.463318
v 0.025866 -0.313600 -0.463731
v -0.021286 -0.323525 -0.463731
v -0.026599 -0.325056 -0.463318
v -0.076912 -0.097447 -0.463731
v -0.082275 -0.098774 -0.463318
v -0.077839 -0.093685 -0.463318
v -0.077839 -0.093685 -0.411538
v -0.082286 -0.098726 -0.411533
v -0.076912 -0.097447 -0.411124
v -0.031192 -0.082127 -0.411543
v -0.030196 -0.085873 -0.411124
v -0.024822 -0.084593 -0.411543
v -0.031121 -0.082110 -0.463318
v -0.024822 -0.084593 -0.463313
v -0.030196 -0.085873 -0.463731
v -0.248526 -0.335770 -0.411538
v -0.243012 -0.335371 -0.411124
v -0.194826 -0.335413 -0.411124
v -0.189312 -0.335014 -0.411538
v -0.189312 -0.335014 -0.463318
v -0.194826 -0.335413 -0.463731
v -0.243012 -0.335371 -0.463731
v -0.248526 -0.335770 -0.463318
v -0.250675 -0.102676 -0.463731
v -0.256197 -0.102866 -0.463318
v -0.250805 -0.098804 -0.463318
v -0.250805 -0.098804 -0.411538
v -0.256198 -0.102816 -0.411533
v -0.250675 -0.102676 -0.411124
v -0.202775 -0.097144 -0.411543
v -0.202576 -0.101015 -0.411124
v -0.197053 -0.100874 -0.411543
v -0.202702 -0.097142 -0.463318
v -0.197053 -0.100874 -0.463313
v -0.202576 -0.101015 -0.463731
v -0.456734 -0.335770 -0.411538
v -0.451220 -0.335371 -0.411124
v -0.403034 -0.335413 -0.411124
v -0.397520 -0.335014 -0.411538
v -0.397520 -0.335014 -0.463318
v -0.403034 -0.335413 -0.463731
v -0.451220 -0.335371 -0.463731
v -0.456734 -0.335770 -0.463318
v -0.458883 -0.102676 -0.463731
v -0.464405 -0.102866 -0.463318
v -0.459013 -0.098804 -0.463318
v -0.459013 -0.098804 -0.411538
v -0.464406 -0.102816 -0.411533
v -0.458883 -0.102676 -0.411124
v -0.410983 -0.097144 -0.411543
v -0.410784 -0.101015 -0.411124
v -0.405261 -0.100874 -0.411543
v -0.410910 -0.097142 -0.463318
v -0.405261 -0.100874 -0.463313
v -0.410784 -0.101015 -0.463731
v -0.600532 -0.335770 -0.411538
v -0.595018 -0.335371 -0.411124
v -0.546832 -0.335413 -0.411124
v -0.541318 -0.335014 -0.411538
v -0.541318 -0.335014 -0.463318
v -0.546832 -0.335413 -0.463731
v -0.595018 -0.335371 -0.463731
v -0.600532 -0.335770 -0.463318
v -0.602681 -0.102676 -0.463731
v -0.608203 -0.102866 -0.463318
v -0.602811 -0.098804 -0.463318
v -0.602811 -0.098804 -0.411538
v -0.608204 -0.102816 -0.411533
v -0.602681 -0.102676 -0.411124
v -0.554781 -0.097144 -0.411543
v -0.554582 -0.101015 -0.411124
v -0.549059 -0.100874 -0.411543
v -0.554708 -0.097142 -0.463318
v -0.549059 -0.100874 -0.463313
v -0.554582 -0.101015 -0.463731
v 0.327227 -0.199079 0.365743
v 0.142785 0.934490 0.383213
v 0.125230 -0.235632 0.365743
v -0.143780 0.872624 0.383213
v 0.238698 -0.215099 0.332582
v 0.214953 -0.219396 0.332582
v -0.022519 1.017158 0.350053
v -0.046702 1.015410 0.350053
v 0.010431 -0.256406 0.332582
v -0.012467 -0.260550 0.332582
v -0.166335 0.433048 0.350053
v -0.186736 0.419145 0.350053
v -0.187057 0.509458 0.350053
v -0.208085 0.497974 0.350053
v -0.228978 0.667329 0.350053
v -0.251033 0.659807 0.350053
v -0.255160 0.734582 0.350053
v -0.269962 0.714256 0.350053
v 0.343871 0.605425 0.350053
v 0.361816 0.608893 0.350053
v 0.350469 0.728994 0.350053
v 0.332553 0.725222 0.350053
v 0.366434 0.529175 0.350053
v 0.384282 0.532971 0.350053
v 0.459583 -0.175127 0.332582
v 0.477494 -0.171886 0.332582
v 0.311855 0.827103 0.350053
v 0.331413 0.818390 0.350053
v 0.093493 0.480067 0.276748
v 0.069747 0.475769 0.276748
v 0.043636 0.714896 0.276748
v 0.019884 0.710598 0.276748
v -0.057565 0.665217 0.276748
v 0.013932 0.709521 0.276748
v -0.054670 0.533415 0.276748
v 0.128651 0.692642 0.276748
v 0.191197 0.577907 0.276748
v 0.176232 0.515949 0.276748
v -0.010899 0.475813 0.276748
v 0.197417 0.578727 0.383213
v 0.191197 0.577907 0.377359
v 0.181265 0.511853 0.383213
v 0.176232 0.515949 0.377359
v -0.060481 0.531386 0.383213
v -0.054670 0.533415 0.377359
v -0.063491 0.668432 0.383213
v -0.057565 0.665217 0.377359
v 0.132683 0.697475 0.383213
v 0.128651 0.692642 0.377359
v -0.013859 0.470033 0.383213
v -0.010899 0.475813 0.377359
v 0.244459 -0.214057 0.365743
v 0.238698 -0.215099 0.359889
v 0.100341 0.481306 0.351830
v 0.104054 0.476068 0.378446
v 0.110324 0.478452 0.383213
v 0.108386 0.483882 0.377255
v 0.214953 -0.219396 0.359889
v 0.209188 -0.220439 0.365743
v 0.055716 0.474105 0.377257
v 0.056002 0.468322 0.383213
v 0.062598 0.468780 0.378387
v 0.064152 0.474757 0.348483
v 0.059163 0.715603 0.377278
v 0.058981 0.721733 0.383213
v 0.052037 0.722057 0.378501
v 0.050750 0.716183 0.353179
v -0.022519 1.017158 0.377359
v -0.015575 1.013686 0.383213
v 0.013335 0.717188 0.378248
v 0.007481 0.712325 0.383213
v 0.013932 0.709521 0.376795
v -0.051323 1.008614 0.383213
v -0.046702 1.015410 0.377359
v 0.094698 0.474298 0.350053
v 0.097624 0.480814 0.344198
v 0.070936 0.470075 0.350053
v 0.065516 0.475004 0.344273
v 0.042395 0.720568 0.350053
v 0.047655 0.715623 0.344297
v 0.018623 0.716370 0.350053
v 0.015077 0.709728 0.344197
v 0.061099 0.714963 0.276748
v 0.052981 0.716587 0.276748
v 0.102553 0.481706 0.276748
v 0.110247 0.484762 0.276748
v 0.053497 0.474162 0.276748
v 0.061774 0.474327 0.276748
v 0.018763 -0.254899 0.365743
v 0.010431 -0.256406 0.357297
v -0.166335 0.433048 0.374766
v -0.158126 0.435039 0.383213
v -0.012467 -0.260550 0.357297
v -0.020799 -0.262058 0.365743
v -0.191807 0.410937 0.383213
v -0.186736 0.419145 0.373565
v -0.187057 0.509458 0.374752
v -0.178719 0.510903 0.383213
v -0.214299 0.491305 0.383213
v -0.208085 0.497974 0.374098
v -0.228978 0.667329 0.374768
v -0.220937 0.669953 0.383213
v -0.259115 0.657333 0.383213
v -0.251033 0.659807 0.374768
v -0.255160 0.734582 0.374768
v -0.249047 0.742159 0.383213
v -0.275901 0.705622 0.383213
v -0.269962 0.714256 0.374768
v 0.370147 0.610504 0.383213
v 0.361816 0.608893 0.374768
v 0.358778 0.730838 0.383213
v 0.350469 0.728994 0.374768
v 0.343871 0.605425 0.374768
v 0.335540 0.603814 0.383213
v 0.332553 0.725222 0.374768
v 0.324233 0.723497 0.383213
v 0.366434 0.529175 0.374768
v 0.358148 0.527412 0.383213
v 0.392567 0.534734 0.383213
v 0.384282 0.532971 0.374768
v 0.459583 -0.175127 0.357297
v 0.451263 -0.176633 0.365743
v 0.485814 -0.170381 0.365743
v 0.477494 -0.171886 0.357297
v 0.300145 0.835787 0.383213
v 0.311855 0.827103 0.374768
v 0.331413 0.818390 0.374768
v 0.342593 0.812186 0.383213
v -0.142376 -0.284058 0.322767
v -0.309195 0.192190 0.340237
v 0.612383 -0.147477 0.322767
v 0.588811 0.392510 0.340237
v -0.376609 0.297358 0.340237
v -0.411051 0.394939 0.340237
v 0.578093 0.470731 0.340237
v 0.572385 0.577800 0.340237
v -0.414642 0.475478 0.340237
v 0.583156 0.645534 0.340237
v -0.158828 -0.287036 0.327691
v -0.153917 -0.286147 0.322767
v -0.329196 0.188571 0.345161
v -0.324763 0.190795 0.340237
v 0.625329 -0.145134 0.322767
v 0.630223 -0.144248 0.327691
v 0.609913 0.396329 0.345161
v 0.605001 0.395906 0.340237
v -0.398738 0.293353 0.345161
v -0.394308 0.295582 0.340237
v -0.433919 0.390801 0.345161
v -0.429028 0.391754 0.340237
v 0.599347 0.474577 0.345161
v 0.594439 0.474130 0.340237
v 0.594240 0.581755 0.345161
v 0.589296 0.582063 0.340237
v -0.432133 0.472313 0.340237
v -0.437026 0.471427 0.345161
v 0.606023 0.649672 0.345161
v 0.600864 0.648739 0.340237
v -0.153699 -0.286107 0.365743
v -0.158828 -0.287036 0.360601
v -0.324566 0.190893 0.383213
v -0.329196 0.188571 0.378072
v 0.630223 -0.144248 0.360601
v 0.625113 -0.145173 0.365743
v 0.604784 0.395887 0.383213
v 0.609913 0.396329 0.378072
v -0.394112 0.295681 0.383213
v -0.398738 0.293353 0.378072
v -0.428812 0.391797 0.383213
v -0.433919 0.390801 0.378072
v 0.594222 0.474110 0.383213
v 0.599347 0.474577 0.378072
v 0.589077 0.582076 0.383213
v 0.594240 0.581755 0.378072
v -0.437026 0.471427 0.378072
v -0.432154 0.478510 0.383213
v 0.601309 0.652580 0.383213
v 0.606023 0.649672 0.378072
v 0.600597 0.122517 0.333539
v 0.615165 0.125386 0.333539
v 0.620068 0.126040 0.338463
v 0.620068 0.126040 0.371373
v 0.614948 0.125357 0.376515
v 0.439191 0.182177 0.376515
v 0.430888 0.180543 0.368070
v 0.430888 0.180543 0.343354
v 0.413009 0.177024 0.343354
v 0.413009 0.177024 0.368070
v 0.404706 0.175390 0.376515
v 0.254246 0.156387 0.376515
v 0.177391 0.132198 0.376515
v 0.171376 0.130485 0.371204
v 0.166698 0.129600 0.343354
v 0.142945 0.125339 0.343354
v 0.138775 0.124692 0.371175
v 0.132595 0.123941 0.376515
v 0.055685 0.117200 0.376515
v -0.069682 0.090070 0.376515
v -0.077952 0.088321 0.368069
v -0.077952 0.088321 0.343354
v -0.099602 0.079298 0.343354
v -0.099602 0.079298 0.367469
v -0.106303 0.074440 0.376515
v -0.239133 -0.047607 0.376515
v -0.244012 -0.049232 0.371373
v -0.244012 -0.049232 0.338463
v -0.239339 -0.047676 0.333539
v -0.225785 -0.045934 0.333539
v -0.457051 0.320018 0.417038
v -0.469374 0.323476 0.430135
v -0.473409 0.311330 0.417038
v -0.362999 0.530143 0.430135
v -0.351483 0.524378 0.417257
v -0.631358 0.329968 0.418022
v -0.622284 0.342895 0.430135
v -0.637801 0.345839 0.418022
v -0.441396 0.567269 0.430135
v -0.451968 0.574677 0.417258
v -0.630801 0.329902 -0.423261
v -0.637801 0.345839 -0.423643
v -0.622284 0.342895 -0.435756
v -0.451968 0.574677 -0.422879
v -0.441396 0.567269 -0.435756
v -0.473409 0.311330 -0.422659
v -0.469374 0.323476 -0.435756
v -0.457051 0.320018 -0.422659
v -0.362998 0.530142 -0.435756
v -0.351483 0.524378 -0.422878
v 0.602374 0.615038 0.417163
v 0.620778 0.615577 0.417068
v 0.611307 0.624144 0.430135
v 0.729721 0.718726 0.430135
v 0.744706 0.712624 0.417700
v 0.741423 0.729900 0.417700
v 0.741423 0.729900 -0.423321
v 0.745243 0.713045 -0.423764
v 0.729721 0.718726 -0.435756
v 0.611307 0.624144 -0.435756
v 0.620712 0.615526 -0.422784
v 0.602374 0.615038 -0.422784
v 0.302659 0.829159 0.417258
v 0.309500 0.840105 0.430135
v 0.484516 0.713250 0.430135
v 0.475710 0.703772 0.417197
v 0.335608 0.914763 0.430135
v 0.342568 0.925598 0.417258
v 0.546674 0.774302 0.430135
v 0.552196 0.786095 0.417258
v 0.342568 0.925598 -0.422879
v 0.335608 0.914763 -0.435756
v 0.552196 0.786095 -0.422879
v 0.546674 0.774302 -0.435756
v 0.309500 0.840105 -0.435756
v 0.302659 0.829159 -0.422879
v 0.484507 0.713240 -0.435756
v 0.475710 0.703772 -0.422831
v -0.268300 0.710988 0.430135
v -0.257399 0.704048 0.417258
v -0.328574 0.780385 0.417258
v -0.317741 0.773411 0.430135
v -0.317741 0.773411 -0.435756
v -0.328574 0.780385 -0.422879
v -0.257399 0.704048 -0.422879
v -0.268300 0.710988 -0.435756
v 0.008712 1.000596 0.430135
v 0.006599 0.987128 0.417258
v -0.049225 0.977026 0.417258
v -0.056435 0.988807 0.430135
v 0.006599 0.987128 -0.422879
v 0.008712 1.000596 -0.435756
v -0.056435 0.988807 -0.435756
v -0.049225 0.977026 -0.422879
v -0.023293 1.152313 0.417258
v -0.025869 1.138761 0.430135
v -0.071555 1.130494 0.430135
v -0.079117 1.142211 0.417258
v -0.025869 1.138761 -0.435756
v -0.023293 1.152313 -0.422879
v -0.079117 1.142211 -0.422879
v -0.071555 1.130494 -0.435756
v -0.451913 0.315220 -0.212714
v -0.459738 0.333169 -0.002811
v -0.484624 0.309300 0.207092
v -0.468267 0.317989 0.207092
v -0.443380 0.341857 -0.002811
v -0.435555 0.323908 -0.212713
v -0.362699 0.522349 0.207092
v -0.337812 0.546217 -0.002811
v -0.329987 0.528268 -0.212714
v -0.268615 0.702018 0.207092
v -0.243728 0.725886 -0.002811
v -0.235903 0.707938 -0.212713
v -0.060441 0.974996 0.207092
v -0.035554 0.998865 -0.002811
v -0.027729 0.980916 -0.212713
v -0.004616 0.985099 0.207092
v 0.020271 1.008967 -0.002811
v 0.028096 0.991018 -0.212713
v 0.291444 0.827130 0.207092
v 0.316331 0.850998 -0.002811
v 0.324156 0.833049 -0.212713
v 0.464494 0.701742 0.207086
v 0.489381 0.725610 -0.002817
v 0.497206 0.707662 -0.212720
v 0.591158 0.613008 0.207093
v 0.616045 0.636876 -0.002811
v 0.623870 0.618928 -0.212714
v 0.609546 0.613535 0.207045
v 0.634416 0.637391 -0.002858
v 0.642225 0.619429 -0.212761
v 0.733625 0.710700 0.206887
v 0.758646 0.734673 -0.003032
v 0.766605 0.716829 -0.212951
v 0.730207 0.727870 0.207092
v 0.755094 0.751738 -0.002811
v 0.762919 0.733790 -0.212713
v 0.540980 0.784066 0.207092
v 0.565867 0.807934 -0.002811
v 0.573692 0.789985 -0.212713
v 0.331352 0.923569 0.207092
v 0.356239 0.947437 -0.002811
v 0.364064 0.929488 -0.212713
v -0.034508 1.150284 0.207092
v -0.009621 1.174152 -0.002811
v -0.001796 1.156203 -0.212713
v -0.090333 1.140182 0.207092
v -0.065446 1.164050 -0.002811
v -0.057621 1.146101 -0.212713
v -0.339789 0.778355 0.207092
v -0.314902 0.802224 -0.002811
v -0.307077 0.784275 -0.212713
v -0.463184 0.572647 0.207092
v -0.438297 0.596516 -0.002811
v -0.430472 0.578567 -0.212713
v -0.649016 0.343809 0.207105
v -0.624130 0.367678 -0.002811
v -0.616304 0.349729 -0.212726
v -0.642434 0.327922 0.207284
v -0.617408 0.351774 -0.002619
v -0.609444 0.333809 -0.212523
v 0.327227 -0.199079 -0.362849
v 0.142785 0.934490 -0.380320
v 0.125230 -0.235632 -0.362849
v -0.143780 0.872624 -0.380320
v 0.238698 -0.215099 -0.329688
v 0.214953 -0.219396 -0.329688
v -0.022519 1.017158 -0.347159
v -0.046702 1.015410 -0.347159
v 0.010431 -0.256406 -0.329688
v -0.012467 -0.260550 -0.329688
v -0.166335 0.433048 -0.347159
v -0.186736 0.419145 -0.347159
v -0.187057 0.509458 -0.347159
v -0.208085 0.497974 -0.347159
v -0.228978 0.667329 -0.347159
v -0.251033 0.659807 -0.347159
v -0.255160 0.734582 -0.347159
v -0.269962 0.714256 -0.347159
v 0.343871 0.605425 -0.347159
v 0.361816 0.608893 -0.347159
v 0.350469 0.728994 -0.347159
v 0.332553 0.725222 -0.347159
v 0.366434 0.529175 -0.347159
v 0.384282 0.532971 -0.347159
v 0.459583 -0.175127 -0.329688
v 0.477494 -0.171886 -0.329688
v 0.311855 0.827103 -0.347159
v 0.331413 0.818390 -0.347159
v 0.093493 0.480067 -0.273854
v 0.069747 0.475769 -0.273854
v 0.043636 0.714896 -0.273854
v 0.019884 0.710598 -0.273854
v -0.057565 0.665217 -0.273855
v 0.013932 0.709521 -0.273855
v -0.054670 0.533415 -0.273855
v 0.128651 0.692642 -0.273855
v 0.191197 0.577907 -0.273855
v 0.176232 0.515949 -0.273855
v -0.010899 0.475813 -0.273855
v 0.197417 0.578727 -0.380320
v 0.191197 0.577907 -0.374466
v 0.181265 0.511853 -0.380320
v 0.176232 0.515949 -0.374466
v -0.060481 0.531386 -0.380320
v -0.054670 0.533415 -0.374466
v -0.063491 0.668432 -0.380320
v -0.057565 0.665217 -0.374466
v 0.132683 0.697475 -0.380320
v 0.128651 0.692642 -0.374466
v -0.013859 0.470033 -0.380320
v -0.010899 0.475813 -0.374466
v 0.244459 -0.214057 -0.362849
v 0.238698 -0.215099 -0.356995
v 0.100341 0.481306 -0.348937
v 0.104054 0.476068 -0.375552
v 0.110324 0.478452 -0.380320
v 0.108386 0.483882 -0.374362
v 0.214953 -0.219396 -0.356995
v 0.209188 -0.220439 -0.362849
v 0.055716 0.474105 -0.374364
v 0.056002 0.468322 -0.380320
v 0.062598 0.468780 -0.375493
v 0.064152 0.474757 -0.345590
v 0.059163 0.715603 -0.374384
v 0.058981 0.721733 -0.380320
v 0.052037 0.722057 -0.375607
v 0.050750 0.716183 -0.350285
v -0.022519 1.017158 -0.374466
v -0.015575 1.013686 -0.380320
v 0.013335 0.717188 -0.375354
v 0.007481 0.712325 -0.380320
v 0.013932 0.709521 -0.373902
v -0.051323 1.008614 -0.380320
v -0.046702 1.015410 -0.374466
v 0.094698 0.474298 -0.347159
v 0.097624 0.480814 -0.341304
v 0.070936 0.470075 -0.347159
v 0.065516 0.475004 -0.341379
v 0.042395 0.720568 -0.347159
v 0.047655 0.715623 -0.341403
v 0.018623 0.716370 -0.347159
v 0.015077 0.709728 -0.341303
v 0.061099 0.714963 -0.273855
v 0.052981 0.716587 -0.273855
v 0.102553 0.481706 -0.273855
v 0.110247 0.484762 -0.273855
v 0.053497 0.474162 -0.273855
v 0.061774 0.474327 -0.273855
v 0.018763 -0.254899 -0.362849
v 0.010431 -0.256406 -0.354404
v -0.166335 0.433048 -0.371873
v -0.158126 0.435039 -0.380320
v -0.012467 -0.260550 -0.354404
v -0.020799 -0.262058 -0.362849
v -0.191807 0.410937 -0.380320
v -0.186736 0.419145 -0.370672
v -0.187057 0.509458 -0.371858
v -0.178719 0.510903 -0.380320
v -0.214299 0.491305 -0.380320
v -0.208085 0.497974 -0.371204
v -0.228978 0.667329 -0.371874
v -0.220937 0.669953 -0.380320
v -0.259115 0.657333 -0.380320
v -0.251033 0.659807 -0.371874
v -0.255160 0.734582 -0.371874
v -0.249047 0.742159 -0.380320
v -0.275901 0.705622 -0.380320
v -0.269962 0.714256 -0.371874
v 0.370147 0.610504 -0.380320
v 0.361816 0.608893 -0.371874
v 0.358778 0.730838 -0.380320
v 0.350469 0.728994 -0.371874
v 0.343871 0.605425 -0.371874
v 0.335540 0.603814 -0.380320
v 0.332553 0.725222 -0.371874
v 0.324233 0.723497 -0.380320
v 0.366434 0.529175 -0.371874
v 0.358148 0.527412 -0.380320
v 0.392567 0.534734 -0.380320
v 0.384282 0.532971 -0.371874
v 0.459583 -0.175127 -0.354404
v 0.451263 -0.176633 -0.362849
v 0.485814 -0.170381 -0.362849
v 0.477494 -0.171886 -0.354404
v 0.300145 0.835787 -0.380320
v 0.311855 0.827103 -0.371874
v 0.331413 0.818390 -0.371874
v 0.342593 0.812186 -0.380320
v 0.048528 -0.249512 -0.319873
v -0.077129 0.234185 -0.337344
v 0.405386 -0.184935 -0.319873
v 0.343965 0.348203 -0.337344
v -0.119844 0.343822 -0.337344
v -0.145719 0.442954 -0.337344
v 0.331493 0.426106 -0.337344
v 0.318808 0.531913 -0.337344
v -0.154916 0.522478 -0.337344
v 0.317824 0.597519 -0.337344
v -0.158828 -0.287036 -0.324797
v -0.153917 -0.286147 -0.319873
v -0.329196 0.188571 -0.342267
v -0.324763 0.190795 -0.337344
v 0.625329 -0.145134 -0.319873
v 0.630223 -0.144248 -0.324797
v 0.609913 0.396329 -0.342267
v 0.605001 0.395906 -0.337344
v -0.398738 0.293353 -0.342267
v -0.394308 0.295582 -0.337344
v -0.433919 0.390801 -0.342267
v -0.429028 0.391754 -0.337344
v 0.599347 0.474577 -0.342267
v 0.594439 0.474130 -0.337344
v 0.594240 0.581755 -0.342267
v 0.589296 0.582063 -0.337344
v -0.432133 0.472313 -0.337344
v -0.437026 0.471427 -0.342267
v 0.606023 0.649672 -0.342267
v 0.600864 0.648739 -0.337344
v -0.153699 -0.286107 -0.362849
v -0.158828 -0.287036 -0.357707
v -0.324566 0.190893 -0.380320
v -0.329196 0.188571 -0.375178
v 0.630223 -0.144248 -0.357707
v 0.625113 -0.145173 -0.362849
v 0.604784 0.395887 -0.380320
v 0.609913 0.396329 -0.375178
v -0.394112 0.295681 -0.380320
v -0.398738 0.293353 -0.375178
v -0.428812 0.391797 -0.380320
v -0.433919 0.390801 -0.375178
v 0.594222 0.474110 -0.380320
v 0.599347 0.474577 -0.375178
v 0.589077 0.582076 -0.380320
v 0.594240 0.581755 -0.375178
v -0.437026 0.471427 -0.375178
v -0.432154 0.478510 -0.380320
v 0.601309 0.652580 -0.380320
v 0.606023 0.649672 -0.375178
v 0.374675 0.081634 -0.330645
v 0.615165 0.125386 -0.330645
v 0.620068 0.126040 -0.335569
v 0.620068 0.126040 -0.368480
v 0.614948 0.125357 -0.373621
v 0.439191 0.182177 -0.373621
v 0.430888 0.180543 -0.365176
v 0.430888 0.180543 -0.340461
v 0.413009 0.177024 -0.340461
v 0.413009 0.177024 -0.365176
v 0.404706 0.175390 -0.373621
v 0.254246 0.156387 -0.373621
v 0.177391 0.132198 -0.373621
v 0.171376 0.130485 -0.368311
v 0.166698 0.129600 -0.340461
v 0.142945 0.125339 -0.340461
v 0.138775 0.124692 -0.368281
v 0.132595 0.123941 -0.373621
v 0.055685 0.117200 -0.373621
v -0.069682 0.090070 -0.373621
v -0.077952 0.088321 -0.365175
v -0.077952 0.088321 -0.340461
v -0.099602 0.079298 -0.340461
v -0.099602 0.079298 -0.364575
v -0.106303 0.074440 -0.373621
v -0.239133 -0.047607 -0.373621
v -0.244012 -0.049232 -0.368480
v -0.244012 -0.049232 -0.335569
v -0.239339 -0.047676 -0.330645
v -0.014300 -0.007663 -0.330645
v 0.565023 0.649681 -0.337009
v 0.565023 0.649681 -0.131321
v 0.626290 -0.146077 -0.323817
v 0.626290 -0.146077 -0.112706
v 0.594191 0.271784 -0.110967
v 0.590743 0.290836 -0.334956
v 0.582112 0.507374 -0.339722
v 0.583491 0.499753 -0.121750
v 0.613985 0.063531 -0.104677
v 0.612261 0.073057 -0.329387
v 0.655484 -0.140794 -0.315543
v 0.647290 -0.142277 -0.323817
v 0.641464 0.078551 -0.321130
v 0.633221 0.077669 -0.329407
v 0.647292 -0.142277 -0.112706
v 0.655484 -0.140794 -0.120976
v 0.634916 0.068178 -0.104645
v 0.643117 0.069127 -0.112957
v 0.615190 0.275584 -0.110967
v 0.623265 0.277729 -0.119246
v 0.612637 0.505303 -0.130083
v 0.604480 0.503551 -0.121750
v 0.620057 0.295458 -0.326689
v 0.611702 0.295549 -0.334976
v 0.603056 0.511997 -0.339755
v 0.611354 0.512392 -0.331443
v 0.586061 0.653489 -0.337009
v 0.594216 0.654964 -0.328729
v 0.594216 0.654964 -0.139643
v 0.586036 0.653484 -0.131321
v 0.565023 0.649681 0.097734
v 0.565023 0.649681 -0.129526
v 0.626290 -0.146077 0.107025
v 0.626290 -0.146077 -0.108627
v 0.594191 0.271784 -0.108279
v 0.590743 0.290836 0.105931
v 0.582112 0.507374 0.101194
v 0.583491 0.499753 -0.119931
v 0.613985 0.063531 -0.098296
v 0.612261 0.073057 0.119008
v 0.655484 -0.140794 0.098751
v 0.647290 -0.142277 0.107025
v 0.641464 0.078551 0.110751
v 0.633221 0.077669 0.119028
v 0.647292 -0.142277 -0.108627
v 0.655484 -0.140794 -0.100357
v 0.634916 0.068178 -0.098328
v 0.643117 0.069127 -0.090016
v 0.615190 0.275584 -0.108279
v 0.623265 0.277729 -0.100000
v 0.612637 0.505303 -0.111598
v 0.604480 0.503551 -0.119931
v 0.620057 0.295458 0.097663
v 0.611702 0.295549 0.105951
v 0.603056 0.511997 0.101228
v 0.611354 0.512392 0.092916
v 0.586061 0.653489 0.097734
v 0.594216 0.654964 0.089454
v 0.594216 0.654964 -0.121204
v 0.586036 0.653484 -0.129526
v 0.565023 0.649681 0.338399
v 0.565023 0.649681 0.099777
v 0.626290 -0.146077 0.325207
v 0.626290 -0.146077 0.114096
v 0.594191 0.271784 0.108062
v 0.590743 0.290836 0.336346
v 0.582112 0.507374 0.341111
v 0.583491 0.499753 0.103093
v 0.613985 0.063531 0.124157
v 0.612261 0.073057 0.330777
v 0.655484 -0.140794 0.316933
v 0.647290 -0.142277 0.325207
v 0.641464 0.078551 0.322520
v 0.633221 0.077669 0.330797
v 0.647292 -0.142277 0.114096
v 0.655484 -0.140794 0.122366
v 0.634916 0.068178 0.124124
v 0.643117 0.069127 0.132437
v 0.615190 0.275584 0.108062
v 0.623265 0.277729 0.116340
v 0.612637 0.505303 0.111426
v 0.604480 0.503551 0.103093
v 0.620057 0.295458 0.328079
v 0.611702 0.295549 0.336366
v 0.603056 0.511997 0.341145
v 0.611354 0.512392 0.332833
v 0.586061 0.653489 0.338399
v 0.594216 0.654964 0.330119
v 0.594216 0.654964 0.108099
v 0.586036 0.653484 0.099777
v -0.433743 0.468944 0.338399
v -0.432741 0.469126 0.132710
v -0.151534 -0.286833 0.325207
v -0.151534 -0.286833 0.114096
v -0.282756 0.113091 0.112357
v -0.286203 0.132144 0.336346
v -0.373531 0.334440 0.341111
v -0.370360 0.327144 0.123140
v -0.213465 -0.086205 0.106067
v -0.215189 -0.076679 0.330777
v -0.180728 -0.292116 0.316933
v -0.172535 -0.290633 0.325207
v -0.244467 -0.081767 0.322519
v -0.236437 -0.079704 0.330797
v -0.172537 -0.290633 0.114096
v -0.180728 -0.292116 0.122366
v -0.234698 -0.089188 0.106034
v -0.242712 -0.091173 0.114346
v -0.303755 0.109291 0.112357
v -0.312069 0.108470 0.120636
v -0.399355 0.322172 0.131473
v -0.391275 0.323359 0.123140
v -0.315278 0.126200 0.328079
v -0.307485 0.129212 0.336366
v -0.394767 0.331431 0.341145
v -0.402228 0.328974 0.332833
v -0.454828 0.465129 0.338399
v -0.462834 0.463680 0.330119
v -0.461961 0.463838 0.141033
v -0.453834 0.465308 0.132710
v -0.433743 0.468944 -0.096345
v -0.432741 0.469126 0.130916
v -0.151534 -0.286833 -0.105635
v -0.151534 -0.286833 0.110017
v -0.282756 0.113091 0.109669
v -0.286203 0.132144 -0.104541
v -0.373531 0.334440 -0.099805
v -0.370360 0.327144 0.121321
v -0.213465 -0.086205 0.099685
v -0.215189 -0.076679 -0.117618
v -0.180728 -0.292116 -0.097361
v -0.172535 -0.290633 -0.105635
v -0.244467 -0.081767 -0.109361
v -0.236437 -0.079704 -0.117638
v -0.172537 -0.290633 0.110017
v -0.180728 -0.292116 0.101747
v -0.234698 -0.089188 0.099718
v -0.242712 -0.091173 0.091406
v -0.303755 0.109291 0.109669
v -0.312069 0.108470 0.101390
v -0.399348 0.322174 0.112988
v -0.391275 0.323359 0.121321
v -0.315278 0.126200 -0.096274
v -0.307485 0.129212 -0.104561
v -0.394801 0.331425 -0.099838
v -0.402228 0.328974 -0.091526
v -0.454828 0.465129 -0.096345
v -0.462834 0.463680 -0.088064
v -0.461961 0.463838 0.122594
v -0.453834 0.465308 0.130916
v -0.433743 0.468944 -0.337009
v -0.433743 0.468944 -0.098387
v -0.151534 -0.286833 -0.323817
v -0.151534 -0.286833 -0.112706
v -0.282756 0.113091 -0.106672
v -0.286203 0.132144 -0.334956
v -0.373531 0.334440 -0.339722
v -0.370360 0.327144 -0.101704
v -0.213465 -0.086205 -0.122767
v -0.215189 -0.076679 -0.329387
v -0.180728 -0.292116 -0.315543
v -0.172535 -0.290633 -0.323817
v -0.244467 -0.081767 -0.321130
v -0.236437 -0.079704 -0.329407
v -0.172537 -0.290633 -0.112706
v -0.180728 -0.292116 -0.120976
v -0.234698 -0.089188 -0.122735
v -0.242712 -0.091173 -0.131047
v -0.303755 0.109291 -0.106672
v -0.312069 0.108470 -0.114950
v -0.399418 0.322161 -0.110037
v -0.391275 0.323359 -0.101704
v -0.315278 0.126200 -0.326689
v -0.307485 0.129212 -0.334977
v -0.394767 0.331431 -0.339755
v -0.402228 0.328974 -0.331443
v -0.454828 0.465129 -0.337009
v -0.462834 0.463680 -0.328729
v -0.462864 0.463674 -0.106710
v -0.454803 0.465133 -0.098387
vn 0.7746 -0.6325 -0.0000
vn 0.7808 0.0217 0.6244
vn 0.6325 0.7746 0.0007
vn 0.7662 0.0173 -0.6423
vn -0.7773 -0.0383 -0.6280
vn -0.6834 -0.7300 -0.0000
vn -0.7793 -0.0378 0.6255
vn -0.7300 0.6835 -0.0000
vn 0.9998 0.0182 -0.0000
vn -0.9988 -0.0492 -0.0000
vn 0.6584 -0.5377 0.5266
vn 0.5599 0.6856 0.4652
vn 0.5345 0.6546 -0.5346
vn 0.6584 -0.5377 -0.5267
vn -0.5934 -0.6379 -0.4909
vn -0.5996 -0.6283 0.4957
vn -0.6380 0.5934 0.4907
vn -0.6279 0.6000 -0.4957
vn 0.0293 -0.7748 0.6315
vn 0.0794 -0.7699 0.6332
vn 0.0795 -0.7699 0.6332
vn 0.0281 -0.7749 0.6315
vn 0.1312 -0.7548 0.6427
vn 0.1323 -0.7543 0.6431
vn -0.0289 0.7800 0.6252
vn -0.0803 0.7768 0.6246
vn -0.0802 0.7768 0.6246
vn -0.0287 0.7800 0.6252
vn -0.1367 0.7803 0.6103
vn -0.1366 0.7803 0.6103
vn -0.0287 0.7797 -0.6255
vn -0.0801 0.7743 -0.6277
vn -0.0802 0.7743 -0.6277
vn -0.0289 0.7797 -0.6255
vn -0.1344 0.7665 -0.6280
vn 0.0280 -0.7770 -0.6289
vn 0.0795 -0.7704 -0.6326
vn 0.0794 -0.7704 -0.6326
vn 0.0293 -0.7768 -0.6290
vn 0.1323 -0.7543 -0.6430
vn 0.1313 -0.7549 -0.6426
vn 0.0180 -0.7753 0.6313
vn 0.1387 -0.7510 0.6455
vn -0.0182 0.7807 0.6246
vn -0.1443 0.7819 0.6065
vn -0.0182 0.7807 -0.6246
vn -0.1416 0.7652 -0.6280
vn 0.0180 -0.7780 -0.6280
vn 0.1387 -0.7510 -0.6455
vn -0.0000 -0.0000 1.0000
vn -0.1727 0.9850 -0.0000
vn -0.1820 0.9833 -0.0000
vn -0.0000 -0.0000 -1.0000
vn 0.1728 -0.9850 -0.0000
vn 0.1820 -0.9833 -0.0000
vn 0.1727 -0.9850 -0.0000
vn 0.0368 -0.9993 -0.0000
vn 0.0231 -0.9997 -0.0000
vn -0.0369 0.9993 -0.0000
vn -0.0232 0.9997 -0.0000
vn -0.1029 0.9947 -0.0000
vn 0.1029 -0.9947 -0.0000
vn 0.5790 -0.8153 -0.0000
vn 0.1562 -0.9877 -0.0000
vn 0.0016 -0.0069 1.0000
vn 0.0437 0.0021 0.9990
vn -0.0006 0.0086 1.0000
vn 0.4280 0.9037 0.0089
vn -0.0006 0.0088 -1.0000
vn 0.0417 0.0016 -0.9991
vn 0.0016 -0.0069 -1.0000
vn -0.0009 -0.0071 -1.0000
vn -0.0433 -0.0037 -0.9991
vn -0.0012 0.0081 -1.0000
vn -0.4770 -0.8789 -0.0006
vn -0.0013 -1.0000 -0.0003
vn -0.0014 -1.0000 -0.0000
vn -0.0436 -0.0037 0.9990
vn -0.0009 -0.0071 1.0000
vn -0.0012 0.0082 1.0000
vn -0.5266 0.8501 0.0006
vn 0.9995 0.0314 -0.0000
vn -0.9964 -0.0847 -0.0000
vn 0.0436 -0.0614 0.9972
vn 0.0106 -0.0694 0.9975
vn -0.0113 0.0771 0.9970
vn 0.0419 0.0884 0.9952
vn -0.0107 0.0731 -0.9973
vn 0.0349 0.0737 -0.9967
vn 0.0106 -0.0694 -0.9975
vn 0.0436 -0.0614 -0.9972
vn 0.0007 -0.0746 -0.9972
vn -0.0422 -0.0782 -0.9960
vn -0.0422 -0.0762 0.9962
vn 0.0006 -0.0740 0.9973
vn -0.0455 0.0729 0.9963
vn -0.0014 0.0752 0.9972
vn -0.0442 0.0728 -0.9964
vn -0.0014 0.0752 -0.9972
vn 0.0024 -0.0737 0.9973
vn 0.0061 -0.0729 0.9973
vn 0.0006 -0.0079 1.0000
vn 0.0002 -0.0079 1.0000
vn 0.0099 -0.0702 0.9975
vn 0.0011 -0.0078 1.0000
vn -0.0002 0.0075 1.0000
vn -0.0006 0.0075 1.0000
vn -0.0059 0.0746 0.9972
vn -0.0019 0.0750 0.9972
vn -0.0011 0.0078 1.0000
vn -0.0107 0.0763 0.9970
vn -0.0022 0.0749 -0.9972
vn -0.0059 0.0741 -0.9972
vn -0.0006 0.0074 -1.0000
vn -0.0002 0.0076 -1.0000
vn -0.0103 0.0732 -0.9973
vn -0.0011 0.0075 -1.0000
vn 0.0002 -0.0080 -1.0000
vn 0.0006 -0.0079 -1.0000
vn 0.0061 -0.0730 -0.9973
vn 0.0024 -0.0742 -0.9972
vn 0.0011 -0.0079 -1.0000
vn 0.0098 -0.0703 -0.9975
vn -0.1405 0.9901 -0.0004
vn -0.1488 0.9889 -0.0005
vn -0.1405 0.9901 -0.0003
vn 0.1404 -0.9901 -0.0000
vn 0.0256 -0.9997 -0.0000
vn -0.0257 0.9997 -0.0000
vn -0.0134 0.9999 -0.0000
vn -0.0813 0.9967 -0.0001
vn 0.0813 -0.9967 -0.0000
vn -0.0742 -0.0026 0.9972
vn 0.0751 0.0027 0.9972
vn 0.0750 0.0027 -0.9972
vn -0.0745 -0.0026 -0.9972
vn -0.0037 0.1138 -0.9935
vn -0.5723 0.8200 -0.0004
vn -0.0036 0.1144 0.9934
vn 0.5218 0.8530 0.0004
vn -0.0322 0.9995 -0.0000
vn -0.9994 -0.0353 -0.0000
vn 0.9994 0.0354 -0.0000
vn -0.0776 0.1105 -0.9908
vn -0.0759 0.1108 0.9909
vn 0.0722 0.1189 0.9903
vn 0.0723 0.1158 -0.9906
vn -0.0742 -0.0025 0.9972
vn 0.0751 0.0025 0.9972
vn 0.0750 0.0025 -0.9972
vn -0.0745 -0.0025 -0.9972
vn -0.0037 0.1059 -0.9944
vn -0.5993 0.8005 -0.0004
vn -0.0036 0.1065 0.9943
vn 0.5486 0.8361 0.0004
vn -0.0345 0.9994 -0.0000
vn -0.9995 -0.0329 -0.0000
vn 0.9995 0.0330 -0.0000
vn -0.0777 0.1032 -0.9916
vn -0.0761 0.1035 0.9917
vn 0.0724 0.1110 0.9912
vn 0.0724 0.1081 -0.9915
vn -0.0036 0.1063 0.9943
vn -0.0036 0.1068 0.9943
vn -0.0721 -0.0178 0.9972
vn 0.0730 0.0180 0.9972
vn 0.0729 0.0180 -0.9972
vn -0.0724 -0.0178 -0.9972
vn -0.0255 0.1029 -0.9944
vn -0.7519 0.6593 -0.0004
vn -0.0257 0.1037 0.9943
vn 0.3639 0.9315 0.0004
vn -0.2405 0.9706 -0.0000
vn -0.9710 -0.2389 -0.0000
vn 0.9710 0.2390 -0.0000
vn -0.0974 0.0849 -0.9916
vn -0.0958 0.0855 0.9917
vn 0.0478 0.1236 0.9912
vn 0.0485 0.1208 -0.9915
vn -0.7519 0.6592 -0.0004
vn -0.0257 0.1038 0.9943
vn 0.3638 0.9315 0.0004
vn -0.2405 0.9707 -0.0000
vn -0.0974 0.0848 -0.9916
vn -0.0955 0.0852 0.9918
vn 0.0485 0.1207 -0.9915
vn -0.0738 -0.0081 0.9972
vn 0.0747 0.0082 0.9972
vn 0.0746 0.0082 -0.9972
vn -0.0741 -0.0082 -0.9972
vn -0.0118 0.1053 -0.9944
vn -0.6588 0.7523 -0.0004
vn -0.0118 0.1062 0.9943
vn 0.4829 0.8757 0.0004
vn -0.1109 0.9938 -0.0000
vn -0.9940 -0.1093 -0.0000
vn 0.9940 0.1095 -0.0000
vn -0.0854 0.0969 -0.9916
vn -0.0836 0.0971 0.9918
vn 0.0637 0.1163 0.9912
vn 0.0640 0.1133 -0.9915
vn -0.0742 0.0028 0.9972
vn 0.0751 -0.0028 0.9972
vn 0.0750 -0.0028 -0.9972
vn -0.0745 0.0028 -0.9972
vn 0.0047 0.1139 -0.9935
vn -0.5108 0.8597 -0.0004
vn 0.0048 0.1143 0.9934
vn 0.5829 0.8125 0.0004
vn 0.0410 0.9992 -0.0000
vn -0.9993 0.0379 -0.0000
vn 0.9993 -0.0378 -0.0000
vn -0.0693 0.1159 -0.9908
vn -0.0676 0.1161 0.9909
vn 0.0808 0.1133 0.9903
vn 0.0807 0.1105 -0.9906
vn 0.0072 -0.0004 -1.0000
vn 0.0022 -0.0434 -0.9991
vn -0.0081 -0.0003 -1.0000
vn 0.8623 -0.5065 -0.0006
vn 0.9999 -0.0120 -0.0003
vn 0.9999 -0.0120 -0.0000
vn 0.0022 -0.0436 0.9990
vn 0.0072 -0.0004 1.0000
vn -0.0082 -0.0003 1.0000
vn -0.8675 -0.4975 0.0006
vn 0.0510 -0.9987 -0.0000
vn 0.0744 -0.0006 -0.9972
vn 0.0766 -0.0447 -0.9961
vn 0.0748 -0.0447 0.9962
vn 0.0738 -0.0006 0.9973
vn -0.0741 -0.0428 0.9963
vn -0.0752 0.0004 0.9972
vn -0.0743 -0.0417 -0.9964
vn -0.0751 0.0004 -0.9972
vn 0.0738 -0.0005 0.9973
vn 0.0083 -0.0001 1.0000
vn -0.0074 0.0001 1.0000
vn -0.0751 0.0005 0.9972
vn -0.0752 0.0005 -0.9972
vn -0.0074 0.0001 -1.0000
vn 0.0083 -0.0001 -1.0000
vn 0.0744 -0.0005 -0.9972
vn 1.0000 -0.0068 -0.0000
vn -1.0000 0.0068 -0.0000
vn 0.0022 -0.0437 0.9990
vn -0.0742 -0.0429 0.9963
vn -0.0752 0.0005 0.9972
vn 0.0084 -0.0001 -1.0000
vn 0.8623 -0.5064 -0.0006
vn 0.0071 -0.0010 -1.0000
vn -0.0082 -0.0009 -1.0000
vn 0.8622 -0.5065 -0.0006
vn 0.9995 -0.0318 -0.0003
vn 0.9995 -0.0318 -0.0000
vn 0.0071 -0.0010 1.0000
vn -0.0082 -0.0009 1.0000
vn 0.0511 -0.9987 -0.0000
vn 0.0745 -0.0017 -0.9972
vn 0.0739 -0.0017 0.9973
vn -0.0752 0.0010 0.9972
vn -0.0752 0.0010 -0.9972
vn 0.0739 -0.0014 0.9973
vn 0.0084 -0.0002 1.0000
vn -0.0752 0.0014 0.9972
vn -0.0752 0.0014 -0.9972
vn 0.0085 -0.0002 -1.0000
vn 0.0745 -0.0014 -0.9972
vn 0.9998 -0.0184 -0.0000
vn -0.9998 0.0184 -0.0000
vn -0.0073 0.0001 1.0000
vn 0.9995 -0.0317 -0.0003
vn 0.9995 -0.0318 -0.0001
vn 0.0374 0.0447 0.9983
vn 0.0023 0.0027 1.0000
vn 0.0040 0.0048 1.0000
vn -0.0063 -0.0075 1.0000
vn -0.0383 -0.0452 0.9982
vn -0.0034 -0.0040 1.0000
vn -0.0383 -0.0452 -0.9982
vn -0.0063 -0.0075 -1.0000
vn -0.0034 -0.0040 -1.0000
vn 0.0023 0.0028 -1.0000
vn 0.0377 0.0451 -0.9983
vn 0.0040 0.0048 -1.0000
vn 0.6416 0.7670 -0.0000
vn -0.6465 -0.7630 -0.0000
vn 0.0448 -0.0568 0.9974
vn 0.0027 -0.0035 1.0000
vn 0.0048 -0.0061 1.0000
vn -0.0075 0.0096 0.9999
vn -0.0451 0.0579 0.9973
vn -0.0039 0.0051 1.0000
vn -0.0450 0.0578 -0.9973
vn -0.0074 0.0096 -0.9999
vn -0.0039 0.0051 -1.0000
vn 0.0028 -0.0035 -1.0000
vn 0.0451 -0.0572 -0.9973
vn 0.0048 -0.0061 -1.0000
vn 0.6193 -0.7851 -0.0000
vn -0.6144 0.7890 -0.0000
vn 0.0481 -0.0539 0.9974
vn 0.0029 -0.0033 1.0000
vn 0.0052 -0.0058 1.0000
vn -0.0080 0.0091 0.9999
vn -0.0485 0.0551 0.9973
vn -0.0042 0.0048 1.0000
vn -0.0484 0.0550 -0.9973
vn -0.0080 0.0091 -0.9999
vn -0.0042 0.0048 -1.0000
vn 0.0030 -0.0033 -1.0000
vn 0.0485 -0.0543 -0.9973
vn 0.0052 -0.0058 -1.0000
vn 0.6658 -0.7462 -0.0000
vn -0.6610 0.7503 -0.0000
vn -0.0383 -0.0451 0.9982
vn -0.0382 -0.0451 -0.9982
vn 0.0023 0.0027 -1.0000
vn 0.0327 0.7142 -0.6992
vn 0.0277 0.6810 -0.7317
vn 0.0140 0.7145 -0.6995
vn 0.8830 -0.4283 -0.1920
vn 0.9998 -0.0182 0.0075
vn 0.9999 -0.0145 0.0093
vn -0.0207 -0.7459 0.6658
vn -0.0151 -0.7150 0.6989
vn -0.0346 -0.7147 0.6986
vn -0.8859 -0.4126 -0.2121
vn 0.0628 -0.8999 -0.4315
vn 0.1164 0.7099 -0.6947
vn 0.1213 0.6754 -0.7274
vn 0.0684 -0.7448 0.6638
vn 0.0681 -0.7133 0.6975
vn -0.1141 -0.7410 0.6617
vn -0.1174 -0.7100 0.6944
vn -0.0692 0.6806 -0.7294
vn -0.0694 0.7131 -0.6977
vn 0.0679 -0.7132 0.6976
vn -0.0137 -0.7148 0.6992
vn -0.0330 -0.7145 0.6989
vn -0.1174 -0.7099 0.6945
vn -0.0695 0.7132 -0.6975
vn 0.0149 0.7148 -0.6992
vn 0.0350 0.7144 -0.6989
vn 0.1163 0.7100 -0.6946
vn 0.9999 -0.0117 0.0106
vn -0.9999 0.0117 -0.0106
vn 0.0553 0.7223 0.6893
vn 0.0572 0.7527 0.6558
vn 0.0221 0.7240 0.6894
vn 0.8586 0.1756 -0.4816
vn 0.9992 -0.0381 -0.0092
vn 0.9992 -0.0400 -0.0049
vn -0.0358 -0.6901 -0.7228
vn -0.0271 -0.7233 -0.6900
vn -0.0583 -0.7216 -0.6898
vn -0.8085 0.2642 -0.5259
vn 0.2004 0.3865 -0.9002
vn 0.0939 0.7194 0.6882
vn 0.0992 0.7491 0.6550
vn 0.0563 -0.6927 -0.7190
vn 0.0543 -0.7242 -0.6875
vn -0.0900 -0.6855 -0.7225
vn -0.0947 -0.7191 -0.6884
vn -0.0532 0.7560 0.6525
vn -0.0555 0.7244 0.6872
vn 0.0543 -0.7243 -0.6874
vn -0.0230 -0.7234 -0.6900
vn -0.0560 -0.7221 -0.6895
vn -0.0947 -0.7192 -0.6883
vn -0.0555 0.7242 0.6873
vn 0.0257 0.7233 0.6900
vn 0.0578 0.7220 0.6895
vn 0.0939 0.7193 0.6883
vn 0.9991 -0.0415 -0.0015
vn -0.9991 0.0416 0.0014
vn 0.0012 0.7251 0.6886
vn 0.0012 0.7555 0.6551
vn -0.0321 0.7245 0.6885
vn 0.8473 0.2339 -0.4768
vn 0.9995 0.0308 -0.0032
vn 0.9996 0.0290 0.0011
vn 0.0163 -0.6917 -0.7220
vn 0.0270 -0.7241 -0.6891
vn -0.0042 -0.7246 -0.6891
vn -0.8216 0.2073 -0.5310
vn 0.1788 0.3985 -0.8996
vn 0.0399 0.7248 0.6878
vn 0.0433 0.7548 0.6545
vn 0.1082 -0.6879 -0.7177
vn 0.1083 -0.7194 -0.6861
vn -0.0380 -0.6908 -0.7221
vn -0.0407 -0.7246 -0.6879
vn -0.1092 0.7511 0.6511
vn -0.1095 0.7195 0.6858
vn 0.1083 -0.7195 -0.6860
vn 0.0311 -0.7240 -0.6891
vn -0.0019 -0.7249 -0.6888
vn -0.0407 -0.7247 -0.6878
vn -0.1094 0.7194 0.6859
vn -0.0284 0.7241 0.6891
vn 0.0037 0.7249 0.6888
vn 0.9996 0.0275 0.0045
vn -0.9996 -0.0274 -0.0046
vn -0.0216 0.7151 -0.6987
vn -0.0287 0.6820 -0.7308
vn -0.0403 0.7150 -0.6980
vn 0.8722 -0.4192 -0.2520
vn 0.9985 0.0015 -0.0555
vn 0.9985 0.0053 -0.0537
vn 0.0318 -0.7467 0.6644
vn 0.0394 -0.7155 0.6975
vn 0.0199 -0.7156 0.6983
vn -0.8941 -0.4212 -0.1524
vn 0.0424 -0.8988 -0.4362
vn 0.0620 0.7121 -0.6993
vn 0.0653 0.6773 -0.7328
vn 0.1205 -0.7447 0.6564
vn 0.1220 -0.7124 0.6910
vn -0.0616 -0.7428 0.6667
vn -0.0631 -0.7123 0.6991
vn -0.1250 0.6806 -0.7219
vn -0.1237 0.7121 -0.6911
vn 0.1219 -0.7124 0.6912
vn 0.0406 -0.7153 0.6976
vn 0.0213 -0.7153 0.6985
vn -0.0630 -0.7122 0.6992
vn -0.1236 0.7122 -0.6910
vn -0.0397 0.7153 -0.6977
vn -0.0196 0.7153 -0.6986
vn 0.0620 0.7122 -0.6992
vn 0.9986 0.0081 -0.0523
vn -0.9986 -0.0081 0.0524
vn 0.0438 0.0021 0.9990
vn -0.0436 -0.0036 0.9990
vn -0.0013 0.0082 1.0000
vn 0.0107 -0.0694 0.9975
vn 0.0420 0.0886 0.9952
vn -0.0454 0.0728 0.9963
vn 0.0021 -0.0738 0.9973
vn 0.0011 -0.0079 1.0000
vn 0.0099 -0.0702 -0.9975
vn -0.0036 0.1145 0.9934
vn 0.0724 0.1191 0.9902
vn 0.0724 0.1158 -0.9906
vn 0.0048 0.1144 0.9934
vn 0.0809 0.1135 0.9902
vn 0.0806 0.1102 -0.9906
vn 0.0745 0.0082 -0.9972
vn -0.0838 0.0973 0.9917
vn 0.0638 0.1133 -0.9915
vn 0.0728 0.0179 -0.9972
vn 0.0484 0.1207 -0.9915
vn -0.0956 0.0853 0.9918
vn 0.0486 0.1209 -0.9915
vn 0.0723 0.1081 -0.9915
vn 0.0086 -0.0292 0.9995
vn 0.0090 -0.0227 0.9997
vn 0.0090 -0.0238 0.9997
vn 0.0082 -0.0150 0.9999
vn 0.0069 -0.0127 0.9999
vn 0.0031 -0.0151 0.9999
vn 0.0047 -0.0239 0.9997
vn 0.0047 -0.0244 0.9997
vn 0.0056 -0.0298 0.9995
vn -0.6623 -0.1757 0.7284
vn -0.6623 -0.1757 0.7283
vn -0.6874 0.1660 0.7071
vn -0.6209 -0.3385 0.7071
vn -0.3049 0.6453 0.7004
vn 0.6704 0.1665 0.7231
vn 0.7069 0.0155 0.7071
vn 0.5630 0.4278 0.7071
vn 0.3836 -0.6153 0.6887
vn -0.2234 -0.6763 0.7019
vn 0.0184 0.7123 0.7016
vn -0.6611 -0.1519 0.7348
vn -0.6304 -0.1419 0.7632
vn -0.6335 -0.1429 0.7604
vn -0.3249 0.9457 -0.0009
vn -0.4253 0.9050 -0.0000
vn -0.4192 0.9079 -0.0005
vn -0.2815 0.9596 -0.0005
vn -0.8100 0.5073 0.2942
vn -0.7890 0.5676 0.2351
vn -0.7858 0.5752 0.2272
vn 0.6684 0.1248 0.7333
vn 0.6419 0.1226 0.7569
vn 0.6386 0.1223 0.7598
vn 0.0239 0.9997 -0.0000
vn -0.0568 0.9984 -0.0008
vn -0.0881 0.9961 -0.0006
vn 0.0180 0.9998 -0.0001
vn 0.5295 0.8233 0.2042
vn 0.5563 0.7865 0.2682
vn 0.5259 0.8277 0.1960
vn -0.3095 -0.9509 -0.0000
vn -0.1076 -0.9942 -0.0016
vn -0.0181 -0.9998 -0.0011
vn -0.2971 -0.9548 -0.0001
vn -0.6248 -0.1572 0.7648
vn -0.5280 -0.8172 0.2311
vn -0.5986 -0.7460 0.2918
vn -0.5169 -0.8268 0.2218
vn 0.9766 0.1954 0.0904
vn 0.9622 -0.2516 0.1043
vn 0.9778 0.1887 0.0907
vn 0.6400 0.1269 0.7578
vn 0.6399 0.1273 0.7578
vn 0.6394 0.1289 0.7580
vn -0.1237 0.6940 0.7092
vn 0.1229 -0.6934 0.7100
vn 0.0054 -0.0301 0.9995
vn 0.0044 -0.0245 0.9997
vn 0.0044 -0.0243 0.9997
vn 0.0045 -0.0234 0.9997
vn 0.0070 -0.0239 0.9997
vn 0.0072 -0.0293 0.9995
vn 0.0055 -0.0295 0.9995
vn 0.0026 -0.0253 0.9997
vn 0.0039 -0.0238 0.9997
vn 0.0053 -0.0297 0.9995
vn 0.0041 -0.0300 0.9995
vn -0.9761 -0.1998 0.0860
vn -0.9652 -0.1987 0.1697
vn -0.9656 -0.1988 0.1674
vn 0.9675 0.2047 0.1482
vn 0.9671 0.2046 0.1514
vn 0.9753 0.2074 0.0762
vn -0.9589 -0.2257 0.1719
vn 0.9747 0.2047 0.0898
vn -0.1780 0.9840 -0.0000
vn -0.1781 0.9840 -0.0000
vn 0.1781 -0.9840 -0.0000
vn 0.1780 -0.9840 -0.0000
vn 0.5265 -0.8502 -0.0000
vn 0.5267 -0.8500 -0.0000
vn 0.5173 -0.8558 -0.0000
vn 0.9998 0.0220 -0.0000
vn -0.3137 -0.9495 -0.0000
vn -0.8780 -0.4786 -0.0000
vn -0.4273 0.9041 -0.0000
vn -0.9720 0.2348 -0.0000
vn 0.7962 0.6050 -0.0000
vn 0.0256 0.9997 -0.0000
vn -0.8129 0.4970 0.3038
vn 0.5594 0.7816 0.2761
vn -0.6108 -0.7317 0.3026
vn 0.6842 -0.0840 0.7244
vn -0.6801 -0.1964 0.7063
vn -0.6810 -0.1925 0.7066
vn -0.6821 -0.1879 0.7067
vn -0.6838 -0.1830 0.7064
vn -0.6838 -0.1829 0.7064
vn 0.7183 0.1624 0.6765
vn 0.7477 0.1753 0.6405
vn 0.7403 0.1720 0.6499
vn 0.7672 0.1869 0.6136
vn 0.7650 0.1915 0.6149
vn 0.7221 0.1931 0.6643
vn 0.7322 0.1969 0.6520
vn -0.6767 -0.2053 0.7071
vn -0.6767 -0.2052 0.7071
vn 0.7009 0.1995 0.6848
vn 0.7009 0.1996 0.6848
vn -0.6589 -0.2565 0.7071
vn 0.6679 0.2322 0.7071
vn -0.6953 -0.1199 0.7087
vn -0.6955 -0.1231 0.7079
vn -0.6954 -0.1233 0.7079
vn -0.6877 -0.0982 0.7193
vn -0.6889 -0.0960 0.7185
vn -0.6661 -0.1375 0.7331
vn 0.6952 0.1202 0.7087
vn 0.6993 0.1020 0.7075
vn 0.6994 0.1017 0.7075
vn 0.6857 0.1030 0.7205
vn 0.6867 0.1012 0.7199
vn 0.6662 0.1393 0.7326
vn 0.7037 0.0756 0.7065
vn 0.7037 0.0755 0.7065
vn 0.7042 0.0715 0.7064
vn -0.6981 -0.1097 0.7075
vn -0.6981 -0.1100 0.7075
vn -0.6974 -0.1139 0.7075
vn -0.9687 -0.2484 -0.0000
vn 0.9687 0.2484 -0.0000
vn -0.9680 -0.2508 -0.0000
vn -0.9660 -0.2584 -0.0000
vn 0.9661 0.2581 -0.0000
vn 0.9680 0.2508 -0.0000
vn 0.9661 0.2582 -0.0000
vn -0.9572 -0.2896 -0.0000
vn 0.9614 0.2753 -0.0001
vn 0.9614 0.2753 -0.0000
vn -0.9319 -0.3628 -0.0000
vn 0.9445 0.3284 -0.0000
vn -0.9854 -0.1700 -0.0000
vn -0.9896 -0.1436 -0.0000
vn 0.9897 0.1429 -0.0000
vn 0.9854 0.1703 -0.0000
vn 0.9872 0.1596 -0.0000
vn 0.9873 0.1591 -0.0000
vn -0.9872 -0.1595 -0.0000
vn -0.9873 -0.1589 -0.0000
vn 0.9914 0.1311 -0.0000
vn -0.9914 -0.1311 -0.0000
vn 0.9800 0.1991 -0.0000
vn -0.9780 -0.2085 -0.0000
vn 0.0050 -0.0234 0.9997
vn 0.0059 -0.0295 0.9995
vn 0.0035 -0.0151 0.9999
vn 0.0028 -0.0168 0.9999
vn 0.0032 -0.0238 0.9997
vn 0.0045 -0.0297 0.9995
vn 0.0031 -0.0164 0.9999
vn 0.0017 -0.0160 0.9999
vn -0.6742 -0.2095 -0.7082
vn -0.6733 -0.2154 -0.7073
vn -0.6733 -0.2151 -0.7074
vn -0.6475 -0.2780 -0.7095
vn -0.6471 -0.2789 -0.7095
vn -0.6256 -0.3242 -0.7096
vn 0.7036 0.0547 -0.7085
vn 0.7044 0.0496 -0.7081
vn 0.7045 0.0490 -0.7081
vn 0.7044 0.0556 -0.7077
vn 0.7044 0.0554 -0.7077
vn 0.7043 0.0595 -0.7074
vn -0.6873 -0.1474 -0.7112
vn -0.7066 -0.0272 -0.7071
vn 0.7046 -0.0264 -0.7091
vn 0.6967 -0.1209 -0.7071
vn -0.0065 0.0428 -0.9991
vn -0.0044 0.0335 -0.9994
vn -0.0048 0.0354 -0.9994
vn -0.0063 0.0324 -0.9995
vn -0.0061 0.0310 -0.9995
vn -0.0075 0.0395 -0.9992
vn -0.0016 0.0149 -0.9999
vn -0.0022 0.0207 -0.9998
vn -0.0037 0.0180 -0.9998
vn -0.0039 0.0193 -0.9998
vn -0.6566 -0.2671 0.7053
vn -0.6577 -0.2615 0.7064
vn -0.6375 -0.3012 0.7092
vn -0.6371 -0.3020 0.7092
vn -0.6255 -0.3243 0.7096
vn 0.7091 -0.0014 0.7051
vn 0.7084 0.0040 0.7058
vn 0.7084 0.0037 0.7058
vn 0.7066 0.0286 0.7070
vn 0.7067 0.0283 0.7070
vn 0.7043 0.0595 0.7074
vn -0.6877 -0.1454 0.7113
vn -0.7066 -0.0272 0.7071
vn 0.7045 -0.0274 0.7091
vn 0.6966 -0.1209 0.7072
vn 0.0204 -0.0216 0.9996
vn 0.0193 -0.0259 0.9995
vn 0.0177 -0.0322 0.9993
vn 0.0177 -0.0137 0.9998
vn 0.0093 -0.0072 0.9999
vn -0.0069 -0.0296 0.9995
vn -0.0087 -0.0267 0.9996
vn -0.0035 -0.0349 0.9994
vn -0.0066 -0.0131 0.9999
vn -0.0104 -0.0205 0.9997
vn -0.9414 -0.3372 -0.0000
vn 0.9993 0.0375 -0.0000
vn -0.8880 -0.4598 -0.0000
vn -0.9777 -0.2102 -0.0000
vn 0.9993 -0.0381 -0.0000
vn 0.9964 0.0842 -0.0000
vn -0.9993 -0.0385 -0.0000
vn 0.9853 -0.1709 -0.0000
vn -0.9110 -0.4125 -0.0000
vn -0.9117 -0.4108 -0.0000
vn 0.9982 0.0596 -0.0000
vn 0.9983 0.0591 -0.0000
vn 0.0069 -0.0177 0.9998
vn -0.6018 -0.1328 0.7875
vn -0.9491 -0.1965 0.2461
vn 0.0033 -0.0187 0.9998
vn 0.9547 0.2009 0.2196
vn 0.6112 0.1198 0.7824
vn 0.0007 -0.0191 0.9998
vn 0.3747 -0.5185 0.7686
vn 0.6316 -0.3371 0.6981
vn 0.6308 -0.3280 0.7032
vn 0.6311 -0.3280 0.7030
vn -0.0676 -0.6891 0.7215
vn -0.0816 -0.6851 0.7238
vn 0.5870 -0.3922 0.7083
vn -0.5298 0.4299 0.7311
vn -0.5650 0.4007 0.7213
vn -0.5650 0.4006 0.7213
vn -0.5909 0.3881 0.7073
vn -0.0831 -0.6902 -0.7188
vn 0.3734 -0.5216 -0.7671
vn -0.0692 -0.6940 -0.7166
vn -0.5298 0.4299 -0.7311
vn -0.5650 0.4006 -0.7213
vn -0.5650 0.4007 -0.7213
vn -0.5909 0.3881 -0.7073
vn 0.6316 -0.3371 -0.6982
vn 0.6309 -0.3280 -0.7032
vn 0.6308 -0.3280 -0.7032
vn 0.5870 -0.3922 -0.7083
vn -0.4101 -0.5846 0.7001
vn -0.4131 -0.5786 0.7032
vn -0.4135 -0.5779 0.7036
vn 0.4153 -0.5558 0.7201
vn 0.4171 -0.5540 0.7205
vn 0.4276 -0.5432 0.7225
vn 0.1961 0.6561 0.7288
vn 0.3076 0.6215 0.7205
vn 0.3074 0.6216 0.7205
vn 0.1961 0.6561 -0.7288
vn 0.3074 0.6216 -0.7205
vn 0.3076 0.6215 -0.7205
vn 0.4223 -0.5378 -0.7297
vn -0.3963 -0.5960 -0.6984
vn -0.3983 -0.5944 -0.6986
vn -0.4135 -0.5779 -0.7036
vn -0.4131 -0.5786 -0.7032
vn -0.3654 -0.6050 0.7074
vn -0.2660 -0.6440 0.7172
vn -0.2661 -0.6440 0.7173
vn 0.3797 0.5965 0.7071
vn 0.3797 0.5965 0.7072
vn 0.3228 0.6190 0.7160
vn 0.3797 0.5965 -0.7072
vn 0.3228 0.6190 -0.7160
vn -0.3654 -0.6050 -0.7074
vn -0.2661 -0.6440 -0.7172
vn -0.2660 -0.6440 -0.7173
vn 0.5050 -0.4771 0.7193
vn -0.5822 0.4014 0.7071
vn -0.5822 0.4014 -0.7071
vn 0.5050 -0.4771 -0.7193
vn -0.1259 0.6958 0.7071
vn -0.1259 0.6958 -0.7071
vn -0.6247 -0.2536 0.7386
vn -0.6224 -0.2908 -0.7267
vn 0.0271 -0.8269 0.5618
vn 0.6634 0.1261 0.7376
vn 0.6401 0.1648 -0.7504
vn 0.0220 -0.8253 -0.5642
vn 0.4689 -0.8827 -0.0301
vn 0.4690 -0.8830 0.0209
vn 0.4689 -0.8828 0.0274
vn 0.4689 -0.8827 -0.0311
vn 0.4689 -0.8828 0.0285
vn 0.4688 -0.8827 0.0327
vn 0.4690 -0.8830 -0.0165
vn -0.9240 -0.3787 0.0525
vn -0.9222 -0.3830 -0.0532
vn -0.9226 -0.3828 -0.0469
vn 0.0290 -0.9995 0.0081
vn 0.0285 -0.9984 -0.0498
vn 0.0285 -0.9982 -0.0521
vn 0.9801 0.1910 -0.0536
vn 0.9801 0.1943 0.0402
vn 0.9799 0.1944 0.0442
vn -0.7758 0.6300 0.0353
vn -0.8151 0.5781 0.0379
vn -0.8122 0.5834 0.0040
vn -0.7762 0.6304 0.0086
vn 0.8885 -0.4589 0.0031
vn 0.8872 -0.4613 0.0049
vn 0.8863 -0.4610 -0.0429
vn 0.8876 -0.4585 -0.0430
vn 0.6164 -0.7870 -0.0253
vn 0.6164 -0.7871 -0.0210
vn 0.6164 -0.7871 -0.0207
vn -0.1171 -0.9917 -0.0538
vn -0.1171 -0.9915 -0.0563
vn -0.1171 -0.9930 0.0158
vn 0.4440 0.8940 0.0605
vn 0.5355 0.8423 0.0613
vn 0.5369 0.8429 -0.0368
vn 0.4364 0.8992 -0.0320
vn -0.5181 -0.8546 0.0359
vn -0.5146 -0.8552 -0.0615
vn -0.5803 -0.8121 -0.0610
vn -0.5807 -0.8132 0.0389
vn 0.2842 0.9569 0.0595
vn 0.2846 0.9583 -0.0244
vn -0.5727 -0.8175 -0.0609
vn -0.5733 -0.8184 0.0385
vn -0.8368 0.5475 0.0016
vn -0.8348 0.5492 0.0392
vn 0.8344 -0.5512 -0.0016
vn 0.8300 -0.5564 -0.0389
vn 0.1779 -0.9831 -0.0440
vn 0.1779 -0.9830 -0.0464
vn -0.1779 0.9830 0.0464
vn -0.1779 0.9831 0.0440
vn 0.5258 0.8484 0.0612
vn 0.5264 0.8495 -0.0363
vn -0.4705 -0.8818 0.0336
vn -0.4699 -0.8806 -0.0610
vn -0.8233 0.5676 0.0014
vn -0.8227 0.5672 0.0384
vn 0.7952 -0.6064 -0.0045
vn 0.7946 -0.6060 -0.0366
vn 0.4688 -0.8827 -0.0316
vn 0.8854 -0.4574 -0.0821
vn 0.8842 -0.4598 -0.0820
vn 0.8873 -0.4612 -0.0046
vn 0.8884 -0.4590 -0.0080
vn 0.8314 -0.5557 0.0011
vn 0.8313 -0.5508 -0.0748
vn 0.7951 -0.6064 0.0086
vn 0.7932 -0.6049 -0.0699
vn 0.1779 -0.9830 0.0465
vn 0.1779 -0.9831 0.0441
vn -0.5188 -0.8527 0.0612
vn -0.4699 -0.8806 0.0611
vn -0.4698 -0.8804 0.0643
vn -0.5132 -0.8556 0.0683
vn -0.5800 -0.8123 0.0611
vn -0.5800 -0.8112 0.0744
vn -0.5727 -0.8175 0.0612
vn -0.5722 -0.8168 0.0737
vn 0.0274 -0.9983 0.0518
vn 0.0274 -0.9984 0.0504
vn 0.0270 -0.9995 0.0158
vn 0.6163 -0.7871 0.0233
vn 0.6164 -0.7872 0.0184
vn 0.6157 -0.7865 -0.0484
vn 0.9763 0.2129 -0.0397
vn 0.9760 0.2132 -0.0442
vn 0.9706 0.2175 -0.1027
vn 0.4465 0.8926 -0.0622
vn 0.4331 0.8993 -0.0608
vn 0.2842 0.9570 -0.0591
vn 0.2843 0.9576 -0.0468
vn 0.5350 0.8419 -0.0703
vn 0.5365 0.8417 -0.0612
vn 0.5255 0.8480 -0.0694
vn 0.5258 0.8484 -0.0612
vn -0.1779 0.9831 -0.0441
vn -0.1779 0.9830 -0.0465
vn -0.8341 0.5464 0.0752
vn -0.8357 0.5492 -0.0005
vn -0.8233 0.5676 -0.0057
vn -0.8211 0.5661 0.0735
vn -0.8107 0.5810 0.0721
vn -0.8151 0.5793 -0.0039
vn -0.7763 0.6303 -0.0047
vn -0.7746 0.6289 0.0675
vn -0.9175 -0.3945 0.0509
vn -0.9176 -0.3945 0.0489
vn -0.9130 -0.3954 0.1001
vn -0.1172 -0.9926 0.0303
vn -0.1170 -0.9916 0.0557
vn -0.1170 -0.9916 0.0550
vn 0.8867 -0.4581 0.0624
vn 0.8854 -0.4607 0.0625
vn 0.8274 -0.5587 0.0561
vn 0.7940 -0.6055 0.0544
vn 0.1781 -0.9840 -0.0044
vn 0.1781 -0.9840 0.0047
vn -0.4701 -0.8810 -0.0527
vn -0.5157 -0.8552 -0.0511
vn -0.5804 -0.8124 -0.0561
vn -0.5730 -0.8179 -0.0523
vn 0.0279 -0.9995 -0.0170
vn 0.0280 -0.9996 -0.0066
vn 0.6162 -0.7868 0.0346
vn 0.6161 -0.7867 0.0394
vn 0.9762 0.2022 0.0784
vn 0.9761 0.2022 0.0791
vn 0.2846 0.9582 0.0305
vn 0.4405 0.8965 0.0469
vn 0.5360 0.8426 0.0526
vn 0.5259 0.8486 0.0569
vn -0.1781 0.9840 -0.0047
vn -0.1781 0.9840 0.0044
vn -0.8220 0.5667 -0.0569
vn -0.8334 0.5498 -0.0569
vn -0.8162 0.5751 -0.0559
vn -0.7753 0.6296 -0.0504
vn -0.9180 -0.3889 -0.0773
vn -0.9181 -0.3889 -0.0767
vn -0.1172 -0.9929 -0.0181
vn -0.1172 -0.9927 -0.0279
vn 0.0086 -0.0292 -0.9995
vn 0.0090 -0.0238 -0.9997
vn 0.0090 -0.0227 -0.9997
vn 0.0082 -0.0150 -0.9999
vn 0.0069 -0.0127 -0.9999
vn 0.0031 -0.0151 -0.9999
vn 0.0047 -0.0239 -0.9997
vn 0.0056 -0.0298 -0.9995
vn 0.0047 -0.0244 -0.9997
vn -0.6623 -0.1757 -0.7283
vn -0.6874 0.1660 -0.7071
vn -0.6209 -0.3385 -0.7071
vn -0.3049 0.6453 -0.7004
vn 0.6704 0.1665 -0.7231
vn 0.7069 0.0155 -0.7071
vn 0.5630 0.4278 -0.7071
vn 0.3836 -0.6153 -0.6887
vn -0.2234 -0.6763 -0.7019
vn 0.0184 0.7123 -0.7016
vn -0.6611 -0.1519 -0.7348
vn -0.6335 -0.1429 -0.7604
vn -0.6304 -0.1419 -0.7632
vn -0.3249 0.9457 0.0009
vn -0.2815 0.9596 0.0006
vn -0.4192 0.9079 0.0001
vn -0.8100 0.5073 -0.2942
vn -0.7859 0.5751 -0.2272
vn -0.7890 0.5676 -0.2351
vn 0.6684 0.1248 -0.7332
vn 0.6386 0.1223 -0.7597
vn 0.6419 0.1226 -0.7569
vn 0.0180 0.9998 0.0004
vn -0.0881 0.9961 0.0004
vn -0.0569 0.9984 0.0008
vn 0.5295 0.8233 -0.2042
vn 0.5259 0.8277 -0.1960
vn 0.5563 0.7866 -0.2682
vn -0.2971 -0.9548 0.0009
vn -0.0181 -0.9998 0.0009
vn -0.1076 -0.9942 0.0016
vn -0.6249 -0.1572 -0.7647
vn -0.5279 -0.8173 -0.2310
vn -0.5169 -0.8268 -0.2218
vn -0.5986 -0.7460 -0.2918
vn 0.9766 0.1954 -0.0904
vn 0.9778 0.1887 -0.0907
vn 0.9622 -0.2516 -0.1043
vn 0.6400 0.1269 -0.7578
vn 0.6394 0.1289 -0.7580
vn 0.6399 0.1273 -0.7578
vn -0.1237 0.6940 -0.7092
vn 0.1229 -0.6934 -0.7100
vn 0.0054 -0.0301 -0.9995
vn 0.0044 -0.0243 -0.9997
vn 0.0044 -0.0245 -0.9997
vn 0.0045 -0.0234 -0.9997
vn 0.0055 -0.0295 -0.9995
vn 0.0072 -0.0293 -0.9995
vn 0.0071 -0.0239 -0.9997
vn 0.0026 -0.0253 -0.9997
vn 0.0041 -0.0300 -0.9995
vn 0.0053 -0.0297 -0.9995
vn 0.0041 -0.0238 -0.9997
vn -0.9761 -0.1998 -0.0860
vn -0.9656 -0.1988 -0.1675
vn -0.9652 -0.1987 -0.1697
vn 0.9675 0.2047 -0.1482
vn 0.9753 0.2074 -0.0762
vn 0.9671 0.2046 -0.1514
vn -0.9589 -0.2257 -0.1719
vn 0.9747 0.2047 -0.0898
vn 0.5172 -0.8558 -0.0000
vn -0.8129 0.4969 -0.3038
vn 0.5594 0.7815 -0.2761
vn -0.6108 -0.7317 -0.3026
vn 0.6842 -0.0839 -0.7244
vn -0.6801 -0.1964 -0.7063
vn -0.6810 -0.1924 -0.7066
vn -0.6809 -0.1925 -0.7066
vn -0.6821 -0.1879 -0.7067
vn -0.6838 -0.1829 -0.7064
vn -0.6838 -0.1831 -0.7064
vn 0.7183 0.1624 -0.6765
vn 0.7403 0.1720 -0.6500
vn 0.7477 0.1753 -0.6405
vn 0.7672 0.1869 -0.6136
vn 0.7322 0.1969 -0.6519
vn 0.7221 0.1931 -0.6643
vn 0.7650 0.1915 -0.6149
vn -0.6767 -0.2052 -0.7071
vn -0.6767 -0.2053 -0.7071
vn 0.7009 0.1995 -0.6848
vn -0.6590 -0.2565 -0.7071
vn 0.6679 0.2322 -0.7071
vn -0.6953 -0.1199 -0.7087
vn -0.6954 -0.1233 -0.7079
vn -0.6955 -0.1231 -0.7079
vn -0.6889 -0.0960 -0.7185
vn -0.6877 -0.0982 -0.7193
vn -0.6661 -0.1375 -0.7331
vn 0.6952 0.1202 -0.7087
vn 0.6994 0.1017 -0.7075
vn 0.6993 0.1020 -0.7075
vn 0.6867 0.1011 -0.7199
vn 0.6858 0.1029 -0.7205
vn 0.6662 0.1393 -0.7326
vn 0.7037 0.0756 -0.7065
vn 0.7042 0.0715 -0.7064
vn 0.7037 0.0755 -0.7065
vn -0.6981 -0.1097 -0.7075
vn -0.6974 -0.1139 -0.7076
vn -0.6981 -0.1100 -0.7075
vn -0.9660 -0.2585 -0.0000
vn 0.9680 0.2509 -0.0000
vn 0.0059 -0.0295 -0.9995
vn 0.0050 -0.0234 -0.9997
vn 0.0028 -0.0167 -0.9999
vn 0.0035 -0.0151 -0.9999
vn 0.0031 -0.0237 -0.9997
vn 0.0045 -0.0297 -0.9995
vn 0.0017 -0.0160 -0.9999
vn 0.0031 -0.0164 -0.9999
vn -0.6742 -0.2095 0.7082
vn -0.6733 -0.2151 0.7074
vn -0.6733 -0.2154 0.7073
vn -0.6475 -0.2780 0.7095
vn -0.6256 -0.3242 0.7096
vn -0.6471 -0.2790 0.7095
vn 0.7036 0.0547 0.7085
vn 0.7044 0.0490 0.7081
vn 0.7043 0.0496 0.7081
vn 0.7044 0.0556 0.7077
vn 0.7044 0.0554 0.7077
vn -0.6873 -0.1474 0.7112
vn -0.7065 -0.0272 0.7072
vn 0.7046 -0.0264 0.7091
vn -0.0076 0.0425 0.9991
vn -0.0062 0.0345 0.9994
vn -0.0059 0.0331 0.9994
vn -0.0058 0.0320 0.9995
vn -0.0072 0.0395 0.9992
vn -0.0056 0.0311 0.9995
vn -0.0027 0.0154 0.9999
vn -0.0033 0.0186 0.9998
vn -0.0035 0.0191 0.9998
vn -0.0033 0.0182 0.9998
vn -0.6566 -0.2671 -0.7054
vn -0.6577 -0.2615 -0.7064
vn -0.6375 -0.3012 -0.7091
vn -0.6255 -0.3243 -0.7096
vn -0.6371 -0.3020 -0.7092
vn 0.7090 -0.0015 -0.7052
vn 0.7084 0.0037 -0.7058
vn 0.7084 0.0040 -0.7058
vn 0.7066 0.0286 -0.7070
vn 0.7067 0.0283 -0.7070
vn -0.6877 -0.1454 -0.7113
vn 0.7045 -0.0274 -0.7091
vn 0.0205 -0.0215 -0.9996
vn 0.0177 -0.0322 -0.9993
vn 0.0194 -0.0258 -0.9995
vn 0.0177 -0.0137 -0.9998
vn 0.0093 -0.0072 -0.9999
vn -0.0069 -0.0296 -0.9995
vn -0.0035 -0.0349 -0.9994
vn -0.0087 -0.0267 -0.9996
vn -0.0103 -0.0205 -0.9997
vn -0.0066 -0.0131 -0.9999
vn -0.8880 -0.4599 -0.0000
vn 0.0069 -0.0177 -0.9998
vn -0.6018 -0.1328 -0.7875
vn -0.9491 -0.1965 -0.2461
vn 0.0033 -0.0187 -0.9998
vn 0.9547 0.2009 -0.2196
vn 0.6112 0.1198 -0.7823
vn 0.0007 -0.0191 -0.9998
vn 0.7073 0.0273 -0.7064
vn 0.7058 0.0393 -0.7073
vn 0.7052 0.0311 -0.7084
vn 0.7051 0.0329 -0.7083
vn 0.7100 0.0149 0.7041
vn 0.7068 0.0522 0.7055
vn 0.7069 0.0510 0.7054
vn 0.7046 0.0758 0.7056
vn 0.7042 0.0781 0.7057
vn 0.7014 0.0949 0.7064
vn 0.7022 0.0898 0.7063
vn 0.6950 0.1307 0.7071
vn 0.7045 0.0471 -0.7081
vn 0.7046 0.0459 -0.7081
vn 0.7011 0.0978 -0.7063
vn 0.9968 0.0800 -0.0041
vn 0.9969 0.0787 -0.0040
vn 0.9981 0.0614 -0.0027
vn -0.0006 -0.0010 1.0000
vn 0.0007 -0.0071 1.0000
vn 0.0069 -0.0379 0.9993
vn 0.0046 -0.0251 -0.9997
vn -0.0097 0.0535 0.9985
vn -0.0113 0.0623 0.9980
vn -0.0095 0.0526 0.9986
vn 0.9972 0.0742 -0.0055
vn 0.9927 0.1208 -0.0011
vn 0.9974 0.0712 -0.0057
vn 0.0007 -0.0073 -1.0000
vn -0.0045 0.0187 -0.9998
vn -0.0000 -0.0039 -1.0000
vn 0.0042 -0.0237 -0.9997
vn 0.0041 -0.0233 -0.9997
vn 0.9977 0.0679 -0.0070
vn 0.9974 0.0716 -0.0068
vn -0.0077 0.0389 0.9992
vn -0.0076 0.0377 0.9993
vn 0.7090 0.0068 0.7051
vn 0.7051 0.0596 0.7066
vn 0.7052 0.0586 0.7066
vn 0.7025 0.0783 0.7074
vn 0.7026 0.0770 0.7074
vn 0.7035 0.0761 -0.7066
vn 0.7070 0.0554 -0.7051
vn 0.7071 0.0546 -0.7050
vn 0.7129 0.0163 -0.7010
vn 0.7133 0.0140 -0.7008
vn 0.7132 0.0149 -0.7008
vn 0.7130 0.0162 -0.7009
vn 0.7092 0.0422 -0.7038
vn 0.7035 0.0665 0.7076
vn 0.7034 0.0667 0.7076
vn 0.7007 0.1015 0.7062
vn 0.9968 0.0795 0.0042
vn 0.9981 0.0612 0.0027
vn 0.9969 0.0785 0.0041
vn -0.0000 -0.0037 -1.0000
vn -0.0105 0.0484 -0.9988
vn -0.0018 0.0049 -1.0000
vn 0.0103 -0.0539 0.9985
vn -0.0029 0.0072 1.0000
vn -0.0008 -0.0025 1.0000
vn 0.0101 -0.0557 -0.9984
vn 0.0100 -0.0550 -0.9984
vn 0.0113 -0.0625 -0.9980
vn 0.9971 0.0753 0.0054
vn 0.9971 0.0756 0.0054
vn 0.9927 0.1208 0.0010
vn -0.0059 0.0223 0.9997
vn -0.0058 0.0228 0.9997
vn -0.0056 0.0238 0.9997
vn -0.0104 0.0419 0.9991
vn -0.0097 0.0386 0.9992
vn 0.9976 0.0689 0.0071
vn 0.9975 0.0704 0.0070
vn 0.0090 -0.0490 -0.9988
vn 0.0089 -0.0487 -0.9988
vn 0.7073 0.0273 0.7064
vn 0.7058 0.0393 0.7073
vn 0.7051 0.0329 0.7083
vn 0.7052 0.0311 0.7084
vn 0.7036 0.0752 -0.7066
vn 0.7084 0.0447 -0.7044
vn 0.7085 0.0441 -0.7044
vn 0.7127 0.0157 -0.7013
vn 0.7128 0.0160 -0.7012
vn 0.7103 0.0382 -0.7029
vn 0.7099 0.0406 -0.7031
vn 0.7051 0.0711 -0.7055
vn 0.7046 0.0459 0.7081
vn 0.7045 0.0471 0.7081
vn 0.7011 0.0978 0.7063
vn 0.9968 0.0803 0.0043
vn 0.9981 0.0613 0.0028
vn 0.9969 0.0786 0.0041
vn 0.0032 -0.0199 -0.9998
vn -0.0103 0.0472 -0.9988
vn 0.0010 -0.0088 -1.0000
vn 0.0046 -0.0251 0.9997
vn 0.0039 -0.0216 -0.9998
vn 0.9971 0.0756 0.0050
vn 0.9972 0.0745 0.0051
vn 0.9927 0.1208 0.0009
vn 0.0007 -0.0073 1.0000
vn -0.0000 -0.0039 1.0000
vn -0.0046 0.0187 0.9998
vn 0.0042 -0.0237 0.9997
vn 0.0041 -0.0233 0.9997
vn 0.9977 0.0668 0.0068
vn 0.9976 0.0692 0.0067
vn 0.0086 -0.0459 -0.9989
vn 0.0094 -0.0495 -0.9987
vn 0.9939 0.0656 -0.0891
vn 0.9099 0.0601 -0.4104
vn 0.6849 0.0139 -0.7285
vn 0.9860 0.1172 -0.1183
vn 0.9983 0.0586 -0.0000
vn 0.9955 0.0946 -0.0000
vn 0.9989 0.0469 -0.0000
vn 0.9925 0.1223 -0.0000
vn -0.6721 -0.2224 0.7063
vn -0.6675 -0.2332 0.7071
vn -0.6673 -0.2336 0.7072
vn -0.6577 -0.2711 0.7028
vn -0.6578 -0.2705 0.7029
vn -0.6702 -0.2349 -0.7041
vn -0.6743 -0.2239 -0.7038
vn -0.6740 -0.2245 -0.7038
vn -0.6770 -0.2291 -0.6994
vn -0.6772 -0.2258 -0.7003
vn -0.6749 -0.2455 -0.6959
vn -0.6752 -0.2442 -0.6960
vn -0.6736 -0.2504 -0.6954
vn -0.6577 -0.2927 0.6940
vn -0.6583 -0.2923 0.6937
vn -0.6665 -0.2856 0.6886
vn -0.9508 -0.3097 0.0065
vn -0.9512 -0.3085 0.0062
vn -0.9563 -0.2923 0.0027
vn 0.0008 -0.0000 -1.0000
vn 0.0020 -0.0077 -1.0000
vn 0.0069 -0.0379 -0.9993
vn 0.0045 -0.0251 0.9997
vn -0.0098 0.0542 -0.9985
vn -0.0113 0.0623 -0.9980
vn -0.0094 0.0521 -0.9986
vn -0.9188 -0.3947 0.0049
vn -0.9134 -0.4071 -0.0018
vn -0.9192 -0.3938 0.0054
vn 0.0022 -0.0086 1.0000
vn -0.0023 0.0193 0.9998
vn 0.0011 -0.0018 1.0000
vn 0.0044 -0.0237 0.9997
vn 0.0044 -0.0232 0.9997
vn -0.9335 -0.3586 0.0097
vn -0.9352 -0.3541 0.0097
vn -0.0066 0.0398 -0.9992
vn -0.0060 0.0376 -0.9993
vn -0.6665 -0.2421 -0.7051
vn -0.6742 -0.2140 -0.7068
vn -0.6738 -0.2156 -0.7068
vn -0.6730 -0.2293 -0.7033
vn -0.6733 -0.2278 -0.7034
vn -0.6855 -0.1753 0.7066
vn -0.6760 -0.2193 0.7035
vn -0.6753 -0.2224 0.7033
vn -0.6618 -0.2851 0.6933
vn -0.6613 -0.2890 0.6922
vn -0.6553 -0.3160 0.6860
vn -0.6545 -0.3183 0.6858
vn -0.6489 -0.3327 0.6842
vn -0.6659 -0.2750 -0.6935
vn -0.6657 -0.2743 -0.6940
vn -0.6684 -0.2826 -0.6881
vn -0.9510 -0.3091 -0.0066
vn -0.9563 -0.2925 -0.0027
vn -0.9513 -0.3081 -0.0064
vn 0.0015 -0.0044 1.0000
vn -0.0071 0.0491 0.9988
vn -0.0003 0.0064 1.0000
vn 0.0092 -0.0541 -0.9985
vn -0.0000 0.0090 -1.0000
vn 0.0018 -0.0033 -1.0000
vn 0.0102 -0.0563 0.9984
vn 0.0099 -0.0546 0.9985
vn 0.0113 -0.0625 0.9980
vn -0.9189 -0.3945 -0.0049
vn -0.9188 -0.3946 -0.0049
vn -0.9133 -0.4073 0.0017
vn -0.0024 0.0234 -0.9997
vn -0.0026 0.0237 -0.9997
vn -0.0032 0.0245 -0.9997
vn -0.0051 0.0441 -0.9990
vn -0.0043 0.0386 -0.9992
vn -0.9340 -0.3571 -0.0099
vn -0.9347 -0.3552 -0.0099
vn 0.0088 -0.0491 0.9988
vn 0.0087 -0.0487 0.9988
vn -0.6720 -0.2224 -0.7064
vn -0.6673 -0.2336 -0.7072
vn -0.6675 -0.2332 -0.7072
vn -0.6578 -0.2705 -0.7029
vn -0.6577 -0.2711 -0.7028
vn -0.6853 -0.1761 0.7066
vn -0.6734 -0.2296 0.7027
vn -0.6726 -0.2325 0.7025
vn -0.6605 -0.2860 0.6942
vn -0.6609 -0.2862 0.6938
vn -0.6606 -0.2952 0.6903
vn -0.6599 -0.2975 0.6900
vn -0.6562 -0.3102 0.6879
vn -0.6583 -0.2923 -0.6937
vn -0.6577 -0.2928 -0.6941
vn -0.6665 -0.2856 -0.6886
vn -0.9507 -0.3099 -0.0068
vn -0.9563 -0.2924 -0.0028
vn -0.9511 -0.3088 -0.0065
vn 0.0041 -0.0211 0.9998
vn -0.0069 0.0478 0.9988
vn 0.0019 -0.0071 1.0000
vn 0.0045 -0.0251 -0.9997
vn 0.0039 -0.0216 0.9998
vn -0.9183 -0.3960 -0.0055
vn -0.9184 -0.3956 -0.0056
vn -0.9122 -0.4097 -0.0006
vn 0.0022 -0.0086 -1.0000
vn 0.0011 -0.0018 -1.0000
vn -0.0023 0.0193 -0.9998
vn 0.0044 -0.0237 -0.9997
vn 0.0044 -0.0232 -0.9997
vn -0.9331 -0.3596 -0.0096
vn -0.9341 -0.3568 -0.0096
vn 0.0078 -0.0448 0.9990
vn 0.0088 -0.0511 0.9987
vn -0.9538 -0.2868 0.0890
vn -0.7151 -0.2913 0.6355
vn -0.5870 -0.2645 0.7652
vn -0.9124 -0.4087 0.0224
vn -0.9555 -0.2950 -0.0000
vn -0.9445 -0.3284 -0.0000
vn -0.9255 -0.3788 -0.0000
vn -0.9155 -0.4022 -0.0000
vt 0.288190 0.914516
vt 0.285465 0.914657
vt 0.284934 0.716750
vt 0.287656 0.716872
vt 0.287866 0.917386
vt 0.304965 0.914005
vt 0.305098 0.917224
vt 0.307686 0.914137
vt 0.304625 0.717077
vt 0.307115 0.716931
vt 0.304555 0.714026
vt 0.287313 0.714003
vt 0.453172 0.888487
vt 0.453476 0.885492
vt 0.470291 0.885659
vt 0.470449 0.888705
vt 0.450714 0.885597
vt 0.453034 0.688059
vt 0.455770 0.688255
vt 0.455536 0.685254
vt 0.472817 0.685446
vt 0.472564 0.688511
vt 0.475289 0.688405
vt 0.472992 0.885799
vt 0.931081 0.210303
vt 0.931166 0.170368
vt 0.934234 0.170373
vt 0.934146 0.210517
vt 0.931395 0.130453
vt 0.934438 0.130227
vt 0.524342 0.699003
vt 0.524055 0.659073
vt 0.527143 0.659062
vt 0.527423 0.698997
vt 0.523891 0.619156
vt 0.527005 0.619144
vt 0.724689 0.697880
vt 0.724540 0.657952
vt 0.727615 0.657926
vt 0.727769 0.697847
vt 0.724268 0.618001
vt 0.727341 0.617969
vt 0.730874 0.209744
vt 0.731080 0.169611
vt 0.734151 0.169630
vt 0.733949 0.209551
vt 0.731179 0.129426
vt 0.734219 0.129679
vt 0.934052 0.286343
vt 0.931003 0.286327
vt 0.932300 0.001175
vt 0.935239 0.001050
vt 0.527997 0.775612
vt 0.524900 0.775623
vt 0.523243 0.490356
vt 0.526491 0.490185
vt 0.728008 0.774590
vt 0.724912 0.774612
vt 0.723248 0.488624
vt 0.726322 0.488937
vt 0.733541 0.285671
vt 0.730468 0.285691
vt 0.731586 0.000013
vt 0.734524 0.000165
vt 0.904057 0.415886
vt 0.917688 0.287333
vt 0.934427 0.286342
vt 0.920831 0.414565
vt 0.132750 0.512542
vt 0.119154 0.384320
vt 0.135893 0.385311
vt 0.149524 0.513864
vt 0.902000 0.495879
vt 0.918770 0.494558
vt 0.922926 0.571155
vt 0.906117 0.571628
vt 0.134811 0.592535
vt 0.151581 0.593856
vt 0.147464 0.669605
vt 0.130655 0.669132
vt 0.901428 0.455851
vt 0.918201 0.454530
vt 0.135380 0.552507
vt 0.152153 0.553829
vt 0.424835 0.061309
vt 0.424811 0.059193
vt 0.435308 0.059075
vt 0.435332 0.061192
vt 0.861439 0.600007
vt 0.861399 0.598076
vt 0.871125 0.597630
vt 0.871156 0.599561
vt 0.979149 0.587644
vt 0.979138 0.585306
vt 0.989616 0.585301
vt 0.989627 0.587439
vt 0.814495 0.603415
vt 0.814422 0.601479
vt 0.824253 0.601931
vt 0.824212 0.603862
vt 0.828911 0.887624
vt 0.828789 0.889552
vt 0.819012 0.889625
vt 0.819136 0.887698
vt 0.492264 0.018408
vt 0.492288 0.016108
vt 0.502774 0.016242
vt 0.502749 0.018520
vt 0.856852 0.885697
vt 0.856730 0.883769
vt 0.866505 0.883843
vt 0.866615 0.885771
vt 0.979864 0.874527
vt 0.979859 0.872337
vt 0.990342 0.872310
vt 0.990349 0.874494
vt 0.435436 0.071031
vt 0.424958 0.071044
vt 0.502643 0.028280
vt 0.492159 0.028183
vt 0.860308 0.599893
vt 0.872289 0.599661
vt 0.813358 0.603336
vt 0.825344 0.603748
vt 0.830036 0.887617
vt 0.855607 0.883787
vt 0.867629 0.883827
vt 0.818013 0.887681
vt 0.850875 0.809794
vt 0.849622 0.767942
vt 0.850756 0.768051
vt 0.852010 0.809953
vt 0.851211 0.726100
vt 0.852347 0.726156
vt 0.861735 0.809179
vt 0.860483 0.767276
vt 0.861613 0.767391
vt 0.862863 0.809245
vt 0.862077 0.725380
vt 0.863205 0.725549
vt 0.822779 0.813099
vt 0.824031 0.771246
vt 0.825160 0.771131
vt 0.823908 0.813034
vt 0.822441 0.729403
vt 0.823567 0.729234
vt 0.833633 0.813808
vt 0.834888 0.771906
vt 0.836021 0.771796
vt 0.834767 0.813649
vt 0.833297 0.730010
vt 0.834433 0.729955
vt 0.979462 0.713860
vt 0.989945 0.713833
vt 0.989507 0.126550
vt 0.989499 0.000016
vt 0.999997 0.000016
vt 0.999996 0.126549
vt 0.989511 0.210293
vt 0.999997 0.210293
vt 1.000000 0.284436
vt 0.989513 0.284412
vt 0.979671 0.797603
vt 0.990155 0.797577
vt 0.979566 0.755731
vt 0.990050 0.755705
vt 0.999996 0.168421
vt 0.989510 0.168422
vt 0.131556 0.000014
vt 0.133025 0.000113
vt 0.130987 0.057756
vt 0.129516 0.057723
vt 0.145829 0.000104
vt 0.147299 0.000203
vt 0.145239 0.058204
vt 0.143768 0.058168
vt 0.611314 0.147769
vt 0.612783 0.147670
vt 0.614844 0.205734
vt 0.613372 0.205771
vt 0.625587 0.147680
vt 0.627057 0.147581
vt 0.629096 0.205277
vt 0.627624 0.205323
vt 0.627660 0.206289
vt 0.614876 0.206700
vt 0.616501 0.059851
vt 0.616494 0.058100
vt 0.630254 0.058054
vt 0.630260 0.059798
vt 0.130951 0.058722
vt 0.143716 0.059133
vt 0.630308 0.072567
vt 0.630315 0.074346
vt 0.616559 0.074402
vt 0.616550 0.072639
vt 0.419635 0.346752
vt 0.433394 0.346753
vt 0.433391 0.404496
vt 0.419630 0.404483
vt 0.891070 0.286246
vt 0.904829 0.286247
vt 0.904823 0.344284
vt 0.891067 0.344283
vt 0.001478 0.366273
vt 0.002542 0.366350
vt 0.001066 0.411138
vt -0.000000 0.411112
vt 0.011817 0.366343
vt 0.012881 0.366420
vt 0.011389 0.411486
vt 0.010323 0.411458
vt 0.404089 0.732537
vt 0.405153 0.732460
vt 0.406644 0.777575
vt 0.405578 0.777603
vt 0.414428 0.732468
vt 0.415492 0.732391
vt 0.416968 0.777220
vt 0.415902 0.777255
vt 0.415928 0.778005
vt 0.406668 0.778324
vt 0.647584 0.058330
vt 0.647578 0.057030
vt 0.657545 0.056992
vt 0.657550 0.058286
vt 0.001040 0.411887
vt 0.010286 0.412207
vt 0.657589 0.067536
vt 0.657596 0.068850
vt 0.647631 0.068897
vt 0.647624 0.067594
vt 0.373007 0.403429
vt 0.382974 0.403430
vt 0.382972 0.448291
vt 0.373005 0.448281
vt 0.170962 0.000016
vt 0.180928 0.000016
vt 0.180925 0.045106
vt 0.170961 0.045106
vt 0.110271 0.433490
vt 0.111335 0.433567
vt 0.109859 0.478355
vt 0.108793 0.478329
vt 0.120610 0.433560
vt 0.121674 0.433637
vt 0.120182 0.478703
vt 0.119116 0.478674
vt 0.093251 0.676834
vt 0.094316 0.676757
vt 0.095807 0.721872
vt 0.094741 0.721900
vt 0.103590 0.676765
vt 0.104655 0.676688
vt 0.106130 0.721517
vt 0.105065 0.721553
vt 0.105091 0.722302
vt 0.095831 0.722622
vt 0.647584 0.046444
vt 0.647578 0.045144
vt 0.657545 0.045106
vt 0.657550 0.046400
vt 0.109833 0.479104
vt 0.119079 0.479424
vt 0.657589 0.055650
vt 0.657596 0.056964
vt 0.647631 0.057011
vt 0.647624 0.055708
vt 0.559510 0.436588
vt 0.569476 0.436588
vt 0.569474 0.481450
vt 0.559507 0.481440
vt 0.357465 0.000016
vt 0.367431 0.000016
vt 0.367427 0.045106
vt 0.357463 0.045106
vt 0.488456 0.416472
vt 0.489521 0.416549
vt 0.488044 0.461336
vt 0.486979 0.461310
vt 0.498795 0.416541
vt 0.499860 0.416618
vt 0.498368 0.461684
vt 0.497302 0.461656
vt 0.170961 0.652963
vt 0.172025 0.652886
vt 0.173517 0.698001
vt 0.172451 0.698029
vt 0.181300 0.652894
vt 0.182364 0.652817
vt 0.183840 0.697646
vt 0.182774 0.697681
vt 0.182800 0.698431
vt 0.173540 0.698750
vt 0.657945 0.001353
vt 0.657939 0.000054
vt 0.667906 0.000016
vt 0.667911 0.001309
vt 0.488019 0.462086
vt 0.497264 0.462405
vt 0.667951 0.010559
vt 0.667957 0.011874
vt 0.657993 0.011920
vt 0.657986 0.010617
vt 0.383369 0.390523
vt 0.393335 0.390524
vt 0.393333 0.435385
vt 0.383366 0.435375
vt 0.000001 0.111602
vt 0.009968 0.111603
vt 0.009964 0.156693
vt 0.000000 0.156693
vt 0.301954 0.000014
vt 0.303019 0.000091
vt 0.301542 0.044879
vt 0.300476 0.044853
vt 0.312293 0.000084
vt 0.313358 0.000161
vt 0.311865 0.045227
vt 0.310799 0.045199
vt 0.818538 0.453587
vt 0.819603 0.453510
vt 0.821095 0.498624
vt 0.820029 0.498653
vt 0.828877 0.453517
vt 0.829942 0.453440
vt 0.831418 0.498269
vt 0.830352 0.498305
vt 0.830378 0.499055
vt 0.821118 0.499374
vt 0.331566 0.060181
vt 0.331560 0.058882
vt 0.341527 0.058844
vt 0.341532 0.060137
vt 0.301516 0.045628
vt 0.310762 0.045948
vt 0.341571 0.069387
vt 0.341578 0.070702
vt 0.331613 0.070748
vt 0.331606 0.069445
vt 0.720109 0.349909
vt 0.730076 0.349910
vt 0.730074 0.394771
vt 0.720107 0.394761
vt 0.357465 0.045106
vt 0.367431 0.045107
vt 0.367427 0.090197
vt 0.357463 0.090196
vt 0.182799 0.442702
vt 0.183863 0.442779
vt 0.182388 0.487567
vt 0.181322 0.487541
vt 0.193138 0.442771
vt 0.194202 0.442849
vt 0.192711 0.487914
vt 0.191645 0.487886
vt 0.212406 0.470586
vt 0.213470 0.470509
vt 0.214962 0.515624
vt 0.213896 0.515652
vt 0.222745 0.470517
vt 0.223809 0.470440
vt 0.225285 0.515269
vt 0.224219 0.515304
vt 0.224245 0.516054
vt 0.214985 0.516373
vt 0.523249 0.001353
vt 0.523243 0.000054
vt 0.533210 0.000016
vt 0.533215 0.001309
vt 0.182362 0.488316
vt 0.191608 0.488636
vt 0.533255 0.010559
vt 0.533261 0.011874
vt 0.523297 0.011920
vt 0.523289 0.010617
vt 0.119157 0.482418
vt 0.129123 0.482418
vt 0.129121 0.527280
vt 0.119154 0.527270
vt 0.709747 0.074403
vt 0.719713 0.074404
vt 0.719710 0.119494
vt 0.709745 0.119493
vt 0.503997 0.445425
vt 0.505062 0.445502
vt 0.503586 0.490290
vt 0.502520 0.490264
vt 0.514336 0.445495
vt 0.515401 0.445572
vt 0.513910 0.490638
vt 0.512844 0.490610
vt 0.196864 0.455723
vt 0.197928 0.455646
vt 0.199420 0.500761
vt 0.198354 0.500789
vt 0.207203 0.455654
vt 0.208267 0.455577
vt 0.209743 0.500406
vt 0.208678 0.500442
vt 0.208703 0.501191
vt 0.199444 0.501511
vt 0.181328 0.017428
vt 0.181322 0.016129
vt 0.191289 0.016091
vt 0.191294 0.017384
vt 0.503560 0.491040
vt 0.512806 0.491359
vt 0.191333 0.026634
vt 0.191339 0.027949
vt 0.181375 0.027995
vt 0.181368 0.026692
vt 0.492162 0.462404
vt 0.502128 0.462404
vt 0.502126 0.507266
vt 0.492159 0.507256
vt 0.585412 0.000016
vt 0.595378 0.000016
vt 0.595375 0.045106
vt 0.585410 0.045106
vt 0.318058 0.000014
vt 0.319527 0.000113
vt 0.317490 0.057756
vt 0.316018 0.057723
vt 0.332332 0.000104
vt 0.333801 0.000203
vt 0.331742 0.058204
vt 0.330270 0.058168
vt 0.590591 0.162255
vt 0.592060 0.162156
vt 0.594121 0.220220
vt 0.592649 0.220256
vt 0.604865 0.162165
vt 0.606334 0.162066
vt 0.608373 0.219763
vt 0.606901 0.219809
vt 0.606937 0.220774
vt 0.594153 0.221185
vt 0.145064 0.060808
vt 0.145057 0.059057
vt 0.158818 0.059011
vt 0.158823 0.060755
vt 0.317454 0.058722
vt 0.330218 0.059133
vt 0.158871 0.073523
vt 0.158878 0.075303
vt 0.145122 0.075359
vt 0.145114 0.073596
vt 0.471441 0.396648
vt 0.485200 0.396648
vt 0.485197 0.454392
vt 0.471437 0.454378
vt 0.616497 0.000016
vt 0.630256 0.000017
vt 0.630250 0.058054
vt 0.616494 0.058053
vt 0.928791 0.863166
vt 0.928827 0.865713
vt 0.915984 0.866804
vt 0.915952 0.864258
vt 0.948093 0.884613
vt 0.948094 0.881582
vt 0.961917 0.881612
vt 0.961915 0.884615
vt 0.788897 0.834087
vt 0.788933 0.831541
vt 0.801773 0.832634
vt 0.801720 0.835178
vt 0.521829 0.012879
vt 0.521902 0.015765
vt 0.508087 0.016110
vt 0.508013 0.013233
vt 0.507701 0.000350
vt 0.521519 0.000015
vt 0.930269 0.863042
vt 0.787455 0.831449
vt 0.803251 0.832727
vt 0.914473 0.864350
vt 0.795350 0.539691
vt 0.796825 0.540016
vt 0.809685 0.539990
vt 0.811161 0.540190
vt 0.906609 0.571813
vt 0.908086 0.571613
vt 0.920946 0.571641
vt 0.922421 0.571316
vt 0.948054 0.589750
vt 0.961877 0.589749
vt 0.979139 0.292658
vt 0.992960 0.292659
vt 0.992957 0.585301
vt 0.979138 0.585301
vt 0.752650 0.854035
vt 0.752686 0.856582
vt 0.739843 0.857673
vt 0.739811 0.855127
vt 0.937733 0.294880
vt 0.937733 0.291849
vt 0.951557 0.291880
vt 0.951555 0.294883
vt 0.876967 0.809484
vt 0.877004 0.806938
vt 0.889843 0.808031
vt 0.889790 0.810576
vt 0.506287 0.012879
vt 0.506360 0.015765
vt 0.492545 0.016110
vt 0.492471 0.013233
vt 0.492159 0.000350
vt 0.505977 0.000015
vt 0.754128 0.853911
vt 0.875525 0.806847
vt 0.891321 0.808124
vt 0.738332 0.855219
vt 0.883421 0.515090
vt 0.884896 0.515414
vt 0.897756 0.515388
vt 0.899233 0.515589
vt 0.730468 0.562682
vt 0.731945 0.562482
vt 0.744805 0.562510
vt 0.746280 0.562185
vt 0.937693 0.000018
vt 0.951515 0.000016
vt 0.963597 0.294883
vt 0.977419 0.294883
vt 0.977415 0.587526
vt 0.963596 0.587525
vt 0.519523 0.845759
vt 0.519558 0.848305
vt 0.506716 0.849396
vt 0.506683 0.846850
vt 0.948093 0.589746
vt 0.948094 0.586715
vt 0.961917 0.586746
vt 0.961915 0.589749
vt 0.001442 0.817147
vt 0.001478 0.814601
vt 0.014318 0.815694
vt 0.014265 0.818239
vt 0.299063 0.028515
vt 0.299135 0.031401
vt 0.285320 0.031747
vt 0.285246 0.028870
vt 0.284934 0.015986
vt 0.298752 0.015652
vt 0.521001 0.845635
vt 0.000000 0.814510
vt 0.015796 0.815787
vt 0.505205 0.846943
vt 0.007895 0.522752
vt 0.009370 0.523076
vt 0.022230 0.523050
vt 0.023707 0.523251
vt 0.497340 0.554406
vt 0.498817 0.554205
vt 0.511677 0.554233
vt 0.513152 0.553909
vt 0.948054 0.294883
vt 0.961877 0.294882
vt 0.973959 0.000016
vt 0.987780 0.000016
vt 0.987776 0.292658
vt 0.973957 0.292658
vt 0.498798 0.868348
vt 0.498834 0.870894
vt 0.485991 0.871985
vt 0.485959 0.869439
vt 0.958454 0.294881
vt 0.958455 0.291849
vt 0.972278 0.291880
vt 0.972276 0.294883
vt 0.768174 0.769304
vt 0.768210 0.766758
vt 0.781050 0.767851
vt 0.780997 0.770396
vt 0.578816 0.012879
vt 0.578888 0.015765
vt 0.565073 0.016110
vt 0.565000 0.013233
vt 0.564688 0.000350
vt 0.578506 0.000015
vt 0.500276 0.868224
vt 0.766732 0.766667
vt 0.782528 0.767944
vt 0.484480 0.869532
vt 0.774629 0.474909
vt 0.776104 0.475234
vt 0.788964 0.475208
vt 0.790441 0.475409
vt 0.476617 0.576995
vt 0.478094 0.576794
vt 0.490954 0.576822
vt 0.492429 0.576498
vt 0.958415 0.000018
vt 0.972238 0.000016
vt 0.963597 0.587525
vt 0.977419 0.587526
vt 0.977415 0.880168
vt 0.963596 0.880168
vt 0.104062 0.673293
vt 0.104098 0.675839
vt 0.091255 0.676930
vt 0.091222 0.674384
vt 0.632050 0.111229
vt 0.632050 0.108198
vt 0.645874 0.108229
vt 0.645872 0.111232
vt 0.389989 0.110840
vt 0.390025 0.108294
vt 0.402864 0.109387
vt 0.402812 0.111931
vt 0.490746 0.012879
vt 0.490818 0.015765
vt 0.477003 0.016110
vt 0.476929 0.013233
vt 0.476617 0.000350
vt 0.490436 0.000015
vt 0.105540 0.673169
vt 0.388547 0.108202
vt 0.404343 0.109480
vt 0.089744 0.674477
vt 0.390223 0.000002
vt 0.391698 0.000326
vt 0.404558 0.000300
vt 0.406035 0.000501
vt 0.088071 0.565498
vt 0.089548 0.565297
vt 0.102407 0.565325
vt 0.103883 0.565001
vt 0.632036 0.000018
vt 0.645859 0.000016
vt 0.373005 0.729932
vt 0.386826 0.729932
vt 0.386824 0.838923
vt 0.373005 0.838923
vt 0.451164 0.436607
vt 0.451200 0.439153
vt 0.438357 0.440244
vt 0.438324 0.437698
vt 0.409283 0.111229
vt 0.409284 0.108198
vt 0.423107 0.108229
vt 0.423105 0.111232
vt 0.700826 0.240711
vt 0.700862 0.238165
vt 0.713702 0.239258
vt 0.713649 0.241803
vt 0.273159 0.012879
vt 0.273232 0.015765
vt 0.259417 0.016110
vt 0.259343 0.013233
vt 0.259031 0.000350
vt 0.272849 0.000015
vt 0.452642 0.436483
vt 0.699384 0.238073
vt 0.715180 0.239351
vt 0.436846 0.437791
vt 0.701060 0.129873
vt 0.702535 0.130197
vt 0.715395 0.130172
vt 0.716872 0.130372
vt 0.435172 0.328812
vt 0.436649 0.328611
vt 0.449509 0.328639
vt 0.450984 0.328315
vt 0.409269 0.000018
vt 0.423092 0.000016
vt 0.455895 0.364083
vt 0.469716 0.364083
vt 0.469714 0.473074
vt 0.455895 0.473074
vt 0.052255 0.688785
vt 0.052291 0.691331
vt 0.039449 0.692422
vt 0.039416 0.689876
vt 0.155432 0.716685
vt 0.155433 0.713654
vt 0.169256 0.713685
vt 0.169254 0.716688
vt 0.001442 0.110840
vt 0.001478 0.108294
vt 0.014318 0.109387
vt 0.014265 0.111932
vt 0.195450 0.012879
vt 0.195522 0.015765
vt 0.181707 0.016110
vt 0.181634 0.013233
vt 0.181322 0.000350
vt 0.195140 0.000015
vt 0.053733 0.688661
vt -0.000000 0.108202
vt 0.015796 0.109480
vt 0.037937 0.689969
vt 0.001677 0.000002
vt 0.003152 0.000326
vt 0.016012 0.000301
vt 0.017489 0.000501
vt 0.036264 0.580990
vt 0.037741 0.580789
vt 0.050601 0.580817
vt 0.052076 0.580493
vt 0.155419 0.605474
vt 0.169241 0.605472
vt 0.357463 0.727231
vt 0.371284 0.727231
vt 0.371283 0.836222
vt 0.357463 0.836222
vt 0.124784 0.688761
vt 0.124820 0.691307
vt 0.111978 0.692398
vt 0.111945 0.689852
vt 0.834094 0.562591
vt 0.834095 0.559560
vt 0.847918 0.559591
vt 0.847916 0.562594
vt 0.369266 0.110840
vt 0.369303 0.108294
vt 0.382142 0.109387
vt 0.382089 0.111931
vt 0.288701 0.012879
vt 0.288774 0.015765
vt 0.274959 0.016110
vt 0.274885 0.013233
vt 0.274573 0.000350
vt 0.288391 0.000015
vt 0.126262 0.688637
vt 0.367824 0.108202
vt 0.383620 0.109480
vt 0.110466 0.689945
vt 0.369501 0.000002
vt 0.370976 0.000326
vt 0.383836 0.000301
vt 0.385313 0.000501
vt 0.108793 0.580965
vt 0.110270 0.580765
vt 0.123130 0.580793
vt 0.124605 0.580469
vt 0.834080 0.451380
vt 0.847903 0.451378
vt 0.388547 0.731589
vt 0.402368 0.731589
vt 0.402366 0.840581
vt 0.388547 0.840580
vt 0.883856 0.445682
vt 0.885226 0.445568
vt 0.845840 0.598283
vt 0.844442 0.598518
vt 0.897539 0.442913
vt 0.898926 0.442727
vt 0.858521 0.603593
vt 0.857121 0.603836
vt 0.139877 0.398687
vt 0.141264 0.398873
vt 0.181666 0.559800
vt 0.180265 0.559557
vt 0.153577 0.401529
vt 0.154947 0.401643
vt 0.194341 0.554466
vt 0.192947 0.554248
vt 0.274724 0.722792
vt 0.284276 0.722801
vt 0.284125 0.880638
vt 0.274573 0.880611
vt 0.020870 0.632116
vt 0.030420 0.632125
vt 0.030272 0.797988
vt 0.020723 0.797979
vt 0.070499 0.002963
vt 0.071870 0.002849
vt 0.032484 0.155564
vt 0.031084 0.155799
vt 0.084183 0.000195
vt 0.085571 0.000009
vt 0.045166 0.160875
vt 0.043764 0.161117
vt 0.000000 0.419692
vt 0.001388 0.419878
vt 0.041781 0.580806
vt 0.040380 0.580564
vt 0.013701 0.422534
vt 0.015072 0.422648
vt 0.054459 0.575473
vt 0.053063 0.575255
vt 0.419820 0.719530
vt 0.431668 0.719544
vt 0.431480 0.877380
vt 0.419630 0.877349
vt 0.057169 0.543075
vt 0.069017 0.543088
vt 0.068833 0.708951
vt 0.056987 0.708938
vt 0.091221 0.002963
vt 0.092592 0.002849
vt 0.053206 0.155564
vt 0.051806 0.155799
vt 0.104905 0.000195
vt 0.106294 0.000009
vt 0.065888 0.160875
vt 0.064487 0.161117
vt 0.792635 0.457270
vt 0.794024 0.457456
vt 0.834417 0.618385
vt 0.833015 0.618143
vt 0.806336 0.460113
vt 0.807707 0.460227
vt 0.847094 0.613052
vt 0.845698 0.612834
vt 0.435362 0.719138
vt 0.447210 0.719153
vt 0.447021 0.876989
vt 0.435172 0.876957
vt 0.072711 0.544537
vt 0.084558 0.544550
vt 0.084374 0.710413
vt 0.072529 0.710400
vt 0.111943 0.002964
vt 0.113313 0.002850
vt 0.073927 0.155565
vt 0.072529 0.155801
vt 0.125626 0.000195
vt 0.127013 0.000009
vt 0.086608 0.160876
vt 0.085208 0.161118
vt 0.714926 0.417594
vt 0.716313 0.417780
vt 0.756714 0.578707
vt 0.755314 0.578464
vt 0.728626 0.420436
vt 0.729996 0.420550
vt 0.769390 0.573374
vt 0.767996 0.573155
vt 0.347253 0.721980
vt 0.356805 0.721990
vt 0.356654 0.879826
vt 0.347102 0.879799
vt 0.808325 0.675794
vt 0.817875 0.675802
vt 0.817727 0.841665
vt 0.808177 0.841657
vt 0.347455 0.952856
vt 0.347486 0.954867
vt 0.338682 0.955769
vt 0.338654 0.953758
vt 0.000000 0.234503
vt 0.000366 0.232172
vt 0.012760 0.230201
vt 0.012398 0.232509
vt 0.311823 0.955016
vt 0.311852 0.952937
vt 0.320654 0.953832
vt 0.320614 0.955910
vt 0.093998 0.562917
vt 0.093693 0.560709
vt 0.106068 0.562822
vt 0.106376 0.565025
vt 0.606236 0.071465
vt 0.606133 0.058908
vt 0.614964 0.059136
vt 0.615081 0.071692
vt 0.348470 0.952720
vt 0.310837 0.952895
vt 0.321669 0.953943
vt 0.337639 0.953801
vt 0.316716 0.718622
vt 0.317728 0.718850
vt 0.326546 0.718846
vt 0.327560 0.719044
vt 0.331560 0.718908
vt 0.332574 0.718778
vt 0.341391 0.718775
vt 0.342404 0.718477
vt 0.044317 0.002011
vt 0.056715 0.000014
vt 0.051806 0.329500
vt 0.064183 0.331614
vt 0.727527 0.252900
vt 0.727574 0.254912
vt 0.722953 0.255894
vt 0.722908 0.253883
vt 0.033586 0.013241
vt 0.031222 0.012556
vt 0.031084 0.000004
vt 0.033427 0.000682
vt 0.840484 0.852271
vt 0.840529 0.850192
vt 0.845148 0.851172
vt 0.845089 0.853250
vt 0.038121 0.001016
vt 0.040385 0.000295
vt 0.040552 0.012852
vt 0.038297 0.013574
vt 0.728792 0.252770
vt 0.839261 0.850157
vt 0.846414 0.851276
vt 0.721640 0.253920
vt 0.840560 0.615975
vt 0.841825 0.616197
vt 0.846468 0.616278
vt 0.847732 0.616469
vt 0.720107 0.019115
vt 0.721373 0.018992
vt 0.726016 0.018906
vt 0.727278 0.018615
vt 0.711286 0.002052
vt 0.723679 0.000007
vt 0.680690 0.230213
vt 0.668300 0.232232
vt 0.025903 0.311681
vt 0.038295 0.313725
vt 0.081402 0.544544
vt 0.069012 0.542500
vt 0.763790 0.812678
vt 0.763838 0.814689
vt 0.759216 0.815672
vt 0.759172 0.813661
vt 0.059489 0.013241
vt 0.057125 0.012556
vt 0.056987 0.000004
vt 0.059330 0.000682
vt 0.897471 0.860767
vt 0.897516 0.858688
vt 0.902135 0.859668
vt 0.902076 0.861747
vt 0.064025 0.001016
vt 0.066288 0.000295
vt 0.066455 0.012852
vt 0.064200 0.013574
vt 0.765055 0.812548
vt 0.896248 0.858653
vt 0.903401 0.859773
vt 0.757903 0.813698
vt 0.897547 0.624472
vt 0.898811 0.624694
vt 0.903454 0.624775
vt 0.904718 0.624966
vt 0.756371 0.578893
vt 0.757637 0.578769
vt 0.762280 0.578684
vt 0.763542 0.578393
vt 0.690563 0.002052
vt 0.702956 0.000007
vt 0.659967 0.230213
vt 0.647578 0.232232
vt 0.000000 0.282911
vt 0.012392 0.284955
vt 0.055500 0.515775
vt 0.043110 0.513731
vt 0.945278 0.775238
vt 0.945306 0.777249
vt 0.936501 0.778138
vt 0.936476 0.776127
vt 0.626855 0.234423
vt 0.627222 0.232093
vt 0.639615 0.230122
vt 0.639253 0.232429
vt 0.928317 0.540250
vt 0.928347 0.538171
vt 0.937148 0.539066
vt 0.937108 0.541144
vt 0.114614 0.578380
vt 0.114309 0.576172
vt 0.126684 0.578286
vt 0.126992 0.580488
vt 0.621778 0.086937
vt 0.621675 0.074380
vt 0.630506 0.074608
vt 0.630623 0.087163
vt 0.946293 0.775103
vt 0.927332 0.538129
vt 0.938163 0.539177
vt 0.935461 0.776169
vt 0.935618 0.304018
vt 0.936630 0.304246
vt 0.945448 0.304243
vt 0.946462 0.304440
vt 0.927332 0.541426
vt 0.928345 0.541298
vt 0.937163 0.541308
vt 0.938176 0.541012
vt 0.671067 0.002001
vt 0.683465 0.000005
vt 0.072529 0.345035
vt 0.084905 0.347148
vt 0.270564 0.769597
vt 0.267912 0.769552
vt 0.268157 0.756304
vt 0.270632 0.757189
vt 0.264153 0.714825
vt 0.266006 0.714057
vt 0.270613 0.725936
vt 0.267845 0.726569
vt 0.268112 0.727974
vt 0.271062 0.728340
vt 0.271724 0.741301
vt 0.269115 0.741197
vt 0.269102 0.742627
vt 0.271490 0.743347
vt 0.270198 0.755082
vt 0.267906 0.754894
vt 0.045820 0.734182
vt 0.047140 0.733332
vt 0.044690 0.737518
vt 0.043332 0.738862
vt 0.046604 0.733064
vt 0.057590 0.727491
vt 0.056944 0.728586
vt 0.058838 0.727862
vt 0.053908 0.734955
vt 0.052943 0.734352
vt 0.053172 0.735680
vt 0.044085 0.738155
vt 0.275528 0.708625
vt 0.282229 0.716808
vt 0.264180 0.713399
vt 0.059460 0.720035
vt 0.061456 0.715835
vt 0.061810 0.717637
vt 0.059829 0.721356
vt 0.106441 0.727058
vt 0.106420 0.728477
vt 0.058341 0.732021
vt 0.055003 0.749136
vt 0.053583 0.749412
vt 0.057425 0.733187
vt 0.109365 0.740190
vt 0.109258 0.741600
vt 0.055276 0.750605
vt 0.045754 0.740070
vt 0.045405 0.739954
vt 0.044885 0.738344
vt 0.045443 0.739927
vt 0.058459 0.763760
vt 0.111391 0.754344
vt 0.111675 0.755724
vt 0.058849 0.765161
vt 0.046801 0.727880
vt 0.041827 0.711183
vt 0.043530 0.710909
vt 0.047612 0.726616
vt 0.060342 0.777701
vt 0.110794 0.767802
vt 0.110951 0.769205
vt 0.060774 0.779096
vt 0.112939 0.782113
vt 0.042356 0.736695
vt 0.031084 0.717505
vt 0.064333 0.791712
vt 0.338780 0.000014
vt 0.340250 0.000113
vt 0.338212 0.057756
vt 0.336740 0.057723
vt 0.353054 0.000104
vt 0.354523 0.000203
vt 0.352464 0.058204
vt 0.350992 0.058168
vt 0.595772 0.000199
vt 0.597241 0.000100
vt 0.599302 0.058164
vt 0.597831 0.058200
vt 0.610045 0.000109
vt 0.611515 0.000010
vt 0.613554 0.057707
vt 0.612083 0.057753
vt 0.612118 0.058718
vt 0.599335 0.059130
vt 0.341928 0.060917
vt 0.341921 0.059166
vt 0.355681 0.059119
vt 0.355687 0.060863
vt 0.338176 0.058722
vt 0.350940 0.059133
vt 0.355735 0.073632
vt 0.355742 0.075411
vt 0.341986 0.075468
vt 0.341977 0.073705
vt 0.404093 0.364946
vt 0.417852 0.364947
vt 0.417849 0.422690
vt 0.404089 0.422677
vt 0.113976 0.051763
vt 0.127735 0.051764
vt 0.127730 0.109801
vt 0.113974 0.109800
vt 0.152278 0.000014
vt 0.153748 0.000113
vt 0.151710 0.057756
vt 0.150238 0.057723
vt 0.166552 0.000104
vt 0.168021 0.000203
vt 0.165962 0.058204
vt 0.164490 0.058168
vt 0.424811 0.000199
vt 0.426281 0.000100
vt 0.428342 0.058164
vt 0.426870 0.058200
vt 0.439085 0.000109
vt 0.440554 0.000010
vt 0.442594 0.057707
vt 0.441122 0.057753
vt 0.441158 0.058718
vt 0.428374 0.059130
vt 0.476624 0.017877
vt 0.476617 0.016127
vt 0.490378 0.016080
vt 0.490383 0.017824
vt 0.151674 0.058722
vt 0.164438 0.059133
vt 0.490431 0.030593
vt 0.490438 0.032372
vt 0.476682 0.032428
vt 0.476674 0.030666
vt 0.103616 0.371337
vt 0.117375 0.371338
vt 0.117373 0.429081
vt 0.103612 0.429068
vt 0.445536 0.000016
vt 0.459295 0.000017
vt 0.459290 0.058054
vt 0.445534 0.058053
vt 0.032562 0.161042
vt 0.033626 0.161119
vt 0.032150 0.205906
vt 0.031084 0.205880
vt 0.042901 0.161111
vt 0.043965 0.161188
vt 0.042473 0.206254
vt 0.041407 0.206226
vt 0.227947 0.486734
vt 0.229012 0.486657
vt 0.230504 0.531772
vt 0.229438 0.531800
vt 0.238286 0.486665
vt 0.239351 0.486588
vt 0.240827 0.531417
vt 0.239761 0.531453
vt 0.239787 0.532202
vt 0.230527 0.532522
vt 0.290121 0.001353
vt 0.290115 0.000054
vt 0.300082 0.000016
vt 0.300087 0.001309
vt 0.032124 0.206656
vt 0.041370 0.206975
vt 0.300126 0.010559
vt 0.300133 0.011874
vt 0.290169 0.011920
vt 0.290161 0.010617
vt 0.896251 0.344284
vt 0.906217 0.344284
vt 0.906215 0.389146
vt 0.896248 0.389136
vt 0.689024 0.185371
vt 0.698991 0.185372
vt 0.698987 0.230462
vt 0.689023 0.230461
vt 0.669778 0.439036
vt 0.670842 0.439113
vt 0.669366 0.483900
vt 0.668300 0.483874
vt 0.680117 0.439105
vt 0.681181 0.439182
vt 0.679690 0.484248
vt 0.678624 0.484220
vt 0.854803 0.447484
vt 0.855867 0.447407
vt 0.857360 0.492522
vt 0.856294 0.492550
vt 0.865142 0.447415
vt 0.866206 0.447338
vt 0.867683 0.492167
vt 0.866617 0.492202
vt 0.866643 0.492952
vt 0.857383 0.493272
vt 0.020728 0.046444
vt 0.020723 0.045144
vt 0.030690 0.045106
vt 0.030694 0.046400
vt 0.669340 0.484650
vt 0.678586 0.484969
vt 0.030734 0.055650
vt 0.030740 0.056964
vt 0.020776 0.057011
vt 0.020769 0.055708
vt 0.466259 0.633171
vt 0.476225 0.633171
vt 0.476223 0.678033
vt 0.466256 0.678023
vt 0.129517 0.059010
vt 0.139483 0.059011
vt 0.139480 0.104101
vt 0.129516 0.104101
vt 0.685320 0.429891
vt 0.686384 0.429968
vt 0.684908 0.474755
vt 0.683842 0.474729
vt 0.695659 0.429960
vt 0.696723 0.430037
vt 0.695232 0.475103
vt 0.694166 0.475075
vt 0.139877 0.669678
vt 0.140941 0.669601
vt 0.142433 0.714716
vt 0.141367 0.714744
vt 0.150216 0.669609
vt 0.151280 0.669532
vt 0.152756 0.714361
vt 0.151690 0.714397
vt 0.151716 0.715146
vt 0.142456 0.715466
vt 0.274579 0.017428
vt 0.274573 0.016129
vt 0.284540 0.016091
vt 0.284545 0.017384
vt 0.684882 0.475505
vt 0.694128 0.475824
vt 0.284585 0.026634
vt 0.284591 0.027949
vt 0.274627 0.027995
vt 0.274619 0.026692
vt 0.025906 0.564329
vt 0.035872 0.564330
vt 0.035870 0.609191
vt 0.025903 0.609181
vt 0.647579 0.000016
vt 0.657546 0.000016
vt 0.657542 0.045106
vt 0.647578 0.045106
vt 0.576527 0.172995
vt 0.577591 0.173072
vt 0.576115 0.217860
vt 0.575049 0.217833
vt 0.586866 0.173064
vt 0.587930 0.173142
vt 0.586438 0.218207
vt 0.585373 0.218179
vt 0.756371 0.462472
vt 0.757435 0.462395
vt 0.758927 0.507509
vt 0.757861 0.507537
vt 0.766710 0.462402
vt 0.767774 0.462325
vt 0.769251 0.507154
vt 0.768185 0.507190
vt 0.768211 0.507940
vt 0.758951 0.508259
vt 0.020728 0.058330
vt 0.020723 0.057030
vt 0.030690 0.056992
vt 0.030694 0.058286
vt 0.576089 0.218609
vt 0.585335 0.218929
vt 0.030734 0.067536
vt 0.030740 0.068850
vt 0.020776 0.068897
vt 0.020769 0.067594
vt 0.000003 0.461131
vt 0.009969 0.461132
vt 0.009967 0.505994
vt 0.000000 0.505984
vt 0.103614 0.093015
vt 0.113580 0.093016
vt 0.113577 0.138106
vt 0.103612 0.138105
vt 0.462554 0.000014
vt 0.463618 0.000091
vt 0.462141 0.044879
vt 0.461075 0.044853
vt 0.472893 0.000084
vt 0.473957 0.000161
vt 0.472465 0.045227
vt 0.471399 0.045199
vt 0.155419 0.522801
vt 0.156483 0.522724
vt 0.157975 0.567839
vt 0.156909 0.567867
vt 0.165758 0.522732
vt 0.166822 0.522655
vt 0.168298 0.567484
vt 0.167232 0.567520
vt 0.167258 0.568269
vt 0.157998 0.568589
vt 0.575055 0.017179
vt 0.575049 0.015880
vt 0.585016 0.015842
vt 0.585021 0.017136
vt 0.462115 0.045628
vt 0.471361 0.045948
vt 0.585061 0.026385
vt 0.585067 0.027700
vt 0.575103 0.027746
vt 0.575096 0.026443
vt 0.393730 0.377617
vt 0.403696 0.377617
vt 0.403695 0.422479
vt 0.393727 0.422469
vt 0.424813 0.098426
vt 0.434779 0.098427
vt 0.434775 0.143517
vt 0.424811 0.143516
vt 0.700862 0.420745
vt 0.701926 0.420822
vt 0.700450 0.465610
vt 0.699384 0.465584
vt 0.711201 0.420815
vt 0.712265 0.420892
vt 0.710773 0.465958
vt 0.709707 0.465930
vt 0.196864 0.501586
vt 0.197928 0.501509
vt 0.199420 0.546624
vt 0.198354 0.546652
vt 0.207203 0.501517
vt 0.208267 0.501440
vt 0.209743 0.546269
vt 0.208677 0.546304
vt 0.208703 0.547054
vt 0.199443 0.547373
vt 0.119160 0.032457
vt 0.119154 0.031157
vt 0.129121 0.031119
vt 0.129126 0.032413
vt 0.700424 0.466359
vt 0.709670 0.466679
vt 0.129166 0.041663
vt 0.129172 0.042977
vt 0.119208 0.043024
vt 0.119201 0.041721
vt 0.129518 0.669393
vt 0.139484 0.669393
vt 0.139483 0.714255
vt 0.129516 0.714244
vt 0.020724 0.000016
vt 0.030690 0.000016
vt 0.030687 0.045106
vt 0.020722 0.045106
vt 0.569487 0.224718
vt 0.573815 0.225918
vt 0.550476 0.291113
vt 0.546403 0.288974
vt 0.522632 0.353615
vt 0.526315 0.356746
vt 0.519804 0.371555
vt 0.516157 0.368827
vt 0.505908 0.401776
vt 0.502054 0.399577
vt 0.498824 0.414183
vt 0.496698 0.409710
vt 0.649347 0.405991
vt 0.652819 0.406749
vt 0.650248 0.430338
vt 0.646854 0.429553
vt 0.653269 0.390882
vt 0.656775 0.391808
vt 0.669270 0.323334
vt 0.665845 0.322390
vt 0.680541 0.254899
vt 0.683949 0.255791
vt 0.647079 0.447901
vt 0.643590 0.449844
vt 0.615426 0.399069
vt 0.613908 0.398999
vt 0.609799 0.383949
vt 0.611137 0.383090
vt 0.604035 0.426730
vt 0.602806 0.425737
vt 0.596068 0.373259
vt 0.597172 0.372885
vt 0.547754 0.380159
vt 0.549020 0.380861
vt 0.542924 0.409782
vt 0.541259 0.410255
vt 0.561591 0.367729
vt 0.562146 0.369138
vt 0.552633 0.424298
vt 0.551039 0.423957
vt 0.590760 0.434463
vt 0.590261 0.433313
vt 0.576977 0.367162
vt 0.577735 0.368066
vt 0.632797 0.242485
vt 0.634328 0.242952
vt 0.614937 0.308711
vt 0.613407 0.308145
vt 0.591730 0.374103
vt 0.588017 0.383366
vt 0.586919 0.382855
vt 0.595593 0.372218
vt 0.590447 0.374534
vt 0.589266 0.372143
vt 0.616622 0.237909
vt 0.618177 0.238289
vt 0.598145 0.303839
vt 0.596550 0.303493
vt 0.581323 0.371638
vt 0.581316 0.381169
vt 0.580148 0.381059
vt 0.578667 0.367477
vt 0.583959 0.370758
vt 0.581783 0.372238
vt 0.585594 0.431793
vt 0.574949 0.423244
vt 0.576065 0.422122
vt 0.589175 0.434457
vt 0.576659 0.489304
vt 0.574851 0.489800
vt 0.583695 0.432710
vt 0.583960 0.430881
vt 0.552392 0.425012
vt 0.557960 0.422657
vt 0.557805 0.424892
vt 0.538196 0.478764
vt 0.536871 0.477356
vt 0.563260 0.426892
vt 0.562145 0.426638
vt 0.623279 0.239634
vt 0.627785 0.240835
vt 0.608103 0.306466
vt 0.603505 0.305255
vt 0.548128 0.480335
vt 0.543444 0.479969
vt 0.629731 0.314848
vt 0.649992 0.247319
vt 0.607784 0.473488
vt 0.581390 0.300953
vt 0.600661 0.233765
vt 0.520066 0.449278
vt 0.569726 0.488396
vt 0.585632 0.382528
vt 0.582415 0.381416
vt 0.569272 0.419335
vt 0.573054 0.421382
vt 0.557846 0.408409
vt 0.568295 0.418747
vt 0.562292 0.388936
vt 0.587550 0.416597
vt 0.598971 0.399560
vt 0.597366 0.390359
vt 0.570348 0.382159
vt 0.562235 0.428111
vt 0.574578 0.422193
vt 0.578258 0.227653
vt 0.580457 0.228359
vt 0.557238 0.293587
vt 0.555013 0.292837
vt 0.530845 0.358479
vt 0.533058 0.359270
vt 0.526317 0.374039
vt 0.524152 0.373328
vt 0.562726 0.222633
vt 0.564949 0.223252
vt 0.541905 0.287498
vt 0.539884 0.286197
vt 0.516581 0.350007
vt 0.518315 0.352043
vt 0.511892 0.367100
vt 0.510163 0.365355
vt 0.512052 0.405121
vt 0.510059 0.404008
vt 0.497836 0.397464
vt 0.495808 0.396428
vt 0.504286 0.418865
vt 0.502863 0.416732
vt 0.492538 0.407384
vt 0.491099 0.405197
vt 0.659740 0.408209
vt 0.657497 0.407719
vt 0.661554 0.392962
vt 0.663857 0.393580
vt 0.657137 0.431652
vt 0.654884 0.431133
vt 0.654042 0.447451
vt 0.651469 0.448649
vt 0.644603 0.405033
vt 0.642289 0.404552
vt 0.646166 0.389292
vt 0.648470 0.389855
vt 0.642249 0.428848
vt 0.640034 0.428416
vt 0.639176 0.449226
vt 0.636562 0.451062
vt 0.661104 0.321516
vt 0.658833 0.320970
vt 0.673574 0.253545
vt 0.675831 0.254052
vt 0.676202 0.325035
vt 0.673958 0.324425
vt 0.688600 0.256920
vt 0.690835 0.257519
vt 0.529622 0.211132
vt 0.530748 0.211897
vt 0.509697 0.256290
vt 0.508514 0.255639
vt 0.486275 0.299787
vt 0.487506 0.300402
vt 0.474049 0.320853
vt 0.472878 0.320265
vt 0.725196 0.265300
vt 0.726555 0.265291
vt 0.720279 0.317285
vt 0.718924 0.317249
vt 0.713576 0.368965
vt 0.714913 0.369065
vt 0.713036 0.384033
vt 0.711678 0.383945
vt 0.465230 0.338812
vt 0.464032 0.338287
vt 0.460631 0.353426
vt 0.459271 0.353050
vt 0.711869 0.404707
vt 0.710491 0.404625
vt 0.711992 0.417602
vt 0.710707 0.417888
vt 0.506443 0.253973
vt 0.527759 0.209819
vt 0.723158 0.317170
vt 0.729108 0.265243
vt 0.460888 0.336836
vt 0.470758 0.317760
vt 0.716292 0.383880
vt 0.715149 0.403928
vt 0.455895 0.352275
vt 0.715171 0.416575
vt 0.484246 0.297571
vt 0.718109 0.368939
vt 0.536370 0.214907
vt 0.537695 0.215406
vt 0.516570 0.259958
vt 0.515311 0.259323
vt 0.493294 0.303551
vt 0.494572 0.304277
vt 0.480757 0.324281
vt 0.479561 0.323641
vt 0.717430 0.264515
vt 0.718824 0.264784
vt 0.712549 0.316721
vt 0.711150 0.316499
vt 0.705904 0.368301
vt 0.707286 0.368449
vt 0.705205 0.383402
vt 0.703768 0.383257
vt 0.472130 0.341585
vt 0.470888 0.341091
vt 0.468240 0.357299
vt 0.467062 0.355664
vt 0.703913 0.404319
vt 0.702439 0.404287
vt 0.704777 0.417886
vt 0.703532 0.418330
vt 0.003249 0.248798
vt 0.001204 0.245954
vt 0.036488 0.217138
vt 0.038710 0.219903
vt 0.000000 0.250359
vt 0.013653 0.276499
vt 0.011911 0.280503
vt 0.066340 0.188412
vt 0.068526 0.191204
vt 0.015195 0.279502
vt 0.049014 0.233741
vt 0.051637 0.236350
vt 0.081375 0.199076
vt 0.083537 0.202036
vt 0.152377 0.393602
vt 0.154942 0.389996
vt 0.180944 0.385903
vt 0.180926 0.388771
vt 0.151991 0.389642
vt 0.182932 0.341897
vt 0.186072 0.343612
vt 0.211916 0.306748
vt 0.215236 0.308426
vt 0.183534 0.386921
vt 0.202204 0.351063
vt 0.205453 0.352790
vt 0.225160 0.319813
vt 0.228258 0.321639
vt 0.209126 0.001926
vt 0.212215 0.003500
vt 0.198228 0.030228
vt 0.194964 0.028731
vt 0.213121 0.000005
vt 0.244201 0.006276
vt 0.240399 0.008724
vt 0.243424 0.009671
vt 0.217922 0.038395
vt 0.214918 0.036116
vt 0.372753 0.127280
vt 0.373380 0.130191
vt 0.345054 0.156117
vt 0.342943 0.153372
vt 0.376736 0.127015
vt 0.374028 0.156068
vt 0.371305 0.156244
vt 0.372726 0.158689
vt 0.354448 0.175330
vt 0.352500 0.172280
vt 0.169968 0.064311
vt 0.173067 0.066015
vt 0.132152 0.124005
vt 0.129313 0.122019
vt 0.184159 0.076205
vt 0.187439 0.077860
vt 0.147161 0.142792
vt 0.144409 0.141166
vt 0.311109 0.188454
vt 0.313202 0.191534
vt 0.259516 0.241342
vt 0.257376 0.238895
vt 0.324748 0.201112
vt 0.327017 0.203876
vt 0.280160 0.254043
vt 0.277989 0.251179
vt 0.117524 0.137375
vt 0.120139 0.139758
vt 0.139784 0.146233
vt 0.142017 0.148607
vt 0.252973 0.244603
vt 0.255801 0.246382
vt 0.266838 0.263487
vt 0.270060 0.265297
vt 0.267921 0.467505
vt 0.239719 0.437459
vt 0.242273 0.434630
vt 0.270266 0.464734
vt 0.209234 0.411940
vt 0.211919 0.409440
vt 0.302784 0.489511
vt 0.300392 0.492271
vt 0.043196 0.310583
vt 0.040730 0.312875
vt 0.499855 0.248112
vt 0.497652 0.251094
vt 0.464263 0.228384
vt 0.466333 0.225482
vt 0.279239 0.032481
vt 0.277335 0.035307
vt 0.081079 0.267828
vt 0.299331 0.429709
vt 0.331987 0.454329
vt 0.483667 0.200109
vt 0.517846 0.222929
vt 0.247491 0.490706
vt 0.280093 0.515915
vt 0.252045 0.064220
vt 0.222163 0.101542
vt 0.451444 0.309666
vt 0.418562 0.285316
vt 0.445656 0.252438
vt 0.478799 0.276084
vt 0.110929 0.233544
vt 0.324723 0.398379
vt 0.357563 0.422715
vt 0.407684 0.360745
vt 0.400437 0.369310
vt 0.367449 0.345006
vt 0.374693 0.336115
vt 0.174082 0.167413
vt 0.166867 0.175761
vt 0.239742 0.375053
vt 0.263669 0.343191
vt 0.305706 0.288640
vt 0.313382 0.279846
vt 0.358729 0.230049
vt 0.386334 0.199079
vt 0.404026 0.174468
vt 0.405892 0.171349
vt 0.419823 0.144924
vt 0.346822 0.092832
vt 0.349606 0.090852
vt 0.318691 0.119139
vt 0.286166 0.154140
vt 0.233088 0.210318
vt 0.226054 0.218684
vt 0.177087 0.282787
vt 0.149096 0.318045
vt 0.115512 0.364808
vt 0.113765 0.367695
vt 0.184386 0.432455
vt 0.272046 0.399098
vt 0.296951 0.367579
vt 0.338391 0.315259
vt 0.345063 0.307001
vt 0.387815 0.257787
vt 0.415309 0.225320
vt 0.434557 0.200217
vt 0.436708 0.197076
vt 0.453791 0.170986
vt 0.315632 0.060730
vt 0.313391 0.063246
vt 0.286666 0.090688
vt 0.255262 0.126729
vt 0.204781 0.187230
vt 0.198154 0.194993
vt 0.145382 0.256946
vt 0.116536 0.291362
vt 0.080192 0.336023
vt 0.078173 0.338721
vt 0.218427 0.460508
vt 0.342276 0.480208
vt 0.381785 0.535628
vt 0.378429 0.538823
vt 0.338405 0.482570
vt 0.421683 0.591478
vt 0.432159 0.604253
vt 0.429478 0.607831
vt 0.419048 0.595469
vt 0.454614 0.629427
vt 0.451533 0.632597
vt 0.462640 0.637552
vt 0.461850 0.642407
vt 0.315934 0.677401
vt 0.325564 0.699254
vt 0.322569 0.700986
vt 0.312847 0.679141
vt 0.304591 0.665947
vt 0.307673 0.664036
vt 0.273353 0.603472
vt 0.240665 0.542470
vt 0.243676 0.540655
vt 0.276366 0.601589
vt 0.331062 0.716869
vt 0.335060 0.717719
vt 0.346047 0.660772
vt 0.345564 0.644256
vt 0.347075 0.644687
vt 0.347461 0.660255
vt 0.365906 0.682403
vt 0.365089 0.683729
vt 0.356008 0.630485
vt 0.357163 0.630530
vt 0.405280 0.623677
vt 0.420000 0.650590
vt 0.418267 0.650607
vt 0.404273 0.624695
vt 0.388416 0.617115
vt 0.388545 0.615621
vt 0.414561 0.666426
vt 0.413132 0.667211
vt 0.380225 0.685346
vt 0.380153 0.686565
vt 0.373220 0.620395
vt 0.373694 0.619318
vt 0.286005 0.515206
vt 0.322589 0.572916
vt 0.321280 0.573898
vt 0.284663 0.516092
vt 0.361540 0.630084
vt 0.368576 0.636976
vt 0.367666 0.637780
vt 0.357329 0.629397
vt 0.363350 0.627523
vt 0.362886 0.630124
vt 0.300310 0.506194
vt 0.337475 0.563649
vt 0.336040 0.564435
vt 0.298917 0.507004
vt 0.374561 0.633419
vt 0.373475 0.633839
vt 0.370795 0.624798
vt 0.370523 0.625496
vt 0.368030 0.624706
vt 0.372168 0.620090
vt 0.389682 0.671027
vt 0.391220 0.671038
vt 0.384104 0.682404
vt 0.381636 0.686009
vt 0.414212 0.732275
vt 0.412355 0.732466
vt 0.385152 0.680879
vt 0.386117 0.682414
vt 0.413581 0.667821
vt 0.408388 0.669306
vt 0.407534 0.667178
vt 0.443976 0.713338
vt 0.443139 0.715081
vt 0.403839 0.672770
vt 0.404797 0.672284
vt 0.294375 0.509751
vt 0.331288 0.567319
vt 0.327213 0.569792
vt 0.290370 0.512191
vt 0.438514 0.717802
vt 0.434172 0.719560
vt 0.308800 0.584017
vt 0.270820 0.524740
vt 0.377564 0.728756
vt 0.314570 0.497676
vt 0.351335 0.556925
vt 0.451621 0.681668
vt 0.418481 0.729116
vt 0.372492 0.634370
vt 0.369718 0.636291
vt 0.392671 0.670139
vt 0.395721 0.667149
vt 0.396427 0.666393
vt 0.403539 0.653516
vt 0.393891 0.636095
vt 0.377336 0.669150
vt 0.361717 0.656366
vt 0.360675 0.647138
vt 0.384282 0.631780
vt 0.405158 0.673613
vt 0.392048 0.671840
vt 0.334568 0.485482
vt 0.374522 0.541750
vt 0.372582 0.543095
vt 0.332630 0.486777
vt 0.415226 0.598350
vt 0.425846 0.610698
vt 0.423988 0.611965
vt 0.413342 0.599705
vt 0.348273 0.476320
vt 0.387335 0.531138
vt 0.385730 0.532955
vt 0.346282 0.477533
vt 0.426433 0.586404
vt 0.436851 0.599346
vt 0.435717 0.601464
vt 0.425343 0.588819
vt 0.448177 0.635883
vt 0.446577 0.637498
vt 0.459720 0.624673
vt 0.458067 0.626230
vt 0.458687 0.645953
vt 0.457923 0.648368
vt 0.466773 0.631629
vt 0.465997 0.634139
vt 0.306666 0.682554
vt 0.298324 0.669703
vt 0.300353 0.668444
vt 0.308664 0.681431
vt 0.318385 0.703082
vt 0.316394 0.704227
vt 0.327035 0.718853
vt 0.324180 0.718453
vt 0.320172 0.675098
vt 0.311957 0.661652
vt 0.313992 0.660439
vt 0.322231 0.673957
vt 0.331709 0.696182
vt 0.329736 0.697242
vt 0.342309 0.716857
vt 0.339167 0.715851
vt 0.280654 0.599398
vt 0.247944 0.538516
vt 0.249962 0.537392
vt 0.282674 0.598226
vt 0.267198 0.607080
vt 0.234565 0.546058
vt 0.236534 0.544857
vt 0.269175 0.605856
vt 0.377225 0.456234
vt 0.409854 0.493155
vt 0.408868 0.494100
vt 0.376348 0.457270
vt 0.443254 0.529470
vt 0.458568 0.547487
vt 0.457693 0.548267
vt 0.442121 0.530421
vt 0.203858 0.562905
vt 0.224155 0.611356
vt 0.222865 0.611757
vt 0.202554 0.563259
vt 0.243911 0.660093
vt 0.249272 0.674507
vt 0.247937 0.675008
vt 0.242683 0.660543
vt 0.471399 0.561790
vt 0.470603 0.562585
vt 0.482480 0.572030
vt 0.481136 0.573076
vt 0.256618 0.694394
vt 0.255255 0.694971
vt 0.261915 0.706535
vt 0.260783 0.706657
vt 0.402221 0.425113
vt 0.437547 0.458213
vt 0.176908 0.623321
vt 0.160599 0.574041
vt 0.489588 0.506720
vt 0.505285 0.520380
vt 0.202753 0.706245
vt 0.196954 0.686896
vt 0.517588 0.530031
vt 0.207208 0.717891
vt 0.473723 0.490368
vt 0.192924 0.672354
vt 0.371739 0.461679
vt 0.404177 0.498541
vt 0.403111 0.499492
vt 0.370592 0.462517
vt 0.436964 0.535112
vt 0.453582 0.552020
vt 0.452708 0.552880
vt 0.435850 0.536176
vt 0.211075 0.560065
vt 0.231397 0.608524
vt 0.230118 0.609119
vt 0.209815 0.560700
vt 0.250956 0.657394
vt 0.256929 0.671398
vt 0.255548 0.671983
vt 0.249693 0.657912
vt 0.466535 0.566067
vt 0.465637 0.566830
vt 0.475143 0.578052
vt 0.474388 0.580026
vt 0.264492 0.691330
vt 0.263046 0.691839
vt 0.268092 0.705003
vt 0.266882 0.704915
vt 0.636892 0.124746
vt 0.602030 0.149220
vt 0.600737 0.147377
vt 0.635486 0.122974
vt 0.567328 0.173414
vt 0.566196 0.171443
vt 0.614568 0.091691
vt 0.580297 0.113006
vt 0.579106 0.111101
vt 0.613477 0.089701
vt 0.547217 0.136039
vt 0.546229 0.133999
vt 0.511520 0.161504
vt 0.510437 0.159516
vt 0.488107 0.178859
vt 0.486930 0.176913
vt 0.532530 0.196556
vt 0.531340 0.194647
vt 0.509497 0.211304
vt 0.508156 0.209472
vt 0.577349 0.107377
vt 0.611725 0.085975
vt 0.639613 0.127824
vt 0.604836 0.152248
vt 0.484700 0.173451
vt 0.508361 0.155978
vt 0.535251 0.199638
vt 0.511958 0.214626
vt 0.570140 0.176449
vt 0.544252 0.130403
vt 0.584858 0.046555
vt 0.585946 0.048541
vt 0.549790 0.070220
vt 0.548579 0.068320
vt 0.516100 0.095227
vt 0.514749 0.093415
vt 0.607333 0.080319
vt 0.608732 0.082093
vt 0.573920 0.103272
vt 0.572619 0.101429
vt 0.541237 0.126921
vt 0.539743 0.125223
vt 0.505426 0.152627
vt 0.503991 0.150870
vt 0.481899 0.169987
vt 0.480565 0.168154
vt 0.481387 0.118537
vt 0.480103 0.116669
vt 0.458597 0.134090
vt 0.457437 0.132156
vt 0.611283 0.085325
vt 0.576668 0.106355
vt 0.583156 0.042824
vt 0.546771 0.064600
vt 0.508170 0.155683
vt 0.484514 0.173160
vt 0.478280 0.112955
vt 0.455323 0.128631
vt 0.512925 0.089729
vt 0.543973 0.129969
vt 0.556589 0.003696
vt 0.557677 0.005678
vt 0.522068 0.028271
vt 0.520884 0.026356
vt 0.486392 0.049943
vt 0.485055 0.048105
vt 0.578447 0.036712
vt 0.579843 0.038480
vt 0.544987 0.059681
vt 0.543685 0.057835
vt 0.512958 0.084137
vt 0.511467 0.082434
vt 0.476668 0.108674
vt 0.475251 0.106909
vt 0.452588 0.125043
vt 0.451255 0.123201
vt 0.451030 0.072026
vt 0.449780 0.070157
vt 0.427932 0.087182
vt 0.426819 0.085198
vt 0.582391 0.041699
vt 0.547768 0.062734
vt 0.554797 0.000000
vt 0.519203 0.022583
vt 0.479309 0.111810
vt 0.455109 0.128303
vt 0.448095 0.066408
vt 0.424811 0.081580
vt 0.483429 0.044302
vt 0.515690 0.087202
vt 0.872400 0.287414
vt 0.880513 0.329337
vt 0.878309 0.329809
vt 0.870219 0.287991
vt 0.887912 0.371627
vt 0.885665 0.371949
vt 0.833209 0.294035
vt 0.838472 0.334125
vt 0.836235 0.334350
vt 0.830953 0.294191
vt 0.845580 0.374203
vt 0.843314 0.374118
vt 0.853498 0.418043
vt 0.851253 0.417988
vt 0.859146 0.447407
vt 0.856893 0.447374
vt 0.894193 0.413903
vt 0.892036 0.414323
vt 0.897340 0.441995
vt 0.895202 0.442642
vt 0.832115 0.334239
vt 0.826841 0.294224
vt 0.876311 0.286155
vt 0.884388 0.327889
vt 0.852776 0.447209
vt 0.847166 0.417868
vt 0.897983 0.412286
vt 0.901210 0.440568
vt 0.891735 0.370047
vt 0.839202 0.374089
vt 0.779962 0.302140
vt 0.782216 0.301988
vt 0.786877 0.343854
vt 0.784637 0.344108
vt 0.795567 0.385155
vt 0.793332 0.385491
vt 0.819888 0.295858
vt 0.822075 0.295324
vt 0.827008 0.335768
vt 0.824798 0.336232
vt 0.834864 0.375644
vt 0.832731 0.376397
vt 0.843061 0.419563
vt 0.840932 0.420292
vt 0.848679 0.448977
vt 0.846534 0.449677
vt 0.802007 0.427109
vt 0.799810 0.427279
vt 0.806383 0.455182
vt 0.804155 0.455122
vt 0.826067 0.294354
vt 0.830904 0.334428
vt 0.775862 0.302123
vt 0.780495 0.344065
vt 0.846818 0.417916
vt 0.852434 0.447256
vt 0.795691 0.426812
vt 0.800059 0.454781
vt 0.789224 0.385272
vt 0.838689 0.374160
vt 0.729395 0.309800
vt 0.731647 0.309669
vt 0.737081 0.351412
vt 0.734835 0.351626
vt 0.741948 0.393171
vt 0.739701 0.393490
vt 0.768361 0.303845
vt 0.770541 0.303314
vt 0.775315 0.343790
vt 0.773099 0.344258
vt 0.784029 0.383288
vt 0.781898 0.384038
vt 0.791324 0.426887
vt 0.789182 0.427605
vt 0.795881 0.456437
vt 0.793748 0.457124
vt 0.747198 0.435098
vt 0.745008 0.435270
vt 0.751574 0.463077
vt 0.749341 0.463020
vt 0.774523 0.302346
vt 0.779204 0.342407
vt 0.725287 0.309838
vt 0.730706 0.351427
vt 0.795126 0.425353
vt 0.799670 0.454835
vt 0.740925 0.434731
vt 0.745232 0.462662
vt 0.735594 0.393054
vt 0.787853 0.381813
s 1
usemtl initialShadingGroup
f 1/1/1 3/2/1 10/3/1 12/4/1
f 2/5/2 1/1/2 6/6/2 5/7/2
f 4/8/3 6/6/3 9/9/3 8/10/3
f 7/11/4 9/9/4 12/4/4 11/12/4
f 13/13/5 15/14/5 22/15/5 24/16/5
f 15/14/6 14/17/6 17/18/6 16/19/6
f 16/19/7 18/20/7 20/21/7 19/22/7
f 19/22/8 21/23/8 23/24/8 22/15/8
f 1/1/9 12/4/9 9/9/9 6/6/9
f 15/14/10 16/19/10 19/22/10 22/15/10
f 1/1/11 2/5/11 3/2/11
f 4/8/12 5/7/12 6/6/12
f 7/11/13 8/10/13 9/9/13
f 10/3/14 11/12/14 12/4/14
f 13/13/15 14/17/15 15/14/15
f 16/19/16 17/18/16 18/20/16
f 19/22/17 20/21/17 21/23/17
f 22/15/18 23/24/18 24/16/18
f 27/25/19 26/26/20 29/27/21 28/28/22
f 26/26/20 25/29/23 30/30/24 29/27/21
f 33/31/25 32/32/26 35/33/27 34/34/28
f 32/32/26 31/35/29 36/36/30 35/33/27
f 39/37/31 38/38/32 41/39/33 40/40/34
f 38/38/32 37/41/35 42/42/35 41/39/33
f 45/43/36 44/44/37 47/45/38 46/46/39
f 44/44/37 43/47/40 48/48/41 47/45/38
f 27/25/19 28/28/22 18/49/42 17/50/42
f 30/30/24 25/29/23 3/51/43 2/52/43
f 33/31/25 34/34/28 21/53/44 20/54/44
f 36/36/30 31/35/29 5/55/45 4/56/45
f 39/37/31 40/40/34 24/57/46 23/58/46
f 42/42/35 37/41/35 8/59/47 7/60/47
f 45/43/36 46/46/39 14/61/48 13/62/48
f 48/48/41 43/47/40 11/63/49 10/64/49
f 30/65/50 2/66/50 5/67/50 31/68/50
f 36/36/51 4/56/52 8/59/52 37/41/51
f 42/69/53 7/70/53 11/71/53 43/72/53
f 48/48/54 10/64/55 3/51/55 25/29/56
f 46/46/57 27/25/57 17/50/58 14/61/58
f 28/73/50 33/74/50 20/75/50 18/76/50
f 34/34/59 39/37/59 23/58/60 21/53/60
f 40/77/53 45/78/53 13/79/53 24/80/53
f 28/73/50 29/81/50 32/82/50 33/74/50
f 29/81/50 30/65/50 31/68/50 32/82/50
f 34/34/59 35/33/61 38/38/61 39/37/59
f 35/33/61 36/36/51 37/41/51 38/38/61
f 40/77/53 41/83/53 44/84/53 45/78/53
f 41/83/53 42/69/53 43/72/53 44/84/53
f 25/29/56 26/26/62 47/45/62 48/48/54
f 26/26/62 27/25/57 46/46/57 47/45/62
f 49/85/63 51/86/64 58/87/64 60/88/63
f 50/89/65 49/90/66 54/91/66 53/92/67
f 52/93/68 54/94/68 57/95/68 56/96/68
f 55/97/69 57/98/70 60/99/70 59/100/71
f 61/101/72 63/102/73 70/103/73 72/104/74
f 63/105/75 62/106/76 65/107/77 64/108/75
f 64/109/78 66/110/79 68/111/80 67/112/78
f 67/113/81 69/114/81 71/115/81 70/116/81
f 49/85/82 60/88/82 57/117/82 54/118/82
f 63/105/83 64/108/83 67/119/83 70/120/83
f 49/90/84 50/89/65 51/121/85
f 52/122/86 53/92/67 54/91/87
f 55/97/69 56/123/88 57/98/89
f 58/124/90 59/100/71 60/99/91
f 61/101/72 62/125/92 63/102/93
f 64/109/94 65/126/95 66/110/79
f 67/112/96 68/111/80 69/127/97
f 70/103/98 71/128/99 72/104/74
f 75/129/100 74/130/101 77/131/102 76/132/103
f 74/130/101 73/133/104 78/134/105 77/131/102
f 81/135/106 80/136/107 83/137/108 82/138/109
f 80/136/107 79/139/110 84/140/111 83/137/108
f 87/141/112 86/142/113 89/143/114 88/144/115
f 86/142/113 85/145/116 90/146/117 89/143/114
f 93/147/118 92/148/119 95/149/120 94/150/121
f 92/148/119 91/151/122 96/152/123 95/149/120
f 75/129/100 76/132/103 66/110/79 65/126/95
f 78/134/105 73/133/104 51/121/85 50/89/65
f 81/135/106 82/138/109 69/127/97 68/111/80
f 84/140/111 79/139/110 53/92/67 52/122/86
f 87/141/112 88/144/115 72/104/74 71/128/99
f 90/146/117 85/145/116 56/123/88 55/97/69
f 93/147/118 94/150/121 62/125/92 61/101/72
f 96/152/123 91/151/122 59/100/71 58/124/90
f 78/134/105 50/89/65 53/92/67 79/139/110
f 84/153/124 52/93/125 56/96/125 85/154/126
f 90/146/117 55/97/69 59/100/71 91/151/122
f 96/155/127 58/156/64 51/157/64 73/158/127
f 94/159/128 75/160/128 65/161/77 62/162/76
f 76/132/103 81/135/106 68/111/80 66/110/79
f 82/163/129 87/164/129 71/115/130 69/114/130
f 88/144/115 93/147/118 61/101/72 72/104/74
f 76/132/103 77/131/102 80/136/107 81/135/106
f 77/131/102 78/134/105 79/139/110 80/136/107
f 82/163/129 83/165/131 86/166/131 87/164/129
f 83/165/131 84/153/124 85/154/126 86/166/131
f 88/144/115 89/143/114 92/148/119 93/147/118
f 89/143/114 90/146/117 91/151/122 92/148/119
f 73/158/127 74/167/132 95/168/132 96/155/127
f 74/167/132 75/160/128 94/159/128 95/168/132
f 97/169/133 98/170/133 110/171/133 109/172/133
f 99/173/134 100/174/134 113/175/134 112/176/134
f 101/177/135 102/178/135 116/179/135 115/180/135
f 103/181/136 104/182/136 106/183/136 105/184/136
f 105/184/137 107/185/137 114/186/137 116/179/137
f 107/187/138 106/188/138 109/189/138 108/190/138
f 108/191/139 110/171/139 112/176/139 111/192/139
f 111/193/140 113/194/140 115/195/140 114/196/140
f 107/187/141 108/190/141 111/193/141 114/196/141
f 104/197/142 97/198/142 109/199/142 106/200/142
f 98/170/50 99/173/50 112/176/50 110/171/50
f 100/201/143 101/202/143 115/203/143 113/204/143
f 102/178/53 103/181/53 105/184/53 116/179/53
f 105/184/144 106/183/144 107/185/144
f 108/191/145 109/172/145 110/171/145
f 111/192/146 112/176/146 113/175/146
f 114/186/147 115/180/147 116/179/147
f 117/205/148 118/206/148 130/207/148 129/208/148
f 119/209/149 120/210/149 133/211/149 132/212/149
f 121/213/150 122/214/150 136/215/150 135/216/150
f 123/217/151 124/218/151 126/219/151 125/220/151
f 125/220/152 127/221/152 134/222/152 136/215/152
f 127/223/153 126/224/153 129/225/153 128/226/153
f 128/227/154 130/207/154 132/212/154 131/228/154
f 131/229/155 133/230/155 135/231/155 134/232/155
f 127/223/156 128/226/156 131/229/156 134/232/156
f 124/233/157 117/234/157 129/235/157 126/236/157
f 118/206/50 119/209/50 132/212/50 130/207/50
f 120/237/158 121/238/158 135/239/158 133/240/158
f 122/214/53 123/217/53 125/220/53 136/215/53
f 125/220/159 126/219/159 127/221/159
f 128/227/160 129/208/160 130/207/160
f 131/228/161 132/212/161 133/211/161
f 134/222/162 135/216/162 136/215/162
f 137/241/148 138/242/148 150/243/148 149/244/148
f 139/245/149 140/246/149 153/247/149 152/248/149
f 141/249/150 142/250/150 156/251/150 155/252/150
f 143/253/151 144/254/151 146/255/151 145/256/151
f 145/256/152 147/257/152 154/258/152 156/251/152
f 147/259/153 146/260/153 149/261/153 148/262/153
f 148/263/163 150/243/163 152/248/163 151/264/163
f 151/265/155 153/266/155 155/267/155 154/268/155
f 147/259/156 148/262/156 151/265/156 154/268/156
f 144/269/157 137/270/157 149/271/157 146/272/157
f 138/242/50 139/245/50 152/248/50 150/243/50
f 140/273/158 141/274/158 155/275/158 153/276/158
f 142/250/53 143/253/53 145/256/53 156/251/53
f 145/256/159 146/255/159 147/257/159
f 148/263/160 149/244/160 150/243/160
f 151/264/161 152/248/161 153/247/161
f 154/258/162 155/252/162 156/251/162
f 157/277/148 158/278/148 170/279/148 169/280/148
f 159/281/149 160/282/149 173/283/149 172/284/149
f 161/285/150 162/286/150 176/287/150 175/288/150
f 163/289/151 164/290/151 166/291/151 165/292/151
f 165/292/152 167/293/152 174/294/152 176/287/152
f 167/295/153 166/296/153 169/297/153 168/298/153
f 168/299/164 170/279/164 172/284/164 171/300/164
f 171/301/155 173/302/155 175/303/155 174/304/155
f 167/295/156 168/298/156 171/301/156 174/304/156
f 164/305/157 157/306/157 169/307/157 166/308/157
f 158/278/50 159/281/50 172/284/50 170/279/50
f 160/309/158 161/310/158 175/311/158 173/312/158
f 162/286/53 163/289/53 165/292/53 176/287/53
f 165/292/159 166/291/159 167/293/159
f 168/299/160 169/280/160 170/279/160
f 171/300/161 172/284/161 173/283/161
f 174/294/162 175/288/162 176/287/162
f 177/313/165 178/314/165 190/315/165 189/316/165
f 179/317/166 180/318/166 193/319/166 192/320/166
f 181/321/167 182/322/167 196/323/167 195/324/167
f 183/325/168 184/326/168 186/327/168 185/328/168
f 185/328/169 187/329/169 194/330/169 196/323/169
f 187/331/170 186/332/170 189/333/170 188/334/170
f 188/335/171 190/315/171 192/320/171 191/336/171
f 191/337/172 193/338/172 195/339/172 194/340/172
f 187/331/173 188/334/173 191/337/173 194/340/173
f 184/341/174 177/342/174 189/343/174 186/344/174
f 178/314/50 179/317/50 192/320/50 190/315/50
f 180/345/175 181/346/175 195/347/175 193/348/175
f 182/322/53 183/325/53 185/328/53 196/323/53
f 185/328/176 186/327/176 187/329/176
f 188/335/177 189/316/177 190/315/177
f 191/336/178 192/320/178 193/319/178
f 194/330/179 195/324/179 196/323/179
f 197/349/165 198/350/165 210/351/165 209/352/165
f 199/353/166 200/354/166 213/355/166 212/356/166
f 201/357/167 202/358/167 216/359/167 215/360/167
f 203/361/168 204/362/168 206/363/168 205/364/168
f 205/364/169 207/365/169 214/366/169 216/359/169
f 207/367/180 206/368/180 209/369/180 208/370/180
f 208/371/181 210/351/181 212/356/181 211/372/181
f 211/373/182 213/374/182 215/375/182 214/376/182
f 207/367/183 208/370/183 211/373/183 214/376/183
f 204/377/174 197/378/174 209/379/174 206/380/174
f 198/350/50 199/353/50 212/356/50 210/351/50
f 200/381/175 201/382/175 215/383/175 213/384/175
f 202/358/53 203/361/53 205/364/53 216/359/53
f 205/364/184 206/363/184 207/365/184
f 208/371/185 209/352/185 210/351/185
f 211/372/178 212/356/178 213/355/178
f 214/366/186 215/360/186 216/359/186
f 217/385/187 218/386/187 230/387/187 229/388/187
f 219/389/188 220/390/188 233/391/188 232/392/188
f 221/393/189 222/394/189 236/395/189 235/396/189
f 223/397/190 224/398/190 226/399/190 225/400/190
f 225/400/191 227/401/191 234/402/191 236/395/191
f 227/403/192 226/404/192 229/405/192 228/406/192
f 228/407/193 230/387/193 232/392/193 231/408/193
f 231/409/194 233/410/194 235/411/194 234/412/194
f 227/403/195 228/406/195 231/409/195 234/412/195
f 224/413/196 217/414/196 229/415/196 226/416/196
f 218/386/50 219/389/50 232/392/50 230/387/50
f 220/417/197 221/418/197 235/419/197 233/420/197
f 222/394/53 223/397/53 225/400/53 236/395/53
f 225/400/198 226/399/198 227/401/198
f 228/407/199 229/388/199 230/387/199
f 231/408/200 232/392/200 233/391/200
f 234/402/201 235/396/201 236/395/201
f 237/421/202 238/422/202 250/423/202 249/424/202
f 239/425/203 240/426/203 253/427/203 252/428/203
f 241/429/204 242/430/204 256/431/204 255/432/204
f 243/433/205 244/434/205 246/435/205 245/436/205
f 245/436/206 247/437/206 254/438/206 256/431/206
f 247/439/207 246/440/207 249/441/207 248/442/207
f 248/443/208 250/423/208 252/428/208 251/444/208
f 251/445/209 253/446/209 255/447/209 254/448/209
f 247/439/210 248/442/210 251/445/210 254/448/210
f 244/449/211 237/450/211 249/451/211 246/452/211
f 238/422/50 239/425/50 252/428/50 250/423/50
f 240/453/212 241/454/212 255/455/212 253/456/212
f 242/430/53 243/433/53 245/436/53 256/431/53
f 245/436/213 246/435/213 247/437/213
f 248/443/214 249/424/214 250/423/214
f 251/444/215 252/428/215 253/427/215
f 254/438/216 255/432/216 256/431/216
f 257/457/217 259/458/218 266/459/218 268/460/219
f 259/461/220 258/462/221 261/463/222 260/464/220
f 260/465/223 262/466/224 264/467/225 263/468/223
f 263/469/226 265/470/226 267/471/226 266/472/226
f 259/473/227 260/474/227 263/469/227 266/472/227
f 257/457/217 258/475/228 259/458/229
f 260/465/230 261/476/231 262/466/224
f 263/468/232 264/467/225 265/477/233
f 266/459/234 267/478/235 268/460/219
f 269/479/236 270/480/237 262/466/224 261/476/231
f 271/481/238 272/482/239 265/477/233 264/467/225
f 273/483/240 274/484/241 268/460/219 267/478/235
f 275/485/242 276/486/243 258/475/228 257/457/217
f 276/487/244 269/488/244 261/463/222 258/462/221
f 270/480/237 271/481/238 264/467/225 262/466/224
f 272/489/245 273/490/245 267/491/245 265/492/245
f 274/484/241 275/485/242 257/457/217 268/460/219
f 277/493/217 279/494/218 286/495/218 288/496/219
f 279/497/220 278/498/221 281/499/222 280/500/220
f 280/501/246 282/502/224 284/503/225 283/504/246
f 283/505/226 285/506/226 287/507/226 286/508/226
f 279/509/227 280/510/227 283/505/227 286/508/227
f 277/493/217 278/511/228 279/494/229
f 280/501/230 281/512/231 282/502/224
f 283/504/247 284/503/225 285/513/233
f 286/495/234 287/514/235 288/496/219
f 289/515/236 290/516/237 282/502/224 281/512/231
f 291/517/238 292/518/248 285/513/233 284/503/225
f 293/519/240 294/520/241 288/496/219 287/514/235
f 295/521/249 296/522/243 278/511/228 277/493/217
f 296/523/244 289/524/244 281/499/222 278/498/221
f 290/516/237 291/517/238 284/503/225 282/502/224
f 292/525/245 293/526/245 287/527/245 285/528/245
f 294/520/241 295/521/249 277/493/217 288/496/219
f 297/529/217 299/530/218 306/531/218 308/532/219
f 299/533/250 298/534/221 301/535/222 300/536/250
f 300/537/223 302/538/224 304/539/225 303/540/223
f 303/541/226 305/542/226 307/543/226 306/544/226
f 299/545/227 300/546/227 303/541/227 306/544/227
f 297/529/217 298/547/228 299/530/229
f 300/537/230 301/548/231 302/538/224
f 303/540/232 304/539/225 305/549/233
f 306/531/234 307/550/235 308/532/219
f 309/551/236 310/552/237 302/538/224 301/548/231
f 311/553/238 312/554/239 305/549/233 304/539/225
f 313/555/240 314/556/241 308/532/219 307/550/235
f 315/557/249 316/558/243 298/547/228 297/529/217
f 316/559/244 309/560/244 301/535/222 298/534/221
f 310/552/237 311/553/238 304/539/225 302/538/224
f 312/561/245 313/562/245 307/563/245 305/564/245
f 314/556/241 315/557/249 297/529/217 308/532/219
f 317/565/217 319/566/218 326/567/218 328/568/219
f 319/569/250 318/570/221 321/571/222 320/572/250
f 320/573/246 322/574/224 324/575/225 323/576/246
f 323/577/226 325/578/226 327/579/226 326/580/226
f 319/581/227 320/582/227 323/577/227 326/580/227
f 317/565/217 318/583/228 319/566/229
f 320/573/230 321/584/231 322/574/224
f 323/576/247 324/575/225 325/585/233
f 326/567/234 327/586/235 328/568/219
f 329/587/236 330/588/237 322/574/224 321/584/231
f 331/589/238 332/590/248 325/585/233 324/575/225
f 333/591/240 334/592/241 328/568/219 327/586/235
f 335/593/249 336/594/243 318/583/228 317/565/217
f 336/595/244 329/596/244 321/571/222 318/570/221
f 330/588/237 331/589/238 324/575/225 322/574/224
f 332/597/245 333/598/245 327/599/245 325/600/245
f 334/592/241 335/593/249 317/565/217 328/568/219
f 337/601/251 339/602/218 346/603/218 348/604/252
f 339/605/253 338/606/254 341/607/255 340/608/253
f 340/609/246 342/610/256 344/611/257 343/612/246
f 343/613/226 345/614/226 347/615/226 346/616/226
f 339/617/258 340/618/258 343/613/258 346/616/258
f 337/601/251 338/619/259 339/602/229
f 340/609/230 341/620/260 342/610/256
f 343/612/247 344/611/257 345/621/261
f 346/603/234 347/622/262 348/604/252
f 349/623/263 350/624/264 342/610/256 341/620/260
f 351/625/238 352/626/265 345/621/261 344/611/257
f 353/627/266 354/628/241 348/604/252 347/622/262
f 355/629/267 356/630/268 338/619/259 337/601/251
f 356/631/269 349/632/269 341/607/255 338/606/254
f 350/624/264 351/625/238 344/611/257 342/610/256
f 352/633/270 353/634/270 347/635/270 345/636/270
f 354/628/241 355/629/267 337/601/251 348/604/252
f 357/637/251 359/638/218 366/639/218 368/640/252
f 359/641/253 358/642/254 361/643/255 360/644/253
f 360/645/246 362/646/256 364/647/257 363/648/246
f 363/649/226 365/650/226 367/651/226 366/652/226
f 359/653/258 360/654/258 363/649/258 366/652/258
f 357/637/251 358/655/259 359/638/229
f 360/645/230 361/656/260 362/646/256
f 363/648/247 364/647/257 365/657/261
f 366/639/234 367/658/262 368/640/252
f 369/659/263 370/660/264 362/646/256 361/656/260
f 371/661/271 372/662/265 365/657/261 364/647/257
f 373/663/266 374/664/241 368/640/252 367/658/262
f 375/665/267 376/666/268 358/655/259 357/637/251
f 376/667/269 369/668/269 361/643/255 358/642/254
f 370/660/264 371/661/271 364/647/257 362/646/256
f 372/669/270 373/670/270 367/671/270 365/672/270
f 374/664/241 375/665/267 357/637/251 368/640/252
f 377/673/251 379/674/218 386/675/218 388/676/252
f 379/677/220 378/678/272 381/679/273 380/680/220
f 380/681/246 382/682/256 384/683/257 383/684/246
f 383/685/226 385/686/226 387/687/226 386/688/226
f 379/689/258 380/690/258 383/685/258 386/688/258
f 377/673/251 378/691/259 379/674/229
f 380/681/230 381/692/260 382/682/256
f 383/684/247 384/683/257 385/693/261
f 386/675/234 387/694/262 388/676/252
f 389/695/263 390/696/264 382/682/256 381/692/260
f 391/697/238 392/698/265 385/693/261 384/683/257
f 393/699/266 394/700/241 388/676/252 387/694/262
f 395/701/267 396/702/268 378/691/259 377/673/251
f 396/703/269 389/704/269 381/679/273 378/678/272
f 390/696/264 391/697/238 384/683/257 382/682/256
f 392/705/270 393/706/270 387/707/270 385/708/270
f 394/700/241 395/701/267 377/673/251 388/676/252
f 397/709/251 399/710/218 406/711/218 408/712/252
f 399/713/220 398/714/272 401/715/255 400/716/220
f 400/717/246 402/718/256 404/719/257 403/720/246
f 403/721/226 405/722/226 407/723/226 406/724/226
f 399/725/258 400/726/258 403/721/258 406/724/258
f 397/709/251 398/727/259 399/710/229
f 400/717/230 401/728/260 402/718/256
f 403/720/247 404/719/257 405/729/261
f 406/711/234 407/730/262 408/712/252
f 409/731/263 410/732/264 402/718/256 401/728/260
f 411/733/238 412/734/265 405/729/261 404/719/257
f 413/735/266 414/736/241 408/712/252 407/730/262
f 415/737/267 416/738/268 398/727/259 397/709/251
f 416/739/269 409/740/269 401/715/255 398/714/272
f 410/732/264 411/733/238 404/719/257 402/718/256
f 412/741/270 413/742/270 407/743/270 405/744/270
f 414/736/241 415/737/267 397/709/251 408/712/252
f 417/745/274 418/746/275 425/747/276 426/748/274
f 419/749/277 420/750/278 431/751/278 432/752/279
f 421/753/280 422/754/281 429/755/282 430/756/280
f 423/757/283 424/758/284 427/759/284 428/760/285
f 424/761/286 417/762/286 426/763/286 427/764/286
f 418/746/275 419/749/277 432/752/279 425/747/276
f 420/765/287 421/766/287 430/767/287 431/768/287
f 422/754/281 423/757/283 428/760/285 429/755/282
f 433/769/288 434/770/289 441/771/290 442/772/288
f 435/773/291 436/774/292 447/775/292 448/776/293
f 437/777/294 438/778/295 445/779/296 446/780/294
f 439/781/297 440/782/298 443/783/298 444/784/299
f 440/785/300 433/786/300 442/787/300 443/788/300
f 434/770/289 435/773/291 448/776/293 441/771/290
f 436/789/301 437/790/301 446/791/301 447/792/301
f 438/778/295 439/781/297 444/784/299 445/779/296
f 449/793/302 450/794/303 457/795/304 458/796/302
f 451/797/305 452/798/306 463/799/306 464/800/307
f 453/801/308 454/802/309 461/803/310 462/804/308
f 455/805/311 456/806/312 459/807/312 460/808/313
f 456/809/314 449/810/314 458/811/314 459/812/314
f 450/794/303 451/797/305 464/800/307 457/795/304
f 452/813/315 453/814/315 462/815/315 463/816/315
f 454/802/309 455/805/311 460/808/313 461/803/310
f 465/817/274 466/818/275 473/819/276 474/820/274
f 467/821/277 468/822/316 479/823/316 480/824/279
f 469/825/317 470/826/281 477/827/282 478/828/317
f 471/829/318 472/830/284 475/831/284 476/832/285
f 472/833/286 465/834/286 474/835/286 475/836/286
f 466/818/275 467/821/277 480/824/279 473/819/276
f 468/837/287 469/838/287 478/839/287 479/840/287
f 470/826/281 471/829/318 476/832/285 477/827/282
f 481/841/319 483/842/320 490/843/320 492/844/321
f 483/845/322 482/846/323 485/847/324 484/848/322
f 484/849/325 486/850/326 488/851/327 487/852/325
f 487/853/328 489/854/328 491/855/328 490/856/328
f 483/857/329 484/858/329 487/859/329 490/860/329
f 481/841/319 482/861/330 483/842/331
f 484/849/332 485/862/333 486/850/326
f 487/852/334 488/851/327 489/863/335
f 490/843/336 491/864/337 492/844/321
f 493/865/338 494/866/339 486/850/326 485/862/333
f 495/867/340 496/868/341 489/863/335 488/851/327
f 497/869/342 498/870/343 492/844/321 491/864/337
f 499/871/344 500/872/345 482/861/330 481/841/319
f 500/873/346 493/874/346 485/847/324 482/846/323
f 494/866/339 495/867/340 488/851/327 486/850/326
f 496/875/347 497/876/347 491/855/347 489/854/347
f 498/870/343 499/871/344 481/841/319 492/844/321
f 501/877/348 503/878/349 510/879/349 512/880/350
f 503/881/351 502/882/352 505/883/353 504/884/351
f 504/885/354 506/886/355 508/887/356 507/888/354
f 507/889/357 509/890/357 511/891/357 510/892/357
f 503/881/358 504/884/358 507/889/358 510/892/358
f 501/877/348 502/893/359 503/878/360
f 504/885/361 505/894/362 506/886/355
f 507/888/363 508/887/356 509/895/364
f 510/879/365 511/896/366 512/880/350
f 513/897/367 514/898/368 506/886/355 505/894/362
f 515/899/369 516/900/370 509/895/364 508/887/356
f 517/901/371 518/902/372 512/880/350 511/896/366
f 519/903/373 520/904/374 502/893/359 501/877/348
f 520/905/375 513/906/375 505/907/353 502/908/352
f 514/898/368 515/899/369 508/887/356 506/886/355
f 516/909/376 517/910/376 511/911/376 509/912/376
f 518/902/372 519/903/373 501/877/348 512/880/350
f 521/913/377 523/914/378 530/915/378 532/916/379
f 523/917/380 522/918/381 525/919/382 524/920/380
f 524/921/383 526/922/384 528/923/385 527/924/383
f 527/925/386 529/926/386 531/927/386 530/928/386
f 523/917/387 524/920/387 527/925/387 530/928/387
f 521/913/377 522/929/388 523/914/389
f 524/921/390 525/930/391 526/922/384
f 527/924/392 528/923/385 529/931/393
f 530/915/394 531/932/395 532/916/379
f 533/933/396 534/934/397 526/922/384 525/930/391
f 535/935/398 536/936/399 529/931/393 528/923/385
f 537/937/400 538/938/401 532/916/379 531/932/395
f 539/939/402 540/940/388 522/929/388 521/913/377
f 540/941/403 533/942/403 525/943/382 522/944/381
f 534/934/397 535/935/398 528/923/385 526/922/384
f 536/945/404 537/946/404 531/947/404 529/948/404
f 538/938/401 539/939/402 521/913/377 532/916/379
f 541/949/405 543/950/406 550/951/406 552/952/407
f 543/953/408 542/954/409 545/955/410 544/956/408
f 544/957/411 546/958/412 548/959/413 547/960/411
f 547/961/414 549/962/414 551/963/414 550/964/414
f 543/965/415 544/966/415 547/967/415 550/968/415
f 541/949/405 542/969/416 543/950/417
f 544/957/418 545/970/419 546/958/412
f 547/960/420 548/959/413 549/971/421
f 550/951/422 551/972/423 552/952/407
f 553/973/424 554/974/425 546/958/412 545/970/419
f 555/975/426 556/976/427 549/971/421 548/959/413
f 557/977/428 558/978/429 552/952/407 551/972/423
f 559/979/430 560/980/431 542/969/416 541/949/405
f 560/981/432 553/982/432 545/955/410 542/954/409
f 554/974/425 555/975/426 548/959/413 546/958/412
f 556/983/433 557/984/433 551/963/433 549/962/433
f 558/978/429 559/979/430 541/949/405 552/952/407
f 561/985/63 563/986/64 570/987/64 572/988/63
f 562/989/65 561/990/434 566/991/434 565/992/67
f 564/993/68 566/994/68 569/995/68 568/996/68
f 567/997/69 569/998/70 572/999/70 571/1000/71
f 573/1001/72 575/1002/73 582/1003/73 584/1004/74
f 575/1002/75 574/1005/76 577/1006/77 576/1007/75
f 576/1007/435 578/1008/79 580/1009/436 579/1010/435
f 579/1010/81 581/1011/81 583/1012/81 582/1003/81
f 561/990/82 572/1013/82 569/1014/82 566/991/82
f 575/1002/83 576/1007/83 579/1010/83 582/1003/83
f 561/990/84 562/989/65 563/1015/437
f 564/993/86 565/992/67 566/991/438
f 567/997/69 568/996/88 569/995/89
f 570/987/90 571/1000/71 572/999/91
f 573/1001/72 574/1005/92 575/1002/93
f 576/1007/94 577/1006/95 578/1008/79
f 579/1010/439 580/1009/436 581/1011/97
f 582/1003/98 583/1012/99 584/1004/74
f 587/1016/440 586/1017/101 589/1018/102 588/1019/103
f 586/1017/101 585/1020/104 590/1021/441 589/1018/102
f 593/1022/106 592/1023/107 595/1024/108 594/1025/109
f 592/1023/107 591/1026/110 596/1027/111 595/1028/108
f 599/1029/112 598/1030/113 601/1031/114 600/1032/115
f 598/1033/113 597/1034/116 602/1035/117 601/1036/114
f 605/1037/118 604/1038/119 607/1039/120 606/1040/121
f 604/1041/119 603/1042/122 608/1043/442 607/1044/120
f 587/1016/440 588/1019/103 578/1008/79 577/1006/95
f 590/1021/441 585/1020/104 563/1015/437 562/989/65
f 593/1022/106 594/1025/109 581/1011/97 580/1009/436
f 596/1027/111 591/1026/110 565/992/67 564/993/86
f 599/1029/112 600/1032/115 584/1004/74 583/1012/99
f 602/1035/117 597/1034/116 568/996/88 567/997/69
f 605/1037/118 606/1040/121 574/1005/92 573/1001/72
f 608/1043/442 603/1042/122 571/1000/71 570/987/90
f 590/1021/441 562/989/65 565/992/67 591/1026/110
f 596/1027/124 564/993/125 568/996/125 597/1034/126
f 602/1035/117 567/997/69 571/1000/71 603/1042/122
f 608/1043/127 570/987/64 563/986/64 585/1045/127
f 606/1040/128 587/1016/128 577/1006/77 574/1005/76
f 588/1019/103 593/1022/106 580/1009/436 578/1008/79
f 594/1025/129 599/1029/129 583/1012/130 581/1011/130
f 600/1046/115 605/1037/118 573/1001/72 584/1004/74
f 588/1019/103 589/1018/102 592/1023/107 593/1022/106
f 589/1018/102 590/1021/441 591/1026/110 592/1023/107
f 594/1025/129 595/1024/131 598/1030/131 599/1029/129
f 595/1028/131 596/1027/124 597/1034/126 598/1033/131
f 600/1046/115 601/1047/114 604/1038/119 605/1037/118
f 601/1036/114 602/1035/117 603/1042/122 604/1041/119
f 585/1045/127 586/1048/132 607/1044/132 608/1043/127
f 586/1017/132 587/1016/128 606/1040/128 607/1039/132
f 609/1049/133 610/1050/133 622/1051/133 621/1052/133
f 611/1053/134 612/1054/134 625/1055/134 624/1056/134
f 613/1057/135 614/1058/135 628/1059/135 627/1060/135
f 615/1061/136 616/1062/136 618/1063/136 617/1064/136
f 617/1064/137 619/1065/137 626/1066/137 628/1059/137
f 619/1067/138 618/1068/138 621/1069/138 620/1070/138
f 620/1071/443 622/1051/443 624/1056/443 623/1072/443
f 623/1073/140 625/1074/140 627/1075/140 626/1076/140
f 619/1067/141 620/1070/141 623/1073/141 626/1076/141
f 616/1077/142 609/1078/142 621/1079/142 618/1080/142
f 610/1050/50 611/1053/50 624/1056/50 622/1051/50
f 612/1081/143 613/1082/143 627/1083/143 625/1084/143
f 614/1058/53 615/1061/53 617/1064/53 628/1059/53
f 617/1064/144 618/1063/144 619/1065/144
f 620/1071/145 621/1052/145 622/1051/145
f 623/1072/444 624/1056/444 625/1055/444
f 626/1066/445 627/1060/445 628/1059/445
f 629/1085/202 630/1086/202 642/1087/202 641/1088/202
f 631/1089/203 632/1090/203 645/1091/203 644/1092/203
f 633/1093/204 634/1094/204 648/1095/204 647/1096/204
f 635/1097/205 636/1098/205 638/1099/205 637/1100/205
f 637/1100/206 639/1101/206 646/1102/206 648/1095/206
f 639/1103/207 638/1104/207 641/1105/207 640/1106/207
f 640/1107/446 642/1087/446 644/1092/446 643/1108/446
f 643/1109/209 645/1110/209 647/1111/209 646/1112/209
f 639/1103/210 640/1106/210 643/1109/210 646/1112/210
f 636/1113/211 629/1114/211 641/1115/211 638/1116/211
f 630/1086/50 631/1089/50 644/1092/50 642/1087/50
f 632/1117/212 633/1118/212 647/1119/212 645/1120/212
f 634/1094/53 635/1097/53 637/1100/53 648/1095/53
f 637/1100/213 638/1099/213 639/1101/213
f 640/1107/214 641/1088/214 642/1087/214
f 643/1108/447 644/1092/447 645/1091/447
f 646/1102/448 647/1096/448 648/1095/448
f 649/1121/187 650/1122/187 662/1123/187 661/1124/187
f 651/1125/188 652/1126/188 665/1127/188 664/1128/188
f 653/1129/449 654/1130/449 668/1131/449 667/1132/449
f 655/1133/190 656/1134/190 658/1135/190 657/1136/190
f 657/1136/191 659/1137/191 666/1138/191 668/1131/191
f 659/1139/192 658/1140/192 661/1141/192 660/1142/192
f 660/1143/193 662/1123/193 664/1128/193 663/1144/193
f 663/1145/194 665/1146/194 667/1147/194 666/1148/194
f 659/1139/195 660/1142/195 663/1145/195 666/1148/195
f 656/1149/196 649/1150/196 661/1151/196 658/1152/196
f 650/1122/50 651/1125/50 664/1128/50 662/1123/50
f 652/1153/197 653/1154/197 667/1155/197 665/1156/197
f 654/1130/53 655/1133/53 657/1136/53 668/1131/53
f 657/1136/198 658/1135/198 659/1137/198
f 660/1143/450 661/1124/450 662/1123/450
f 663/1144/200 664/1128/200 665/1127/200
f 666/1138/451 667/1132/451 668/1131/451
f 669/1157/165 670/1158/165 682/1159/165 681/1160/165
f 671/1161/166 672/1162/166 685/1163/166 684/1164/166
f 673/1165/452 674/1166/452 688/1167/452 687/1168/452
f 675/1169/168 676/1170/168 678/1171/168 677/1172/168
f 677/1172/169 679/1173/169 686/1174/169 688/1167/169
f 679/1175/180 678/1176/180 681/1177/180 680/1178/180
f 680/1179/181 682/1159/181 684/1164/181 683/1180/181
f 683/1181/182 685/1182/182 687/1183/182 686/1184/182
f 679/1175/183 680/1178/183 683/1181/183 686/1184/183
f 676/1185/174 669/1186/174 681/1187/174 678/1188/174
f 670/1158/50 671/1161/50 684/1164/50 682/1159/50
f 672/1189/175 673/1190/175 687/1191/175 685/1192/175
f 674/1166/53 675/1169/53 677/1172/53 688/1167/53
f 677/1172/184 678/1171/184 679/1173/184
f 680/1179/177 681/1160/177 682/1159/177
f 683/1180/178 684/1164/178 685/1163/178
f 686/1174/453 687/1168/453 688/1167/453
f 689/1193/165 690/1194/165 702/1195/165 701/1196/165
f 691/1197/166 692/1198/166 705/1199/166 704/1200/166
f 693/1201/452 694/1202/452 708/1203/452 707/1204/452
f 695/1205/168 696/1206/168 698/1207/168 697/1208/168
f 697/1208/169 699/1209/169 706/1210/169 708/1203/169
f 699/1211/170 698/1212/170 701/1213/170 700/1214/170
f 700/1215/171 702/1195/171 704/1200/171 703/1216/171
f 703/1217/172 705/1218/172 707/1219/172 706/1220/172
f 699/1211/173 700/1214/173 703/1217/173 706/1220/173
f 696/1221/174 689/1222/174 701/1223/174 698/1224/174
f 690/1194/50 691/1197/50 704/1200/50 702/1195/50
f 692/1225/175 693/1226/175 707/1227/175 705/1228/175
f 694/1202/53 695/1205/53 697/1208/53 708/1203/53
f 697/1208/176 698/1207/176 699/1209/176
f 700/1215/454 701/1196/454 702/1195/454
f 703/1216/178 704/1200/178 705/1199/178
f 706/1210/455 707/1204/455 708/1203/455
f 709/1229/148 710/1230/148 722/1231/148 721/1232/148
f 711/1233/149 712/1234/149 725/1235/149 724/1236/149
f 713/1237/150 714/1238/150 728/1239/150 727/1240/150
f 715/1241/151 716/1242/151 718/1243/151 717/1244/151
f 717/1244/152 719/1245/152 726/1246/152 728/1239/152
f 719/1247/153 718/1248/153 721/1249/153 720/1250/153
f 720/1251/164 722/1231/164 724/1236/164 723/1252/164
f 723/1253/155 725/1254/155 727/1255/155 726/1256/155
f 719/1247/156 720/1250/156 723/1253/156 726/1256/156
f 716/1257/157 709/1258/157 721/1259/157 718/1260/157
f 710/1230/50 711/1233/50 724/1236/50 722/1231/50
f 712/1261/158 713/1262/158 727/1263/158 725/1264/158
f 714/1238/53 715/1241/53 717/1244/53 728/1239/53
f 717/1244/159 718/1243/159 719/1245/159
f 720/1251/160 721/1232/160 722/1231/160
f 723/1252/161 724/1236/161 725/1235/161
f 726/1246/456 727/1240/456 728/1239/456
f 729/1265/148 730/1266/148 742/1267/148 741/1268/148
f 731/1269/149 732/1270/149 745/1271/149 744/1272/149
f 733/1273/150 734/1274/150 748/1275/150 747/1276/150
f 735/1277/151 736/1278/151 738/1279/151 737/1280/151
f 737/1280/152 739/1281/152 746/1282/152 748/1275/152
f 739/1283/153 738/1284/153 741/1285/153 740/1286/153
f 740/1287/164 742/1267/164 744/1272/164 743/1288/164
f 743/1289/155 745/1290/155 747/1291/155 746/1292/155
f 739/1283/156 740/1286/156 743/1289/156 746/1292/156
f 736/1293/157 729/1294/157 741/1295/157 738/1296/157
f 730/1266/50 731/1269/50 744/1272/50 742/1267/50
f 732/1297/158 733/1298/158 747/1299/158 745/1300/158
f 734/1274/53 735/1277/53 737/1280/53 748/1275/53
f 737/1280/159 738/1279/159 739/1281/159
f 740/1287/160 741/1268/160 742/1267/160
f 743/1288/161 744/1272/161 745/1271/161
f 746/1282/456 747/1276/456 748/1275/456
f 749/1301/148 750/1302/148 762/1303/148 761/1304/148
f 751/1305/149 752/1306/149 765/1307/149 764/1308/149
f 753/1309/150 754/1310/150 768/1311/150 767/1312/150
f 755/1313/151 756/1314/151 758/1315/151 757/1316/151
f 757/1316/152 759/1317/152 766/1318/152 768/1311/152
f 759/1319/153 758/1320/153 761/1321/153 760/1322/153
f 760/1323/164 762/1303/164 764/1308/164 763/1324/164
f 763/1325/155 765/1326/155 767/1327/155 766/1328/155
f 759/1319/156 760/1322/156 763/1325/156 766/1328/156
f 756/1329/157 749/1330/157 761/1331/157 758/1332/157
f 750/1302/50 751/1305/50 764/1308/50 762/1303/50
f 752/1333/158 753/1334/158 767/1335/158 765/1336/158
f 754/1310/53 755/1313/53 757/1316/53 768/1311/53
f 757/1316/159 758/1315/159 759/1317/159
f 760/1323/160 761/1304/160 762/1303/160
f 763/1324/161 764/1308/161 765/1307/161
f 766/1318/456 767/1312/456 768/1311/456
f 778/1337/457 777/1338/457 968/1339/458 969/1340/459
f 780/1341/460 779/1342/461 781/1343/50 782/1344/50
f 782/1344/50 781/1343/50 783/1345/50 784/1346/50
f 784/1346/50 783/1345/50 785/1347/50 786/1348/50
f 787/1349/50 788/1350/50 789/1351/50 790/1352/50
f 788/1350/50 787/1349/50 791/1353/462 792/1354/462
f 954/1355/463 955/1356/464 793/1357/465 794/1358/465
f 796/1359/50 795/1360/50 790/1352/50 789/1351/50
f 808/1361/466 809/1362/467 811/1363/468 810/1364/468
f 809/1362/467 808/1361/466 816/1365/469 817/1366/469
f 810/1364/470 811/1363/470 825/1367/470 824/1368/470
f 812/1369/471 813/1370/471 815/1371/472 814/1372/472
f 813/1370/471 812/1369/471 818/1373/473 819/1374/473
f 814/1372/474 815/1371/474 840/1375/474 839/1376/474
f 817/1366/475 816/1365/475 833/1377/475 832/1378/475
f 819/1374/476 818/1373/476 829/1379/476 828/1380/476
f 821/1381/477 820/1382/477 959/1383/478 960/1384/479
f 822/1385/480 825/1367/481 854/1386/482 853/1387/483
f 823/1388/484 822/1385/485 844/1389/486 843/1390/486
f 827/1391/487 826/1392/487 963/1393/488 964/1394/489
f 828/1380/490 831/1395/491 856/1396/492 855/1397/493
f 831/1395/494 830/1398/495 845/1399/496 846/1400/496
f 832/1378/497 835/1401/498 852/1402/499 851/1403/500
f 834/1404/501 833/1377/501 837/1405/501 836/1406/501
f 835/1401/502 834/1404/503 847/1407/504 848/1408/504
f 838/1409/505 840/1375/506 850/1410/506 849/1411/507
f 839/1376/508 838/1409/509 842/1412/510 841/1413/510
f 843/1390/511 844/1389/511 846/1400/511 845/1399/511
f 848/1414/512 847/1415/512 849/1411/512 850/1410/512
f 774/1416/513 773/1417/513 961/1418/514 962/1419/515
f 849/1411/50 847/1415/50 775/1420/50 776/1421/50
f 958/1422/516 959/1383/517 820/1382/518 769/1423/519
f 837/1405/50 833/1377/50 816/1365/50 770/1424/50
f 964/1394/520 965/1425/521 771/1426/522 827/1391/523
f 772/1427/50 814/1372/50 839/1376/50 841/1413/50
f 821/1381/524 960/1384/525 961/1418/526 773/1417/524
f 962/1419/527 963/1393/528 826/1392/529 774/1416/529
f 834/1404/530 836/1406/530 775/1428/530 847/1407/530
f 842/1412/531 838/1409/505 849/1411/507 776/1421/531
f 846/1400/532 844/1389/533 797/1429/533 798/1430/532
f 848/1414/534 850/1410/535 800/1431/535 799/1432/534
f 840/1375/536 815/1371/537 801/1433/537 802/1434/538
f 815/1371/539 813/1370/539 803/1435/539 801/1433/539
f 817/1366/540 832/1378/497 851/1403/500 804/1436/540
f 809/1362/541 817/1366/541 804/1436/541 805/1437/541
f 825/1367/481 811/1363/542 806/1438/542 854/1386/482
f 811/1363/543 809/1362/543 805/1437/543 806/1438/543
f 813/1370/544 819/1374/544 807/1439/544 803/1435/544
f 819/1374/545 828/1380/490 855/1397/493 807/1439/545
f 844/1389/533 822/1385/480 853/1387/483 797/1429/533
f 831/1395/491 846/1400/532 798/1430/532 856/1396/492
f 835/1440/498 848/1414/534 799/1432/534 852/1441/499
f 850/1410/535 840/1375/536 802/1434/538 800/1431/535
f 822/1385/485 823/1388/484 824/1368/546 825/1367/546
f 828/1380/547 829/1379/547 830/1398/495 831/1395/494
f 832/1378/548 833/1377/548 834/1404/503 835/1401/502
f 838/1409/509 839/1376/508 840/1375/549
f 858/1442/550 857/1443/550 966/1444/551 967/1445/551
f 859/1446/552 860/1447/552 866/1448/553 865/1449/554
f 862/1450/555 861/1451/555 970/1452/556 971/1453/557
f 863/1454/558 864/1455/559 868/1456/560 867/1457/561
f 865/1449/554 866/1448/553 870/1458/562 869/1459/563
f 867/1457/561 868/1456/560 872/1460/564 871/1461/565
f 869/1459/563 870/1458/562 874/1462/566 873/1463/566
f 871/1461/565 872/1460/564 876/1464/567 875/1465/567
f 877/1466/568 878/1467/568 888/1468/569 887/1469/570
f 878/1467/568 877/1466/568 879/1470/571 880/1471/572
f 880/1471/572 879/1470/571 896/1472/573 895/1473/573
f 881/1474/574 882/1475/574 886/1476/575 885/1477/576
f 882/1475/574 881/1474/574 883/1478/577 884/1479/578
f 884/1479/578 883/1478/577 894/1480/579 893/1481/579
f 956/1482/580 957/1483/581 890/1484/582 889/1485/582
f 952/1486/583 953/1487/584 892/1488/585 891/1489/585
f 858/1442/586 967/1445/586 968/1339/586 777/1338/586
f 969/1340/587 970/1452/587 861/1451/587 778/1337/587
f 859/1446/588 865/1449/589 781/1343/589 779/1342/588
f 868/1456/590 864/1455/591 780/1341/591 782/1344/592
f 865/1449/589 869/1459/593 783/1345/593 781/1343/589
f 872/1460/594 868/1456/590 782/1344/592 784/1346/595
f 869/1459/593 873/1463/596 785/1347/596 783/1345/593
f 876/1464/597 872/1460/594 784/1346/595 786/1348/597
f 878/1467/598 880/1471/599 789/1351/599 788/1350/598
f 883/1478/600 881/1474/601 787/1349/601 790/1352/600
f 881/1474/601 885/1477/602 791/1353/603 787/1349/601
f 888/1468/604 878/1467/598 788/1350/598 792/1354/605
f 955/1356/606 956/1482/606 889/1485/606 793/1357/606
f 892/1488/607 953/1487/607 954/1355/607 794/1358/607
f 894/1480/608 883/1478/600 790/1352/600 795/1360/608
f 880/1471/599 895/1473/609 796/1359/609 789/1351/599
f 965/1425/521 966/1444/610 857/1443/611 771/1426/522
f 874/1462/50 870/1458/50 814/1372/50 772/1427/50
f 814/1372/50 870/1458/50 866/1448/50 812/1369/50
f 866/1448/50 860/1447/612 818/1373/613 812/1369/50
f 957/1483/614 958/1422/516 769/1423/519 890/1484/615
f 770/1424/50 816/1365/50 884/1479/50 893/1481/50
f 884/1479/50 816/1365/50 808/1361/50 882/1475/50
f 808/1361/50 810/1364/616 886/1476/617 882/1475/50
f 908/1490/618 907/1491/618 974/1492/619 975/1493/620
f 910/1494/621 909/1495/622 915/1496/623 916/1497/623
f 912/1498/624 911/1499/624 948/1500/625 949/1501/626
f 913/1502/627 914/1503/628 920/1504/629 919/1505/629
f 916/1497/623 915/1496/623 917/1506/630 918/1507/630
f 918/1507/630 917/1506/630 924/1508/631 923/1509/631
f 919/1505/629 920/1504/629 922/1510/632 921/1511/632
f 921/1511/632 922/1510/632 926/1512/633 925/1513/633
f 908/1490/634 975/1493/635 976/1514/636 897/1515/634
f 947/1516/637 948/1500/638 911/1499/639 899/1517/639
f 916/1497/53 918/1507/53 902/1518/53 901/1519/53
f 922/1510/53 920/1504/53 903/1520/53 904/1521/53
f 918/1507/53 923/1509/53 905/1522/53 902/1518/53
f 926/1512/53 922/1510/53 904/1521/53 906/1523/53
f 910/1494/640 916/1497/53 901/1519/53 898/1524/641
f 920/1504/53 914/1503/642 900/1525/643 903/1520/53
f 928/1526/644 927/1527/644 972/1528/645 973/1529/645
f 930/1530/646 929/1531/647 935/1532/648 936/1533/648
f 932/1534/649 931/1535/649 950/1536/650 951/1537/651
f 933/1538/652 934/1539/653 940/1540/654 939/1541/654
f 936/1533/648 935/1532/648 937/1542/655 938/1543/655
f 938/1543/655 937/1542/655 944/1544/656 943/1545/656
f 939/1541/654 940/1540/654 942/1546/657 941/1547/657
f 941/1547/657 942/1546/657 946/1548/658 945/1549/658
f 971/1453/659 972/1528/660 927/1527/661 862/1450/661
f 937/1542/50 871/1461/50 875/1465/50 944/1544/50
f 935/1532/50 867/1457/50 871/1461/50 937/1542/50
f 929/1531/662 863/1454/663 867/1457/50 935/1532/50
f 951/1537/664 952/1486/665 891/1489/666 932/1534/666
f 896/1472/50 879/1470/50 941/1547/50 945/1549/50
f 941/1547/50 879/1470/50 877/1466/50 939/1541/50
f 877/1466/50 887/1469/667 933/1538/668 939/1541/50
f 928/1526/669 973/1529/669 974/1492/669 907/1491/669
f 949/1501/670 950/1536/670 931/1535/670 912/1498/670
f 936/1533/671 938/1543/672 917/1506/672 915/1496/671
f 942/1546/673 940/1540/674 919/1505/674 921/1511/673
f 938/1543/672 943/1545/675 924/1508/675 917/1506/672
f 946/1548/676 942/1546/673 921/1511/673 925/1513/676
f 930/1530/677 936/1533/671 915/1496/671 909/1495/678
f 940/1540/674 934/1539/679 913/1502/680 919/1505/674
f 914/1503/642 948/1500/638 947/1516/637 900/1525/643
f 949/1501/626 948/1500/625 914/1503/628 913/1502/627
f 934/1539/679 950/1536/670 949/1501/670 913/1502/680
f 951/1537/651 950/1536/650 934/1539/653 933/1538/652
f 933/1538/668 887/1469/667 952/1486/665 951/1537/664
f 887/1469/570 888/1468/569 953/1487/584 952/1486/583
f 954/1355/607 953/1487/607 888/1468/604 792/1354/605
f 792/1354/462 791/1353/462 955/1356/464 954/1355/463
f 885/1477/602 956/1482/606 955/1356/606 791/1353/603
f 885/1477/576 886/1476/575 957/1483/581 956/1482/580
f 886/1476/617 810/1364/616 958/1422/516 957/1483/614
f 810/1364/616 824/1368/681 959/1383/517 958/1422/516
f 960/1384/479 959/1383/478 824/1368/682 823/1388/682
f 961/1418/526 960/1384/525 823/1388/683 843/1390/683
f 962/1419/515 961/1418/514 843/1390/684 845/1399/684
f 830/1398/685 963/1393/528 962/1419/527 845/1399/685
f 964/1394/489 963/1393/488 830/1398/686 829/1379/686
f 829/1379/687 818/1373/613 965/1425/521 964/1394/520
f 818/1373/613 860/1447/612 966/1444/610 965/1425/521
f 967/1445/551 966/1444/551 860/1447/552 859/1446/552
f 968/1339/586 967/1445/586 859/1446/588 779/1342/588
f 969/1340/459 968/1339/458 779/1342/461 780/1341/460
f 864/1455/591 970/1452/587 969/1340/587 780/1341/591
f 971/1453/557 970/1452/556 864/1455/559 863/1454/558
f 929/1531/662 972/1528/660 971/1453/659 863/1454/663
f 973/1529/645 972/1528/645 929/1531/647 930/1530/646
f 974/1492/669 973/1529/669 930/1530/677 909/1495/678
f 975/1493/620 974/1492/619 909/1495/622 910/1494/621
f 976/1514/636 975/1493/635 910/1494/640 898/1524/641
f 798/1430/50 797/1429/50 853/1387/50 854/1386/50 806/1438/50 805/1437/50 804/1436/50 851/1403/50 852/1441/50 799/1432/50 800/1431/50 802/1434/50 801/1433/50 803/1435/50 807/1439/50 855/1397/50 856/1396/50
f 978/1550/688 977/1551/689 981/1552/690 980/1553/691
f 979/1554/692 978/1550/688 983/1555/693 982/1556/693
f 980/1553/691 981/1552/690 1026/1557/694 1025/1558/694
f 984/1559/695 983/1555/695 985/1560/696 986/1561/697
f 986/1561/697 985/1560/696 1028/1562/698 1027/1563/698
f 987/1564/699 989/1565/699 993/1566/700 992/1567/701
f 989/1565/702 988/1568/702 990/1569/703 991/1570/704
f 991/1570/704 990/1569/703 1030/1571/705 1029/1572/705
f 994/1573/706 993/1566/700 995/1574/707 996/1575/708
f 996/1575/708 995/1574/707 1032/1576/709 1031/1577/709
f 997/1578/710 999/1579/710 1011/1580/711 1012/1581/712
f 999/1579/713 998/1582/714 1001/1583/715 1000/1584/715
f 1000/1584/716 1002/1585/716 1016/1586/717 1015/1587/718
f 1003/1588/719 1005/1589/719 1020/1590/720 1019/1591/721
f 1005/1589/722 1004/1592/722 1007/1593/722 1006/1594/722
f 1006/1594/723 1008/1595/724 1024/1596/725 1023/1597/726
f 1009/1598/727 1010/1599/727 1033/1600/728 1034/1601/729
f 1010/1599/727 1009/1598/727 1012/1581/712 1011/1580/711
f 1013/1602/730 1014/1603/731 1041/1604/732 1042/1605/732
f 1014/1603/731 1013/1602/730 1015/1587/718 1016/1586/717
f 1017/1606/733 1018/1607/733 1045/1608/734 1046/1609/734
f 1018/1607/733 1017/1606/733 1019/1591/721 1020/1590/720
f 1021/1610/735 1022/1611/735 1037/1612/736 1038/1613/737
f 1022/1611/735 1021/1610/735 1023/1597/726 1024/1596/725
f 1025/1558/694 1026/1557/694 1035/1614/738 1036/1615/738
f 1027/1563/698 1028/1562/698 1043/1616/739 1044/1617/739
f 1029/1572/705 1030/1571/705 1047/1618/740 1048/1619/740
f 1031/1577/709 1032/1576/709 1039/1620/741 1040/1621/741
f 1034/1601/729 1033/1600/728 1036/1615/738 1035/1614/738
f 1038/1613/737 1037/1612/736 1040/1621/741 1039/1620/741
f 1042/1605/732 1041/1604/732 1044/1617/742 1043/1616/742
f 1046/1609/734 1045/1608/734 1048/1619/743 1047/1618/743
f 978/1550/50 980/1553/50 985/1560/50 983/1555/50
f 989/1565/53 991/1570/53 995/1574/53 993/1566/53
f 1013/1602/50 1010/1599/50 1011/1580/50 1015/1587/50
f 1021/1610/53 1018/1607/53 1020/1590/53 1023/1597/53
f 1015/1587/50 1011/1580/50 999/1579/50 1000/1584/50
f 1023/1597/53 1020/1590/53 1005/1589/53 1006/1594/53
f 985/1560/50 980/1553/50 1025/1558/50 1028/1562/50
f 995/1574/53 991/1570/53 1029/1572/53 1032/1576/53
f 1036/1615/50 1033/1600/50 1042/1605/50 1043/1616/50
f 1048/1619/53 1045/1608/53 1038/1613/53 1039/1620/53
f 1042/1605/50 1033/1600/50 1010/1599/50 1013/1602/50
f 1038/1613/53 1045/1608/53 1018/1607/53 1021/1610/53
f 1028/1562/50 1025/1558/50 1036/1615/50 1043/1616/50
f 1032/1576/53 1029/1572/53 1048/1619/53 1039/1620/53
f 977/1551/689 978/1550/688 979/1554/692
f 982/1556/744 983/1555/744 984/1559/744
f 987/1564/745 988/1568/745 989/1565/745
f 992/1567/701 993/1566/700 994/1573/706
f 997/1578/746 998/1582/714 999/1579/713
f 1000/1584/747 1001/1583/747 1002/1585/747
f 1003/1588/748 1004/1592/748 1005/1589/748
f 1006/1594/723 1007/1593/749 1008/1595/724
f 1051/1622/750 1050/1623/751 1053/1624/752 1052/1625/753
f 1050/1623/751 1049/1626/754 1054/1627/755 1053/1624/752
f 977/1628/756 979/1629/756 1051/1622/750 1052/1625/753
f 982/1556/757 984/1559/757 1103/1630/758 1106/1631/759
f 998/1632/760 997/1633/760 1073/1634/761 1076/1635/762
f 1002/1585/763 1001/1583/763 1079/1636/764 1082/1637/765
f 984/1559/766 986/1561/767 1100/1638/768 1103/1630/769
f 1052/1625/770 1055/1639/771 981/1640/772 977/1628/773
f 998/1632/774 1076/1635/775 1079/1641/776 1001/1642/774
f 1106/1643/777 1051/1622/778 979/1629/779 982/1644/779
f 1085/1645/780 1088/1646/781 1014/1603/782 1016/1586/783
f 1009/1647/784 1067/1648/785 1070/1649/786 1012/1650/787
f 1082/1637/788 1085/1645/780 1016/1586/783 1002/1585/789
f 1012/1650/787 1070/1649/786 1073/1634/790 997/1633/791
f 1097/1651/792 1100/1638/768 986/1561/767 1027/1563/793
f 981/1640/772 1055/1639/771 1058/1652/794 1026/1653/795
f 1034/1654/534 1035/1655/534 1061/1656/796 1064/1657/797
f 1044/1617/533 1041/1604/533 1091/1658/798 1094/1659/799
f 1088/1646/781 1091/1658/800 1041/1604/801 1014/1603/782
f 1034/1654/802 1064/1657/803 1067/1648/785 1009/1647/784
f 1094/1659/804 1097/1651/792 1027/1563/793 1044/1617/805
f 1026/1653/795 1058/1652/794 1061/1656/806 1035/1655/807
f 1054/1627/755 1049/1626/754 992/1567/808 994/1573/808
f 994/1573/809 996/1575/810 1057/1660/811 1054/1627/812
f 1060/1661/813 1057/1660/811 996/1575/810 1031/1577/814
f 1063/1662/815 1060/1661/813 1031/1577/814 1040/1621/816
f 1066/1663/817 1063/1662/818 1040/1621/534 1037/1612/534
f 1069/1664/819 1066/1663/820 1037/1612/821 1022/1611/822
f 1072/1665/823 1069/1664/819 1022/1611/822 1024/1596/824
f 1075/1666/825 1072/1665/823 1024/1596/824 1008/1595/826
f 1078/1667/827 1075/1666/828 1008/1595/829 1007/1593/829
f 1081/1668/830 1078/1667/831 1007/1593/832 1004/1592/832
f 1084/1669/833 1081/1670/834 1004/1592/835 1003/1588/835
f 1019/1591/836 1087/1671/837 1084/1669/838 1003/1588/839
f 1017/1606/840 1090/1672/841 1087/1671/837 1019/1591/836
f 1046/1609/842 1093/1673/843 1090/1672/841 1017/1606/840
f 1096/1674/844 1093/1673/845 1046/1609/533 1047/1618/533
f 1030/1571/846 1099/1675/847 1096/1674/848 1047/1618/849
f 990/1569/850 1102/1676/851 1099/1675/847 1030/1571/846
f 1105/1677/852 1102/1676/851 990/1569/850 988/1568/853
f 1108/1678/854 1105/1677/855 988/1568/856 987/1564/856
f 992/1567/857 1049/1626/858 1108/1679/859 987/1564/857
f 1052/1625/770 1053/1624/860 1056/1680/861 1055/1639/771
f 1053/1624/860 1054/1627/812 1057/1660/811 1056/1680/861
f 1055/1639/771 1056/1680/861 1059/1681/862 1058/1652/794
f 1056/1680/861 1057/1660/811 1060/1661/813 1059/1681/862
f 1058/1652/794 1059/1681/862 1062/1682/863 1061/1656/806
f 1059/1681/862 1060/1661/813 1063/1662/815 1062/1682/863
f 1061/1656/796 1062/1682/864 1065/1683/865 1064/1657/797
f 1062/1682/864 1063/1662/818 1066/1663/817 1065/1683/865
f 1064/1657/803 1065/1683/866 1068/1684/867 1067/1648/785
f 1065/1683/866 1066/1663/820 1069/1664/819 1068/1684/867
f 1067/1648/785 1068/1684/867 1071/1685/868 1070/1649/786
f 1068/1684/867 1069/1664/819 1072/1665/823 1071/1685/868
f 1070/1649/786 1071/1685/868 1074/1686/869 1073/1634/790
f 1071/1685/868 1072/1665/823 1075/1666/825 1074/1686/869
f 1073/1634/761 1074/1686/870 1077/1687/871 1076/1635/762
f 1074/1686/870 1075/1666/828 1078/1667/827 1077/1687/871
f 1076/1635/775 1077/1687/872 1080/1688/873 1079/1641/776
f 1077/1687/872 1078/1667/831 1081/1668/830 1080/1688/873
f 1079/1636/764 1080/1689/874 1083/1690/875 1082/1637/765
f 1080/1689/874 1081/1670/834 1084/1669/833 1083/1690/875
f 1082/1637/788 1083/1690/876 1086/1691/877 1085/1645/780
f 1083/1690/876 1084/1669/838 1087/1671/837 1086/1691/877
f 1085/1645/780 1086/1691/877 1089/1692/878 1088/1646/781
f 1086/1691/877 1087/1671/837 1090/1672/841 1089/1692/878
f 1088/1646/781 1089/1692/878 1092/1693/879 1091/1658/800
f 1089/1692/878 1090/1672/841 1093/1673/843 1092/1693/879
f 1091/1658/798 1092/1693/880 1095/1694/881 1094/1659/799
f 1092/1693/880 1093/1673/845 1096/1674/844 1095/1694/881
f 1094/1659/804 1095/1694/882 1098/1695/883 1097/1651/792
f 1095/1694/882 1096/1674/848 1099/1675/847 1098/1695/883
f 1097/1651/792 1098/1695/883 1101/1696/884 1100/1638/768
f 1098/1695/883 1099/1675/847 1102/1676/851 1101/1696/884
f 1100/1638/768 1101/1696/884 1104/1697/885 1103/1630/769
f 1101/1696/884 1102/1676/851 1105/1677/852 1104/1697/885
f 1103/1630/758 1104/1697/886 1107/1698/887 1106/1631/759
f 1104/1697/886 1105/1677/855 1108/1678/854 1107/1698/887
f 1049/1626/858 1050/1623/888 1107/1699/889 1108/1679/859
f 1050/1623/888 1051/1622/778 1106/1643/777 1107/1699/889
f 1118/1700/890 1309/1701/891 1308/1702/892 1117/1703/890
f 1120/1704/893 1122/1705/53 1121/1706/53 1119/1707/894
f 1122/1705/53 1124/1708/53 1123/1709/53 1121/1706/53
f 1124/1708/53 1126/1710/53 1125/1711/53 1123/1709/53
f 1127/1712/53 1130/1713/53 1129/1714/53 1128/1715/53
f 1128/1715/53 1132/1716/895 1131/1717/895 1127/1712/53
f 1294/1718/896 1134/1719/897 1133/1720/897 1295/1721/898
f 1136/1722/53 1129/1714/53 1130/1713/53 1135/1723/53
f 1148/1724/899 1150/1725/900 1151/1726/900 1149/1727/899
f 1149/1727/899 1157/1728/901 1156/1729/901 1148/1724/899
f 1150/1725/902 1164/1730/902 1165/1731/902 1151/1726/902
f 1152/1732/903 1154/1733/904 1155/1734/904 1153/1735/903
f 1153/1735/903 1159/1736/905 1158/1737/905 1152/1732/903
f 1154/1733/906 1179/1738/906 1180/1739/906 1155/1734/906
f 1157/1728/907 1172/1740/907 1173/1741/907 1156/1729/907
f 1159/1736/908 1168/1742/908 1169/1743/908 1158/1737/908
f 1161/1744/909 1300/1745/910 1299/1746/911 1160/1747/909
f 1162/1748/912 1193/1749/913 1194/1750/914 1165/1731/481
f 1163/1751/915 1183/1752/916 1184/1753/916 1162/1748/917
f 1167/1754/918 1304/1755/919 1303/1756/920 1166/1757/918
f 1168/1742/490 1195/1758/921 1196/1759/922 1171/1760/923
f 1171/1760/924 1186/1761/925 1185/1762/925 1170/1763/926
f 1172/1740/497 1191/1764/927 1192/1765/928 1175/1766/929
f 1174/1767/930 1176/1768/930 1177/1769/930 1173/1741/930
f 1175/1766/931 1188/1770/932 1187/1771/932 1174/1767/933
f 1178/1772/934 1189/1773/935 1190/1774/936 1180/1739/936
f 1179/1738/937 1181/1775/938 1182/1776/938 1178/1772/939
f 1183/1752/940 1185/1762/940 1186/1761/940 1184/1753/940
f 1188/1777/941 1190/1774/941 1189/1773/941 1187/1778/941
f 1114/1779/942 1302/1780/943 1301/1781/944 1113/1782/942
f 1189/1773/53 1116/1783/53 1115/1784/53 1187/1778/53
f 1298/1785/945 1109/1786/946 1160/1747/947 1299/1746/948
f 1177/1769/53 1110/1787/53 1156/1729/53 1173/1741/53
f 1304/1755/949 1167/1754/950 1111/1788/951 1305/1789/952
f 1112/1790/53 1181/1775/53 1179/1738/53 1154/1733/53
f 1161/1744/953 1113/1782/953 1301/1781/954 1300/1745/955
f 1302/1780/956 1114/1779/957 1166/1757/957 1303/1756/958
f 1174/1767/959 1187/1771/959 1115/1791/959 1176/1768/959
f 1182/1776/960 1116/1783/960 1189/1773/935 1178/1772/934
f 1186/1761/532 1138/1792/532 1137/1793/533 1184/1753/533
f 1188/1777/534 1139/1794/534 1140/1795/535 1190/1774/535
f 1180/1739/536 1142/1796/961 1141/1797/537 1155/1734/537
f 1155/1734/539 1141/1797/539 1143/1798/539 1153/1735/539
f 1157/1728/540 1144/1799/540 1191/1764/927 1172/1740/497
f 1149/1727/541 1145/1800/541 1144/1799/541 1157/1728/541
f 1165/1731/481 1194/1750/914 1146/1801/542 1151/1726/542
f 1151/1726/543 1146/1801/543 1145/1800/543 1149/1727/543
f 1153/1735/544 1143/1798/544 1147/1802/544 1159/1736/544
f 1159/1736/545 1147/1802/545 1195/1758/921 1168/1742/490
f 1184/1753/533 1137/1793/533 1193/1749/913 1162/1748/912
f 1171/1760/923 1196/1759/922 1138/1792/532 1186/1761/532
f 1175/1803/929 1192/1804/928 1139/1794/534 1188/1777/534
f 1190/1774/535 1140/1795/535 1142/1796/961 1180/1739/536
f 1162/1748/917 1165/1731/962 1164/1730/962 1163/1751/915
f 1168/1742/963 1171/1760/924 1170/1763/926 1169/1743/963
f 1172/1740/964 1175/1766/931 1174/1767/933 1173/1741/964
f 1178/1772/939 1180/1739/965 1179/1738/937
f 1198/1805/966 1307/1806/967 1306/1807/968 1197/1808/966
f 1199/1809/969 1205/1810/970 1206/1811/971 1200/1812/969
f 1202/1813/972 1311/1814/973 1310/1815/974 1201/1816/972
f 1203/1817/975 1207/1818/976 1208/1819/977 1204/1820/978
f 1205/1810/970 1209/1821/979 1210/1822/980 1206/1811/971
f 1207/1818/976 1211/1823/981 1212/1824/981 1208/1819/977
f 1209/1821/979 1213/1825/982 1214/1826/982 1210/1822/980
f 1211/1823/981 1215/1827/983 1216/1828/983 1212/1824/981
f 1217/1829/984 1227/1830/985 1228/1831/986 1218/1832/984
f 1218/1832/984 1220/1833/987 1219/1834/988 1217/1829/984
f 1220/1833/987 1235/1835/989 1236/1836/989 1219/1834/988
f 1221/1837/990 1225/1838/991 1226/1839/992 1222/1840/990
f 1222/1840/990 1224/1841/993 1223/1842/994 1221/1837/990
f 1224/1841/993 1233/1843/995 1234/1844/995 1223/1842/994
f 1296/1845/996 1229/1846/997 1230/1847/997 1297/1848/998
f 1292/1849/999 1231/1850/1000 1232/1851/1000 1293/1852/1001
f 1198/1805/586 1117/1703/586 1308/1702/586 1307/1806/586
f 1309/1701/587 1118/1700/587 1201/1816/587 1310/1815/587
f 1199/1809/588 1119/1707/588 1121/1706/589 1205/1810/1002
f 1208/1819/592 1122/1705/590 1120/1704/1003 1204/1820/1003
f 1205/1810/1002 1121/1706/589 1123/1709/593 1209/1821/593
f 1212/1824/595 1124/1708/595 1122/1705/590 1208/1819/592
f 1209/1821/593 1123/1709/593 1125/1711/596 1213/1825/596
f 1216/1828/597 1126/1710/597 1124/1708/595 1212/1824/595
f 1218/1832/598 1128/1715/598 1129/1714/599 1220/1833/599
f 1223/1842/600 1130/1713/600 1127/1712/601 1221/1837/601
f 1221/1837/601 1127/1712/601 1131/1717/603 1225/1838/602
f 1228/1831/604 1132/1716/605 1128/1715/598 1218/1832/598
f 1295/1721/606 1133/1720/606 1229/1846/606 1296/1845/606
f 1232/1851/607 1134/1719/607 1294/1718/607 1293/1852/607
f 1234/1844/608 1135/1723/608 1130/1713/600 1223/1842/600
f 1220/1833/599 1129/1714/599 1136/1722/609 1235/1835/609
f 1305/1789/952 1111/1788/951 1197/1808/1004 1306/1807/1005
f 1214/1826/53 1112/1790/53 1154/1733/53 1210/1822/53
f 1154/1733/53 1152/1732/53 1206/1811/53 1210/1822/53
f 1206/1811/53 1152/1732/53 1158/1737/1006 1200/1812/1007
f 1297/1848/1008 1230/1847/1009 1109/1786/946 1298/1785/945
f 1110/1787/53 1233/1843/53 1224/1841/53 1156/1729/53
f 1224/1841/53 1222/1840/53 1148/1724/53 1156/1729/53
f 1148/1724/53 1222/1840/53 1226/1839/1010 1150/1725/1011
f 1248/1853/1012 1315/1854/1013 1314/1855/1014 1247/1856/1012
f 1250/1857/1015 1256/1858/648 1255/1859/1016 1249/1860/1017
f 1252/1861/1018 1289/1862/1019 1288/1863/1020 1251/1864/1018
f 1253/1865/1021 1259/1866/654 1260/1867/654 1254/1868/1022
f 1256/1858/648 1258/1869/1023 1257/1870/1023 1255/1859/1016
f 1258/1869/1023 1263/1871/1024 1264/1872/1024 1257/1870/1023
f 1259/1866/654 1261/1873/1025 1262/1874/1025 1260/1867/654
f 1261/1873/1025 1265/1875/658 1266/1876/658 1262/1874/1025
f 1248/1853/1026 1237/1877/1026 1316/1878/1027 1315/1854/1028
f 1287/1879/1029 1239/1880/1030 1251/1864/1030 1288/1863/1031
f 1256/1858/50 1241/1881/50 1242/1882/50 1258/1869/50
f 1262/1874/50 1244/1883/50 1243/1884/50 1260/1867/50
f 1258/1869/50 1242/1882/50 1245/1885/50 1263/1871/50
f 1266/1876/50 1246/1886/50 1244/1883/50 1262/1874/50
f 1250/1857/1032 1238/1887/1033 1241/1881/50 1256/1858/50
f 1260/1867/50 1243/1884/50 1240/1888/1034 1254/1868/1035
f 1268/1889/1036 1313/1890/1037 1312/1891/1037 1267/1892/1036
f 1270/1893/1038 1276/1894/1039 1275/1895/1039 1269/1896/1040
f 1272/1897/1041 1291/1898/1042 1290/1899/1043 1271/1900/1041
f 1273/1901/1044 1279/1902/629 1280/1903/629 1274/1904/1045
f 1276/1894/1039 1278/1905/1046 1277/1906/1046 1275/1895/1039
f 1278/1905/1046 1283/1907/631 1284/1908/631 1277/1906/1046
f 1279/1902/629 1281/1909/1047 1282/1910/1047 1280/1903/629
f 1281/1909/1047 1285/1911/633 1286/1912/633 1282/1910/1047
f 1311/1814/1048 1202/1813/1049 1267/1892/1049 1312/1891/1050
f 1277/1906/53 1284/1908/53 1215/1827/53 1211/1823/53
f 1275/1895/53 1277/1906/53 1211/1823/53 1207/1818/53
f 1269/1896/1051 1275/1895/53 1207/1818/53 1203/1817/1052
f 1291/1898/1053 1272/1897/1054 1231/1850/1054 1292/1849/1055
f 1236/1836/53 1285/1911/53 1281/1909/53 1219/1834/53
f 1281/1909/53 1279/1902/53 1217/1829/53 1219/1834/53
f 1217/1829/53 1279/1902/53 1273/1901/1056 1227/1830/1057
f 1268/1889/669 1247/1856/669 1314/1855/669 1313/1890/669
f 1289/1862/670 1252/1861/670 1271/1900/670 1290/1899/670
f 1276/1894/1058 1255/1859/1058 1257/1870/672 1278/1905/672
f 1282/1910/673 1261/1873/673 1259/1866/674 1280/1903/674
f 1278/1905/672 1257/1870/672 1264/1872/675 1283/1907/675
f 1286/1912/676 1265/1875/676 1261/1873/673 1282/1910/673
f 1270/1893/677 1249/1860/678 1255/1859/1058 1276/1894/1058
f 1280/1903/674 1259/1866/674 1253/1865/680 1274/1904/679
f 1254/1868/1035 1240/1888/1034 1287/1879/1029 1288/1863/1031
f 1289/1862/1019 1253/1865/1021 1254/1868/1022 1288/1863/1020
f 1274/1904/679 1253/1865/680 1289/1862/670 1290/1899/670
f 1291/1898/1042 1273/1901/1044 1274/1904/1045 1290/1899/1043
f 1273/1901/1056 1291/1898/1053 1292/1849/1055 1227/1830/1057
f 1227/1830/985 1292/1849/999 1293/1852/1001 1228/1831/986
f 1294/1718/607 1132/1716/605 1228/1831/604 1293/1852/607
f 1132/1716/895 1294/1718/896 1295/1721/898 1131/1717/895
f 1225/1838/602 1131/1717/603 1295/1721/606 1296/1845/606
f 1225/1838/991 1296/1845/996 1297/1848/998 1226/1839/992
f 1226/1839/1010 1297/1848/1008 1298/1785/945 1150/1725/1011
f 1150/1725/1011 1298/1785/945 1299/1746/948 1164/1730/1059
f 1300/1745/910 1163/1751/1060 1164/1730/1060 1299/1746/911
f 1301/1781/954 1183/1752/1061 1163/1751/1061 1300/1745/955
f 1302/1780/943 1185/1762/1062 1183/1752/1062 1301/1781/944
f 1170/1763/1063 1185/1762/1063 1302/1780/956 1303/1756/958
f 1304/1755/919 1169/1743/1064 1170/1763/1064 1303/1756/920
f 1169/1743/1065 1304/1755/949 1305/1789/952 1158/1737/1006
f 1158/1737/1006 1305/1789/952 1306/1807/1005 1200/1812/1007
f 1307/1806/967 1199/1809/969 1200/1812/969 1306/1807/968
f 1308/1702/586 1119/1707/588 1199/1809/588 1307/1806/586
f 1309/1701/891 1120/1704/893 1119/1707/894 1308/1702/892
f 1204/1820/1003 1120/1704/1003 1309/1701/587 1310/1815/587
f 1311/1814/973 1203/1817/975 1204/1820/978 1310/1815/974
f 1269/1896/1051 1203/1817/1052 1311/1814/1048 1312/1891/1050
f 1313/1890/1037 1270/1893/1038 1269/1896/1040 1312/1891/1037
f 1314/1855/669 1249/1860/678 1270/1893/677 1313/1890/669
f 1315/1854/1013 1250/1857/1015 1249/1860/1017 1314/1855/1014
f 1316/1878/1027 1238/1887/1033 1250/1857/1032 1315/1854/1028
f 1138/1792/53 1196/1759/53 1195/1758/53 1147/1802/53 1143/1798/53 1141/1797/53 1142/1796/53 1140/1795/53 1139/1794/53 1192/1765/53 1191/1764/53 1144/1799/53 1145/1800/53 1146/1801/53 1194/1750/53 1193/1749/53 1137/1793/53
f 1328/1913/1066 1330/1914/1067 1329/1915/1067 1327/1916/1066
f 1330/1914/1067 1340/1917/1068 1339/1918/1069 1329/1915/1067
f 1332/1919/1070 1334/1920/1071 1333/1921/1072 1331/1922/1070
f 1334/1920/1071 1336/1923/1073 1335/1924/1074 1333/1921/1072
f 1336/1923/1073 1337/1925/1075 1338/1926/1076 1335/1924/1074
f 1337/1925/1075 1345/1927/1077 1346/1928/1077 1338/1926/1076
f 1340/1917/1068 1341/1929/1078 1342/1930/1079 1339/1918/1069
f 1341/1929/1078 1343/1931/1080 1344/1932/1080 1342/1930/1079
f 1329/1915/1081 1334/1920/1082 1332/1919/1083 1327/1916/1083
f 1333/1921/1084 1325/1933/1085 1320/1934/1086 1331/1922/1086
f 1319/1935/1087 1326/1936/1087 1330/1914/1087 1328/1913/1087
f 1338/1926/1088 1346/1928/1089 1318/1937/1089 1324/1938/1090
f 1342/1930/1091 1344/1932/1092 1345/1927/1092 1337/1925/1093
f 1323/1939/1094 1317/1940/1095 1343/1931/1095 1341/1929/1096
f 1322/1941/1097 1323/1939/1094 1341/1929/1096 1340/1917/1098
f 1339/1918/1099 1342/1930/1091 1337/1925/1093 1336/1923/1100
f 1335/1924/1101 1338/1926/1088 1324/1938/1090 1321/1942/1102
f 1333/1921/1084 1335/1924/1101 1321/1942/1102 1325/1933/1085
f 1329/1915/1081 1339/1918/1099 1336/1923/1100 1334/1920/1082
f 1326/1936/1087 1322/1941/1097 1340/1917/1098 1330/1914/1087
f 1358/1943/1103 1357/1944/1103 1359/1945/1104 1360/1946/1105
f 1360/1946/1105 1359/1945/1104 1369/1947/1106 1370/1948/1107
f 1362/1949/1108 1361/1950/1108 1363/1951/1109 1364/1952/1110
f 1364/1952/1110 1363/1951/1109 1365/1953/1111 1366/1954/1112
f 1366/1954/1112 1365/1953/1111 1368/1955/1113 1367/1956/1114
f 1367/1956/1114 1368/1955/1113 1376/1957/1115 1375/1958/1115
f 1370/1948/1107 1369/1947/1106 1372/1959/1116 1371/1960/1117
f 1371/1960/1117 1372/1959/1116 1374/1961/1118 1373/1962/1118
f 1359/1945/1119 1357/1944/1120 1362/1949/1120 1364/1952/1121
f 1363/1951/1122 1361/1950/1123 1350/1963/1123 1355/1964/1124
f 1349/1965/1125 1358/1943/1125 1360/1946/1126 1356/1966/1127
f 1368/1955/1128 1354/1967/1129 1348/1968/1130 1376/1957/1130
f 1372/1959/1131 1367/1956/1132 1375/1958/1133 1374/1961/1133
f 1353/1969/1134 1371/1960/1135 1373/1962/1136 1347/1970/1136
f 1352/1971/1137 1370/1948/1138 1371/1960/1135 1353/1969/1134
f 1369/1947/1139 1366/1954/1140 1367/1956/1132 1372/1959/1131
f 1365/1953/1141 1351/1972/1142 1354/1967/1129 1368/1955/1128
f 1363/1951/1122 1355/1964/1124 1351/1972/1142 1365/1953/1141
f 1359/1945/1119 1364/1952/1121 1366/1954/1140 1369/1947/1139
f 1356/1966/1127 1360/1946/1126 1370/1948/1138 1352/1971/1137
f 1388/1973/1143 1387/1974/1143 1389/1975/1144 1390/1976/1144
f 1390/1976/1144 1389/1975/1144 1399/1977/1145 1400/1978/1146
f 1392/1979/1147 1391/1980/1147 1393/1981/1148 1394/1982/1149
f 1394/1982/1149 1393/1981/1148 1395/1983/1150 1396/1984/1151
f 1396/1984/1151 1395/1983/1150 1398/1985/1152 1397/1986/1153
f 1397/1986/1153 1398/1985/1152 1406/1987/1154 1405/1988/1154
f 1400/1978/1146 1399/1977/1145 1402/1989/1155 1401/1990/1156
f 1401/1990/1156 1402/1989/1155 1404/1991/1157 1403/1992/1157
f 1389/1975/1158 1387/1974/1159 1392/1979/1159 1394/1982/1160
f 1393/1981/1161 1391/1980/1162 1380/1993/1162 1385/1994/1163
f 1379/1995/1164 1388/1973/1164 1390/1976/1164 1386/1996/1164
f 1398/1985/1165 1384/1997/1165 1378/1998/1165 1406/1987/1165
f 1402/1989/1166 1397/1986/1167 1405/1988/1168 1404/1991/1168
f 1383/1999/1169 1401/1990/1170 1403/1992/1171 1377/2000/1171
f 1382/2001/1172 1400/1978/1173 1401/1990/1170 1383/1999/1169
f 1399/1977/1174 1396/1984/1175 1397/1986/1167 1402/1989/1166
f 1395/1983/1176 1381/2002/1177 1384/1997/1165 1398/1985/1165
f 1393/1981/1161 1385/1994/1163 1381/2002/1177 1395/1983/1176
f 1389/1975/1158 1394/1982/1160 1396/1984/1175 1399/1977/1174
f 1386/1996/1164 1390/1976/1164 1400/1978/1173 1382/2001/1172
f 1349/1965/1178 1356/1966/1178 1385/1994/1178 1380/1993/1178
f 1356/1966/1179 1352/1971/1179 1381/2002/1179 1385/1994/1179
f 1352/1971/1180 1353/1969/1180 1384/1997/1180 1381/2002/1180
f 1353/1969/1181 1347/1970/1181 1378/1998/1181 1384/1997/1181
f 1320/1934/1182 1325/1933/1182 1355/1964/1182 1350/1963/1182
f 1325/1933/1183 1321/1942/1183 1351/1972/1183 1355/1964/1183
f 1321/1942/1184 1324/1938/1184 1354/1967/1184 1351/1972/1184
f 1324/1938/1185 1318/1937/1185 1348/1968/1185 1354/1967/1185
f 1418/2003/1186 1420/2004/1187 1419/2005/1188 1417/2006/1186
f 1420/2004/1187 1430/2007/1189 1429/2008/1190 1419/2005/1188
f 1422/2009/1191 1424/2010/1192 1423/2011/1193 1421/2012/1191
f 1424/2010/1192 1426/2013/1194 1425/2014/1195 1423/2011/1193
f 1426/2013/1194 1427/2015/1196 1428/2016/1197 1425/2014/1195
f 1427/2015/1196 1435/2017/1198 1436/2018/1198 1428/2016/1197
f 1430/2007/1189 1431/2019/1199 1432/2020/1200 1429/2008/1190
f 1431/2019/1199 1433/2021/1201 1434/2022/1201 1432/2020/1200
f 1419/2005/1202 1424/2010/1203 1422/2009/1204 1417/2006/1204
f 1423/2011/1205 1415/2023/1206 1410/2024/1207 1421/2012/1207
f 1409/2025/1208 1416/2026/1208 1420/2004/1208 1418/2003/1208
f 1428/2016/1209 1436/2018/1210 1408/2027/1210 1414/2028/1211
f 1432/2020/1212 1434/2022/1213 1435/2017/1213 1427/2015/1214
f 1413/2029/1215 1407/2030/1216 1433/2021/1216 1431/2019/1217
f 1412/2031/1218 1413/2029/1215 1431/2019/1217 1430/2007/1219
f 1429/2008/1220 1432/2020/1212 1427/2015/1214 1426/2013/1221
f 1425/2014/1222 1428/2016/1209 1414/2028/1211 1411/2032/1223
f 1423/2011/1205 1425/2014/1222 1411/2032/1223 1415/2023/1206
f 1419/2005/1202 1429/2008/1220 1426/2013/1221 1424/2010/1203
f 1416/2026/1208 1412/2031/1218 1430/2007/1219 1420/2004/1208
f 1448/2033/1224 1447/2034/1224 1449/2035/1225 1450/2036/1226
f 1450/2036/1226 1449/2035/1225 1459/2037/1227 1460/2038/1228
f 1452/2039/1229 1451/2040/1229 1453/2041/1230 1454/2042/1231
f 1454/2042/1231 1453/2041/1230 1455/2043/1232 1456/2044/1233
f 1456/2044/1233 1455/2043/1232 1458/2045/1234 1457/2046/1235
f 1457/2046/1235 1458/2045/1234 1466/2047/1236 1465/2048/1236
f 1460/2038/1228 1459/2037/1227 1462/2049/1237 1461/2050/1238
f 1461/2050/1238 1462/2049/1237 1464/2051/1239 1463/2052/1239
f 1449/2035/1240 1447/2034/1241 1452/2039/1241 1454/2042/1242
f 1453/2041/1243 1451/2040/1244 1440/2053/1244 1445/2054/1245
f 1439/2055/1246 1448/2033/1246 1450/2036/1247 1446/2056/1248
f 1458/2045/1249 1444/2057/1250 1438/2058/1251 1466/2047/1251
f 1462/2049/1252 1457/2046/1253 1465/2048/1254 1464/2051/1254
f 1443/2059/1255 1461/2050/1256 1463/2052/1257 1437/2060/1257
f 1442/2061/1258 1460/2038/1259 1461/2050/1256 1443/2059/1255
f 1459/2037/1260 1456/2044/1261 1457/2046/1253 1462/2049/1252
f 1455/2043/1262 1441/2062/1263 1444/2057/1250 1458/2045/1249
f 1453/2041/1243 1445/2054/1245 1441/2062/1263 1455/2043/1262
f 1449/2035/1240 1454/2042/1242 1456/2044/1261 1459/2037/1260
f 1446/2056/1248 1450/2036/1247 1460/2038/1259 1442/2061/1258
f 1478/2063/1264 1477/2064/1264 1479/2065/1265 1480/2066/1266
f 1480/2066/1266 1479/2065/1265 1489/2067/1267 1490/2068/1268
f 1482/2069/1269 1481/2070/1269 1483/2071/1270 1484/2072/1271
f 1484/2072/1271 1483/2071/1270 1485/2073/1272 1486/2074/1273
f 1486/2074/1273 1485/2073/1272 1488/2075/1274 1487/2076/1275
f 1487/2076/1275 1488/2075/1274 1496/2077/1276 1495/2078/1276
f 1490/2068/1268 1489/2067/1267 1492/2079/1277 1491/2080/1278
f 1491/2080/1278 1492/2079/1277 1494/2081/1279 1493/2082/1279
f 1479/2065/1280 1477/2064/1281 1482/2069/1281 1484/2072/1282
f 1483/2071/1283 1481/2070/1284 1470/2083/1284 1475/2084/1285
f 1469/2085/1286 1478/2063/1286 1480/2066/1286 1476/2086/1286
f 1488/2075/1287 1474/2087/1287 1468/2088/1287 1496/2077/1287
f 1492/2079/1288 1487/2076/1289 1495/2078/1290 1494/2081/1290
f 1473/2089/1291 1491/2080/1292 1493/2082/1293 1467/2090/1293
f 1472/2091/1294 1490/2068/1295 1491/2080/1292 1473/2089/1291
f 1489/2067/1296 1486/2074/1297 1487/2076/1289 1492/2079/1288
f 1485/2073/1298 1471/2092/1299 1474/2087/1287 1488/2075/1287
f 1483/2071/1283 1475/2084/1285 1471/2092/1299 1485/2073/1298
f 1479/2065/1280 1484/2072/1282 1486/2074/1297 1489/2067/1296
f 1476/2086/1286 1480/2066/1286 1490/2068/1295 1472/2091/1294
f 1439/2055/1300 1446/2056/1300 1475/2084/1300 1470/2083/1300
f 1446/2056/1301 1442/2061/1301 1471/2092/1301 1475/2084/1301
f 1442/2061/1302 1443/2059/1302 1474/2087/1302 1471/2092/1302
f 1443/2059/1303 1437/2060/1303 1468/2088/1303 1474/2087/1303
f 1410/2024/1304 1415/2023/1304 1445/2054/1304 1440/2053/1304
f 1415/2023/1305 1411/2032/1305 1441/2062/1305 1445/2054/1305
f 1411/2032/1306 1414/2028/1306 1444/2057/1306 1441/2062/1306
f 1414/2028/1307 1408/2027/1307 1438/2058/1307 1444/2057/1307
