# Blender 4.4.0
# www.blender.org
mtllib Island_2.mtl
o Island_2
v -2.020037 -0.710664 1.255530
v -2.423579 0.179622 2.234057
v -1.719291 -0.923292 -1.057709
v -2.550140 -0.141135 -2.229535
v 1.037970 -0.899828 0.880916
v 2.157746 0.083889 2.359143
v 0.796692 -1.186953 -1.132939
v 2.056144 0.170970 -2.226758
v -1.951009 0.796404 2.081977
v -2.058615 0.588857 -1.793501
v 1.711294 0.816282 1.849738
v 1.838182 1.387604 -2.020506
v -0.694736 -1.826169 -0.523854
v -0.667808 -1.748136 0.452659
v 0.366968 -1.985706 -0.500629
v 0.475065 -1.935377 0.470098
v -0.225258 -2.167350 -0.173285
v -0.294212 -2.204071 0.254432
v 0.208303 -2.256935 -0.270555
v 0.126850 -2.217814 0.166615
v -1.868639 -0.923091 -0.956311
v -2.005237 -0.921348 -0.840350
v -2.108845 -0.903918 -0.699650
v -2.178529 -0.871154 -0.540529
v -2.229172 -0.835020 -0.375400
v -2.267296 -0.800152 -0.208319
v -2.299479 -0.771593 -0.042367
v -2.329159 -0.751263 0.122384
v -2.355758 -0.740431 0.286875
v -2.369760 -0.734100 0.448435
v -2.375108 -0.736283 0.606948
v -2.337802 -0.725038 0.752285
v -2.287126 -0.719380 0.888668
v -2.214935 -0.713273 1.015497
v -2.126555 -0.711390 1.136963
v -2.091150 -0.673665 1.336402
v -2.145757 -0.626271 1.405805
v -2.182301 -0.562831 1.462403
v -2.209951 -0.495889 1.516488
v -2.232144 -0.429924 1.571133
v -2.251405 -0.368309 1.628116
v -2.269657 -0.310693 1.688389
v -2.288364 -0.259219 1.751917
v -2.308298 -0.212314 1.818071
v -2.329719 -0.168083 1.885933
v -2.351081 -0.122217 1.952959
v -2.373365 -0.075795 2.019560
v -2.386158 -0.012918 2.077036
v -2.399055 0.050986 2.132758
v -2.412003 0.115483 2.185536
v -2.594092 0.163041 1.986653
v -2.756171 0.138841 1.739683
v -2.894964 0.118836 1.487750
v -3.028388 0.096128 1.235355
v -3.123610 0.083876 0.966170
v -3.189409 0.075099 0.680832
v -3.260764 0.047684 0.383768
v -3.328944 0.003525 0.073837
v -3.373668 -0.038803 -0.243096
v -3.361228 -0.063925 -0.559508
v -3.295939 -0.074734 -0.867957
v -3.202950 -0.087011 -1.169402
v -3.082983 -0.101783 -1.461289
v -2.920947 -0.106772 -1.729993
v -2.745278 -0.121495 -1.987828
v -2.521036 -0.200560 -2.177434
v -2.488017 -0.256210 -2.118856
v -2.440586 -0.294525 -2.042440
v -2.386874 -0.323295 -1.957764
v -2.329821 -0.346283 -1.867922
v -2.268537 -0.363444 -1.773219
v -2.205614 -0.380427 -1.677199
v -2.142026 -0.399941 -1.581901
v -2.079834 -0.427990 -1.490408
v -2.020031 -0.467526 -1.405046
v -1.963854 -0.521634 -1.327983
v -1.911235 -0.588769 -1.259843
v -1.861691 -0.666276 -1.200154
v -1.814090 -0.750062 -1.147565
v -1.767168 -0.836716 -1.100663
v 0.662883 -1.123081 -1.215648
v 0.525705 -1.067489 -1.288054
v 0.384796 -1.022440 -1.351744
v 0.238919 -0.991983 -1.406898
v 0.087178 -0.971386 -1.451913
v -0.071199 -0.965551 -1.486362
v -0.235006 -0.956981 -1.493948
v -0.401499 -0.953619 -1.489224
v -0.570065 -0.950752 -1.472930
v -0.740041 -0.949365 -1.447201
v -0.911278 -0.948000 -1.412793
v -1.080815 -0.944835 -1.366013
v -1.249246 -0.941296 -1.309155
v -1.406016 -0.930804 -1.230487
v -1.564229 -0.925728 -1.148769
v -2.323715 -0.155138 -2.440669
v -2.049640 -0.136522 -2.587561
v -1.762764 -0.117297 -2.704949
v -1.464664 -0.092608 -2.798200
v -1.160393 -0.072102 -2.874089
v -0.851871 -0.050809 -2.937215
v -0.539679 -0.032936 -2.987853
v -0.224724 -0.015817 -3.019888
v 0.090557 0.001359 -3.022281
v 0.400183 0.038846 -2.965557
v 0.700030 0.072711 -2.878755
v 0.994819 0.083212 -2.785890
v 1.286583 0.075985 -2.687517
v 1.570928 0.069610 -2.573093
v 1.831888 0.099818 -2.421870
v 1.988197 0.122576 -2.174279
v 1.913797 0.068114 -2.116796
v 1.831873 0.011381 -2.052525
v 1.746076 -0.053832 -1.983649
v 1.657169 -0.128443 -1.910006
v 1.568020 -0.209957 -1.834863
v 1.482201 -0.300639 -1.761403
v 1.399469 -0.393765 -1.689592
v 1.321532 -0.495097 -1.621400
v 1.246338 -0.597973 -1.554974
v 1.170757 -0.695995 -1.487819
v 1.099054 -0.801427 -1.423098
v 1.028182 -0.906054 -1.358135
v 0.954988 -1.004663 -1.289092
v 0.875430 -1.094657 -1.212143
v 1.154493 -0.954830 0.811796
v 1.258868 -1.018306 0.735683
v 1.350425 -1.084339 0.645235
v 1.426902 -1.150440 0.538078
v 1.483941 -1.213339 0.413512
v 1.510522 -1.263161 0.270512
v 1.508161 -1.300376 0.116507
v 1.481359 -1.329522 -0.041987
v 1.439534 -1.358001 -0.200535
v 1.386383 -1.385903 -0.357409
v 1.323852 -1.409694 -0.511783
v 1.250066 -1.406044 -0.662064
v 1.161920 -1.377992 -0.804247
v 1.048427 -1.321297 -0.928080
v 0.926232 -1.255597 -1.037706
v 2.227821 0.300422 -1.987556
v 2.366644 0.442476 -1.733440
v 2.490355 0.532102 -1.470900
v 2.607961 0.551283 -1.197023
v 2.720668 0.504092 -0.909233
v 2.826585 0.407673 -0.607086
v 2.919867 0.284835 -0.291862
v 2.986117 0.169118 0.036336
v 2.966219 0.157362 0.357013
v 2.912108 0.161159 0.672895
v 2.843150 0.154739 0.986162
v 2.766776 0.128749 1.297042
v 2.674087 0.094252 1.599637
v 2.533486 0.086253 1.875610
v 2.362775 0.081374 2.130597
v 2.098394 0.044080 2.298231
v 2.032589 0.005136 2.230756
v 1.959936 -0.031775 2.156336
v 1.882873 -0.069573 2.076119
v 1.803679 -0.112855 1.991453
v 1.724352 -0.165820 1.902954
v 1.646385 -0.235660 1.809974
v 1.570852 -0.324209 1.713656
v 1.496462 -0.417476 1.611061
v 1.425100 -0.512273 1.507702
v 1.347500 -0.579532 1.385298
v 1.275028 -0.643014 1.265957
v 1.208085 -0.704515 1.153566
v 1.145841 -0.764722 1.047915
v 1.089057 -0.828561 0.955667
v -1.894146 -0.710329 1.373558
v -1.747870 -0.712894 1.490594
v -1.581967 -0.717277 1.603131
v -1.397905 -0.724535 1.705548
v -1.197547 -0.733022 1.788556
v -0.982597 -0.743335 1.843974
v -0.753142 -0.749942 1.853745
v -0.514614 -0.754675 1.824047
v -0.269778 -0.750136 1.726603
v -0.029135 -0.752655 1.607332
v 0.201794 -0.759758 1.463900
v 0.414847 -0.773328 1.317270
v 0.603147 -0.791447 1.177620
v 0.765730 -0.813801 1.049374
v 0.907985 -0.848902 0.948935
v 1.912791 0.107914 2.548934
v 1.646953 0.125532 2.716497
v 1.363895 0.131135 2.867935
v 1.063802 0.126103 3.007854
v 0.749792 0.114335 3.129001
v 0.426522 0.106073 3.220628
v 0.092558 0.182093 3.237805
v -0.231135 0.263931 3.211603
v -0.556230 0.306505 3.163842
v -0.881363 0.317586 3.102810
v -1.195464 0.297038 3.035693
v -1.495140 0.258021 2.956999
v -1.779286 0.204771 2.856127
v -2.032836 0.168611 2.695660
v -2.240825 0.179103 2.476412
v -2.015559 0.738201 1.959329
v -2.095984 0.677594 1.778767
v -2.180985 0.635493 1.552100
v -2.258669 0.637131 1.300645
v -2.326704 0.658446 1.033683
v -2.381793 0.667398 0.754753
v -2.425363 0.703632 0.466685
v -2.451064 0.706743 0.167650
v -2.452592 0.661160 -0.136798
v -2.433391 0.627735 -0.435623
v -2.393604 0.614392 -0.721790
v -2.337816 0.620807 -0.993926
v -2.269800 0.636607 -1.246761
v -2.193811 0.643038 -1.474862
v -2.120026 0.627145 -1.661814
v -1.934928 0.584211 -1.853673
v -1.758183 0.585571 -1.929396
v -1.541160 0.613882 -2.012479
v -1.297121 0.678924 -2.095581
v -1.031174 0.793090 -2.176851
v -0.747564 0.943642 -2.252874
v -0.448282 1.134949 -2.319207
v -0.138537 1.331610 -2.368174
v 0.172754 1.431712 -2.385760
v 0.477558 1.447511 -2.372300
v 0.769827 1.411947 -2.333110
v 1.044490 1.359996 -2.274960
v 1.297167 1.325410 -2.206624
v 1.523050 1.330992 -2.136952
v 1.711546 1.363259 -2.071917
v 1.914836 1.484623 -1.935966
v 2.018166 1.607383 -1.806045
v 2.126689 1.713637 -1.639937
v 2.228765 1.794618 -1.441320
v 2.314964 1.856471 -1.213526
v 2.374046 1.895751 -0.958405
v 2.394884 1.887277 -0.677229
v 2.372829 1.804920 -0.373052
v 2.314234 1.661439 -0.053066
v 2.231260 1.496355 0.273658
v 2.135233 1.341002 0.599346
v 2.035033 1.207051 0.916284
v 1.937366 1.092617 1.215330
v 1.846974 0.987268 1.483389
v 1.768873 0.883971 1.703119
v 1.583343 0.812503 1.896170
v 1.396456 0.817160 1.955923
v 1.174683 0.837393 2.022170
v 0.937386 0.874426 2.089705
v 0.695575 0.922399 2.155405
v 0.452867 0.973932 2.216632
v 0.205617 1.013872 2.271575
v -0.059009 1.005719 2.323336
v -0.347280 0.948546 2.365969
v -0.643135 0.901295 2.381781
v -0.927075 0.873924 2.368669
v -1.190364 0.868533 2.332294
v -1.430533 0.873236 2.277086
v -1.648342 0.842621 2.212190
v -1.824990 0.825245 2.142285
v 2.112437 0.226480 -2.269408
v 2.161580 0.277977 -2.306496
v 2.201856 0.330398 -2.336516
v 2.232233 0.385370 -2.358318
v 2.251015 0.445736 -2.370141
v 2.255543 0.513948 -2.368988
v 2.244216 0.588241 -2.353423
v 2.219149 0.663270 -2.325453
v 2.184413 0.737628 -2.289537
v 2.141945 0.815234 -2.248309
v 2.093042 0.899647 -2.203884
v 2.039615 0.993065 -2.158786
v 1.983814 1.096921 -2.115632
v 1.928346 1.205468 -2.076602
v 1.877273 1.309272 -2.043966
v 1.772676 0.772257 1.929975
v 1.852138 0.725857 2.027052
v 1.938506 0.683036 2.125800
v 2.023207 0.649396 2.217700
v 2.101445 0.619173 2.299761
v 2.170967 0.590250 2.371675
v 2.230160 0.556305 2.432725
v 2.273813 0.507326 2.478167
v 2.302998 0.452711 2.508862
v 2.315642 0.393671 2.522818
v 2.312857 0.336736 2.520471
v 2.298711 0.283633 2.506000
v 2.275684 0.232571 2.481908
v 2.244833 0.181852 2.449612
v 2.207454 0.128999 2.410661
v -2.434436 0.239537 2.277968
v -2.443032 0.292471 2.315963
v -2.449004 0.335830 2.347585
v -2.452161 0.368776 2.372640
v -2.452879 0.393602 2.391686
v -2.450596 0.417525 2.404781
v -2.442540 0.449604 2.411182
v -2.423708 0.491970 2.407742
v -2.391334 0.541029 2.392828
v -2.345650 0.593231 2.366659
v -2.287935 0.644002 2.329981
v -2.220983 0.697136 2.285014
v -2.147710 0.737467 2.232874
v -2.073128 0.762566 2.177551
v -2.004983 0.784625 2.125346
v -2.109799 0.567490 -1.853109
v -2.174018 0.535923 -1.928133
v -2.243069 0.482188 -2.008674
v -2.310524 0.436012 -2.085156
v -2.373066 0.400101 -2.154147
v -2.427538 0.364916 -2.211935
v -2.473192 0.334362 -2.258176
v -2.509615 0.304511 -2.292404
v -2.537632 0.273454 -2.315597
v -2.558674 0.237101 -2.329221
v -2.573991 0.191576 -2.334758
v -2.583051 0.134788 -2.331706
v -2.585753 0.069117 -2.320126
v -2.581977 -0.001934 -2.300064
v -2.572176 -0.074899 -2.272164
v -0.762493 -1.822521 -0.473056
v -0.829015 -1.819885 -0.416523
v -0.888982 -1.817262 -0.352350
v -0.940149 -1.814192 -0.281594
v -0.980648 -1.810276 -0.205398
v -1.008005 -1.805019 -0.125414
v -1.022779 -1.798709 -0.043620
v -1.015254 -1.789383 0.037370
v -0.999646 -1.780247 0.114863
v -0.972018 -1.770811 0.187187
v -0.936158 -1.762143 0.252824
v -0.892765 -1.754764 0.310591
v -0.843043 -1.749224 0.359545
v -0.788201 -1.746046 0.399229
v -0.729429 -1.745613 0.429873
v 0.316293 -1.971044 -0.539387
v 0.262752 -1.956931 -0.573179
v 0.206571 -1.943585 -0.603202
v 0.147790 -1.930887 -0.630078
v 0.086404 -1.917307 -0.654160
v 0.021900 -1.904751 -0.674835
v -0.045768 -1.893372 -0.691413
v -0.116410 -1.882369 -0.703579
v -0.189711 -1.872278 -0.709605
v -0.265272 -1.864603 -0.709051
v -0.340899 -1.856598 -0.697841
v -0.414603 -1.849473 -0.675582
v -0.487349 -1.842825 -0.647119
v -0.557031 -1.836413 -0.610203
v -0.626170 -1.830828 -0.569403
v 0.514452 -1.955767 0.424471
v 0.545527 -1.977425 0.374141
v 0.568668 -2.000027 0.319455
v 0.584612 -2.021081 0.260724
v 0.593581 -2.041824 0.198681
v 0.597802 -2.050281 0.132979
v 0.596515 -2.054449 0.065029
v 0.590223 -2.053903 -0.004451
v 0.578899 -2.050904 -0.074455
v 0.562705 -2.046440 -0.144062
v 0.541712 -2.040409 -0.212358
v 0.516083 -2.032333 -0.278391
v 0.485838 -2.023193 -0.341248
v 0.450209 -2.011611 -0.399275
v 0.410634 -1.999293 -0.452469
v -0.603857 -1.753519 0.470087
v -0.537800 -1.761352 0.485336
v -0.469845 -1.771079 0.501195
v -0.399857 -1.782074 0.519682
v -0.327416 -1.793738 0.541598
v -0.252007 -1.805504 0.565988
v -0.173374 -1.817014 0.591302
v -0.091726 -1.828039 0.612757
v -0.008065 -1.838697 0.630978
v 0.076035 -1.849046 0.634074
v 0.157161 -1.859921 0.622510
v 0.234284 -1.871922 0.604405
v 0.305619 -1.885250 0.578512
v 0.370226 -1.899885 0.547280
v 0.426942 -1.916678 0.511010
v -1.668487 -1.007326 -1.017069
v -1.613957 -1.087370 -0.977590
v -1.545398 -1.157258 -0.931218
v -1.474200 -1.224089 -0.887103
v -1.402270 -1.288729 -0.846393
v -1.332045 -1.351354 -0.809972
v -1.263699 -1.411890 -0.777266
v -1.196800 -1.469572 -0.747191
v -1.126178 -1.522270 -0.715425
v -1.052170 -1.570304 -0.681708
v -0.980876 -1.616117 -0.649862
v -0.913804 -1.660391 -0.620517
v -0.851969 -1.703536 -0.593894
v -0.795397 -1.745624 -0.569580
v -0.743369 -1.786558 -0.546658
v -0.714853 -1.689715 0.460244
v -0.773491 -1.628160 0.475810
v -0.844396 -1.563855 0.501140
v -0.927071 -1.497397 0.537234
v -1.017578 -1.428919 0.581230
v -1.114250 -1.359404 0.633195
v -1.196262 -1.283524 0.668419
v -1.276644 -1.205005 0.704068
v -1.356724 -1.124521 0.739391
v -1.443613 -1.045372 0.785205
v -1.539229 -0.970515 0.844384
v -1.642639 -0.902884 0.918002
v -1.746832 -0.843616 0.999866
v -1.846344 -0.792510 1.085240
v -1.938087 -0.748496 1.171280
v 0.992648 -0.976928 0.824547
v 0.952747 -1.059296 0.786061
v 0.917149 -1.140858 0.759603
v 0.884889 -1.222704 0.742079
v 0.855991 -1.298776 0.730426
v 0.829948 -1.370291 0.723023
v 0.806109 -1.438012 0.718347
v 0.783451 -1.503044 0.714700
v 0.760194 -1.564348 0.708526
v 0.734313 -1.622751 0.697447
v 0.695085 -1.676596 0.663481
v 0.650829 -1.729288 0.622916
v 0.605013 -1.781944 0.581155
v 0.559691 -1.833563 0.540816
v 0.515991 -1.885431 0.503621
v 0.365739 -1.955521 -0.508788
v 0.362220 -1.923948 -0.515447
v 0.357203 -1.890948 -0.521601
v 0.352951 -1.856604 -0.529625
v 0.350891 -1.820713 -0.540852
v 0.352253 -1.783922 -0.556491
v 0.358815 -1.744143 -0.578198
v 0.372010 -1.703024 -0.607454
v 0.393640 -1.661262 -0.646015
v 0.425052 -1.619385 -0.694890
v 0.466594 -1.575339 -0.753597
v 0.517900 -1.523307 -0.820588
v 0.579235 -1.449013 -0.894941
v 0.646946 -1.367835 -0.972732
v 0.719911 -1.279621 -1.052539
v -0.231801 -2.169718 -0.162292
v -0.241548 -2.173434 -0.145560
v -0.253018 -2.178030 -0.124819
v -0.265430 -2.183151 -0.100603
v -0.278176 -2.188649 -0.073233
v -0.290676 -2.194223 -0.043013
v -0.302334 -2.199580 -0.010320
v -0.312509 -2.204496 0.024342
v -0.320472 -2.208549 0.060273
v -0.325486 -2.211626 0.096567
v -0.326893 -2.213296 0.132063
v -0.324485 -2.213929 0.165511
v -0.318535 -2.212423 0.195619
v -0.310257 -2.210103 0.221374
v -0.301256 -2.206829 0.241687
v 0.190960 -2.255110 -0.273135
v 0.164493 -2.251463 -0.273971
v 0.133390 -2.246163 -0.272303
v 0.099982 -2.239756 -0.268180
v 0.065804 -2.232530 -0.261987
v 0.031774 -2.224853 -0.254233
v -0.001555 -2.217014 -0.245438
v -0.033849 -2.209255 -0.236054
v -0.064885 -2.201771 -0.226453
v -0.094486 -2.194714 -0.216928
v -0.122479 -2.188208 -0.207707
v -0.148665 -2.182348 -0.198974
v -0.172782 -2.177238 -0.190890
v -0.194382 -2.172896 -0.183645
v -0.212659 -2.169497 -0.177517
v 0.132486 -2.218837 0.156897
v 0.140979 -2.220886 0.142353
v 0.151152 -2.223878 0.124378
v 0.162430 -2.227555 0.103217
v 0.174282 -2.232094 0.078942
v 0.186318 -2.236340 0.051499
v 0.197869 -2.241307 0.021071
v 0.208388 -2.246497 -0.012159
v 0.217246 -2.251946 -0.047798
v 0.223902 -2.256996 -0.085270
v 0.227852 -2.261162 -0.123659
v 0.228727 -2.263971 -0.161630
v 0.226421 -2.264875 -0.197462
v 0.221368 -2.262995 -0.229208
v 0.214545 -2.259938 -0.254676
v -0.276188 -2.204933 0.254314
v -0.250237 -2.206165 0.252849
v -0.220493 -2.208027 0.250012
v -0.188740 -2.210643 0.245927
v -0.156096 -2.214027 0.240761
v -0.123291 -2.217976 0.234687
v -0.090795 -2.221558 0.227838
v -0.059125 -2.225386 0.220452
v -0.028117 -2.224091 0.212384
v 0.001363 -2.222909 0.204196
v 0.029083 -2.221157 0.196081
v 0.054696 -2.219553 0.188331
v 0.077916 -2.218215 0.181198
v 0.098342 -2.217468 0.174956
v 0.115314 -2.217405 0.169898
v -0.630937 -1.803015 0.450856
v -0.602159 -1.854150 0.452507
v -0.578800 -1.901576 0.454946
v -0.557905 -1.945330 0.455443
v -0.533530 -1.985049 0.448394
v -0.505597 -2.020915 0.434105
v -0.478352 -2.053536 0.417317
v -0.452492 -2.083004 0.399077
v -0.427886 -2.109271 0.379712
v -0.404120 -2.132217 0.359312
v -0.381090 -2.151791 0.338344
v -0.359083 -2.168090 0.317622
v -0.338582 -2.181291 0.297982
v -0.320193 -2.191645 0.280187
v -0.304741 -2.199380 0.265044
v 0.133277 -2.218190 0.173436
v 0.143299 -2.219030 0.184032
v 0.156024 -2.220046 0.197451
v 0.171270 -2.220908 0.213479
v 0.188975 -2.221207 0.232001
v 0.209045 -2.220385 0.252827
v 0.231197 -2.217701 0.275521
v 0.254801 -2.212147 0.299205
v 0.278859 -2.201303 0.322338
v 0.301362 -2.183247 0.342185
v 0.322849 -2.154825 0.358582
v 0.346474 -2.118207 0.375232
v 0.373089 -2.076687 0.393766
v 0.403406 -2.031175 0.415317
v 0.437457 -1.983764 0.440641
v 0.357780 -2.012552 -0.481487
v 0.347752 -2.037873 -0.462318
v 0.336816 -2.062108 -0.443045
v 0.326267 -2.085642 -0.425223
v 0.316276 -2.108321 -0.409004
v 0.306819 -2.129936 -0.394276
v 0.297710 -2.149787 -0.380705
v 0.288617 -2.168253 -0.367816
v 0.279239 -2.185542 -0.355162
v 0.269464 -2.201089 -0.342499
v 0.259188 -2.215133 -0.329673
v 0.248469 -2.227524 -0.316698
v 0.237422 -2.238166 -0.303670
v 0.226431 -2.246788 -0.290995
v 0.216184 -2.253226 -0.279408
v -0.231945 -2.162986 -0.179787
v -0.242348 -2.156326 -0.189609
v -0.255528 -2.147954 -0.201839
v -0.271330 -2.137813 -0.216319
v -0.289779 -2.125664 -0.233031
v -0.310988 -2.111220 -0.251985
v -0.335097 -2.094219 -0.273147
v -0.362236 -2.074446 -0.296418
v -0.392514 -2.051789 -0.321631
v -0.426041 -2.026251 -0.348574
v -0.462954 -1.997949 -0.376988
v -0.503380 -1.967145 -0.406568
v -0.547386 -1.934240 -0.436907
v -0.594741 -1.899673 -0.467377
v -0.644903 -1.863758 -0.497264
v -2.204267 -0.674334 1.207436
v -2.263250 -0.625704 1.266694
v -2.301553 -0.561129 1.313845
v -2.330563 -0.493619 1.358575
v -2.353081 -0.426102 1.403272
v -2.372259 -0.363568 1.449719
v -2.389942 -0.302681 1.498922
v -2.408314 -0.247579 1.551298
v -2.429362 -0.197973 1.607145
v -2.453851 -0.153622 1.665672
v -2.481139 -0.109848 1.725787
v -2.508522 -0.063425 1.784626
v -2.536789 -0.015557 1.842663
v -2.562073 0.038200 1.896705
v -2.577899 0.101606 1.943040
v -2.299261 -0.675787 1.076355
v -2.363540 -0.627029 1.127906
v -2.406510 -0.563329 1.168538
v -2.437801 -0.495017 1.206037
v -2.462986 -0.427592 1.243214
v -2.483913 -0.362387 1.281289
v -2.503040 -0.301933 1.321145
v -2.521806 -0.245596 1.363208
v -2.542436 -0.194190 1.407854
v -2.567578 -0.147642 1.455654
v -2.598005 -0.104988 1.505988
v -2.631597 -0.062314 1.557135
v -2.665063 -0.016615 1.606737
v -2.697242 0.032904 1.654070
v -2.728510 0.085041 1.699001
v -2.372923 -0.676547 0.938958
v -2.449948 -0.632760 0.986365
v -2.493990 -0.566800 1.020010
v -2.533209 -0.502013 1.053060
v -2.563927 -0.436164 1.084565
v -2.591844 -0.374166 1.116819
v -2.616616 -0.315243 1.149912
v -2.641411 -0.261206 1.184570
v -2.667352 -0.211369 1.220987
v -2.695757 -0.165275 1.259201
v -2.727496 -0.121473 1.298951
v -2.761560 -0.077730 1.339374
v -2.797092 -0.032400 1.379551
v -2.831605 0.015962 1.418150
v -2.864359 0.067002 1.454305
v -2.429745 -0.681075 0.794365
v -2.500793 -0.626952 0.830006
v -2.566325 -0.573739 0.864422
v -2.609923 -0.508684 0.891759
v -2.651303 -0.447302 0.919193
v -2.687261 -0.387489 0.946001
v -2.724058 -0.333735 0.973822
v -2.758446 -0.282892 1.002061
v -2.793296 -0.235945 1.031310
v -2.828988 -0.191559 1.061517
v -2.863871 -0.147267 1.092225
v -2.899680 -0.102774 1.123159
v -2.933697 -0.055731 1.153331
v -2.967878 -0.006941 1.182664
v -2.999252 0.044388 1.210095
v -2.445332 -0.672978 0.634676
v -2.515541 -0.614453 0.662581
v -2.578090 -0.554558 0.687892
v -2.641635 -0.500268 0.713227
v -2.702060 -0.448761 0.737326
v -2.765114 -0.404337 0.761916
v -2.811556 -0.353020 0.783262
v -2.859359 -0.307317 0.805233
v -2.905421 -0.263881 0.827364
v -2.948333 -0.220780 0.849599
v -2.992140 -0.179080 0.872251
v -3.029316 -0.133046 0.894271
v -3.064248 -0.084784 0.915706
v -3.086052 -0.028956 0.933794
v -3.106453 0.027542 0.950836
v -2.438936 -0.667556 0.469328
v -2.501348 -0.599880 0.488524
v -2.564874 -0.537156 0.507022
v -2.628889 -0.479616 0.524042
v -2.696673 -0.430275 0.540340
v -2.765026 -0.386114 0.555568
v -2.837405 -0.350306 0.570882
v -2.908078 -0.317368 0.585820
v -2.976826 -0.286411 0.600901
v -3.040607 -0.253928 0.615961
v -3.076269 -0.204942 0.628294
v -3.111709 -0.156242 0.640580
v -3.137564 -0.101392 0.651817
v -3.159204 -0.043792 0.662611
v -3.175934 0.015936 0.672210
v -2.413225 -0.663699 0.299946
v -2.470287 -0.589721 0.312268
v -2.528734 -0.520301 0.323028
v -2.592326 -0.459390 0.332098
v -2.661793 -0.408330 0.339215
v -2.738363 -0.368407 0.344590
v -2.817626 -0.335694 0.348823
v -2.898768 -0.309241 0.352737
v -2.978724 -0.285319 0.356854
v -3.051917 -0.258976 0.361004
v -3.124503 -0.232271 0.365833
v -3.165898 -0.184804 0.369907
v -3.198632 -0.131617 0.373894
v -3.225500 -0.074556 0.377380
v -3.245601 -0.013772 0.380711
v -2.380985 -0.669411 0.129344
v -2.431130 -0.588665 0.135149
v -2.483410 -0.511898 0.139259
v -2.542172 -0.444437 0.140474
v -2.612280 -0.391317 0.137915
v -2.691083 -0.351119 0.132562
v -2.777786 -0.323334 0.124903
v -2.866537 -0.301971 0.116710
v -2.954362 -0.283642 0.108561
v -3.039412 -0.265124 0.101031
v -3.114809 -0.240448 0.094106
v -3.185456 -0.211466 0.088219
v -3.243538 -0.172300 0.083158
v -3.277260 -0.116355 0.079566
v -3.305560 -0.057158 0.076528
v -2.347830 -0.686017 -0.041919
v -2.394716 -0.600573 -0.042561
v -2.442922 -0.518883 -0.045193
v -2.495182 -0.443248 -0.050483
v -2.558902 -0.381878 -0.060703
v -2.645031 -0.345413 -0.078818
v -2.735381 -0.318578 -0.098616
v -2.828310 -0.299770 -0.119377
v -2.920147 -0.284051 -0.139656
v -3.008135 -0.267566 -0.158861
v -3.091769 -0.247945 -0.176852
v -3.167454 -0.221872 -0.193591
v -3.234451 -0.188047 -0.208738
v -3.294616 -0.147717 -0.222377
v -3.344092 -0.099225 -0.234313
v -2.316292 -0.714278 -0.214797
v -2.364852 -0.629361 -0.223168
v -2.415580 -0.547314 -0.234192
v -2.472296 -0.473418 -0.249182
v -2.539844 -0.413058 -0.269666
v -2.617805 -0.367833 -0.295276
v -2.704954 -0.337363 -0.324894
v -2.794753 -0.312905 -0.355639
v -2.884552 -0.293522 -0.386762
v -2.972272 -0.275701 -0.417323
v -3.055306 -0.255675 -0.446421
v -3.132857 -0.231372 -0.473763
v -3.204580 -0.201677 -0.499389
v -3.268332 -0.164516 -0.522718
v -3.317658 -0.116310 -0.542198
v -2.280973 -0.751001 -0.389567
v -2.333360 -0.668406 -0.406405
v -2.388641 -0.590232 -0.426807
v -2.449373 -0.517930 -0.451547
v -2.517322 -0.456281 -0.481223
v -2.593390 -0.407144 -0.515879
v -2.674950 -0.369422 -0.554217
v -2.760063 -0.341313 -0.595083
v -2.844969 -0.318255 -0.636293
v -2.927700 -0.296029 -0.676844
v -3.008028 -0.273797 -0.716506
v -3.082068 -0.247289 -0.753502
v -3.143359 -0.210742 -0.785698
v -3.200077 -0.170324 -0.815885
v -3.251714 -0.125316 -0.843566
v -2.233074 -0.789412 -0.562571
v -2.288693 -0.709788 -0.588083
v -2.347183 -0.633759 -0.617716
v -2.410069 -0.564118 -0.652107
v -2.478484 -0.502610 -0.691558
v -2.552150 -0.451758 -0.735750
v -2.630371 -0.410089 -0.783900
v -2.709562 -0.376008 -0.833752
v -2.790084 -0.348890 -0.885325
v -2.866910 -0.322984 -0.935329
v -2.932379 -0.290016 -0.980037
v -2.995432 -0.256992 -1.023570
v -3.054877 -0.221382 -1.064786
v -3.109651 -0.181515 -1.103212
v -3.159067 -0.136637 -1.138232
v -2.165055 -0.824194 -0.729433
v -2.222258 -0.746355 -0.763177
v -2.281934 -0.672384 -0.801632
v -2.345156 -0.604000 -0.845227
v -2.412435 -0.543496 -0.894081
v -2.483814 -0.492050 -0.947935
v -2.557560 -0.449543 -1.005413
v -2.634330 -0.415797 -1.066418
v -2.700756 -0.378238 -1.122320
v -2.766223 -0.344708 -1.178625
v -2.829997 -0.312991 -1.234043
v -2.889352 -0.279025 -1.286670
v -2.945385 -0.242412 -1.336655
v -2.996848 -0.201054 -1.382834
v -3.044123 -0.155028 -1.425244
v -2.060891 -0.841883 -0.876617
v -2.116906 -0.763965 -0.917060
v -2.174577 -0.689365 -0.962433
v -2.234892 -0.620268 -1.013306
v -2.298437 -0.558804 -1.069938
v -2.365078 -0.506411 -1.132020
v -2.434589 -0.463582 -1.198974
v -2.504164 -0.427878 -1.268381
v -2.575593 -0.400033 -1.340613
v -2.640728 -0.370397 -1.409267
v -2.701086 -0.339107 -1.474971
v -2.758016 -0.305681 -1.537639
v -2.805321 -0.263330 -1.592863
v -2.848922 -0.216577 -1.643952
v -2.887424 -0.164002 -1.689627
v -1.920779 -0.840265 -0.996305
v -1.972549 -0.758473 -1.040565
v -2.025306 -0.680158 -1.090164
v -2.080349 -0.607797 -1.146082
v -2.138563 -0.544067 -1.208948
v -2.200363 -0.491338 -1.278906
v -2.265052 -0.449655 -1.355019
v -2.332099 -0.418147 -1.436039
v -2.398660 -0.392310 -1.518991
v -2.465063 -0.370663 -1.602953
v -2.528780 -0.348128 -1.684793
v -2.589987 -0.323129 -1.764038
v -2.635732 -0.281684 -1.828730
v -2.676878 -0.234109 -1.887783
v -2.714441 -0.181495 -1.941931
v -1.607943 -0.836224 -1.194691
v -1.650527 -0.745925 -1.244847
v -1.693051 -0.657632 -1.300245
v -1.737345 -0.575216 -1.363357
v -1.784813 -0.503595 -1.436292
v -1.835869 -0.449701 -1.520455
v -1.889936 -0.410069 -1.614592
v -1.946387 -0.384394 -1.716046
v -2.003762 -0.366747 -1.821458
v -2.061059 -0.354763 -1.928113
v -2.116792 -0.338585 -2.032859
v -2.169831 -0.319230 -2.133409
v -2.218158 -0.291824 -2.226795
v -2.259434 -0.254396 -2.308478
v -2.297566 -0.211973 -2.383594
v -1.448681 -0.842477 -1.284287
v -1.487443 -0.750665 -1.338867
v -1.526386 -0.660751 -1.399753
v -1.566381 -0.576476 -1.468238
v -1.609008 -0.502491 -1.547155
v -1.654702 -0.445694 -1.638135
v -1.702142 -0.404456 -1.739457
v -1.750227 -0.376683 -1.847885
v -1.798940 -0.357697 -1.960359
v -1.847086 -0.340674 -2.073128
v -1.893980 -0.324980 -2.183980
v -1.938171 -0.305239 -2.289775
v -1.978101 -0.279302 -2.387203
v -2.014473 -0.248133 -2.476658
v -2.034245 -0.194411 -2.537143
v -1.287085 -0.852438 -1.366983
v -1.325460 -0.764466 -1.432776
v -1.361269 -0.676069 -1.501445
v -1.397894 -0.593089 -1.578529
v -1.435694 -0.520951 -1.665427
v -1.474526 -0.460244 -1.762376
v -1.513262 -0.416074 -1.868333
v -1.551309 -0.381604 -1.979621
v -1.588527 -0.354779 -2.093338
v -1.625467 -0.333016 -2.208446
v -1.660884 -0.312532 -2.320997
v -1.694352 -0.290687 -2.428939
v -1.721887 -0.261107 -2.523373
v -1.740979 -0.219071 -2.598704
v -1.754298 -0.170744 -2.658031
v -1.125385 -0.867726 -1.447576
v -1.158803 -0.780828 -1.519463
v -1.192915 -0.697893 -1.601118
v -1.225252 -0.618905 -1.688310
v -1.256954 -0.547021 -1.782792
v -1.287778 -0.487173 -1.885400
v -1.316372 -0.434769 -1.992028
v -1.343343 -0.394530 -2.103760
v -1.369214 -0.360127 -2.217841
v -1.390840 -0.323525 -2.323788
v -1.410371 -0.287022 -2.425541
v -1.428464 -0.254411 -2.524082
v -1.444569 -0.222331 -2.616275
v -1.456955 -0.187324 -2.695201
v -1.462564 -0.142303 -2.753362
v -0.948967 -0.870950 -1.499905
v -0.986987 -0.798197 -1.598541
v -1.016090 -0.719492 -1.690256
v -1.042989 -0.643796 -1.786995
v -1.067795 -0.575476 -1.890461
v -1.089145 -0.511379 -1.995069
v -1.108108 -0.458747 -2.105510
v -1.120831 -0.399916 -2.205028
v -1.131341 -0.346070 -2.304080
v -1.140987 -0.300205 -2.405036
v -1.149606 -0.261526 -2.505827
v -1.157088 -0.227443 -2.604107
v -1.162977 -0.196239 -2.696040
v -1.165580 -0.161357 -2.773116
v -1.164204 -0.118463 -2.830378
v -0.771276 -0.873564 -1.541986
v -0.799886 -0.799434 -1.643852
v -0.827021 -0.730181 -1.754892
v -0.850114 -0.666469 -1.871276
v -0.865740 -0.596898 -1.977817
v -0.877166 -0.531431 -2.084795
v -0.882397 -0.460101 -2.180186
v -0.885453 -0.396816 -2.278954
v -0.885828 -0.340742 -2.377426
v -0.884845 -0.291987 -2.476986
v -0.883051 -0.250427 -2.576930
v -0.880512 -0.215294 -2.674929
v -0.876801 -0.180851 -2.766509
v -0.870339 -0.143346 -2.840541
v -0.861584 -0.097766 -2.894884
v -0.591217 -0.873351 -1.570083
v -0.611298 -0.799357 -1.677678
v -0.628641 -0.730334 -1.793320
v -0.642165 -0.664910 -1.912951
v -0.651628 -0.607597 -2.038058
v -0.652079 -0.533972 -2.139374
v -0.649279 -0.465698 -2.241748
v -0.642484 -0.400448 -2.340182
v -0.633212 -0.341539 -2.439407
v -0.622244 -0.291363 -2.539151
v -0.610506 -0.248285 -2.638936
v -0.598195 -0.209017 -2.735542
v -0.585424 -0.173863 -2.826090
v -0.570630 -0.128412 -2.895279
v -0.554991 -0.080056 -2.946312
v -0.412006 -0.873130 -1.588115
v -0.420826 -0.797005 -1.696959
v -0.427430 -0.726121 -1.814645
v -0.430680 -0.661761 -1.938593
v -0.428929 -0.601725 -2.063652
v -0.421707 -0.538707 -2.179491
v -0.409120 -0.470255 -2.283172
v -0.393117 -0.406856 -2.385616
v -0.374274 -0.349216 -2.485745
v -0.353649 -0.296776 -2.584701
v -0.332219 -0.250150 -2.682229
v -0.310440 -0.209204 -2.777211
v -0.288507 -0.168684 -2.864840
v -0.267050 -0.113981 -2.927267
v -0.245214 -0.063070 -2.976814
v -0.234115 -0.874377 -1.594567
v -0.231162 -0.794751 -1.703554
v -0.225810 -0.721016 -1.820516
v -0.217312 -0.654070 -1.943884
v -0.204791 -0.592269 -2.068417
v -0.187108 -0.537522 -2.193913
v -0.164992 -0.473565 -2.302628
v -0.139485 -0.411425 -2.405874
v -0.110964 -0.354525 -2.507055
v -0.080813 -0.301709 -2.604564
v -0.050468 -0.248595 -2.695025
v -0.020837 -0.189409 -2.773685
v 0.008588 -0.135743 -2.847174
v 0.037614 -0.089471 -2.916304
v 0.064867 -0.042806 -2.974018
v -0.058583 -0.877104 -1.587206
v -0.043603 -0.793930 -1.695135
v -0.026021 -0.716017 -1.809584
v -0.005822 -0.643291 -1.927725
v 0.018289 -0.579599 -2.050755
v 0.046527 -0.519242 -2.169190
v 0.078051 -0.457120 -2.278629
v 0.113659 -0.401164 -2.386361
v 0.149756 -0.334401 -2.477616
v 0.186370 -0.264609 -2.560350
v 0.223374 -0.196527 -2.637384
v 0.260466 -0.135318 -2.711141
v 0.297182 -0.081117 -2.780815
v 0.333039 -0.033927 -2.845734
v 0.367650 0.005420 -2.907204
v 0.112538 -0.882040 -1.558220
v 0.140436 -0.796026 -1.668648
v 0.169790 -0.711853 -1.779074
v 0.201443 -0.632198 -1.889918
v 0.234288 -0.549368 -1.992644
v 0.270914 -0.475687 -2.098561
v 0.311540 -0.414939 -2.204450
v 0.355723 -0.359690 -2.308346
v 0.401261 -0.301326 -2.404484
v 0.445438 -0.230267 -2.485100
v 0.489420 -0.161151 -2.559531
v 0.533411 -0.098033 -2.628949
v 0.577019 -0.043886 -2.695276
v 0.619800 0.001355 -2.759196
v 0.661077 0.039586 -2.820445
v 0.276930 -0.894659 -1.511095
v 0.316696 -0.800023 -1.616273
v 0.358293 -0.711286 -1.723270
v 0.397470 -0.612013 -1.815934
v 0.439761 -0.521408 -1.912793
v 0.485226 -0.446591 -2.009855
v 0.534711 -0.378811 -2.110056
v 0.587737 -0.334044 -2.209455
v 0.644287 -0.283025 -2.309914
v 0.696358 -0.215962 -2.390552
v 0.748925 -0.151009 -2.465913
v 0.800528 -0.090277 -2.535363
v 0.851458 -0.037326 -2.601346
v 0.901353 0.007760 -2.665081
v 0.949403 0.047245 -2.726735
v 0.434637 -0.922676 -1.451893
v 0.486187 -0.823534 -1.552558
v 0.536235 -0.724030 -1.646058
v 0.584529 -0.619561 -1.733055
v 0.634970 -0.521431 -1.819938
v 0.688879 -0.435311 -1.909860
v 0.746929 -0.370714 -2.002482
v 0.809296 -0.319709 -2.098393
v 0.873689 -0.275961 -2.192186
v 0.940698 -0.231548 -2.285498
v 1.000960 -0.166491 -2.360150
v 1.061452 -0.108496 -2.431907
v 1.121359 -0.057762 -2.500401
v 1.179138 -0.010650 -2.565403
v 1.234694 0.032820 -2.628143
v 0.586707 -0.965677 -1.382865
v 0.648710 -0.867202 -1.476167
v 0.706774 -0.763550 -1.560566
v 0.763024 -0.655650 -1.639301
v 0.821338 -0.552780 -1.718965
v 0.883248 -0.463442 -1.801137
v 0.949093 -0.389403 -1.886620
v 1.018925 -0.331498 -1.974647
v 1.093710 -0.291759 -2.066462
v 1.165811 -0.232297 -2.150529
v 1.240364 -0.182368 -2.234718
v 1.315030 -0.138005 -2.315179
v 1.383335 -0.082587 -2.384603
v 1.449964 -0.032349 -2.451480
v 1.512423 0.019045 -2.513975
v 0.733685 -1.024744 -1.303369
v 0.805010 -0.929361 -1.388836
v 0.870864 -0.826790 -1.465073
v 0.934448 -0.718934 -1.536826
v 1.000240 -0.615412 -1.609227
v 1.068637 -0.519423 -1.683375
v 1.141656 -0.438245 -1.761041
v 1.217391 -0.365016 -1.840274
v 1.293509 -0.287675 -1.917961
v 1.374220 -0.222874 -1.999001
v 1.456138 -0.159625 -2.078877
v 1.538343 -0.102900 -2.156634
v 1.619823 -0.054897 -2.231726
v 1.696517 -0.006679 -2.300769
v 1.769215 0.040083 -2.366237
v 1.010908 -1.169102 -1.107447
v 1.095005 -1.081191 -1.174290
v 1.177803 -0.991608 -1.237669
v 1.253493 -0.887208 -1.294647
v 1.331969 -0.782993 -1.352666
v 1.408753 -0.668101 -1.409110
v 1.488474 -0.551522 -1.467652
v 1.571455 -0.433628 -1.528714
v 1.658632 -0.316812 -1.592523
v 1.750116 -0.205289 -1.659302
v 1.840904 -0.090780 -1.725735
v 1.932223 0.011336 -1.790895
v 2.019996 0.095192 -1.851627
v 2.097035 0.172881 -1.903131
v 2.165706 0.241182 -1.948000
v 1.135714 -1.236688 -0.987240
v 1.225244 -1.153402 -1.045245
v 1.306281 -1.054078 -1.096593
v 1.389667 -0.952905 -1.147899
v 1.474927 -0.848145 -1.199050
v 1.557018 -0.728000 -1.248662
v 1.640020 -0.595957 -1.299223
v 1.727424 -0.460733 -1.352492
v 1.816995 -0.319002 -1.408247
v 1.908988 -0.175115 -1.465905
v 2.004290 -0.042922 -1.524577
v 2.089344 0.097358 -1.577882
v 2.168148 0.217576 -1.625068
v 2.241389 0.315409 -1.666784
v 2.307799 0.391973 -1.702556
v 1.244640 -1.288398 -0.850487
v 1.324905 -1.186927 -0.894060
v 1.409424 -1.083366 -0.938208
v 1.495728 -0.974331 -0.981669
v 1.585032 -0.861314 -1.025481
v 1.678515 -0.744869 -1.070423
v 1.772791 -0.618790 -1.115775
v 1.863087 -0.467761 -1.161387
v 1.958086 -0.314925 -1.209585
v 2.050686 -0.150680 -1.258272
v 2.135500 0.026122 -1.305079
v 2.218951 0.182369 -1.349283
v 2.296586 0.320710 -1.388868
v 2.367904 0.418375 -1.421479
v 2.432499 0.484368 -1.448356
v 1.328370 -1.307868 -0.697938
v 1.410012 -1.203296 -0.733867
v 1.494952 -1.091155 -0.769773
v 1.584393 -0.974898 -0.806208
v 1.678365 -0.854669 -0.843160
v 1.776284 -0.731044 -0.880419
v 1.877313 -0.601263 -0.918278
v 1.982844 -0.472597 -0.957243
v 2.075923 -0.307085 -0.995379
v 2.164889 -0.127861 -1.034211
v 2.252181 0.048405 -1.072600
v 2.334962 0.215801 -1.108298
v 2.412930 0.345237 -1.138235
v 2.484965 0.437757 -1.161965
v 2.550070 0.504661 -1.181259
v 1.399577 -1.311958 -0.538642
v 1.480943 -1.201525 -0.566667
v 1.567412 -1.084779 -0.595269
v 1.659002 -0.961977 -0.624313
v 1.755818 -0.835594 -0.653574
v 1.857707 -0.706130 -0.682969
v 1.963431 -0.580427 -0.711706
v 2.071105 -0.457864 -0.739317
v 2.172776 -0.315437 -0.767704
v 2.266016 -0.147814 -0.796339
v 2.354861 0.021619 -0.824542
v 2.440434 0.177928 -0.850673
v 2.520582 0.300727 -0.871360
v 2.594542 0.389606 -0.886969
v 2.661300 0.456297 -0.899430
v 1.461640 -1.289107 -0.376594
v 1.542596 -1.183327 -0.396430
v 1.629458 -1.067904 -0.416884
v 1.722032 -0.944767 -0.437628
v 1.820177 -0.816101 -0.458335
v 1.923390 -0.692239 -0.477720
v 2.030948 -0.572612 -0.495842
v 2.140556 -0.454531 -0.512720
v 2.253938 -0.345451 -0.527702
v 2.348430 -0.189755 -0.545350
v 2.443949 -0.045898 -0.561379
v 2.533825 0.089132 -0.576024
v 2.618365 0.204268 -0.588341
v 2.695608 0.288849 -0.596242
v 2.765156 0.355869 -0.602573
v 1.513942 -1.265777 -0.211601
v 1.594383 -1.164494 -0.223071
v 1.680609 -1.054287 -0.234668
v 1.772461 -0.935772 -0.246133
v 1.870014 -0.811405 -0.256944
v 1.971739 -0.685796 -0.266658
v 2.079368 -0.569285 -0.273596
v 2.191517 -0.461703 -0.278103
v 2.301472 -0.348127 -0.281649
v 2.413670 -0.244035 -0.283371
v 2.513036 -0.120663 -0.286663
v 2.609753 -0.011229 -0.288860
v 2.699370 0.083676 -0.290272
v 2.781730 0.163035 -0.291169
v 2.855155 0.228313 -0.291487
v 1.554690 -1.242384 -0.044871
v 1.633874 -1.147316 -0.047471
v 1.718584 -1.043368 -0.049679
v 1.808301 -0.930159 -0.051308
v 1.902219 -0.807441 -0.052384
v 2.002412 -0.684063 -0.051113
v 2.099501 -0.549617 -0.049980
v 2.203227 -0.426376 -0.044926
v 2.312388 -0.317792 -0.036075
v 2.422975 -0.218190 -0.024633
v 2.536093 -0.136242 -0.011138
v 2.645478 -0.064579 0.002203
v 2.749384 -0.005002 0.014475
v 2.840288 0.053367 0.024018
v 2.917785 0.113075 0.030842
v 1.580611 -1.219335 0.122461
v 1.656481 -1.128577 0.128701
v 1.735433 -1.025488 0.135003
v 1.818772 -0.910741 0.141910
v 1.906785 -0.786098 0.150174
v 1.993612 -0.641354 0.157352
v 2.088706 -0.505848 0.169241
v 2.189390 -0.382037 0.185879
v 2.296288 -0.275748 0.207759
v 2.408047 -0.189095 0.233704
v 2.520901 -0.118059 0.261414
v 2.632050 -0.061812 0.288570
v 2.736831 -0.014127 0.313067
v 2.831629 0.030628 0.333372
v 2.908911 0.087067 0.347985
v 1.578128 -1.182819 0.283911
v 1.650760 -1.094993 0.299018
v 1.727357 -0.996824 0.315229
v 1.805605 -0.883056 0.331335
v 1.883028 -0.747353 0.346010
v 1.967796 -0.605364 0.363975
v 2.058208 -0.464529 0.386335
v 2.156167 -0.342145 0.415582
v 2.260965 -0.240543 0.451163
v 2.370733 -0.160749 0.491253
v 2.482690 -0.100363 0.532938
v 2.592882 -0.054077 0.573043
v 2.696838 -0.015041 0.608949
v 2.791056 0.023711 0.639309
v 2.858152 0.090949 0.658546
v 1.554965 -1.142762 0.438787
v 1.625790 -1.060403 0.464061
v 1.696883 -0.962782 0.489038
v 1.768359 -0.846768 0.513595
v 1.843849 -0.716146 0.539449
v 1.924757 -0.575558 0.568825
v 2.013072 -0.437263 0.603881
v 2.108661 -0.318648 0.646731
v 2.211041 -0.222555 0.696306
v 2.318369 -0.149431 0.750084
v 2.427435 -0.095422 0.804283
v 2.535127 -0.055339 0.855880
v 2.636490 -0.020567 0.901801
v 2.728518 0.016403 0.941176
v 2.792646 0.083407 0.966721
v 1.495437 -1.081160 0.572726
v 1.569311 -1.008274 0.612620
v 1.644012 -0.923605 0.653739
v 1.713611 -0.813664 0.689981
v 1.788912 -0.693024 0.730945
v 1.868299 -0.560399 0.774103
v 1.955055 -0.429457 0.823961
v 2.048658 -0.316596 0.881181
v 2.148497 -0.226644 0.944494
v 2.252354 -0.158455 1.010286
v 2.357926 -0.108666 1.075287
v 2.461611 -0.071038 1.135933
v 2.559704 -0.037274 1.190138
v 2.649793 -0.000466 1.237692
v 2.715534 0.060741 1.271129
v 1.417229 -1.017187 0.690626
v 1.488815 -0.947839 0.743083
v 1.564783 -0.873211 0.801565
v 1.642970 -0.787294 0.862560
v 1.716150 -0.674355 0.917165
v 1.797075 -0.558164 0.979693
v 1.882448 -0.438626 1.045521
v 1.973961 -0.332207 1.117143
v 2.070276 -0.247352 1.192437
v 2.169891 -0.182098 1.268038
v 2.270374 -0.133233 1.340670
v 2.368940 -0.094865 1.407940
v 2.463702 -0.060493 1.469632
v 2.547610 -0.018495 1.522365
v 2.624196 0.025424 1.568946
v 1.321796 -0.949944 0.791068
v 1.390612 -0.883459 0.857244
v 1.464554 -0.816161 0.932360
v 1.542416 -0.742471 1.013300
v 1.626660 -0.664755 1.101144
v 1.704778 -0.559702 1.178508
v 1.789045 -0.453794 1.261198
v 1.877461 -0.353059 1.346034
v 1.969066 -0.270749 1.430757
v 2.063032 -0.206344 1.513503
v 2.157208 -0.156944 1.591636
v 2.250265 -0.116990 1.664926
v 2.338400 -0.077841 1.731696
v 2.421866 -0.039638 1.792953
v 2.480274 0.025449 1.836429
v 1.212267 -0.886139 0.877536
v 1.275932 -0.822186 0.957163
v 1.345165 -0.760054 1.047987
v 1.420181 -0.697043 1.148123
v 1.499000 -0.626314 1.252020
v 1.583826 -0.550973 1.360198
v 1.668587 -0.463823 1.463220
v 1.750333 -0.365729 1.556014
v 1.833787 -0.278967 1.645886
v 1.918766 -0.210788 1.731763
v 2.004651 -0.156792 1.813620
v 2.089549 -0.111957 1.891132
v 2.171677 -0.071373 1.963936
v 2.247224 -0.029090 2.029960
v 2.312376 0.020589 2.086185
v 0.951922 -0.773345 1.035493
v 1.000309 -0.707144 1.140305
v 1.052176 -0.643678 1.252794
v 1.109536 -0.584467 1.377381
v 1.168985 -0.515242 1.497131
v 1.230320 -0.436398 1.614828
v 1.298609 -0.363177 1.738798
v 1.363410 -0.271891 1.845739
v 1.432674 -0.190642 1.951475
v 1.503988 -0.119734 2.050043
v 1.577687 -0.066874 2.144932
v 1.651493 -0.026445 2.236104
v 1.723556 0.008645 2.323176
v 1.792232 0.040985 2.404998
v 1.855830 0.073425 2.480589
v 0.799716 -0.731932 1.139486
v 0.836765 -0.656634 1.244227
v 0.878305 -0.591830 1.365530
v 0.919433 -0.510478 1.472205
v 0.964771 -0.429363 1.588031
v 1.016430 -0.356583 1.713477
v 1.072845 -0.285946 1.840824
v 1.137149 -0.226588 1.970770
v 1.198158 -0.150232 2.079954
v 1.264210 -0.087307 2.186467
v 1.332219 -0.035186 2.286119
v 1.401141 0.004521 2.381772
v 1.468900 0.036240 2.473541
v 1.533325 0.065879 2.560543
v 1.592876 0.095323 2.641950
v 0.627116 -0.702125 1.267383
v 0.654090 -0.623512 1.376119
v 0.680835 -0.528123 1.469684
v 0.710384 -0.434582 1.571382
v 0.743871 -0.344513 1.682250
v 0.784957 -0.271549 1.810011
v 0.835000 -0.218324 1.948088
v 0.890409 -0.169627 2.082290
v 0.952474 -0.130987 2.211711
v 1.012340 -0.077964 2.321425
v 1.074380 -0.032265 2.425096
v 1.137115 0.007698 2.523549
v 1.198874 0.042453 2.617345
v 1.258309 0.072754 2.706717
v 1.313755 0.101239 2.790629
v 0.428966 -0.681834 1.414477
v 0.444417 -0.584475 1.505885
v 0.462083 -0.484769 1.600428
v 0.482740 -0.385140 1.700206
v 0.508863 -0.295288 1.809574
v 0.543265 -0.224469 1.935444
v 0.587080 -0.175253 2.072028
v 0.638482 -0.143058 2.208734
v 0.692581 -0.112712 2.336251
v 0.750501 -0.088724 2.456672
v 0.807583 -0.057029 2.563796
v 0.862820 -0.018732 2.662220
v 0.917366 0.018473 2.756987
v 0.969548 0.056094 2.846391
v 1.018673 0.091755 2.930295
v 0.206569 -0.662789 1.559657
v 0.214111 -0.560708 1.651972
v 0.225064 -0.460621 1.750115
v 0.240793 -0.364987 1.853949
v 0.262950 -0.281037 1.966817
v 0.293034 -0.218602 2.088166
v 0.330804 -0.171306 2.215539
v 0.375185 -0.133961 2.343182
v 0.424889 -0.109716 2.466835
v 0.475956 -0.089690 2.582084
v 0.526797 -0.070519 2.689694
v 0.577248 -0.048435 2.792141
v 0.624093 -0.012065 2.884262
v 0.669044 0.026989 2.971908
v 0.711233 0.069270 3.054119
v -0.031562 -0.652505 1.701034
v -0.030456 -0.552001 1.800558
v -0.024400 -0.455211 1.902045
v -0.012781 -0.362282 2.009005
v 0.005722 -0.289078 2.120235
v 0.030800 -0.218732 2.236501
v 0.063206 -0.166250 2.354757
v 0.101638 -0.129398 2.471920
v 0.144263 -0.103888 2.585637
v 0.189332 -0.084919 2.693649
v 0.234252 -0.066276 2.796462
v 0.277132 -0.044203 2.893224
v 0.318342 -0.017328 2.984900
v 0.357470 0.016121 3.070805
v 0.393305 0.059990 3.148367
v -0.279411 -0.656388 1.831858
v -0.283569 -0.561007 1.934182
v -0.282246 -0.468482 2.038966
v -0.274895 -0.382354 2.145252
v -0.261254 -0.298027 2.254134
v -0.240642 -0.229341 2.362854
v -0.213919 -0.171634 2.470262
v -0.181801 -0.129021 2.576387
v -0.145811 -0.096392 2.678529
v -0.107818 -0.070380 2.777763
v -0.069908 -0.040860 2.869662
v -0.033435 -0.001627 2.952671
v 0.001591 0.038801 3.031942
v 0.034352 0.084374 3.106035
v 0.064869 0.131499 3.175200
v -0.530334 -0.666621 1.929833
v -0.540892 -0.579630 2.038114
v -0.545011 -0.490086 2.142892
v -0.542764 -0.404265 2.247671
v -0.534073 -0.325091 2.350489
v -0.519164 -0.254737 2.452041
v -0.498222 -0.194544 2.550208
v -0.472668 -0.128592 2.636822
v -0.443533 -0.067959 2.719350
v -0.412186 -0.013573 2.798797
v -0.379803 0.036507 2.875855
v -0.347327 0.083126 2.950836
v -0.315666 0.130697 3.022363
v -0.285030 0.171760 3.090726
v -0.256933 0.216985 3.154278
v -0.778580 -0.674554 1.980741
v -0.794581 -0.591788 2.087518
v -0.804085 -0.510873 2.193180
v -0.807215 -0.432311 2.295835
v -0.804140 -0.360813 2.396378
v -0.794987 -0.277197 2.483222
v -0.780585 -0.196447 2.565445
v -0.761254 -0.118384 2.642170
v -0.738416 -0.045945 2.715077
v -0.713008 0.020928 2.785028
v -0.686167 0.078128 2.853785
v -0.658846 0.128366 2.921411
v -0.631692 0.174478 2.987309
v -0.605152 0.220892 3.050086
v -0.579643 0.265976 3.109000
v -1.013671 -0.672283 1.966390
v -1.035336 -0.595268 2.073740
v -1.050250 -0.518214 2.177894
v -1.058656 -0.444730 2.278345
v -1.061493 -0.371987 2.374873
v -1.059235 -0.305419 2.467859
v -1.050826 -0.219574 2.544738
v -1.038535 -0.140345 2.618738
v -1.022192 -0.060347 2.686249
v -1.003381 0.011975 2.751183
v -0.982982 0.075903 2.814552
v -0.962203 0.129314 2.877601
v -0.941341 0.178938 2.938911
v -0.920678 0.226469 2.997328
v -0.900562 0.273295 3.052270
v -1.235027 -0.669064 1.910370
v -1.262975 -0.601559 2.021292
v -1.282699 -0.532091 2.122548
v -1.296107 -0.461218 2.220415
v -1.304210 -0.395342 2.315352
v -1.307914 -0.330178 2.405673
v -1.308033 -0.269568 2.492711
v -1.301940 -0.188095 2.564226
v -1.293297 -0.115950 2.634226
v -1.281368 -0.040307 2.698968
v -1.267767 0.027019 2.761321
v -1.252975 0.089722 2.821519
v -1.238220 0.145418 2.879767
v -1.223502 0.198930 2.935416
v -1.209324 0.248621 2.987714
v -1.441505 -0.666772 1.822299
v -1.476358 -0.613859 1.935537
v -1.500605 -0.549046 2.032707
v -1.518753 -0.486776 2.127086
v -1.531836 -0.423098 2.218435
v -1.541289 -0.364877 2.308408
v -1.547179 -0.308199 2.393846
v -1.551281 -0.257824 2.479274
v -1.549175 -0.184808 2.550001
v -1.544999 -0.116766 2.618798
v -1.538245 -0.047297 2.683352
v -1.530300 0.018875 2.745176
v -1.520841 0.086943 2.803362
v -1.512294 0.144449 2.858373
v -1.503474 0.203522 2.909693
v -1.632334 -0.668481 1.714255
v -1.672377 -0.619771 1.818314
v -1.703972 -0.572207 1.917683
v -1.725308 -0.507463 2.001864
v -1.742299 -0.447447 2.086708
v -1.755772 -0.388600 2.170936
v -1.767012 -0.335591 2.255450
v -1.775827 -0.282903 2.337179
v -1.783584 -0.235448 2.418908
v -1.789243 -0.186096 2.496696
v -1.792058 -0.131868 2.568739
v -1.790471 -0.064571 2.632767
v -1.788487 0.001508 2.694270
v -1.785566 0.070314 2.752194
v -1.782584 0.137404 2.806383
v -1.804900 -0.668948 1.591809
v -1.851684 -0.627880 1.689164
v -1.884620 -0.568695 1.769565
v -1.909486 -0.506712 1.846418
v -1.929306 -0.444575 1.922315
v -1.946096 -0.387641 1.999740
v -1.960932 -0.335089 2.078444
v -1.974758 -0.288376 2.158380
v -1.987334 -0.241568 2.237374
v -1.999371 -0.195590 2.315778
v -2.006753 -0.139000 2.387016
v -2.013672 -0.082214 2.456179
v -2.018434 -0.019647 2.520977
v -2.023291 0.042812 2.583021
v -2.028040 0.106310 2.641489
v -1.957936 -0.671704 1.464601
v -2.009898 -0.627711 1.548576
v -2.044122 -0.565557 1.615694
v -2.070973 -0.500757 1.680998
v -2.092543 -0.437269 1.746565
v -2.111307 -0.377857 1.814434
v -2.128722 -0.325170 1.884987
v -2.145679 -0.275507 1.957970
v -2.162798 -0.230193 2.032589
v -2.179454 -0.185108 2.106717
v -2.195563 -0.138575 2.179531
v -2.204941 -0.077381 2.244087
v -2.215397 -0.016400 2.307830
v -2.224184 0.048294 2.367616
v -2.232519 0.114176 2.424017
v -2.038028 -0.748205 1.062974
v -2.121415 -0.751932 0.951926
v -2.188983 -0.759697 0.835102
v -2.242849 -0.772164 0.709998
v -2.276809 -0.784903 0.573883
v -2.301391 -0.805035 0.427969
v -2.289822 -0.814404 0.272731
v -2.272800 -0.832774 0.115154
v -2.247132 -0.856176 -0.043470
v -2.215487 -0.885449 -0.202992
v -2.175888 -0.919106 -0.363192
v -2.123049 -0.953043 -0.520995
v -2.052281 -0.984020 -0.673104
v -1.947829 -1.000348 -0.806963
v -1.814543 -1.004630 -0.919212
v -1.940021 -0.790085 0.987074
v -2.018671 -0.793707 0.886623
v -2.084387 -0.803229 0.780787
v -2.137052 -0.817702 0.666286
v -2.178241 -0.837592 0.541302
v -2.202078 -0.858885 0.404848
v -2.217293 -0.887196 0.259096
v -2.208174 -0.911233 0.107701
v -2.187176 -0.937590 -0.044366
v -2.158334 -0.968468 -0.198045
v -2.118563 -1.001292 -0.351845
v -2.065125 -1.033738 -0.503215
v -1.991924 -1.061906 -0.647770
v -1.887941 -1.077780 -0.775742
v -1.756104 -1.082794 -0.883094
v -1.834279 -0.838586 0.911101
v -1.909141 -0.841245 0.821211
v -1.973144 -0.851203 0.726271
v -2.027009 -0.867738 0.622711
v -2.069588 -0.889433 0.508142
v -2.101564 -0.916529 0.381948
v -2.118894 -0.945983 0.245511
v -2.125067 -0.979568 0.102365
v -2.118372 -1.014923 -0.044708
v -2.093266 -1.047368 -0.192724
v -2.055264 -1.080143 -0.340692
v -2.000399 -1.110284 -0.484994
v -1.929272 -1.138158 -0.624394
v -1.816680 -1.147612 -0.741129
v -1.687973 -1.154103 -0.843948
v -1.724023 -0.895237 0.837542
v -1.795596 -0.896608 0.757567
v -1.859033 -0.906500 0.673229
v -1.913849 -0.923561 0.580094
v -1.959288 -0.946722 0.475614
v -1.993892 -0.974745 0.359123
v -2.017474 -1.007192 0.232111
v -2.028208 -1.042134 0.097625
v -2.025376 -1.078662 -0.041548
v -2.009634 -1.115661 -0.183926
v -1.977521 -1.150417 -0.326477
v -1.928090 -1.182005 -0.466284
v -1.848577 -1.203003 -0.594699
v -1.739344 -1.213780 -0.706502
v -1.612008 -1.219828 -0.803514
v -1.614485 -0.960838 0.770408
v -1.683489 -0.961014 0.699172
v -1.746741 -0.970219 0.624196
v -1.802679 -0.986957 0.540246
v -1.849808 -1.009891 0.444701
v -1.887076 -1.038089 0.337108
v -1.913296 -1.070258 0.218984
v -1.927682 -1.105748 0.092889
v -1.929188 -1.143046 -0.039018
v -1.916400 -1.179728 -0.174431
v -1.887904 -1.214410 -0.310608
v -1.840224 -1.244659 -0.443509
v -1.765652 -1.266662 -0.567120
v -1.658004 -1.276779 -0.673166
v -1.535195 -1.283569 -0.766215
v -1.514633 -1.035025 0.716547
v -1.580598 -1.034060 0.651070
v -1.642373 -1.042049 0.582418
v -1.697926 -1.057516 0.505209
v -1.745557 -1.079274 0.416758
v -1.783842 -1.106185 0.316695
v -1.811729 -1.137366 0.206463
v -1.827983 -1.172042 0.087664
v -1.831710 -1.208222 -0.037174
v -1.821808 -1.244045 -0.166064
v -1.796099 -1.277552 -0.295899
v -1.751784 -1.306893 -0.423019
v -1.680179 -1.327944 -0.541077
v -1.576908 -1.338410 -0.642880
v -1.458871 -1.345758 -0.732383
v -1.426903 -1.114944 0.677296
v -1.490128 -1.113156 0.614986
v -1.548980 -1.119555 0.549506
v -1.602496 -1.133259 0.476261
v -1.648979 -1.153210 0.392791
v -1.686936 -1.178389 0.298667
v -1.714954 -1.208121 0.194522
v -1.732031 -1.240938 0.082146
v -1.737123 -1.275221 -0.036497
v -1.728995 -1.308989 -0.159228
v -1.705645 -1.340594 -0.283124
v -1.663961 -1.368184 -0.404583
v -1.596073 -1.388288 -0.517793
v -1.497168 -1.398798 -0.615698
v -1.384432 -1.406022 -0.702044
v -1.346385 -1.196514 0.646674
v -1.408561 -1.194747 0.587799
v -1.465047 -1.200039 0.524139
v -1.516062 -1.212111 0.453181
v -1.560506 -1.230196 0.372924
v -1.597001 -1.253574 0.282835
v -1.624331 -1.281143 0.183530
v -1.641370 -1.311597 0.076436
v -1.647056 -1.343239 -0.036775
v -1.640146 -1.374382 -0.153952
v -1.618410 -1.403454 -0.272287
v -1.579032 -1.428859 -0.388511
v -1.513782 -1.447431 -0.496911
v -1.418776 -1.457033 -0.590850
v -1.311583 -1.464047 -0.674300
v -1.269159 -1.277292 0.620734
v -1.331965 -1.276302 0.565488
v -1.387321 -1.281237 0.503736
v -1.436355 -1.292134 0.434284
v -1.478789 -1.308651 0.356162
v -1.513645 -1.329983 0.269056
v -1.539881 -1.355101 0.173510
v -1.556412 -1.382811 0.070730
v -1.562234 -1.411403 -0.037763
v -1.555891 -1.439494 -0.149924
v -1.535267 -1.465648 -0.263175
v -1.496523 -1.488147 -0.374127
v -1.433304 -1.504509 -0.477717
v -1.342414 -1.513082 -0.568102
v -1.236803 -1.517981 -0.646559
v -1.192257 -1.355779 0.594695
v -1.255704 -1.355630 0.543783
v -1.311789 -1.360845 0.485124
v -1.360476 -1.371239 0.417702
v -1.401722 -1.386350 0.341473
v -1.435406 -1.405692 0.256780
v -1.460642 -1.428388 0.164322
v -1.476602 -1.453074 0.065178
v -1.482224 -1.478401 -0.039170
v -1.476038 -1.503167 -0.146805
v -1.455128 -1.525842 -0.255079
v -1.416933 -1.545315 -0.361131
v -1.348634 -1.556972 -0.457552
v -1.256666 -1.562405 -0.541436
v -1.156670 -1.566534 -0.616159
v -1.101606 -1.427775 0.557745
v -1.176121 -1.431091 0.519998
v -1.236398 -1.437456 0.466505
v -1.285078 -1.447233 0.401384
v -1.326411 -1.461261 0.327485
v -1.359622 -1.478807 0.245231
v -1.384429 -1.498992 0.155652
v -1.400080 -1.520667 0.059844
v -1.405521 -1.542752 -0.040697
v -1.399148 -1.564128 -0.144102
v -1.377768 -1.583345 -0.247727
v -1.337388 -1.598959 -0.348477
v -1.261119 -1.605094 -0.436694
v -1.174230 -1.609533 -0.516677
v -1.078700 -1.612577 -0.587296
v -1.008436 -1.496105 0.518230
v -1.081146 -1.499029 0.485452
v -1.145456 -1.506108 0.439640
v -1.200608 -1.516878 0.381355
v -1.246018 -1.530722 0.312007
v -1.281906 -1.547099 0.233406
v -1.307917 -1.565131 0.147072
v -1.323591 -1.583919 0.054662
v -1.328219 -1.602628 -0.042067
v -1.319961 -1.620213 -0.141011
v -1.296839 -1.635716 -0.239748
v -1.250533 -1.646448 -0.333696
v -1.178509 -1.651350 -0.417873
v -1.094572 -1.654261 -0.493336
v -1.005187 -1.656983 -0.560712
v -0.921419 -1.562184 0.484265
v -0.992184 -1.564715 0.455032
v -1.055324 -1.571026 0.412899
v -1.110177 -1.580684 0.358691
v -1.156336 -1.593144 0.293711
v -1.193274 -1.607662 0.219404
v -1.220544 -1.623461 0.137405
v -1.237682 -1.639800 0.049392
v -1.243470 -1.655842 -0.042838
v -1.236841 -1.670846 -0.137277
v -1.214195 -1.683599 -0.231266
v -1.168677 -1.691911 -0.320425
v -1.099213 -1.695253 -0.400216
v -1.020562 -1.697650 -0.472200
v -0.936991 -1.700121 -0.536536
v -0.845134 -1.626052 0.458221
v -0.912012 -1.627794 0.429890
v -0.972958 -1.633088 0.390002
v -1.026883 -1.641443 0.338789
v -1.072905 -1.652239 0.277207
v -1.110312 -1.664800 0.206607
v -1.138546 -1.678412 0.128523
v -1.156462 -1.692334 0.044566
v -1.163879 -1.706067 -0.043568
v -1.156705 -1.718253 -0.133536
v -1.137189 -1.729281 -0.223590
v -1.090132 -1.734907 -0.307783
v -1.025375 -1.737629 -0.383971
v -0.952143 -1.739736 -0.452868
v -0.874402 -1.742165 -0.514475
v -0.781171 -1.687315 0.440426
v -0.843920 -1.688338 0.411445
v -0.901892 -1.692528 0.372192
v -0.953923 -1.699435 0.322626
v -0.998959 -1.708498 0.263442
v -1.036113 -1.719070 0.195763
v -1.064174 -1.730490 0.120935
v -1.082995 -1.742282 0.040472
v -1.088566 -1.753216 -0.043744
v -1.084252 -1.763799 -0.130096
v -1.056829 -1.770660 -0.214610
v -1.014970 -1.775770 -0.295152
v -0.956425 -1.778466 -0.368654
v -0.888274 -1.780438 -0.434427
v -0.816764 -1.783042 -0.493724
v 2.406401 0.139630 2.169141
v 2.575359 0.149648 1.906884
v 2.716620 0.158657 1.625805
v 2.806170 0.196660 1.316805
v 2.882141 0.224347 1.000837
v 2.954131 0.230373 0.683409
v 3.013969 0.223291 0.363970
v 3.043768 0.224237 0.040145
v 2.976258 0.334562 -0.292288
v 2.880663 0.449837 -0.611123
v 2.772690 0.538495 -0.917162
v 2.658993 0.581900 -1.209776
v 2.541508 0.563178 -1.489761
v 2.419297 0.481454 -1.759865
v 2.283430 0.349294 -2.022740
v 2.442609 0.195116 2.201535
v 2.609606 0.208403 1.932548
v 2.749541 0.219418 1.646265
v 2.836062 0.257958 1.331948
v 2.910828 0.286881 1.011500
v 2.985788 0.292901 0.690916
v 3.051942 0.283524 0.368912
v 3.087889 0.281258 0.042183
v 3.024312 0.378590 -0.292952
v 2.926505 0.486863 -0.615132
v 2.817062 0.566810 -0.924119
v 2.702649 0.604837 -1.220414
v 2.585507 0.586941 -1.505488
v 2.464534 0.513637 -1.782184
v 2.331063 0.394050 -2.052368
v 2.470775 0.247851 2.226776
v 2.636040 0.261267 1.952612
v 2.774093 0.272754 1.661729
v 2.856472 0.309595 1.342513
v 2.929472 0.338497 1.018373
v 3.007288 0.345367 0.695571
v 3.079702 0.336526 0.371973
v 3.122373 0.333520 0.043215
v 3.062352 0.419164 -0.293976
v 2.963424 0.520963 -0.619303
v 2.852775 0.591920 -0.930014
v 2.737970 0.625969 -1.229180
v 2.621249 0.609647 -1.518153
v 2.501213 0.543196 -1.799950
v 2.370187 0.436517 -2.076260
v 2.491158 0.296895 2.245066
v 2.654618 0.307661 1.966829
v 2.790174 0.317647 1.672063
v 2.867919 0.348764 1.348699
v 2.938700 0.375807 1.021676
v 3.019069 0.384878 0.697592
v 3.097578 0.380392 0.373295
v 3.146881 0.381172 0.043321
v 3.089839 0.456421 -0.295237
v 2.989860 0.549963 -0.622322
v 2.879064 0.614945 -0.934628
v 2.764205 0.646520 -1.235696
v 2.647907 0.632653 -1.527331
v 2.528798 0.574467 -1.812560
v 2.399368 0.479285 -2.093302
v 2.503084 0.343380 2.255672
v 2.665300 0.348436 1.974929
v 2.798152 0.354062 1.677234
v 2.872104 0.373803 1.351066
v 2.941002 0.396028 1.022285
v 3.023194 0.409127 0.697660
v 3.106340 0.414607 0.373114
v 3.161080 0.425471 0.042473
v 3.106026 0.491347 -0.296738
v 3.005678 0.574920 -0.624484
v 2.895578 0.635737 -0.937653
v 2.781000 0.666694 -1.239741
v 2.665039 0.656240 -1.532674
v 2.546185 0.606549 -1.819378
v 2.417437 0.524359 -2.102352
v 2.505247 0.389667 2.257253
v 2.667399 0.385977 1.976160
v 2.798581 0.384605 1.677205
v 2.872791 0.386415 1.350931
v 2.941917 0.400053 1.022181
v 3.024223 0.419140 0.697116
v 3.107885 0.441127 0.371728
v 3.163798 0.469876 0.040360
v 3.110620 0.525779 -0.298715
v 3.011422 0.597289 -0.626071
v 2.902438 0.656150 -0.939296
v 2.788268 0.687854 -1.241387
v 2.672454 0.681311 -1.534182
v 2.553064 0.638932 -1.820310
v 2.423603 0.572787 -2.102708
v 2.494244 0.436705 2.247215
v 2.659511 0.425820 1.969421
v 2.789714 0.413984 1.670751
v 2.871939 0.397556 1.348760
v 2.944978 0.400920 1.022074
v 3.025265 0.426409 0.696292
v 3.103206 0.467825 0.368778
v 3.152607 0.518593 0.036114
v 3.103443 0.563583 -0.301699
v 3.007545 0.621842 -0.627664
v 2.899467 0.680537 -0.940108
v 2.785843 0.713664 -1.241093
v 2.669950 0.711191 -1.532201
v 2.549818 0.674569 -1.815828
v 2.417804 0.625809 -2.094387
v 2.468793 0.486066 2.224450
v 2.632512 0.464809 1.949128
v 2.768801 0.448489 1.656594
v 2.861560 0.421141 1.340742
v 2.941195 0.418604 1.017787
v 3.018862 0.449703 0.691805
v 3.087807 0.506572 0.362357
v 3.126636 0.574833 0.028624
v 3.082926 0.610725 -0.306740
v 2.992577 0.656974 -0.630383
v 2.885778 0.714802 -0.941029
v 2.773116 0.749291 -1.239654
v 2.657078 0.750780 -1.527377
v 2.535979 0.719971 -1.806357
v 2.400079 0.686241 -2.077918
v 2.423464 0.527468 2.185281
v 2.589296 0.503531 1.917642
v 2.730497 0.491600 1.631968
v 2.832611 0.461870 1.323151
v 2.918341 0.460953 1.004637
v 2.994117 0.497650 0.679761
v 3.055428 0.565047 0.349926
v 3.085737 0.643367 0.016517
v 3.047261 0.672447 -0.315346
v 2.963989 0.709279 -0.635700
v 2.860271 0.764011 -0.943401
v 2.749351 0.798992 -1.238251
v 2.633453 0.804055 -1.520754
v 2.510743 0.780059 -1.792614
v 2.370537 0.757366 -2.054280
v 2.364249 0.567753 2.135044
v 2.530075 0.547458 1.875431
v 2.671396 0.539130 1.595698
v 2.781917 0.521951 1.294869
v 2.871486 0.527060 0.980905
v 2.946491 0.571614 0.658214
v 3.003188 0.646947 0.329470
v 3.029247 0.730379 -0.002103
v 2.996022 0.752898 -0.329418
v 2.920871 0.782129 -0.645542
v 2.822447 0.831085 -0.949025
v 2.714401 0.864890 -1.238557
v 2.599192 0.872699 -1.513973
v 2.474990 0.854987 -1.776507
v 2.330570 0.840491 -2.025945
v 2.291600 0.611143 2.074278
v 2.454485 0.598635 1.822631
v 2.594417 0.600627 1.549415
v 2.708345 0.600215 1.255374
v 2.800596 0.617933 0.945827
v 2.875799 0.672172 0.625971
v 2.931331 0.755952 0.299162
v 2.956357 0.839305 -0.029418
v 2.929928 0.858206 -0.351636
v 2.864141 0.877710 -0.662279
v 2.772760 0.917980 -0.960183
v 2.668611 0.948681 -1.242840
v 2.554776 0.958190 -1.509421
v 2.429976 0.944224 -1.760655
v 2.282052 0.937654 -1.996164
v 2.206523 0.660547 2.003372
v 2.363485 0.661936 1.760231
v 2.499033 0.675737 1.493167
v 2.613485 0.699201 1.204867
v 2.706795 0.731932 0.899024
v 2.783776 0.801029 0.581511
v 2.841596 0.895614 0.257245
v 2.868148 0.976474 -0.068351
v 2.850209 0.996450 -0.385066
v 2.795405 1.000264 -0.688810
v 2.711621 1.029817 -0.979842
v 2.612126 1.055525 -1.254165
v 2.500479 1.063846 -1.510304
v 2.375251 1.055845 -1.748491
v 2.225776 1.048311 -1.967898
v 2.110444 0.721609 1.923931
v 2.257383 0.735234 1.689288
v 2.386036 0.768412 1.428228
v 2.497245 0.811736 1.143232
v 2.592555 0.870461 0.839758
v 2.672677 0.955668 0.524119
v 2.733897 1.059891 0.201204
v 2.766504 1.146859 -0.121227
v 2.758178 1.173539 -0.433247
v 2.713198 1.173147 -0.730393
v 2.638393 1.183050 -1.012566
v 2.543941 1.198878 -1.277205
v 2.434923 1.204926 -1.521578
v 2.311214 1.196424 -1.744753
v 2.162539 1.164547 -1.943788
v 2.004734 0.775618 1.839611
v 2.137223 0.824540 1.614811
v 2.254835 0.866798 1.356763
v 2.360891 0.922099 1.072685
v 2.457054 1.004386 0.769495
v 2.541285 1.113391 0.453477
v 2.609297 1.238611 0.130984
v 2.650933 1.346437 -0.190186
v 2.654003 1.392657 -0.499024
v 2.618292 1.393467 -0.790232
v 2.551099 1.388915 -1.063364
v 2.461505 1.389979 -1.317065
v 2.356024 1.380186 -1.547453
v 2.235516 1.350075 -1.752211
v 2.092865 1.287365 -1.928086
v 1.891849 0.831793 1.761075
v 2.001596 0.906923 1.542710
v 2.105959 0.971116 1.284430
v 2.207778 1.054118 0.996646
v 2.305071 1.160618 0.688915
v 2.394659 1.294088 0.369558
v 2.470102 1.441829 0.045326
v 2.520877 1.570771 -0.275249
v 2.534726 1.639549 -0.582026
v 2.507772 1.646722 -0.868241
v 2.446319 1.627369 -1.132376
v 2.360108 1.601089 -1.373310
v 2.257284 1.561615 -1.587965
v 2.141004 1.495439 -1.772409
v 2.013681 1.401011 -1.923580
v 1.767353 1.513684 -1.977568
v 1.573455 1.515630 -2.032695
v 1.344862 1.530518 -2.094119
v 1.089769 1.581815 -2.156977
v 0.811859 1.649435 -2.210834
v 0.514792 1.694800 -2.244270
v 0.203406 1.680792 -2.248563
v -0.116152 1.563700 -2.216930
v -0.436510 1.340384 -2.149416
v -0.748006 1.112765 -2.065211
v -1.040744 0.922354 -1.977789
v -1.312422 0.785760 -1.893710
v -1.561330 0.697674 -1.815712
v -1.782007 0.655699 -1.746326
v -1.969724 0.631404 -1.692078
v 1.855814 1.676449 -1.854570
v 1.654267 1.715664 -1.911538
v 1.420176 1.755136 -1.972684
v 1.159638 1.818660 -2.033756
v 0.875573 1.893795 -2.084907
v 0.570603 1.941041 -2.112849
v 0.249141 1.912152 -2.105554
v -0.082675 1.784187 -2.058432
v -0.418057 1.560482 -1.972719
v -0.745644 1.296753 -1.864452
v -1.052874 1.079050 -1.761388
v -1.336397 0.915215 -1.670178
v -1.595207 0.810042 -1.593661
v -1.825370 0.733692 -1.533322
v -2.026325 0.704656 -1.490739
v 1.957667 1.819365 -1.699820
v 1.751544 1.891986 -1.764415
v 1.513389 1.957699 -1.830886
v 1.247705 2.036868 -1.894948
v 0.956322 2.118659 -1.946335
v 0.640813 2.161014 -1.969867
v 0.305506 2.118507 -1.952264
v -0.042751 1.984838 -1.890218
v -0.396679 1.773912 -1.787029
v -0.744120 1.505457 -1.654393
v -1.067344 1.254043 -1.528007
v -1.365509 1.071844 -1.426899
v -1.635909 0.928271 -1.348939
v -1.879423 0.848848 -1.292508
v -2.086803 0.722735 -1.258731
v 2.059259 1.937683 -1.513930
v 1.852631 2.040430 -1.588160
v 1.613120 2.129345 -1.662184
v 1.343771 2.222083 -1.731368
v 1.045096 2.307071 -1.784683
v 0.717639 2.343362 -1.805812
v 0.365976 2.292970 -1.780888
v -0.001562 2.154940 -1.705786
v -0.375985 1.942062 -1.583203
v -0.743038 1.681608 -1.429823
v -1.086333 1.447565 -1.282431
v -1.397159 1.239766 -1.164849
v -1.679946 1.079771 -1.081951
v -1.924739 0.874632 -1.029704
v -2.144491 0.736476 -1.001600
v 2.147850 2.035986 -1.298071
v 1.943694 2.167783 -1.381995
v 1.704935 2.274486 -1.463149
v 1.432935 2.371019 -1.536370
v 1.127352 2.448726 -1.590625
v 0.788559 2.475256 -1.610023
v 0.421353 2.419710 -1.580183
v 0.034788 2.271709 -1.493380
v -0.358838 2.036440 -1.351383
v -0.740976 1.760894 -1.177117
v -1.094666 1.525057 -1.014232
v -1.421145 1.353767 -0.885967
v -1.708300 1.129736 -0.797560
v -1.964267 0.915244 -0.748328
v -2.191181 0.738338 -0.725817
v 2.208323 2.101974 -1.052127
v 2.006871 2.256454 -1.143764
v 1.769111 2.371419 -1.229595
v 1.494651 2.458976 -1.303811
v 1.183524 2.517879 -1.356274
v 0.837331 2.530647 -1.373087
v 0.460040 2.473378 -1.339704
v 0.059423 2.324118 -1.244818
v -0.348953 2.080381 -1.089459
v -0.740727 1.791236 -0.900600
v -1.100627 1.556814 -0.726166
v -1.434521 1.392984 -0.589516
v -1.732280 1.203475 -0.496804
v -1.990158 0.942877 -0.449726
v -2.224154 0.758989 -0.433960
v 2.227379 2.105033 -0.776937
v 2.026602 2.273668 -0.873730
v 1.788657 2.390603 -0.961453
v 1.511913 2.464244 -1.033527
v 1.198103 2.502576 -1.081474
v 0.850183 2.503531 -1.094120
v 0.470677 2.451746 -1.057831
v 0.065247 2.321072 -0.959489
v -0.349823 2.100155 -0.799025
v -0.746861 1.826963 -0.602390
v -1.109721 1.591906 -0.418682
v -1.446265 1.446575 -0.276953
v -1.744901 1.244268 -0.183029
v -2.004460 0.994011 -0.138634
v -2.240054 0.799540 -0.128565
v 2.201038 2.025018 -0.476383
v 1.998619 2.205592 -0.576384
v 1.759390 2.330109 -0.664357
v 1.481398 2.400338 -0.732770
v 1.167655 2.429207 -0.774508
v 0.822393 2.425621 -0.781035
v 0.447236 2.383051 -0.740275
v 0.046809 2.279937 -0.640874
v -0.363244 2.093468 -0.479345
v -0.756549 1.850654 -0.281835
v -1.117775 1.622447 -0.093426
v -1.446800 1.431075 0.048841
v -1.748812 1.299207 0.136647
v -2.005011 1.026875 0.176417
v -2.239546 0.849431 0.180919
v 2.136837 1.881131 -0.157635
v 1.930848 2.074699 -0.258725
v 1.689653 2.215802 -0.345782
v 1.411274 2.295890 -0.409563
v 1.100178 2.325899 -0.443200
v 0.760373 2.319857 -0.439481
v 0.395908 2.278187 -0.390021
v 0.010533 2.180731 -0.283584
v -0.382540 2.021254 -0.127057
v -0.760407 1.790337 0.066147
v -1.109902 1.548572 0.249242
v -1.434431 1.353650 0.383069
v -1.727512 1.175541 0.460618
v -1.991705 1.064647 0.489568
v -2.221914 0.881671 0.486793
v 2.047043 1.710211 0.171733
v 1.836031 1.911761 0.073207
v 1.592294 2.067919 -0.009855
v 1.315684 2.159565 -0.066335
v 1.009212 2.188818 -0.086975
v 0.682631 2.165582 -0.065524
v 0.334760 2.103207 0.002348
v -0.026305 2.007350 0.110709
v -0.387169 1.814408 0.276686
v -0.740700 1.570067 0.453860
v -1.078127 1.294503 0.615297
v -1.397524 1.082741 0.723814
v -1.691484 0.982601 0.777986
v -1.950798 0.896933 0.792395
v -2.183193 0.838499 0.781788
v 1.944349 1.539330 0.505120
v 1.728137 1.732971 0.415367
v 1.483328 1.887201 0.342621
v 1.208891 1.973733 0.301289
v 0.915492 1.986298 0.301373
v 0.601448 1.937393 0.350050
v 0.289868 1.793436 0.458140
v -0.030485 1.565105 0.621614
v -0.350747 1.439089 0.743982
v -0.701956 1.308309 0.850242
v -1.038099 1.057129 0.983776
v -1.356691 0.898563 1.059371
v -1.645119 0.821059 1.088144
v -1.901991 0.781152 1.084979
v -2.128659 0.739900 1.063278
v 1.840369 1.376794 0.835712
v 1.621685 1.540370 0.762829
v 1.376588 1.665176 0.710886
v 1.111443 1.730201 0.691171
v 0.817414 1.698607 0.727300
v 0.544048 1.525518 0.839478
v 0.267669 1.377968 0.961587
v -0.030361 1.320181 1.047967
v -0.332559 1.254115 1.126286
v -0.670886 1.135048 1.228989
v -0.997535 0.937383 1.329385
v -1.309427 0.811028 1.377127
v -1.591346 0.745164 1.383963
v -1.843249 0.711886 1.364897
v -2.065408 0.687626 1.333477
v 1.744995 1.219663 1.153826
v 1.527526 1.331903 1.107173
v 1.287564 1.414739 1.083529
v 1.027743 1.460351 1.088660
v 0.754868 1.401257 1.144114
v 0.499889 1.332824 1.225963
v 0.239604 1.286971 1.308255
v -0.028602 1.248828 1.384766
v -0.324565 1.204006 1.466997
v -0.642768 1.064050 1.568936
v -0.961398 0.916221 1.637176
v -1.261351 0.807655 1.663469
v -1.533709 0.744951 1.654055
v -1.778670 0.705421 1.624547
v -1.994308 0.681029 1.587047
v 1.665249 1.059746 1.446623
v 1.454963 1.122462 1.432431
v 1.221474 1.173955 1.439652
v 0.974641 1.206811 1.469459
v 0.722360 1.220182 1.517245
v 0.472561 1.217395 1.580343
v 0.224622 1.224143 1.646655
v -0.037258 1.224840 1.717007
v -0.320852 1.156424 1.797011
v -0.625592 1.046600 1.865667
v -0.934379 0.931943 1.908786
v -1.221288 0.845668 1.914344
v -1.482637 0.785933 1.892908
v -1.717224 0.745071 1.854745
v -1.922244 0.714810 1.811545
v 1.608267 0.917200 1.697855
v 1.409525 0.946054 1.718620
v 1.183925 0.977064 1.756690
v 0.944411 1.011739 1.806291
v 0.701329 1.045855 1.864500
v 0.459269 1.083988 1.924682
v 0.214030 1.117968 1.983289
v -0.044047 1.119168 2.040509
v -0.326341 1.070539 2.096396
v -0.625491 0.999353 2.137751
v -0.919331 0.939553 2.149479
v -1.195462 0.882805 2.134922
v -1.447361 0.831890 2.099847
v -1.669614 0.803445 2.049742
v -1.861493 0.773377 1.998783
v -2.769462 -0.056849 -2.025885
v -2.947280 -0.044758 -1.763268
v -3.110207 -0.040942 -1.489000
v -3.239406 -0.032523 -1.195711
v -3.333671 -0.020254 -0.888840
v -3.396504 -0.007137 -0.574134
v -3.398994 0.021539 -0.250712
v -3.345770 0.063593 0.071812
v -3.271672 0.105694 0.386433
v -3.198851 0.130198 0.688317
v -3.137497 0.136434 0.979664
v -3.054024 0.145476 1.257960
v -2.921485 0.168734 1.517414
v -2.781178 0.189956 1.776348
v -2.607755 0.220837 2.025456
v -2.778920 0.015081 -2.049733
v -2.957371 0.024616 -1.783496
v -3.123100 0.025776 -1.507113
v -3.267831 0.025549 -1.216724
v -3.362817 0.037869 -0.905444
v -3.424822 0.051550 -0.586106
v -3.417153 0.080753 -0.256705
v -3.357116 0.118059 0.070265
v -3.277089 0.155427 0.388739
v -3.203209 0.176005 0.694566
v -3.146601 0.180785 0.991029
v -3.074422 0.189203 1.277273
v -2.943375 0.212453 1.543074
v -2.797536 0.237314 1.806126
v -2.619343 0.269833 2.059257
v -2.780605 0.084079 -2.065144
v -2.958840 0.090940 -1.795992
v -3.126904 0.090452 -1.518381
v -3.282935 0.087684 -1.230377
v -3.382701 0.097902 -0.917589
v -3.444404 0.111392 -0.594961
v -3.428320 0.135555 -0.261029
v -3.362082 0.163008 0.069317
v -3.276767 0.191551 0.390713
v -3.201872 0.207184 0.699583
v -3.150190 0.212524 1.000128
v -3.088726 0.224086 1.293047
v -2.959238 0.247768 1.564108
v -2.807998 0.274985 1.830118
v -2.627552 0.307675 2.087214
v -2.774941 0.144982 -2.072526
v -2.951648 0.148448 -1.800950
v -3.122281 0.148386 -1.523358
v -3.281296 0.149898 -1.235469
v -3.392516 0.158516 -0.925167
v -3.453633 0.171162 -0.600243
v -3.431624 0.183636 -0.263480
v -3.361020 0.194587 0.069036
v -3.271565 0.209392 0.392469
v -3.196103 0.219146 0.703592
v -3.148416 0.227780 1.006956
v -3.096996 0.248577 1.305251
v -2.968696 0.272722 1.580408
v -2.814934 0.300847 1.849317
v -2.632678 0.332904 2.109444
v -2.762890 0.192858 -2.072650
v -2.937889 0.191942 -1.799714
v -3.109027 0.195166 -1.522298
v -3.270797 0.205049 -1.235442
v -3.389366 0.218335 -0.927236
v -3.451178 0.229311 -0.601731
v -3.426722 0.223279 -0.263866
v -3.355433 0.211061 0.069450
v -3.264686 0.207409 0.394198
v -3.189108 0.210755 0.706854
v -3.145107 0.226327 1.012347
v -3.095160 0.261182 1.312616
v -2.973881 0.288636 1.592718
v -2.818776 0.317154 1.864128
v -2.635994 0.348141 2.126796
v -2.746114 0.226300 -2.066758
v -2.919759 0.220063 -1.793887
v -3.090030 0.228674 -1.516816
v -3.250593 0.251088 -1.230114
v -3.372545 0.274067 -0.923754
v -3.434824 0.283280 -0.598886
v -3.413660 0.254404 -0.262159
v -3.347266 0.215471 0.070564
v -3.259904 0.191032 0.395950
v -3.185722 0.188470 0.709823
v -3.141930 0.213837 1.016351
v -3.090464 0.265546 1.317304
v -2.973511 0.300186 1.600741
v -2.820144 0.331378 1.875121
v -2.637641 0.362170 2.140106
v -2.725698 0.249872 -2.055638
v -2.899019 0.238718 -1.784603
v -3.066334 0.253098 -1.507505
v -3.221817 0.288138 -1.220032
v -3.341196 0.321805 -0.914486
v -3.403870 0.328606 -0.591660
v -3.391624 0.279484 -0.258316
v -3.335520 0.215946 0.072391
v -3.256324 0.172297 0.397599
v -3.184565 0.164815 0.712111
v -3.137873 0.200803 1.018710
v -3.079965 0.268312 1.318493
v -2.965536 0.313304 1.603912
v -2.814930 0.351628 1.880984
v -2.633730 0.385623 2.147989
v -2.699807 0.271724 -2.037818
v -2.872952 0.257107 -1.769900
v -3.035833 0.275720 -1.493104
v -3.183621 0.319679 -1.204834
v -3.296413 0.358844 -0.899927
v -3.359234 0.363677 -0.580467
v -3.358240 0.301692 -0.252241
v -3.314769 0.220206 0.075010
v -3.245848 0.161604 0.398771
v -3.176803 0.149693 0.712766
v -3.125210 0.194893 1.017972
v -3.059089 0.274464 1.315260
v -2.944626 0.329513 1.600700
v -2.797447 0.381136 1.879654
v -2.617684 0.420397 2.147307
v -2.664502 0.296718 -2.010173
v -2.836673 0.280768 -1.746673
v -2.994371 0.301276 -1.471523
v -3.133993 0.349784 -1.183831
v -3.238889 0.385917 -0.880699
v -3.301413 0.389822 -0.565805
v -3.310649 0.323662 -0.243872
v -3.278966 0.231816 0.078530
v -3.219813 0.163515 0.399274
v -3.153098 0.147076 0.711131
v -3.096504 0.198887 1.013372
v -3.022574 0.285296 1.306995
v -2.907471 0.348753 1.590887
v -2.761749 0.410966 1.868915
v -2.586137 0.463638 2.136576
v -2.617878 0.327104 -1.971650
v -2.787416 0.311165 -1.713908
v -2.939387 0.332307 -1.442314
v -3.070801 0.379691 -1.157120
v -3.168125 0.406519 -0.857558
v -3.229642 0.409005 -0.548302
v -3.246729 0.348028 -0.233302
v -3.224444 0.252574 0.083176
v -3.173351 0.180234 0.399517
v -3.108967 0.159479 0.707784
v -3.047883 0.214224 1.005678
v -2.967970 0.301989 1.294804
v -2.852747 0.370076 1.575719
v -2.708859 0.437981 1.850582
v -2.538889 0.509964 2.116485
v -2.559755 0.363441 -1.922758
v -2.724641 0.349823 -1.672572
v -2.869508 0.367758 -1.406391
v -2.993298 0.414732 -1.125733
v -3.082680 0.421388 -0.831444
v -3.142728 0.424828 -0.528614
v -3.165165 0.378173 -0.220584
v -3.149565 0.284713 0.089393
v -3.104422 0.213858 0.400501
v -3.043566 0.192803 0.704133
v -2.978060 0.242613 0.996824
v -2.894909 0.327059 1.280847
v -2.781050 0.394508 1.557737
v -2.641090 0.463772 1.827515
v -2.478095 0.560368 2.089652
v -2.490815 0.408673 -1.865469
v -2.648257 0.395963 -1.624673
v -2.784820 0.411619 -1.365888
v -2.897850 0.436824 -1.091092
v -2.981947 0.437049 -0.803794
v -3.039342 0.441105 -0.507397
v -3.064927 0.415357 -0.205838
v -3.053495 0.332574 0.098016
v -3.012640 0.266734 0.403752
v -2.954963 0.247580 0.702123
v -2.887460 0.287220 0.989337
v -2.803743 0.364407 1.268129
v -2.693451 0.423496 1.539795
v -2.560129 0.494069 1.803239
v -2.404187 0.592593 2.055999
v -2.411806 0.462059 -1.802847
v -2.558245 0.450700 -1.573717
v -2.684649 0.466126 -1.323799
v -2.786049 0.458051 -1.056662
v -2.864332 0.457163 -0.776147
v -2.917941 0.458145 -0.485893
v -2.946225 0.471324 -0.188766
v -2.935507 0.394383 0.109997
v -2.898133 0.341815 0.411151
v -2.843386 0.322276 0.704232
v -2.776721 0.351241 0.986452
v -2.695081 0.415897 1.260240
v -2.590931 0.462516 1.525873
v -2.466770 0.526837 1.780934
v -2.320827 0.625133 2.020956
v -2.324401 0.519307 -1.741114
v -2.454209 0.517872 -1.525824
v -2.565859 0.514420 -1.285365
v -2.656857 0.490918 -1.025991
v -2.728275 0.484409 -0.751079
v -2.778067 0.491423 -0.465013
v -2.803965 0.508962 -0.171529
v -2.796408 0.480373 0.126552
v -2.761679 0.438064 0.424101
v -2.710271 0.418029 0.713114
v -2.646571 0.434571 0.991378
v -2.569307 0.486070 1.261537
v -2.473078 0.509354 1.520409
v -2.360890 0.567898 1.766034
v -2.229504 0.659846 1.988600
v -2.228157 0.585341 -1.690273
v -2.334950 0.591153 -1.488510
v -2.427843 0.563190 -1.257831
v -2.508063 0.543342 -1.003348
v -2.571857 0.532716 -0.731750
v -2.617357 0.542653 -0.447197
v -2.640078 0.567917 -0.153267
v -2.636523 0.593844 0.147151
v -2.604040 0.555646 0.443048
v -2.556960 0.537275 0.730487
v -2.497100 0.536382 1.007017
v -2.424574 0.558156 1.274535
v -2.338044 0.568640 1.528593
v -2.240328 0.616661 1.763169
v -2.128526 0.696782 1.965996
v -2.248486 0.241277 2.523682
v -2.037328 0.230487 2.744949
v -1.775920 0.268424 2.899581
v -1.486617 0.311027 2.999129
v -1.181903 0.343520 3.078152
v -0.863414 0.357615 3.148145
v -0.534691 0.345241 3.212214
v -0.208365 0.304019 3.263006
v 0.117812 0.234106 3.293720
v 0.454927 0.163580 3.280973
v 0.784640 0.157734 3.196954
v 1.103850 0.161298 3.077201
v 1.408039 0.163151 2.937497
v 1.694748 0.157919 2.783006
v 1.962706 0.144680 2.609288
v -2.254815 0.298968 2.565045
v -2.040822 0.291191 2.788323
v -1.771534 0.329805 2.936600
v -1.477372 0.363724 3.034557
v -1.168409 0.388087 3.113938
v -0.846179 0.397029 3.186117
v -0.514920 0.383612 3.252516
v -0.187696 0.344697 3.305342
v 0.139840 0.288153 3.340741
v 0.480105 0.220369 3.333731
v 0.814522 0.203739 3.254744
v 1.138327 0.198724 3.137677
v 1.445619 0.198687 2.997584
v 1.735227 0.194181 2.839914
v 2.005879 0.183357 2.661799
v -2.258830 0.351156 2.599651
v -2.042521 0.350409 2.824999
v -1.765230 0.388805 2.966482
v -1.467170 0.413230 3.062547
v -1.154701 0.430796 3.141834
v -0.829678 0.435645 3.215590
v -0.496871 0.422350 3.283416
v -0.169675 0.388403 3.338211
v 0.158966 0.343089 3.378075
v 0.500828 0.278869 3.375208
v 0.839894 0.250832 3.303666
v 1.165818 0.242422 3.185480
v 1.476299 0.238792 3.046934
v 1.768299 0.234764 2.886470
v 2.038879 0.229293 2.702034
v -2.259864 0.397379 2.626917
v -2.041267 0.409268 2.853916
v -1.756459 0.442384 2.987898
v -1.455600 0.458281 3.082092
v -1.140793 0.469776 3.161052
v -0.813988 0.472304 3.235662
v -0.480729 0.460706 3.304079
v -0.154017 0.433817 3.360409
v 0.174338 0.399093 3.402526
v 0.517954 0.337788 3.407356
v 0.855488 0.312306 3.328698
v 1.187176 0.290413 3.222563
v 1.498593 0.286325 3.081666
v 1.793215 0.281234 2.921397
v 2.061864 0.280625 2.729751
v -2.256893 0.438909 2.645919
v -2.035286 0.469985 2.873276
v -1.744313 0.487828 2.999106
v -1.442583 0.497192 3.092605
v -1.126629 0.503622 3.170903
v -0.799227 0.505646 3.245602
v -0.466495 0.497063 3.313801
v -0.140900 0.479852 3.370067
v 0.186379 0.454951 3.413682
v 0.528670 0.406080 3.419211
v 0.865171 0.374407 3.339616
v 1.197219 0.350399 3.235092
v 1.512432 0.339799 3.101996
v 1.807898 0.335680 2.940925
v 2.076208 0.335273 2.746698
v -2.249860 0.480336 2.657621
v -2.018124 0.527464 2.874636
v -1.729731 0.525718 3.001360
v -1.427410 0.529755 3.092939
v -1.112144 0.532184 3.170825
v -0.785334 0.534889 3.244709
v -0.454125 0.530394 3.311770
v -0.130232 0.524411 3.366026
v 0.194855 0.511570 3.408528
v 0.533440 0.477756 3.409555
v 0.867481 0.438605 3.331703
v 1.198411 0.410933 3.229141
v 1.515028 0.399823 3.101946
v 1.810194 0.396103 2.941806
v 2.078830 0.394772 2.748788
v -2.234936 0.525879 2.658720
v -1.995117 0.578372 2.864976
v -1.710713 0.559705 2.992659
v -1.410031 0.557279 3.082914
v -1.096932 0.556286 3.159959
v -0.772157 0.559951 3.232324
v -0.443401 0.560098 3.297231
v -0.121920 0.565461 3.347561
v 0.199938 0.566082 3.385449
v 0.532781 0.547018 3.378544
v 0.862704 0.499950 3.304840
v 1.190643 0.468874 3.204362
v 1.504966 0.458394 3.078795
v 1.797258 0.455002 2.919804
v 2.066957 0.456125 2.732736
v -2.210013 0.575531 2.647870
v -1.965464 0.624279 2.843765
v -1.686644 0.591882 2.972301
v -1.389863 0.581094 3.061601
v -1.080742 0.576633 3.137656
v -0.759501 0.580875 3.207887
v -0.434112 0.585627 3.269766
v -0.115755 0.601184 3.314709
v 0.202005 0.615231 3.345252
v 0.527783 0.608359 3.329565
v 0.851779 0.557001 3.260578
v 1.174516 0.520882 3.161928
v 1.483379 0.507552 3.034910
v 1.771005 0.503287 2.878060
v 2.037839 0.509720 2.695245
v -2.173971 0.626359 2.623896
v -1.929158 0.668684 2.811310
v -1.657250 0.620243 2.939394
v -1.366976 0.601611 3.028725
v -1.063552 0.593175 3.103470
v -0.747339 0.597538 3.171127
v -0.426153 0.606517 3.229241
v -0.111515 0.630620 3.268122
v 0.201620 0.658172 3.288914
v 0.519665 0.663008 3.265789
v 0.835363 0.608100 3.198827
v 1.151156 0.570578 3.102992
v 1.452374 0.543747 2.973744
v 1.734226 0.540703 2.820567
v 1.994455 0.546816 2.640362
v -2.127898 0.678053 2.587541
v -1.886025 0.703381 2.765424
v -1.624017 0.644982 2.895434
v -1.341817 0.618228 2.983966
v -1.045648 0.606514 3.057104
v -0.735746 0.610310 3.121737
v -0.419461 0.623040 3.175526
v -0.108878 0.654344 3.207759
v 0.199405 0.695243 3.217237
v 0.509360 0.711964 3.185588
v 0.815200 0.659418 3.119830
v 1.119874 0.604366 3.022668
v 1.414097 0.573103 2.897487
v 1.688365 0.567146 2.748042
v 1.941785 0.576226 2.573371
v -2.073559 0.728799 2.539267
v -1.838073 0.737822 2.707537
v -1.587522 0.668558 2.838867
v -1.314905 0.634460 2.926239
v -1.027375 0.618369 2.997827
v -0.724550 0.621996 3.058536
v -0.413739 0.637478 3.107507
v -0.107444 0.673946 3.133026
v 0.196592 0.729230 3.127915
v 0.497348 0.751375 3.086781
v 0.790825 0.691758 3.019298
v 1.084460 0.633755 2.925426
v 1.369417 0.596051 2.804621
v 1.635732 0.588567 2.661330
v 1.880354 0.600009 2.493648
v -2.013145 0.776459 2.479476
v -1.787404 0.771373 2.638043
v -1.546884 0.704138 2.763469
v -1.287735 0.650841 2.855683
v -1.007903 0.637948 2.921797
v -0.713121 0.638389 2.978920
v -0.407560 0.657876 3.021207
v -0.105533 0.698101 3.039660
v 0.194654 0.765932 3.017388
v 0.484254 0.779053 2.968374
v 0.765648 0.721952 2.899897
v 1.046512 0.659523 2.809379
v 1.320794 0.618692 2.695356
v 1.578096 0.609248 2.559590
v 1.812460 0.623458 2.401848
v -1.950478 0.822039 2.409799
v -1.736212 0.807205 2.554922
v -1.506774 0.743503 2.673278
v -1.257559 0.690719 2.761508
v -0.987162 0.671763 2.825627
v -0.699055 0.673578 2.875949
v -0.399314 0.692634 2.910939
v -0.100615 0.738230 2.917725
v 0.194457 0.809393 2.881674
v 0.472386 0.809265 2.827833
v 0.741134 0.751241 2.759226
v 1.008913 0.688982 2.673190
v 1.271248 0.646048 2.567556
v 1.518065 0.635220 2.442216
v 1.741144 0.652092 2.296938
v -1.891265 0.852630 2.330991
v -1.690524 0.839128 2.458370
v -1.469584 0.792909 2.563164
v -1.230030 0.738691 2.648234
v -0.965653 0.723659 2.704626
v -0.682531 0.728611 2.745925
v -0.388023 0.747103 2.771575
v -0.090775 0.802959 2.759589
v 0.196624 0.864778 2.716152
v 0.462215 0.844718 2.660630
v 0.719540 0.787531 2.593650
v 0.975130 0.727714 2.513076
v 1.225886 0.684879 2.417634
v 1.461553 0.673242 2.306279
v 1.672029 0.689376 2.178762
v -1.846517 0.847371 2.243304
v -1.655098 0.877767 2.344251
v -1.442763 0.834171 2.433321
v -1.204956 0.806579 2.503841
v -0.945844 0.789183 2.556701
v -0.664027 0.804487 2.584163
v -0.369699 0.836569 2.590534
v -0.076648 0.892148 2.564073
v 0.200229 0.932165 2.514436
v 0.454934 0.896738 2.459964
v 0.703186 0.840388 2.395739
v 0.949561 0.784839 2.322041
v 1.191321 0.744458 2.239142
v 1.417373 0.730211 2.147393
v 1.614446 0.741255 2.046572
v 1.886749 0.161890 -2.470234
v 1.623593 0.122453 -2.626939
v 1.334006 0.119283 -2.742638
v 1.036523 0.117785 -2.841200
v 0.735793 0.102437 -2.933751
v 0.429974 0.068784 -3.019548
v 0.114490 0.037580 -3.070114
v -0.205711 0.025763 -3.060165
v -0.525263 0.010565 -3.024158
v -0.842105 -0.004696 -2.971874
v -1.155512 -0.024253 -2.909122
v -1.464792 -0.041530 -2.834447
v -1.768086 -0.061656 -2.743156
v -2.061197 -0.075808 -2.629185
v -2.339027 -0.088361 -2.481679
v 1.934066 0.221959 -2.511985
v 1.669869 0.176885 -2.674743
v 1.375981 0.163355 -2.792081
v 1.073576 0.152071 -2.891168
v 0.767600 0.130836 -2.983748
v 0.456522 0.096493 -3.068976
v 0.136046 0.069077 -3.115867
v -0.188543 0.062140 -3.098080
v -0.512061 0.051118 -3.056423
v -0.832783 0.038527 -3.001087
v -1.150244 0.023191 -2.937852
v -1.463659 0.008597 -2.864362
v -1.771356 -0.006304 -2.775002
v -2.068423 -0.013538 -2.662431
v -2.350666 -0.020324 -2.516077
v 1.973204 0.280692 -2.546232
v 1.709013 0.233386 -2.715424
v 1.411607 0.208611 -2.834274
v 1.105178 0.186917 -2.934133
v 0.794830 0.159347 -3.027008
v 0.479378 0.124028 -3.112016
v 0.154772 0.098316 -3.157669
v -0.173524 0.095317 -3.131749
v -0.500256 0.087751 -3.083891
v -0.824081 0.078244 -3.024897
v -1.144746 0.066848 -2.960808
v -1.461512 0.055939 -2.888671
v -1.772495 0.046933 -2.800778
v -2.072551 0.047251 -2.689122
v -2.356981 0.048325 -2.542115
v 2.002871 0.340892 -2.571421
v 1.739843 0.291731 -2.747120
v 1.440050 0.256272 -2.867699
v 1.130604 0.223130 -2.968280
v 0.816996 0.189226 -3.061675
v 0.498197 0.153156 -3.146630
v 0.170303 0.128219 -3.192569
v -0.160873 0.126841 -3.158421
v -0.489935 0.120933 -3.104814
v -0.815970 0.112916 -3.042482
v -1.138926 0.105254 -2.977623
v -1.458169 0.098576 -2.907093
v -1.771429 0.096326 -2.820392
v -2.073095 0.104870 -2.708654
v -2.358774 0.115145 -2.560743
v 2.020788 0.405383 -2.584474
v 1.761345 0.355031 -2.768264
v 1.459861 0.308241 -2.889760
v 1.149380 0.261954 -2.992177
v 0.833676 0.221917 -3.085951
v 0.512703 0.185856 -3.170523
v 0.182405 0.161772 -3.216655
v -0.150722 0.158187 -3.174845
v -0.481097 0.150993 -3.117371
v -0.808357 0.142656 -3.052905
v -1.132581 0.137192 -2.987816
v -1.453337 0.135668 -2.919093
v -1.767731 0.141028 -2.833183
v -2.069536 0.158113 -2.720197
v -2.355313 0.179713 -2.571010
v 2.025797 0.475369 -2.584060
v 1.766932 0.428872 -2.768641
v 1.471017 0.366336 -2.899822
v 1.160634 0.305999 -3.003764
v 0.844619 0.259718 -3.098190
v 0.522540 0.224704 -3.181367
v 0.190863 0.201731 -3.224157
v -0.143086 0.190308 -3.178660
v -0.473662 0.179001 -3.120024
v -0.801072 0.168432 -3.055362
v -1.125474 0.163588 -2.990985
v -1.446596 0.168015 -2.923879
v -1.760759 0.181914 -2.838077
v -2.061242 0.206806 -2.722778
v -2.343872 0.241673 -2.569294
v 2.015747 0.550391 -2.566850
v 1.759342 0.504727 -2.751713
v 1.471277 0.434349 -2.893420
v 1.164014 0.358592 -3.001256
v 0.849194 0.306619 -3.095840
v 0.527187 0.272841 -3.175634
v 0.195511 0.248095 -3.212069
v -0.137850 0.224380 -3.168810
v -0.467454 0.206887 -3.111569
v -0.793844 0.192672 -3.048706
v -1.117197 0.187603 -2.985985
v -1.437287 0.198465 -2.919877
v -1.749573 0.220921 -2.833334
v -2.047436 0.254213 -2.714916
v -2.321856 0.293822 -2.552118
v 1.993034 0.624395 -2.535568
v 1.739227 0.578078 -2.717930
v 1.460320 0.509096 -2.868788
v 1.158313 0.422996 -2.980698
v 0.846567 0.365652 -3.075170
v 0.526154 0.331687 -3.149912
v 0.196379 0.300249 -3.181273
v -0.134813 0.262574 -3.144555
v -0.462233 0.237498 -3.090718
v -0.786332 0.218775 -3.031014
v -1.107190 0.213321 -2.970354
v -1.424488 0.230271 -2.904319
v -1.733376 0.261240 -2.816712
v -2.026140 0.301413 -2.693287
v -2.292124 0.336535 -2.522903
v 1.960415 0.696595 -2.493612
v 1.710024 0.645872 -2.671368
v 1.438533 0.586971 -2.824959
v 1.143530 0.496565 -2.940350
v 0.836531 0.437559 -3.033910
v 0.519613 0.401319 -3.103965
v 0.193739 0.360017 -3.132840
v -0.133784 0.308206 -3.104836
v -0.457779 0.274258 -3.055767
v -0.778311 0.250271 -2.999894
v -1.095076 0.243875 -2.941042
v -1.407586 0.265904 -2.874000
v -1.711544 0.305307 -2.785706
v -1.996917 0.348724 -2.656188
v -2.255086 0.372875 -2.481714
v 1.920346 0.769372 -2.443341
v 1.674388 0.714132 -2.614711
v 1.407469 0.651966 -2.761969
v 1.121655 0.581706 -2.882010
v 0.820294 0.522012 -2.972737
v 0.508520 0.483587 -3.039020
v 0.188010 0.431834 -3.067104
v -0.134532 0.365549 -3.048281
v -0.454028 0.321046 -3.005087
v -0.769847 0.290010 -2.953066
v -1.081095 0.282064 -2.895524
v -1.386693 0.304463 -2.826074
v -1.683755 0.353658 -2.736646
v -1.960473 0.394706 -2.602676
v -2.211062 0.407739 -2.428008
v 1.875342 0.846355 -2.387280
v 1.634120 0.783953 -2.548570
v 1.373047 0.719428 -2.687939
v 1.094803 0.676678 -2.805783
v 0.799900 0.618207 -2.893719
v 0.494114 0.584641 -2.956678
v 0.179825 0.520899 -2.984148
v -0.136892 0.439570 -2.974669
v -0.451053 0.382600 -2.937058
v -0.761456 0.342284 -2.889003
v -1.066014 0.328332 -2.831738
v -1.363591 0.351101 -2.760132
v -1.650201 0.392834 -2.665052
v -1.918546 0.443472 -2.532685
v -2.160316 0.437783 -2.360373
v 1.827570 0.930413 -2.327414
v 1.592558 0.859301 -2.475319
v 1.338197 0.799090 -2.604202
v 1.065905 0.757995 -2.712515
v 0.778584 0.745613 -2.800238
v 0.478247 0.702804 -2.858245
v 0.170233 0.636530 -2.885552
v -0.140340 0.539959 -2.881635
v -0.449211 0.464847 -2.851278
v -0.753739 0.411322 -2.805709
v -1.051539 0.390169 -2.748416
v -1.339708 0.397686 -2.674102
v -1.616050 0.447438 -2.575647
v -1.871002 0.453684 -2.442058
v -2.105720 0.478920 -2.280919
v 1.780365 1.022697 -2.265679
v 1.553736 0.947139 -2.397133
v 1.306683 0.890353 -2.512173
v 1.041213 0.868167 -2.611050
v 0.759317 0.857654 -2.689862
v 0.464471 0.857799 -2.747503
v 0.160830 0.779348 -2.772918
v -0.144694 0.678345 -2.769850
v -0.448538 0.577827 -2.745188
v -0.747832 0.507254 -2.701759
v -1.038825 0.464056 -2.642392
v -1.318635 0.471310 -2.565181
v -1.581596 0.467903 -2.463654
v -1.825954 0.479343 -2.338598
v -2.047819 0.493670 -2.187327
v 1.739009 1.125276 -2.203605
v 1.523447 1.051446 -2.315154
v 1.284560 1.006948 -2.415004
v 1.025335 0.998996 -2.502250
v 0.748186 1.011523 -2.573827
v 0.456746 1.013516 -2.624608
v 0.155235 0.976001 -2.650245
v -0.148774 0.850793 -2.644906
v -0.449508 0.737502 -2.617547
v -0.744276 0.634774 -2.571815
v -1.030719 0.577497 -2.510870
v -1.301915 0.529758 -2.431083
v -1.554707 0.505249 -2.334089
v -1.787061 0.502814 -2.219332
v -1.994524 0.515366 -2.085789
v 1.711352 1.238349 -2.140738
v 1.509777 1.178335 -2.229455
v 1.278914 1.151596 -2.313385
v 1.024291 1.164312 -2.390226
v 0.749879 1.195761 -2.454161
v 0.459406 1.214556 -2.499075
v 0.157920 1.196701 -2.520359
v -0.148458 1.074217 -2.509485
v -0.451323 0.928275 -2.476019
v -0.745812 0.802693 -2.423752
v -1.027151 0.676404 -2.354237
v -1.293612 0.596724 -2.274547
v -1.539863 0.550717 -2.184227
v -1.761261 0.537113 -2.084814
v -1.953846 0.545825 -1.974935
v 0.394097 -1.965887 0.478858
v 0.342833 -1.949428 0.513122
v 0.284337 -1.933962 0.543349
v 0.219378 -1.919771 0.569064
v 0.149014 -1.906755 0.590159
v 0.074225 -1.894793 0.604288
v -0.003410 -1.883967 0.612341
v -0.082632 -1.873865 0.609909
v -0.160338 -1.863670 0.592285
v -0.235744 -1.853410 0.572789
v -0.308187 -1.843081 0.550901
v -0.377669 -1.832952 0.529649
v -0.444430 -1.823378 0.509710
v -0.508792 -1.814864 0.490921
v -0.570956 -1.807918 0.471981
v 0.364068 -2.014237 0.451115
v 0.317565 -1.997611 0.483437
v 0.264307 -1.981691 0.512293
v 0.205002 -1.966561 0.537618
v 0.140452 -1.952409 0.558906
v 0.071629 -1.939342 0.576006
v -0.000506 -1.927625 0.587225
v -0.074536 -1.917108 0.592333
v -0.149110 -1.907537 0.589786
v -0.221690 -1.898186 0.575602
v -0.291805 -1.889041 0.558089
v -0.359115 -1.880200 0.538595
v -0.423653 -1.871929 0.518596
v -0.485581 -1.864559 0.498198
v -0.545066 -1.858502 0.476658
v 0.337097 -2.060399 0.427393
v 0.294536 -2.043997 0.457887
v 0.245744 -2.027613 0.485320
v 0.191262 -2.011659 0.509633
v 0.131826 -1.996286 0.530742
v 0.068163 -1.982182 0.548221
v 0.001270 -1.968885 0.561692
v -0.068073 -1.957910 0.570224
v -0.138460 -1.948497 0.572713
v -0.208470 -1.939822 0.568676
v -0.276705 -1.931668 0.557818
v -0.342568 -1.923961 0.542746
v -0.405756 -1.916840 0.524678
v -0.466162 -1.910542 0.504221
v -0.523818 -1.905353 0.481246
v 0.313007 -2.103495 0.406938
v 0.273656 -2.087207 0.435628
v 0.228558 -2.070439 0.461489
v 0.178146 -2.053793 0.484621
v 0.123048 -2.037453 0.504858
v 0.064033 -2.021690 0.522028
v 0.001690 -2.008007 0.535850
v -0.063061 -1.996206 0.545866
v -0.129270 -1.986382 0.551455
v -0.195812 -1.978275 0.551767
v -0.261592 -1.970902 0.546834
v -0.325802 -1.964189 0.536969
v -0.387913 -1.958122 0.522870
v -0.447539 -1.952829 0.504787
v -0.504344 -1.948505 0.482543
v 0.291289 -2.141367 0.388346
v 0.254393 -2.125938 0.415259
v 0.212207 -2.109265 0.439425
v 0.165168 -2.091439 0.460741
v 0.113848 -2.074135 0.479489
v 0.058906 -2.057889 0.495714
v 0.000923 -2.043229 0.509185
v -0.059441 -2.030924 0.519653
v -0.121440 -2.021243 0.526663
v -0.184184 -2.013430 0.529658
v -0.246776 -2.006740 0.528147
v -0.308459 -2.000883 0.522039
v -0.368585 -1.995732 0.511279
v -0.426569 -1.991319 0.495726
v -0.481791 -1.987724 0.474984
v 0.270642 -2.172849 0.369718
v 0.235297 -2.158049 0.393940
v 0.195414 -2.140960 0.415444
v 0.151390 -2.123356 0.434811
v 0.103682 -2.105939 0.452205
v 0.052684 -2.089639 0.467573
v -0.001130 -2.075161 0.480760
v -0.057211 -2.062952 0.491498
v -0.114941 -2.053000 0.499388
v -0.173670 -2.045235 0.503943
v -0.232686 -2.039200 0.504680
v -0.291234 -2.034099 0.501118
v -0.348612 -2.029785 0.492849
v -0.404062 -2.026151 0.479353
v -0.456715 -2.023188 0.459989
v 0.248361 -2.195222 0.346821
v 0.214697 -2.181740 0.368461
v 0.177381 -2.166608 0.388237
v 0.136616 -2.149790 0.406299
v 0.092542 -2.133219 0.422811
v 0.045491 -2.117481 0.437691
v -0.004165 -2.103175 0.450741
v -0.056011 -2.090968 0.461713
v -0.109569 -2.081186 0.470260
v -0.164299 -2.073788 0.475946
v -0.219585 -2.068307 0.478257
v -0.274733 -2.063927 0.476620
v -0.329049 -2.060400 0.470423
v -0.381724 -2.057544 0.458957
v -0.431828 -2.055268 0.441476
v 0.225671 -2.207037 0.321259
v 0.193695 -2.199579 0.341346
v 0.159206 -2.185493 0.359639
v 0.121612 -2.170940 0.376741
v 0.081136 -2.155563 0.392583
v 0.037895 -2.140879 0.407097
v -0.007825 -2.127518 0.420072
v -0.055673 -2.116029 0.431239
v -0.105235 -2.106663 0.440263
v -0.156081 -2.099768 0.446765
v -0.207593 -2.094231 0.450207
v -0.259277 -2.090447 0.450079
v -0.310440 -2.087665 0.445691
v -0.360319 -2.085595 0.436274
v -0.408010 -2.084072 0.420986
v 0.203694 -2.214270 0.295643
v 0.173903 -2.208871 0.314171
v 0.141730 -2.200272 0.331474
v 0.107206 -2.187547 0.347641
v 0.070011 -2.174366 0.362860
v 0.030285 -2.161204 0.376973
v -0.011789 -2.149015 0.389771
v -0.055922 -2.138366 0.400984
v -0.101758 -2.129609 0.410290
v -0.148826 -2.122320 0.417279
v -0.196755 -2.117171 0.421559
v -0.245026 -2.113884 0.422594
v -0.293014 -2.111693 0.419716
v -0.340049 -2.110333 0.412171
v -0.385326 -2.109587 0.399116
v 0.183416 -2.217716 0.271235
v 0.155797 -2.214149 0.288361
v 0.125909 -2.209614 0.304625
v 0.093959 -2.200754 0.319962
v 0.059690 -2.189989 0.334480
v 0.023096 -2.178594 0.348072
v -0.015716 -2.167735 0.360545
v -0.056492 -2.157922 0.371621
v -0.098883 -2.149297 0.380974
v -0.142578 -2.142614 0.388288
v -0.187137 -2.137730 0.393137
v -0.232109 -2.134628 0.395031
v -0.276923 -2.132620 0.393339
v -0.321033 -2.131897 0.387377
v -0.363705 -2.131793 0.376309
v 0.165301 -2.219046 0.248812
v 0.139787 -2.216894 0.264549
v 0.112206 -2.213915 0.279582
v 0.082319 -2.210600 0.294123
v 0.050605 -2.202070 0.307806
v 0.016637 -2.193232 0.320785
v -0.019318 -2.183467 0.332754
v -0.057167 -2.174590 0.343532
v -0.096600 -2.166879 0.352811
v -0.137262 -2.160632 0.360257
v -0.178770 -2.156123 0.365492
v -0.220613 -2.152717 0.368007
v -0.262375 -2.150992 0.367286
v -0.303470 -2.150434 0.362626
v -0.343282 -2.150799 0.353252
v 0.149592 -2.219171 0.228698
v 0.126133 -2.217760 0.242947
v 0.100570 -2.216588 0.256679
v 0.072842 -2.214536 0.270025
v 0.042859 -2.212075 0.283005
v 0.011238 -2.204142 0.295122
v -0.022476 -2.196889 0.306541
v -0.057882 -2.189123 0.316891
v -0.094798 -2.182309 0.325958
v -0.132859 -2.176603 0.333413
v -0.171632 -2.171946 0.338877
v -0.210704 -2.168715 0.341934
v -0.249586 -2.167082 0.342058
v -0.287673 -2.166421 0.338563
v -0.324379 -2.166760 0.330691
v 0.136438 -2.218632 0.210954
v 0.114937 -2.217837 0.223549
v 0.091235 -2.217447 0.235759
v 0.065227 -2.217251 0.247815
v 0.037045 -2.216006 0.259642
v 0.006786 -2.213864 0.271103
v -0.025002 -2.207500 0.281743
v -0.058543 -2.201717 0.291611
v -0.093409 -2.195659 0.300353
v -0.129301 -2.190239 0.307716
v -0.165814 -2.185768 0.313371
v -0.202480 -2.182529 0.316925
v -0.238716 -2.180297 0.317861
v -0.273936 -2.179482 0.315570
v -0.307444 -2.179862 0.309255
v 0.126005 -2.217924 0.195481
v 0.106379 -2.217518 0.206109
v 0.084250 -2.217761 0.216572
v 0.059663 -2.218324 0.227113
v 0.032770 -2.218752 0.237699
v 0.003811 -2.218335 0.248130
v -0.026963 -2.216862 0.258165
v -0.059000 -2.211750 0.267376
v -0.092315 -2.206483 0.275722
v -0.126529 -2.201267 0.282932
v -0.161250 -2.196785 0.288741
v -0.195967 -2.193318 0.292806
v -0.230056 -2.191113 0.294693
v -0.262720 -2.190103 0.293815
v -0.293058 -2.190318 0.289353
v 0.118660 -2.217399 0.182039
v 0.100720 -2.217289 0.190172
v 0.079766 -2.217868 0.198616
v 0.056143 -2.218961 0.207489
v 0.030135 -2.220174 0.216685
v 0.002023 -2.221043 0.225985
v -0.027942 -2.221652 0.235162
v -0.059155 -2.219016 0.243773
v -0.091452 -2.214884 0.251690
v -0.124532 -2.210212 0.258726
v -0.158025 -2.206021 0.264691
v -0.191393 -2.202620 0.269318
v -0.223914 -2.200216 0.272279
v -0.254619 -2.198897 0.273127
v -0.282110 -2.198593 0.271188
v 0.843423 -1.342707 -0.966666
v 0.963585 -1.404073 -0.867884
v 1.074801 -1.456351 -0.754156
v 1.177993 -1.497071 -0.627672
v 1.251054 -1.496215 -0.484975
v 1.317310 -1.473322 -0.339312
v 1.371057 -1.441980 -0.189879
v 1.413784 -1.409611 -0.039024
v 1.441612 -1.376031 0.111658
v 1.447328 -1.337012 0.258483
v 1.418880 -1.281696 0.392178
v 1.363351 -1.217331 0.508554
v 1.289790 -1.151927 0.608115
v 1.202026 -1.089369 0.691522
v 1.102944 -1.028640 0.761458
v 0.764676 -1.425555 -0.895916
v 0.881130 -1.481026 -0.807088
v 0.993321 -1.531781 -0.704723
v 1.096040 -1.567593 -0.588461
v 1.185185 -1.573850 -0.459992
v 1.252030 -1.550071 -0.321638
v 1.308288 -1.518980 -0.179810
v 1.351995 -1.483822 -0.035936
v 1.380205 -1.446915 0.107606
v 1.389715 -1.407313 0.248371
v 1.358935 -1.347835 0.374198
v 1.305949 -1.283852 0.484625
v 1.235188 -1.220498 0.578782
v 1.151466 -1.160957 0.657782
v 1.057155 -1.106025 0.724618
v 0.691551 -1.499469 -0.826959
v 0.804248 -1.551046 -0.747659
v 0.915367 -1.592681 -0.655944
v 1.020620 -1.619009 -0.551139
v 1.116236 -1.637780 -0.433594
v 1.191055 -1.618519 -0.304776
v 1.250173 -1.588470 -0.170223
v 1.294972 -1.552977 -0.032830
v 1.324498 -1.514520 0.104521
v 1.334163 -1.472407 0.239002
v 1.305077 -1.413274 0.359719
v 1.254106 -1.350444 0.465635
v 1.186521 -1.289426 0.556315
v 1.106597 -1.233160 0.632880
v 1.016473 -1.184884 0.698814
v 0.625394 -1.565061 -0.761289
v 0.735606 -1.602232 -0.692051
v 0.844886 -1.635676 -0.610179
v 0.949706 -1.665788 -0.514715
v 1.044056 -1.687748 -0.405764
v 1.133214 -1.679485 -0.288604
v 1.193895 -1.650967 -0.160614
v 1.242595 -1.617580 -0.029776
v 1.272745 -1.578618 0.102093
v 1.283792 -1.535994 0.231423
v 1.256175 -1.477402 0.347996
v 1.207734 -1.416902 0.450916
v 1.143276 -1.357689 0.539436
v 1.066780 -1.305338 0.615079
v 0.980555 -1.259653 0.680788
v 0.569842 -1.607912 -0.702431
v 0.675594 -1.642995 -0.640967
v 0.781644 -1.674204 -0.567362
v 0.883527 -1.704878 -0.480045
v 0.979378 -1.729708 -0.380051
v 1.065330 -1.726350 -0.270020
v 1.142970 -1.710135 -0.151920
v 1.190937 -1.676166 -0.026364
v 1.224634 -1.639782 0.100148
v 1.237121 -1.597237 0.225156
v 1.211786 -1.540557 0.338625
v 1.166169 -1.481979 0.439506
v 1.104674 -1.425948 0.527095
v 1.031506 -1.375083 0.602508
v 0.948446 -1.332943 0.668826
v 0.523114 -1.649187 -0.649852
v 0.624246 -1.680997 -0.595020
v 0.725903 -1.711088 -0.528217
v 0.824729 -1.740921 -0.448230
v 0.917486 -1.766661 -0.355490
v 1.004833 -1.771846 -0.252901
v 1.079468 -1.755609 -0.141548
v 1.142482 -1.732273 -0.023380
v 1.177464 -1.696082 0.098716
v 1.192139 -1.655994 0.219602
v 1.171047 -1.601791 0.330982
v 1.128108 -1.545713 0.430535
v 1.069945 -1.491888 0.517887
v 0.999785 -1.443703 0.593908
v 0.919705 -1.402564 0.660999
v 0.485979 -1.689438 -0.605057
v 0.581916 -1.718039 -0.555153
v 0.678616 -1.746714 -0.493728
v 0.772986 -1.775518 -0.419672
v 0.862613 -1.801611 -0.333333
v 0.945903 -1.813239 -0.236637
v 1.022253 -1.800697 -0.132075
v 1.082961 -1.777526 -0.019967
v 1.127343 -1.747733 0.096599
v 1.148776 -1.710905 0.214689
v 1.129576 -1.659824 0.323577
v 1.092388 -1.606952 0.422868
v 1.037535 -1.555656 0.510606
v 0.970611 -1.509275 0.587593
v 0.893297 -1.469939 0.655908
v 0.458303 -1.729343 -0.568618
v 0.548617 -1.754491 -0.521914
v 0.639667 -1.781959 -0.464307
v 0.729041 -1.809351 -0.394919
v 0.814114 -1.834631 -0.313813
v 0.893439 -1.851270 -0.222333
v 0.965929 -1.842027 -0.123309
v 1.027156 -1.822029 -0.017072
v 1.069882 -1.792405 0.094128
v 1.093704 -1.757548 0.206883
v 1.089905 -1.714768 0.316669
v 1.054183 -1.664480 0.414614
v 1.004868 -1.615965 0.502980
v 0.942173 -1.571894 0.581682
v 0.868066 -1.533760 0.651502
v 0.439420 -1.766998 -0.540302
v 0.523572 -1.790975 -0.495113
v 0.608737 -1.816642 -0.440060
v 0.692434 -1.842789 -0.374057
v 0.772503 -1.866694 -0.297139
v 0.846777 -1.882412 -0.210361
v 0.914517 -1.882593 -0.115602
v 0.969918 -1.862777 -0.014689
v 1.013703 -1.836030 0.091053
v 1.030268 -1.798534 0.197984
v 1.028659 -1.757828 0.302137
v 1.010114 -1.716096 0.402484
v 0.969885 -1.672987 0.493946
v 0.911392 -1.630810 0.573435
v 0.841362 -1.594281 0.644615
v 0.427567 -1.804073 -0.518776
v 0.505755 -1.826702 -0.474192
v 0.584897 -1.850770 -0.420629
v 0.662587 -1.875603 -0.356921
v 0.736746 -1.897289 -0.283189
v 0.805802 -1.912272 -0.200218
v 0.864276 -1.919476 -0.108811
v 0.917843 -1.903002 -0.012903
v 0.946829 -1.873106 0.087342
v 0.964277 -1.838228 0.187851
v 0.964733 -1.799673 0.287026
v 0.948755 -1.759973 0.382182
v 0.917673 -1.721132 0.472133
v 0.871572 -1.684609 0.555770
v 0.810788 -1.651485 0.632051
v 0.421176 -1.840322 -0.502752
v 0.493802 -1.861511 -0.458229
v 0.566801 -1.884216 -0.405272
v 0.638362 -1.906465 -0.343143
v 0.706133 -1.926109 -0.271554
v 0.766396 -1.940378 -0.191130
v 0.821034 -1.948089 -0.103847
v 0.854951 -1.936471 -0.010492
v 0.882574 -1.910296 0.083468
v 0.896090 -1.876641 0.177767
v 0.897228 -1.840513 0.270490
v 0.884866 -1.803541 0.360353
v 0.858394 -1.767420 0.445792
v 0.817789 -1.733367 0.525506
v 0.763125 -1.702669 0.598221
v 0.418844 -1.875177 -0.491022
v 0.485983 -1.895227 -0.446005
v 0.553110 -1.916631 -0.393214
v 0.617480 -1.936155 -0.331429
v 0.677367 -1.953188 -0.261293
v 0.730708 -1.966747 -0.183050
v 0.766621 -1.970080 -0.096986
v 0.796631 -1.969188 -0.008619
v 0.817603 -1.944312 0.079831
v 0.829168 -1.915648 0.167924
v 0.830075 -1.881737 0.254286
v 0.819410 -1.847334 0.337927
v 0.796533 -1.813689 0.417732
v 0.760936 -1.782162 0.492581
v 0.712428 -1.753710 0.561444
v 0.418852 -1.908740 -0.482191
v 0.480902 -1.928003 -0.436432
v 0.540677 -1.946368 -0.382481
v 0.598636 -1.964477 -0.321361
v 0.648054 -1.978128 -0.250657
v 0.684984 -1.987685 -0.172302
v 0.716859 -1.992447 -0.090997
v 0.739388 -1.990939 -0.007210
v 0.755695 -1.978447 0.076357
v 0.764763 -1.952591 0.158466
v 0.764980 -1.922988 0.238748
v 0.755320 -1.891817 0.316323
v 0.735002 -1.860906 0.390272
v 0.703421 -1.831576 0.459673
v 0.660106 -1.805157 0.523601
v 0.419474 -1.941028 -0.474617
v 0.475070 -1.958548 -0.427078
v 0.530162 -1.975360 -0.373416
v 0.573807 -1.988841 -0.308112
v 0.611138 -1.999552 -0.237379
v 0.642840 -2.007992 -0.162564
v 0.667233 -2.012397 -0.084827
v 0.685794 -2.012569 -0.006049
v 0.697363 -2.009459 0.072900
v 0.704140 -1.988479 0.149535
v 0.703258 -1.963909 0.224230
v 0.694229 -1.935445 0.296012
v 0.675871 -1.907323 0.364344
v 0.647626 -1.880287 0.428405
v 0.608997 -1.855481 0.487474
v 0.418693 -1.971895 -0.466835
v 0.468143 -1.986870 -0.417086
v 0.508160 -2.000060 -0.357208
v 0.545018 -2.011101 -0.293359
v 0.575890 -2.020311 -0.224621
v 0.601161 -2.027266 -0.152855
v 0.621263 -2.031847 -0.079334
v 0.635677 -2.033981 -0.005033
v 0.644732 -2.031205 0.068783
v 0.647541 -2.025986 0.141462
v 0.646047 -2.002673 0.210759
v 0.636931 -1.979608 0.277505
v 0.620135 -1.953876 0.340647
v 0.594664 -1.929226 0.399771
v 0.560079 -1.906122 0.454253
v 0.870575 -0.937457 0.892917
v 0.735314 -0.904912 0.984640
v 0.580887 -0.883084 1.102140
v 0.402470 -0.866617 1.234377
v 0.198961 -0.852514 1.371868
v -0.022898 -0.842454 1.504130
v -0.255851 -0.839262 1.621500
v -0.489581 -0.833121 1.691064
v -0.720029 -0.825253 1.721059
v -0.943318 -0.815016 1.715575
v -1.151549 -0.799637 1.663332
v -1.345259 -0.784832 1.585793
v -1.522111 -0.771569 1.490528
v -1.680563 -0.760563 1.386296
v -1.819307 -0.752669 1.278900
v 0.837054 -1.022973 0.853004
v 0.707567 -0.997640 0.938283
v 0.560218 -0.976234 1.044003
v 0.390895 -0.960167 1.163656
v 0.197633 -0.946160 1.288911
v -0.014187 -0.932911 1.407461
v -0.237649 -0.923818 1.512519
v -0.459600 -0.911364 1.558411
v -0.680228 -0.899184 1.582914
v -0.896183 -0.886207 1.581834
v -1.097929 -0.868689 1.537790
v -1.284468 -0.849408 1.466879
v -1.453827 -0.830706 1.379000
v -1.604280 -0.814021 1.282500
v -1.735018 -0.800782 1.183594
v 0.806458 -1.108919 0.825282
v 0.682063 -1.085686 0.904304
v 0.540795 -1.066591 0.999097
v 0.379902 -1.049965 1.105249
v 0.196869 -1.034052 1.215473
v -0.004278 -1.019738 1.318293
v -0.214645 -1.003763 1.391454
v -0.425844 -0.987783 1.427855
v -0.635719 -0.972240 1.445274
v -0.842255 -0.956856 1.445114
v -1.038285 -0.938969 1.414952
v -1.217214 -0.917343 1.351647
v -1.378583 -0.894976 1.271159
v -1.520845 -0.873662 1.181934
v -1.643256 -0.855825 1.090191
v 0.778551 -1.190874 0.805941
v 0.658482 -1.170092 0.879562
v 0.522765 -1.152744 0.964318
v 0.369314 -1.136690 1.057284
v 0.196542 -1.120859 1.149631
v 0.006348 -1.103735 1.237347
v -0.190262 -1.083005 1.275982
v -0.389605 -1.063010 1.300503
v -0.588411 -1.044571 1.311746
v -0.783774 -1.026624 1.310223
v -0.974574 -1.009746 1.297575
v -1.145090 -0.986848 1.240883
v -1.299090 -0.963247 1.170089
v -1.433020 -0.939519 1.087399
v -1.547018 -0.918482 1.001768
v 0.752868 -1.270770 0.792959
v 0.636906 -1.248889 0.861429
v 0.506039 -1.234100 0.936978
v 0.359573 -1.217804 1.016695
v 0.196128 -1.202300 1.092205
v 0.018546 -1.183466 1.146782
v -0.165619 -1.160894 1.168489
v -0.352464 -1.137925 1.179357
v -0.539187 -1.116426 1.183217
v -0.723865 -1.096694 1.182160
v -0.903466 -1.077911 1.171319
v -1.071451 -1.058181 1.139522
v -1.217749 -1.034209 1.076375
v -1.344489 -1.010242 1.002075
v -1.451170 -0.988059 0.922892
v 0.729394 -1.346076 0.784381
v 0.616925 -1.324796 0.848023
v 0.490747 -1.309097 0.915341
v 0.350348 -1.295383 0.979407
v 0.195843 -1.279880 1.042577
v 0.030067 -1.260067 1.059795
v -0.141554 -1.237201 1.068146
v -0.315643 -1.212646 1.066393
v -0.489824 -1.188558 1.062765
v -0.662592 -1.166468 1.058942
v -0.831371 -1.146487 1.051327
v -0.994791 -1.128555 1.038833
v -1.135922 -1.106713 0.989892
v -1.258787 -1.084315 0.928770
v -1.359774 -1.062686 0.856514
v 0.708101 -1.414669 0.778351
v 0.598473 -1.396024 0.837747
v 0.476411 -1.381276 0.895411
v 0.341812 -1.367540 0.949126
v 0.195158 -1.352263 0.976728
v 0.040298 -1.333418 0.982627
v -0.119078 -1.311227 0.975594
v -0.280240 -1.286596 0.963540
v -0.441411 -1.261321 0.951461
v -0.601376 -1.237009 0.942786
v -0.759656 -1.215641 0.938296
v -0.911450 -1.196325 0.928068
v -1.058334 -1.180510 0.917186
v -1.173545 -1.158965 0.860024
v -1.275310 -1.140552 0.804200
v 0.688034 -1.479318 0.773098
v 0.581230 -1.462995 0.828610
v 0.462708 -1.448342 0.876149
v 0.333142 -1.435720 0.913585
v 0.193488 -1.420756 0.917959
v 0.048967 -1.403269 0.911129
v -0.098750 -1.382467 0.893735
v -0.247266 -1.358910 0.872195
v -0.395138 -1.333607 0.851454
v -0.541971 -1.308581 0.836492
v -0.687416 -1.285409 0.829167
v -0.831338 -1.265905 0.828256
v -0.966527 -1.248524 0.818881
v -1.095699 -1.235331 0.807293
v -1.191367 -1.217622 0.753787
v 0.667822 -1.541505 0.766439
v 0.563719 -1.525089 0.815057
v 0.449701 -1.512286 0.859186
v 0.322693 -1.499337 0.867060
v 0.191206 -1.485696 0.865500
v 0.055875 -1.469575 0.848367
v -0.080833 -1.450534 0.823435
v -0.217317 -1.428582 0.794084
v -0.352286 -1.404589 0.765118
v -0.485530 -1.379868 0.742107
v -0.618147 -1.356307 0.730675
v -0.750114 -1.335427 0.729918
v -0.880344 -1.318755 0.733835
v -0.999955 -1.304429 0.726116
v -1.114210 -1.295302 0.715571
v 0.645495 -1.600409 0.753079
v 0.545936 -1.584509 0.801657
v 0.432088 -1.571807 0.820399
v 0.312518 -1.559931 0.827800
v 0.187876 -1.547095 0.817189
v 0.061413 -1.532423 0.795810
v -0.065348 -1.515104 0.765779
v -0.190801 -1.495144 0.730958
v -0.313847 -1.473016 0.695395
v -0.434006 -1.449695 0.663608
v -0.553032 -1.426678 0.645020
v -0.673647 -1.406278 0.644011
v -0.793557 -1.388567 0.650697
v -0.910366 -1.375092 0.656486
v -1.015745 -1.364615 0.648383
v 0.613655 -1.655746 0.719137
v 0.520319 -1.640579 0.763750
v 0.414222 -1.628599 0.785122
v 0.301226 -1.617257 0.788430
v 0.184160 -1.605360 0.776405
v 0.065824 -1.591904 0.753074
v -0.051987 -1.576309 0.721100
v -0.167776 -1.558379 0.683787
v -0.280331 -1.538365 0.644300
v -0.389465 -1.516971 0.607953
v -0.494877 -1.495154 0.577313
v -0.603615 -1.475452 0.574204
v -0.714288 -1.459342 0.583105
v -0.821856 -1.444344 0.590848
v -0.924801 -1.434805 0.592822
v 0.576751 -1.709770 0.676208
v 0.490881 -1.694541 0.718044
v 0.395514 -1.682775 0.749680
v 0.289249 -1.671823 0.751417
v 0.180189 -1.660647 0.742444
v 0.069410 -1.648309 0.719600
v -0.040402 -1.634317 0.688614
v -0.147862 -1.618332 0.651574
v -0.251836 -1.600485 0.612235
v -0.351769 -1.581249 0.574336
v -0.448701 -1.561569 0.544743
v -0.545195 -1.542838 0.530679
v -0.644565 -1.526403 0.534694
v -0.743153 -1.513175 0.541297
v -0.837894 -1.502972 0.543486
v 0.538190 -1.762513 0.631200
v 0.460538 -1.747226 0.673096
v 0.373075 -1.734815 0.703066
v 0.277714 -1.724066 0.720346
v 0.175573 -1.713300 0.712034
v 0.072435 -1.701939 0.694539
v -0.030313 -1.689277 0.666065
v -0.130625 -1.675099 0.632041
v -0.227481 -1.659330 0.595064
v -0.320449 -1.642331 0.559565
v -0.410074 -1.624792 0.530309
v -0.498416 -1.607786 0.513035
v -0.586985 -1.592419 0.507486
v -0.675537 -1.579422 0.508310
v -0.762041 -1.569787 0.507932
v 0.499661 -1.814955 0.587905
v 0.429540 -1.799358 0.627962
v 0.350492 -1.786075 0.659797
v 0.264007 -1.774153 0.681436
v 0.170974 -1.763821 0.687609
v 0.074558 -1.753025 0.673455
v -0.021495 -1.741516 0.651487
v -0.115672 -1.728832 0.621403
v -0.206612 -1.714955 0.588597
v -0.293851 -1.700039 0.556076
v -0.377718 -1.684609 0.528174
v -0.459306 -1.669430 0.508068
v -0.539896 -1.655398 0.496626
v -0.619723 -1.643377 0.490606
v -0.698014 -1.634064 0.485245
v 0.462206 -1.867076 0.547566
v 0.399244 -1.850185 0.585763
v 0.327922 -1.835529 0.617754
v 0.249173 -1.823402 0.641642
v 0.164942 -1.812384 0.657526
v 0.075969 -1.802012 0.656936
v -0.014083 -1.791208 0.639754
v -0.102739 -1.779774 0.616874
v -0.188682 -1.767462 0.588304
v -0.271217 -1.754406 0.559497
v -0.350381 -1.740909 0.533009
v -0.426801 -1.727554 0.511588
v -0.501287 -1.715037 0.495821
v -0.574307 -1.704100 0.484224
v -0.645706 -1.695464 0.473597
v -1.516124 -1.010690 -1.103195
v -1.362784 -1.017368 -1.182257
v -1.198580 -1.018795 -1.241158
v -1.035434 -1.022055 -1.292063
v -0.871111 -1.024122 -1.331599
v -0.708617 -1.026631 -1.363011
v -0.548026 -1.030242 -1.385990
v -0.389702 -1.034731 -1.400122
v -0.234019 -1.045953 -1.402564
v -0.081535 -1.051033 -1.385544
v 0.064344 -1.067355 -1.350758
v 0.203864 -1.088374 -1.305890
v 0.337537 -1.123104 -1.253011
v 0.467147 -1.167437 -1.193595
v 0.594334 -1.220021 -1.127363
v -1.461760 -1.089660 -1.057050
v -1.303991 -1.091078 -1.122259
v -1.146371 -1.094248 -1.178278
v -0.987791 -1.096752 -1.223019
v -0.831265 -1.099849 -1.259648
v -0.677119 -1.103860 -1.288209
v -0.525663 -1.109335 -1.309217
v -0.376727 -1.117258 -1.319106
v -0.230875 -1.128527 -1.318059
v -0.089755 -1.144263 -1.290495
v 0.044525 -1.159745 -1.254317
v 0.171693 -1.188564 -1.208363
v 0.293645 -1.221595 -1.157007
v 0.412121 -1.264082 -1.100880
v 0.529449 -1.313134 -1.040092
v -1.396558 -1.159955 -1.005399
v -1.244782 -1.163145 -1.067901
v -1.092016 -1.166140 -1.119192
v -0.940846 -1.169836 -1.161685
v -0.792031 -1.174094 -1.195951
v -0.646117 -1.179663 -1.222628
v -0.502910 -1.187772 -1.239574
v -0.362878 -1.198420 -1.247766
v -0.225537 -1.210565 -1.231609
v -0.095272 -1.228802 -1.202671
v 0.027270 -1.256065 -1.162222
v 0.143154 -1.282918 -1.115706
v 0.253403 -1.318776 -1.064348
v 0.361200 -1.357139 -1.010796
v 0.469175 -1.401128 -0.954968
v -1.330368 -1.227991 -0.957897
v -1.184453 -1.231750 -1.017251
v -1.038864 -1.236003 -1.066773
v -0.895113 -1.240618 -1.107510
v -0.753904 -1.246140 -1.140023
v -0.615534 -1.253279 -1.164068
v -0.479893 -1.262508 -1.177869
v -0.346818 -1.276216 -1.174774
v -0.218692 -1.291281 -1.152722
v -0.098460 -1.313623 -1.119309
v 0.013681 -1.341089 -1.076950
v 0.118311 -1.374277 -1.028340
v 0.217736 -1.408630 -0.976736
v 0.315227 -1.444310 -0.924776
v 0.414558 -1.482065 -0.873583
v -1.264786 -1.293405 -0.914736
v -1.125781 -1.298276 -0.972382
v -0.987498 -1.303251 -1.020572
v -0.850960 -1.308831 -1.059770
v -0.717005 -1.315533 -1.090901
v -0.584904 -1.323241 -1.110472
v -0.455902 -1.333794 -1.119512
v -0.328908 -1.346439 -1.104357
v -0.209976 -1.367155 -1.079183
v -0.099058 -1.393042 -1.042583
v 0.003384 -1.422862 -0.998251
v 0.098437 -1.453720 -0.948595
v 0.187891 -1.486963 -0.896348
v 0.276673 -1.513754 -0.846143
v 0.368621 -1.543811 -0.799424
v -1.201177 -1.356758 -0.876429
v -1.069328 -1.362143 -0.932820
v -0.938035 -1.367769 -0.979667
v -0.808619 -1.374249 -1.018138
v -0.680013 -1.380988 -1.044490
v -0.555110 -1.390648 -1.063661
v -0.428843 -1.399360 -1.056345
v -0.310552 -1.416142 -1.040362
v -0.199319 -1.437857 -1.011226
v -0.096731 -1.463885 -0.973429
v -0.002593 -1.492954 -0.928154
v 0.084288 -1.520463 -0.878228
v 0.166707 -1.541452 -0.827125
v 0.247263 -1.565867 -0.777726
v 0.332400 -1.592373 -0.734824
v -1.139578 -1.417404 -0.842113
v -1.014570 -1.423055 -0.897151
v -0.890310 -1.429243 -0.943358
v -0.766110 -1.435497 -0.977943
v -0.645091 -1.444130 -1.005507
v -0.520254 -1.450763 -1.007397
v -0.402733 -1.464801 -1.000662
v -0.290774 -1.481432 -0.980137
v -0.187164 -1.504245 -0.950364
v -0.091848 -1.530198 -0.911943
v -0.004031 -1.551611 -0.867642
v 0.077055 -1.570427 -0.819322
v 0.152786 -1.591713 -0.769365
v 0.227261 -1.613041 -0.722100
v 0.306774 -1.636130 -0.682407
v -1.079179 -1.474954 -0.810302
v -0.960964 -1.480699 -0.864311
v -0.842484 -1.486651 -0.908074
v -0.725572 -1.494048 -0.943373
v -0.603743 -1.499352 -0.955930
v -0.487440 -1.510409 -0.958654
v -0.375403 -1.524624 -0.947384
v -0.270784 -1.544609 -0.926450
v -0.173213 -1.563039 -0.896659
v -0.083479 -1.582667 -0.859610
v -0.000874 -1.599456 -0.817147
v 0.074920 -1.618344 -0.770923
v 0.146208 -1.637342 -0.724043
v 0.216507 -1.658620 -0.680245
v 0.291153 -1.679447 -0.642573
v -1.014032 -1.526942 -0.775353
v -0.902187 -1.532358 -0.826764
v -0.791312 -1.538865 -0.869945
v -0.678537 -1.545306 -0.899537
v -0.564690 -1.553267 -0.912380
v -0.453709 -1.563816 -0.911641
v -0.348450 -1.579118 -0.900334
v -0.249350 -1.594569 -0.879543
v -0.157532 -1.612905 -0.850744
v -0.072587 -1.628798 -0.815612
v 0.005356 -1.645893 -0.775485
v 0.077366 -1.663599 -0.732509
v 0.145256 -1.683544 -0.689255
v 0.212870 -1.701730 -0.649142
v 0.283349 -1.722108 -0.612934
v -0.947118 -1.574848 -0.739099
v -0.842622 -1.580409 -0.788778
v -0.738575 -1.586932 -0.830020
v -0.633500 -1.594305 -0.859703
v -0.525606 -1.601745 -0.870751
v -0.421235 -1.613275 -0.870078
v -0.321581 -1.626859 -0.858856
v -0.227978 -1.642221 -0.839051
v -0.140856 -1.658346 -0.811942
v -0.060119 -1.673231 -0.779166
v 0.014257 -1.689808 -0.742045
v 0.083251 -1.708166 -0.702556
v 0.149084 -1.725697 -0.663285
v 0.214216 -1.743962 -0.626022
v 0.281407 -1.763041 -0.591132
v -0.882782 -1.620637 -0.704906
v -0.785373 -1.626307 -0.752868
v -0.688375 -1.633118 -0.793165
v -0.590137 -1.640534 -0.822612
v -0.488743 -1.648481 -0.833795
v -0.390145 -1.659785 -0.833358
v -0.295719 -1.671898 -0.823166
v -0.206844 -1.686743 -0.804765
v -0.123659 -1.700612 -0.779874
v -0.046481 -1.715752 -0.749686
v 0.025032 -1.732447 -0.715729
v 0.091940 -1.749885 -0.679850
v 0.156078 -1.766426 -0.643998
v 0.219292 -1.783978 -0.609173
v 0.283613 -1.802942 -0.575248
v -0.822521 -1.664969 -0.673475
v -0.731849 -1.670762 -0.719999
v -0.641367 -1.677685 -0.759501
v -0.549800 -1.685270 -0.789569
v -0.454326 -1.693589 -0.801219
v -0.360877 -1.703010 -0.801818
v -0.271243 -1.715620 -0.792859
v -0.186318 -1.728705 -0.776368
v -0.106529 -1.741702 -0.753823
v -0.032187 -1.756706 -0.726406
v 0.037085 -1.773548 -0.695553
v 0.102594 -1.788802 -0.663105
v 0.165283 -1.805359 -0.630048
v 0.226857 -1.822580 -0.597139
v 0.289059 -1.839507 -0.564167
v -0.767026 -1.708165 -0.644929
v -0.682586 -1.714033 -0.690214
v -0.597965 -1.720884 -0.728935
v -0.512756 -1.728784 -0.760327
v -0.422446 -1.736055 -0.772795
v -0.333936 -1.746164 -0.774774
v -0.248266 -1.756908 -0.767603
v -0.166715 -1.768571 -0.753258
v -0.089819 -1.781484 -0.733136
v -0.017777 -1.796584 -0.708436
v 0.050047 -1.811293 -0.680701
v 0.114245 -1.826567 -0.651026
v 0.175841 -1.842484 -0.620305
v 0.236068 -1.859025 -0.588886
v 0.296384 -1.874324 -0.556522
v -0.716326 -1.750292 -0.618843
v -0.637461 -1.756117 -0.662799
v -0.558335 -1.762935 -0.701182
v -0.477970 -1.770419 -0.732356
v -0.393427 -1.777990 -0.747728
v -0.309043 -1.786481 -0.751577
v -0.227070 -1.797146 -0.746419
v -0.148401 -1.807359 -0.734502
v -0.073906 -1.820154 -0.716861
v -0.003584 -1.834241 -0.694903
v 0.063028 -1.847838 -0.669872
v 0.126240 -1.862621 -0.642556
v 0.186837 -1.878397 -0.613589
v 0.246052 -1.892761 -0.583337
v 0.304337 -1.907908 -0.551001
v -0.669723 -1.791233 -0.594110
v -0.595998 -1.796981 -0.636802
v -0.521467 -1.803546 -0.674027
v -0.446076 -1.810869 -0.705886
v -0.366642 -1.818097 -0.724338
v -0.286228 -1.826385 -0.730032
v -0.207573 -1.835124 -0.728011
v -0.131587 -1.845272 -0.718641
v -0.059131 -1.857632 -0.703763
v 0.009877 -1.869944 -0.684440
v 0.075390 -1.883235 -0.661727
v 0.137741 -1.897536 -0.636317
v 0.197545 -1.911768 -0.608654
v 0.255393 -1.925469 -0.578759
v 0.311538 -1.940110 -0.545934
v -0.215645 -2.174246 -0.163099
v -0.196280 -2.178759 -0.166744
v -0.174148 -2.183793 -0.172120
v -0.149694 -2.189331 -0.178711
v -0.123238 -2.195440 -0.186195
v -0.095017 -2.202054 -0.194338
v -0.065228 -2.209130 -0.202920
v -0.034043 -2.216562 -0.211703
v -0.001644 -2.224218 -0.220409
v 0.031750 -2.231914 -0.228710
v 0.065810 -2.239406 -0.236225
v 0.100017 -2.246367 -0.242558
v 0.133519 -2.252421 -0.247371
v 0.165019 -2.257036 -0.250567
v 0.192668 -2.259780 -0.252514
v -0.222338 -2.179092 -0.145315
v -0.201129 -2.184617 -0.147491
v -0.177793 -2.190159 -0.151477
v -0.152464 -2.196108 -0.156796
v -0.125300 -2.202322 -0.163136
v -0.096491 -2.208967 -0.170227
v -0.066200 -2.215944 -0.177839
v -0.034585 -2.223200 -0.185733
v -0.001816 -2.230619 -0.193644
v 0.031897 -2.238033 -0.201276
v 0.066254 -2.245189 -0.208306
v 0.100779 -2.251769 -0.214417
v 0.134736 -2.257328 -0.219377
v 0.167027 -2.261482 -0.223157
v 0.196325 -2.263441 -0.226156
v -0.231217 -2.184435 -0.124167
v -0.207993 -2.190442 -0.125531
v -0.183120 -2.196483 -0.128529
v -0.156548 -2.202494 -0.132842
v -0.128378 -2.208777 -0.138174
v -0.098721 -2.215255 -0.144285
v -0.067718 -2.221972 -0.150939
v -0.035508 -2.228872 -0.157900
v -0.002242 -2.235857 -0.164916
v 0.031887 -2.242770 -0.171712
v 0.066602 -2.249386 -0.178001
v 0.101473 -2.255374 -0.183515
v 0.135853 -2.260321 -0.188069
v 0.168817 -2.263906 -0.191655
v 0.199293 -2.265691 -0.194565
v -0.241311 -2.189988 -0.099877
v -0.216081 -2.196359 -0.100800
v -0.189500 -2.202460 -0.103155
v -0.161510 -2.208518 -0.106701
v -0.132143 -2.214552 -0.111211
v -0.101502 -2.220713 -0.116457
v -0.069692 -2.226955 -0.122218
v -0.036835 -2.233255 -0.128263
v -0.003074 -2.239588 -0.134344
v 0.031413 -2.245811 -0.140202
v 0.066378 -2.251604 -0.145581
v 0.101422 -2.256719 -0.150241
v 0.135952 -2.260922 -0.154024
v 0.169231 -2.263538 -0.156971
v 0.200379 -2.264574 -0.159334
v -0.251910 -2.195676 -0.072664
v -0.224709 -2.202119 -0.073441
v -0.196386 -2.208127 -0.075435
v -0.166893 -2.213864 -0.078476
v -0.136286 -2.219586 -0.082367
v -0.104617 -2.225113 -0.086925
v -0.072009 -2.230676 -0.091923
v -0.038568 -2.236254 -0.097139
v -0.004406 -2.241603 -0.102346
v 0.030278 -2.246918 -0.107278
v 0.065278 -2.251654 -0.111720
v 0.100190 -2.255955 -0.115439
v 0.134553 -2.259028 -0.118356
v 0.167684 -2.261010 -0.120489
v 0.198944 -2.261658 -0.122109
v -0.262382 -2.201198 -0.042834
v -0.233286 -2.207535 -0.043733
v -0.203247 -2.213124 -0.045652
v -0.172302 -2.218519 -0.048442
v -0.140471 -2.223519 -0.051971
v -0.107867 -2.228478 -0.056040
v -0.074556 -2.233190 -0.060467
v -0.040640 -2.237636 -0.065038
v -0.006264 -2.242000 -0.069510
v 0.028411 -2.246185 -0.073654
v 0.063164 -2.249956 -0.077260
v 0.097685 -2.252969 -0.080166
v 0.131493 -2.255403 -0.082263
v 0.164106 -2.256732 -0.083641
v 0.194990 -2.257391 -0.084507
v -0.272149 -2.206435 -0.010782
v -0.241248 -2.212207 -0.012100
v -0.209661 -2.217698 -0.014195
v -0.177344 -2.222198 -0.017036
v -0.144457 -2.226684 -0.020440
v -0.111043 -2.230788 -0.024277
v -0.077214 -2.234761 -0.028350
v -0.042994 -2.237901 -0.032507
v -0.008584 -2.240956 -0.036483
v 0.025850 -2.243979 -0.040058
v 0.060133 -2.246502 -0.043066
v 0.093906 -2.249039 -0.045314
v 0.126903 -2.250530 -0.046810
v 0.158653 -2.251539 -0.047573
v 0.188828 -2.251910 -0.047811
v -0.280589 -2.210880 0.022942
v -0.248114 -2.216267 0.020942
v -0.215141 -2.221061 0.018361
v -0.181750 -2.225395 0.015257
v -0.147989 -2.229014 0.011704
v -0.114006 -2.232545 0.007873
v -0.079839 -2.235545 0.003893
v -0.045522 -2.237378 -0.000099
v -0.011278 -2.239088 -0.003839
v 0.022714 -2.240894 -0.007117
v 0.056276 -2.242529 -0.009775
v 0.089159 -2.243884 -0.011687
v 0.121001 -2.245526 -0.012752
v 0.151659 -2.245981 -0.013120
v 0.180789 -2.246413 -0.012845
v -0.287142 -2.214640 0.057673
v -0.253388 -2.219261 0.054715
v -0.219377 -2.223528 0.051427
v -0.185213 -2.227647 0.047833
v -0.150894 -2.230781 0.043937
v -0.116564 -2.233534 0.039875
v -0.082296 -2.235743 0.035768
v -0.048084 -2.236375 0.031701
v -0.014205 -2.236935 0.027946
v 0.019164 -2.237658 0.024695
v 0.051856 -2.238311 0.022091
v 0.083638 -2.239010 0.020270
v 0.114274 -2.239728 0.019296
v 0.143514 -2.240854 0.019197
v 0.171408 -2.240922 0.019792
v -0.291209 -2.216927 0.092528
v -0.256768 -2.221722 0.088501
v -0.222142 -2.225197 0.084342
v -0.187539 -2.228631 0.080085
v -0.153061 -2.232140 0.075748
v -0.118622 -2.233948 0.071275
v -0.084486 -2.235672 0.066866
v -0.050555 -2.235186 0.062509
v -0.017193 -2.234772 0.058506
v 0.015430 -2.234528 0.055025
v 0.047137 -2.234386 0.052214
v 0.077739 -2.234305 0.050200
v 0.107010 -2.234630 0.049104
v 0.134842 -2.235143 0.048958
v 0.161183 -2.236123 0.049792
v -0.292504 -2.218398 0.126577
v -0.257968 -2.222502 0.121420
v -0.223379 -2.226223 0.116450
v -0.188780 -2.229134 0.111516
v -0.154352 -2.231940 0.106610
v -0.120170 -2.234141 0.101712
v -0.086303 -2.235069 0.096843
v -0.052820 -2.233998 0.092056
v -0.020064 -2.232739 0.087606
v 0.011744 -2.231722 0.083673
v 0.042427 -2.230881 0.080408
v 0.071803 -2.230207 0.077960
v 0.099694 -2.229948 0.076480
v 0.125997 -2.230285 0.076095
v 0.150790 -2.230940 0.076882
v -0.290999 -2.218710 0.158786
v -0.257200 -2.222418 0.152740
v -0.223188 -2.225911 0.147110
v -0.189046 -2.228772 0.141646
v -0.154982 -2.231295 0.136247
v -0.121196 -2.233552 0.130887
v -0.087752 -2.234239 0.125520
v -0.054784 -2.232783 0.120194
v -0.022665 -2.230931 0.115148
v 0.008341 -2.229268 0.110572
v 0.038024 -2.227918 0.106643
v 0.066214 -2.226742 0.103527
v 0.092738 -2.226046 0.101426
v 0.117519 -2.225995 0.100544
v 0.140642 -2.226606 0.101081
v -0.287166 -2.217419 0.188207
v -0.254968 -2.221294 0.181797
v -0.222014 -2.224262 0.175875
v -0.188674 -2.227474 0.170171
v -0.155141 -2.229725 0.164434
v -0.121801 -2.231827 0.158660
v -0.088876 -2.233160 0.152840
v -0.056393 -2.231452 0.146910
v -0.024865 -2.229340 0.141168
v 0.005427 -2.227245 0.135802
v 0.034230 -2.225469 0.131018
v 0.061345 -2.223965 0.127018
v 0.086601 -2.222916 0.124050
v 0.109896 -2.222576 0.122401
v 0.131307 -2.222921 0.122389
v -0.282080 -2.214314 0.214116
v -0.252039 -2.217436 0.208071
v -0.220505 -2.220486 0.202478
v -0.188012 -2.223466 0.196883
v -0.155149 -2.226880 0.191132
v -0.122246 -2.229385 0.185101
v -0.089696 -2.231039 0.178843
v -0.057648 -2.229993 0.172340
v -0.026557 -2.227822 0.165834
v 0.003190 -2.225609 0.159574
v 0.031311 -2.223598 0.153780
v 0.057569 -2.221880 0.148693
v 0.081754 -2.220606 0.144596
v 0.103697 -2.220014 0.141843
v 0.123359 -2.220155 0.140895
v -0.277496 -2.209894 0.236075
v -0.249911 -2.212297 0.231593
v -0.219621 -2.214738 0.227016
v -0.187795 -2.217663 0.221988
v -0.155252 -2.220931 0.216406
v -0.122612 -2.224393 0.210301
v -0.090350 -2.227828 0.203764
v -0.058517 -2.227763 0.196712
v -0.027676 -2.226337 0.189451
v 0.001796 -2.224188 0.182221
v 0.029523 -2.222229 0.175305
v 0.055246 -2.220449 0.168950
v 0.078695 -2.219069 0.163454
v 0.099586 -2.218334 0.159183
v 0.117589 -2.218305 0.156657
v -0.581578 -1.868434 -0.540251
v -0.516859 -1.873845 -0.578312
v -0.450592 -1.879834 -0.611215
v -0.383196 -1.886361 -0.639656
v -0.314028 -1.893297 -0.661717
v -0.244030 -1.900552 -0.678358
v -0.173082 -1.908593 -0.685798
v -0.102816 -1.917734 -0.685180
v -0.034159 -1.927777 -0.678030
v 0.032056 -1.938251 -0.663646
v 0.095276 -1.950456 -0.644793
v 0.155657 -1.962543 -0.622078
v 0.212570 -1.974288 -0.594351
v 0.265403 -1.986733 -0.561590
v 0.314043 -1.999558 -0.524146
v -0.536682 -1.904326 -0.507390
v -0.477022 -1.909638 -0.542773
v -0.415902 -1.915515 -0.574035
v -0.353165 -1.921829 -0.600938
v -0.289072 -1.928519 -0.623765
v -0.223579 -1.935585 -0.641192
v -0.157344 -1.943106 -0.653934
v -0.090556 -1.951462 -0.656420
v -0.024856 -1.960063 -0.651839
v 0.038857 -1.970235 -0.640722
v 0.099934 -1.981026 -0.623588
v 0.157828 -1.991715 -0.601077
v 0.212007 -2.002724 -0.573611
v 0.261963 -2.014336 -0.541267
v 0.307219 -2.026521 -0.504074
v -0.494260 -1.938746 -0.473863
v -0.439514 -1.943883 -0.506702
v -0.383170 -1.949560 -0.535849
v -0.325283 -1.955682 -0.561648
v -0.265830 -1.962158 -0.583934
v -0.204982 -1.968941 -0.602680
v -0.142873 -1.976003 -0.616387
v -0.080101 -1.983528 -0.625141
v -0.017403 -1.991566 -0.623340
v 0.043615 -2.000993 -0.614492
v 0.102317 -2.010340 -0.599206
v 0.157903 -2.019781 -0.578117
v 0.209609 -2.030080 -0.551604
v 0.256853 -2.041163 -0.520014
v 0.299332 -2.052055 -0.483749
v -0.454799 -1.971381 -0.440566
v -0.404644 -1.976250 -0.470935
v -0.352904 -1.981683 -0.498191
v -0.299545 -1.987583 -0.522625
v -0.244580 -1.993857 -0.544368
v -0.188035 -2.000410 -0.563104
v -0.130097 -2.007250 -0.578450
v -0.071049 -2.014174 -0.588691
v -0.011726 -2.022157 -0.592666
v 0.046826 -2.029755 -0.587038
v 0.103180 -2.038184 -0.574041
v 0.156513 -2.046936 -0.554697
v 0.205942 -2.056691 -0.529554
v 0.250958 -2.066670 -0.499306
v 0.291139 -2.076419 -0.464403
v -0.418483 -2.001807 -0.408220
v -0.372531 -2.006336 -0.436284
v -0.325027 -2.011475 -0.461686
v -0.275911 -2.017140 -0.484772
v -0.225138 -2.023229 -0.505659
v -0.172716 -2.029642 -0.524255
v -0.118725 -2.036258 -0.540018
v -0.063431 -2.043130 -0.552137
v -0.007333 -2.049981 -0.558796
v 0.048506 -2.057601 -0.558356
v 0.102756 -2.064900 -0.548829
v 0.154053 -2.073224 -0.531787
v 0.201607 -2.082124 -0.508562
v 0.244732 -2.091297 -0.479907
v 0.283065 -2.099818 -0.446590
v -0.385262 -2.029661 -0.377269
v -0.343111 -2.033805 -0.403188
v -0.299480 -2.038629 -0.426830
v -0.254270 -2.044054 -0.448541
v -0.207409 -2.049981 -0.468488
v -0.158862 -2.056288 -0.486600
v -0.108665 -2.062861 -0.502552
v -0.056974 -2.069557 -0.515571
v -0.004196 -2.076397 -0.524499
v 0.048920 -2.083207 -0.527549
v 0.101083 -2.090420 -0.522910
v 0.150654 -2.098315 -0.509311
v 0.196609 -2.106405 -0.488481
v 0.238279 -2.114281 -0.461836
v 0.275085 -2.122237 -0.430202
v -0.355048 -2.054717 -0.348019
v -0.316323 -2.058456 -0.371958
v -0.276204 -2.062961 -0.393928
v -0.234571 -2.068154 -0.414280
v -0.191322 -2.073937 -0.433200
v -0.146396 -2.080184 -0.450683
v -0.099782 -2.086752 -0.466475
v -0.051573 -2.093502 -0.480027
v -0.002040 -2.100316 -0.490363
v 0.048236 -2.107088 -0.496103
v 0.098192 -2.114267 -0.495425
v 0.146338 -2.121445 -0.486530
v 0.190997 -2.128940 -0.468928
v 0.231421 -2.136130 -0.444610
v 0.267056 -2.143236 -0.414897
v -0.327761 -2.076893 -0.320707
v -0.292127 -2.080230 -0.342812
v -0.255189 -2.084419 -0.363200
v -0.216804 -2.089391 -0.382222
v -0.176860 -2.095044 -0.400081
v -0.135272 -2.101254 -0.416809
v -0.092005 -2.107869 -0.432239
v -0.047093 -2.114726 -0.445943
v -0.000710 -2.121652 -0.457171
v 0.046712 -2.128632 -0.464760
v 0.094388 -2.135406 -0.467174
v 0.140925 -2.142914 -0.462524
v 0.184649 -2.149609 -0.449198
v 0.224092 -2.156291 -0.427735
v 0.258763 -2.163007 -0.400162
v -0.303349 -2.096209 -0.295518
v -0.270521 -2.099167 -0.315919
v -0.236453 -2.103060 -0.334809
v -0.201001 -2.107823 -0.352537
v -0.164040 -2.113359 -0.369321
v -0.125484 -2.119542 -0.385223
v -0.085281 -2.126220 -0.400128
v -0.043433 -2.133211 -0.413712
v -0.000044 -2.140355 -0.425374
v 0.044598 -2.147427 -0.434179
v 0.089842 -2.154661 -0.438770
v 0.134675 -2.161438 -0.437505
v 0.177392 -2.168417 -0.428474
v 0.216136 -2.174979 -0.410622
v 0.250099 -2.180828 -0.385555
v -0.281768 -2.112801 -0.272578
v -0.251505 -2.115421 -0.291374
v -0.220034 -2.119055 -0.308828
v -0.187203 -2.123634 -0.325297
v -0.152901 -2.129066 -0.341006
v -0.117043 -2.135225 -0.356036
v -0.079580 -2.141958 -0.370312
v -0.040501 -2.149088 -0.383571
v 0.000131 -2.156413 -0.395330
v 0.042109 -2.163786 -0.404804
v 0.084979 -2.170983 -0.410876
v 0.127857 -2.178046 -0.412042
v 0.169320 -2.185157 -0.406532
v 0.207498 -2.191828 -0.392717
v 0.240948 -2.196915 -0.370687
v -0.262959 -2.126889 -0.251930
v -0.235078 -2.129244 -0.269166
v -0.205955 -2.132667 -0.285214
v -0.175454 -2.137105 -0.300440
v -0.143477 -2.142454 -0.315078
v -0.109960 -2.148592 -0.329217
v -0.074873 -2.155369 -0.342796
v -0.038213 -2.162608 -0.355597
v -0.000032 -2.170117 -0.367205
v 0.039518 -2.177691 -0.376962
v 0.080078 -2.185166 -0.383911
v 0.120941 -2.192469 -0.386763
v 0.160913 -2.199556 -0.383928
v 0.198297 -2.206227 -0.373762
v 0.231325 -2.211135 -0.355311
v -0.246880 -2.138810 -0.233519
v -0.221247 -2.140928 -0.249173
v -0.194257 -2.144232 -0.263791
v -0.165791 -2.148586 -0.277763
v -0.135793 -2.153894 -0.291319
v -0.104238 -2.160029 -0.304547
v -0.071129 -2.166843 -0.317391
v -0.036491 -2.174165 -0.329648
v -0.000384 -2.181803 -0.340953
v 0.037051 -2.189553 -0.350730
v 0.075514 -2.197232 -0.358158
v 0.114421 -2.204601 -0.362141
v 0.152727 -2.211817 -0.361283
v 0.188960 -2.218280 -0.354089
v 0.221315 -2.223451 -0.339254
v -0.233524 -2.148760 -0.217216
v -0.210065 -2.150828 -0.231144
v -0.184989 -2.154108 -0.244233
v -0.158251 -2.158474 -0.256887
v -0.129864 -2.163804 -0.269327
v -0.099866 -2.169969 -0.281618
v -0.068309 -2.176825 -0.293694
v -0.035255 -2.184208 -0.305357
v -0.000797 -2.191931 -0.316267
v 0.034918 -2.199792 -0.325914
v 0.071601 -2.207573 -0.333582
v 0.108721 -2.215078 -0.338329
v 0.145356 -2.222145 -0.338987
v 0.180132 -2.228523 -0.334227
v 0.211334 -2.233858 -0.322722
v -0.223013 -2.157068 -0.202778
v -0.201658 -2.159253 -0.214676
v -0.178240 -2.162677 -0.226042
v -0.152872 -2.167165 -0.237273
v -0.125691 -2.172598 -0.248534
v -0.096818 -2.178840 -0.259848
v -0.066365 -2.185755 -0.271120
v -0.034438 -2.193186 -0.282147
v -0.001162 -2.200956 -0.292609
v 0.033281 -2.208862 -0.302042
v 0.068596 -2.216679 -0.309823
v 0.104254 -2.224178 -0.315152
v 0.139369 -2.231092 -0.317072
v 0.172575 -2.237297 -0.314478
v 0.202148 -2.242529 -0.306170
v -0.215723 -2.163932 -0.189844
v -0.196299 -2.166534 -0.199152
v -0.174129 -2.170269 -0.208547
v -0.149682 -2.175029 -0.218230
v -0.123251 -2.180642 -0.228246
v -0.095050 -2.187006 -0.238534
v -0.065242 -2.193995 -0.248957
v -0.033979 -2.201466 -0.259302
v -0.001418 -2.209251 -0.269261
v 0.032237 -2.217150 -0.278418
v 0.066661 -2.224931 -0.286234
v 0.101313 -2.232322 -0.292054
v 0.135272 -2.239073 -0.295132
v 0.167122 -2.244825 -0.294687
v 0.194808 -2.249656 -0.289875
v 0.397507 -2.024311 -0.434366
v 0.432400 -2.035570 -0.381822
v 0.462662 -2.045042 -0.324845
v 0.488690 -2.053177 -0.264415
v 0.510276 -2.060351 -0.201198
v 0.527726 -2.065528 -0.136261
v 0.540865 -2.069773 -0.070331
v 0.549561 -2.073172 -0.004204
v 0.553668 -2.075488 0.061326
v 0.553204 -2.074684 0.125348
v 0.547823 -2.070891 0.187169
v 0.537747 -2.059919 0.245781
v 0.522647 -2.041547 0.300555
v 0.501176 -2.022492 0.351516
v 0.472981 -2.002670 0.398245
v 0.383291 -2.048419 -0.415650
v 0.414276 -2.058539 -0.364573
v 0.441086 -2.066516 -0.309742
v 0.463615 -2.073715 -0.251724
v 0.482057 -2.080176 -0.191354
v 0.496673 -2.084631 -0.129538
v 0.507292 -2.088486 -0.066925
v 0.513806 -2.092166 -0.004226
v 0.516177 -2.095015 0.057782
v 0.514199 -2.097078 0.118411
v 0.507956 -2.095964 0.176798
v 0.496987 -2.092896 0.232422
v 0.481827 -2.081690 0.284222
v 0.461721 -2.065504 0.331984
v 0.435713 -2.048649 0.375728
v 0.369408 -2.071862 -0.397979
v 0.397550 -2.080307 -0.348815
v 0.421465 -2.087582 -0.296123
v 0.441328 -2.093966 -0.240562
v 0.457276 -2.099608 -0.182850
v 0.469581 -2.103585 -0.123837
v 0.478134 -2.107139 -0.064146
v 0.482865 -2.110784 -0.004444
v 0.483751 -2.114215 0.054551
v 0.480710 -2.117040 0.112148
v 0.473540 -2.119347 0.167720
v 0.462348 -2.118756 0.220478
v 0.446755 -2.116179 0.269962
v 0.427166 -2.106365 0.315335
v 0.402918 -2.091874 0.356525
v 0.356457 -2.094619 -0.381844
v 0.382388 -2.101523 -0.334691
v 0.404085 -2.108024 -0.284130
v 0.421816 -2.113820 -0.230837
v 0.435763 -2.118987 -0.175520
v 0.446253 -2.122294 -0.119015
v 0.453122 -2.125661 -0.061864
v 0.456396 -2.129248 -0.004747
v 0.456094 -2.132781 0.051645
v 0.452111 -2.136439 0.106688
v 0.444389 -2.139672 0.159722
v 0.432784 -2.142264 0.210148
v 0.417312 -2.142592 0.257323
v 0.397790 -2.140267 0.300804
v 0.374355 -2.131717 0.340085
v 0.344710 -2.115736 -0.367444
v 0.368800 -2.122099 -0.322141
v 0.388766 -2.127891 -0.273570
v 0.404806 -2.133391 -0.222331
v 0.417248 -2.137676 -0.169196
v 0.426256 -2.140794 -0.114866
v 0.431791 -2.143937 -0.059935
v 0.433889 -2.147437 -0.005055
v 0.432599 -2.151024 0.049097
v 0.427856 -2.154900 0.101912
v 0.419582 -2.158927 0.152767
v 0.407724 -2.162550 0.201041
v 0.392190 -2.165252 0.246180
v 0.372937 -2.165838 0.287678
v 0.349826 -2.163314 0.325216
v 0.333879 -2.135989 -0.354462
v 0.356547 -2.141834 -0.310903
v 0.375148 -2.147232 -0.264141
v 0.389943 -2.152033 -0.214802
v 0.401174 -2.155942 -0.163584
v 0.409037 -2.158804 -0.111195
v 0.413504 -2.161835 -0.058218
v 0.414638 -2.165228 -0.005314
v 0.412506 -2.168731 0.046849
v 0.407049 -2.172643 0.097670
v 0.398218 -2.176814 0.146515
v 0.385937 -2.180955 0.192765
v 0.370150 -2.184501 0.235826
v 0.350832 -2.186799 0.275230
v 0.327978 -2.186691 0.310700
v 0.323661 -2.155236 -0.342531
v 0.345245 -2.160648 -0.300615
v 0.362850 -2.165323 -0.255558
v 0.376633 -2.169997 -0.207910
v 0.386949 -2.173439 -0.158445
v 0.393893 -2.176192 -0.107804
v 0.397480 -2.179106 -0.056606
v 0.397771 -2.182341 -0.005520
v 0.394827 -2.185642 0.044780
v 0.388577 -2.189300 0.093675
v 0.378956 -2.193220 0.140492
v 0.365956 -2.197149 0.184574
v 0.349569 -2.200707 0.225324
v 0.329632 -2.203208 0.262124
v 0.305998 -2.203833 0.294435
v 0.313690 -2.173428 -0.331244
v 0.334510 -2.177918 -0.290953
v 0.351295 -2.182489 -0.247453
v 0.364312 -2.186876 -0.201396
v 0.373875 -2.190048 -0.153545
v 0.380043 -2.192666 -0.104541
v 0.382822 -2.195424 -0.055032
v 0.382249 -2.198396 -0.005716
v 0.378332 -2.201268 0.042701
v 0.370999 -2.204341 0.089552
v 0.360174 -2.207511 0.134095
v 0.345629 -2.210445 0.175473
v 0.327293 -2.212691 0.212816
v 0.305679 -2.213967 0.245691
v 0.281442 -2.213957 0.274281
v 0.303673 -2.189892 -0.320297
v 0.323807 -2.194151 -0.281563
v 0.339944 -2.198432 -0.239592
v 0.352313 -2.202649 -0.195053
v 0.361218 -2.205518 -0.148750
v 0.366637 -2.207951 -0.101328
v 0.368534 -2.210414 -0.053489
v 0.366868 -2.212898 -0.005990
v 0.361620 -2.215018 0.040406
v 0.352466 -2.216949 0.084888
v 0.339184 -2.218487 0.126468
v 0.322222 -2.219572 0.164317
v 0.302413 -2.220234 0.198007
v 0.280448 -2.220377 0.227492
v 0.256683 -2.219823 0.253107
v 0.293255 -2.205119 -0.309452
v 0.312754 -2.209104 -0.272351
v 0.328274 -2.213110 -0.231925
v 0.340006 -2.217189 -0.188879
v 0.348237 -2.219600 -0.144086
v 0.352776 -2.221718 -0.098204
v 0.353531 -2.223622 -0.052042
v 0.350296 -2.225247 -0.006443
v 0.342693 -2.225902 0.037642
v 0.330779 -2.225982 0.079271
v 0.315332 -2.225713 0.117640
v 0.297220 -2.225273 0.152217
v 0.277167 -2.224695 0.182757
v 0.255690 -2.223884 0.209359
v 0.233005 -2.222630 0.232484
v 0.282282 -2.218875 -0.298686
v 0.301056 -2.222627 -0.263359
v 0.315858 -2.226429 -0.224535
v 0.326868 -2.230004 -0.183000
v 0.334194 -2.232065 -0.139644
v 0.337571 -2.233552 -0.095255
v 0.336560 -2.234450 -0.050752
v 0.330737 -2.234430 -0.007193
v 0.320566 -2.233257 0.034379
v 0.306878 -2.231719 0.073202
v 0.290534 -2.230077 0.108665
v 0.272306 -2.228487 0.140384
v 0.252811 -2.226950 0.168247
v 0.232406 -2.225447 0.192460
v 0.211214 -2.223380 0.213470
v 0.270648 -2.231111 -0.288069
v 0.288477 -2.234619 -0.254714
v 0.302316 -2.238154 -0.217563
v 0.312311 -2.241123 -0.177514
v 0.318382 -2.242529 -0.135519
v 0.319891 -2.242897 -0.092504
v 0.316371 -2.242171 -0.049647
v 0.308358 -2.240366 -0.008167
v 0.296748 -2.237754 0.031040
v 0.282368 -2.235000 0.067351
v 0.266027 -2.232359 0.100298
v 0.248403 -2.229948 0.129614
v 0.229994 -2.227720 0.155261
v 0.211057 -2.225556 0.177459
v 0.191607 -2.223040 0.196637
v 0.258287 -2.241606 -0.277833
v 0.274729 -2.244938 -0.246640
v 0.287204 -2.248111 -0.211193
v 0.295740 -2.250247 -0.172534
v 0.299859 -2.250534 -0.131714
v 0.299062 -2.249332 -0.089981
v 0.293679 -2.247097 -0.048758
v 0.284509 -2.243849 -0.009203
v 0.272380 -2.240163 0.027926
v 0.258093 -2.236552 0.062112
v 0.242365 -2.233218 0.092990
v 0.225802 -2.230199 0.120356
v 0.208824 -2.227543 0.144214
v 0.191686 -2.224626 0.164712
v 0.174225 -2.222086 0.182274
v 0.245097 -2.250235 -0.268387
v 0.259439 -2.253341 -0.239489
v 0.269950 -2.256063 -0.205639
v 0.276401 -2.257034 -0.168125
v 0.278343 -2.255963 -0.128339
v 0.275864 -2.253388 -0.087869
v 0.269456 -2.249991 -0.048139
v 0.259905 -2.245618 -0.010239
v 0.247920 -2.241201 0.025188
v 0.234233 -2.236987 0.057686
v 0.219504 -2.233182 0.086955
v 0.204303 -2.229751 0.112834
v 0.189058 -2.226512 0.135301
v 0.173982 -2.223367 0.154465
v 0.158910 -2.220858 0.170587
v 0.230882 -2.256568 -0.260349
v 0.241990 -2.259516 -0.233617
v 0.249864 -2.261710 -0.201045
v 0.254050 -2.261501 -0.164460
v 0.254299 -2.259341 -0.125641
v 0.250803 -2.255782 -0.086306
v 0.244033 -2.251390 -0.047842
v 0.234634 -2.246360 -0.011243
v 0.223230 -2.241412 0.022888
v 0.210479 -2.236848 0.054146
v 0.197023 -2.232606 0.082264
v 0.183387 -2.228960 0.107132
v 0.170112 -2.225090 0.128657
v 0.157385 -2.222046 0.146930
v 0.145314 -2.219700 0.161895
v -0.688724 -1.800523 0.424972
v -0.743981 -1.800528 0.392172
v -0.795717 -1.802856 0.351336
v -0.842757 -1.807182 0.302171
v -0.883926 -1.813072 0.245035
v -0.917502 -1.819940 0.180566
v -0.941291 -1.827107 0.110121
v -0.957878 -1.834763 0.035142
v -0.951673 -1.839748 -0.042674
v -0.936351 -1.844565 -0.120264
v -0.908076 -1.848339 -0.195872
v -0.869751 -1.851536 -0.267829
v -0.820172 -1.853953 -0.333925
v -0.765254 -1.856645 -0.394276
v -0.706493 -1.859870 -0.448767
v -0.656934 -1.851805 0.423754
v -0.709074 -1.851535 0.388639
v -0.757812 -1.853208 0.346289
v -0.801747 -1.856488 0.296292
v -0.839013 -1.860886 0.238941
v -0.869512 -1.866153 0.175442
v -0.890034 -1.871519 0.106184
v -0.892015 -1.875306 0.032923
v -0.886654 -1.879344 -0.041250
v -0.868121 -1.882484 -0.114862
v -0.841111 -1.885450 -0.186350
v -0.800910 -1.887486 -0.253108
v -0.755551 -1.889857 -0.315120
v -0.704906 -1.892508 -0.371534
v -0.650971 -1.895737 -0.422225
v -0.631078 -1.899446 0.423817
v -0.680445 -1.899018 0.386579
v -0.725483 -1.900067 0.342336
v -0.765849 -1.902430 0.291483
v -0.800482 -1.905799 0.234141
v -0.820983 -1.908678 0.169569
v -0.831402 -1.911525 0.101445
v -0.833718 -1.914537 0.031222
v -0.823950 -1.916955 -0.039612
v -0.806951 -1.919470 -0.109538
v -0.774938 -1.920916 -0.176041
v -0.737847 -1.922739 -0.238581
v -0.694703 -1.924736 -0.296101
v -0.648109 -1.927272 -0.348364
v -0.598768 -1.930416 -0.395236
v -0.608052 -1.943459 0.422752
v -0.654344 -1.942882 0.383737
v -0.696863 -1.943587 0.338488
v -0.728813 -1.944525 0.284662
v -0.753411 -1.945993 0.225828
v -0.770579 -1.947871 0.162996
v -0.779040 -1.949832 0.097083
v -0.777450 -1.951579 0.029643
v -0.768303 -1.953403 -0.037859
v -0.744999 -1.954359 -0.103537
v -0.715124 -1.955489 -0.165938
v -0.678797 -1.956736 -0.223990
v -0.638716 -1.958455 -0.277218
v -0.595609 -1.960703 -0.325321
v -0.550370 -1.963586 -0.368336
v -0.580841 -1.983325 0.415099
v -0.622597 -1.982448 0.374556
v -0.657967 -1.982270 0.327379
v -0.687465 -1.982791 0.274888
v -0.709567 -1.983700 0.217447
v -0.723772 -1.984806 0.156343
v -0.729599 -1.985955 0.092876
v -0.727204 -1.987086 0.028354
v -0.712649 -1.987629 -0.035780
v -0.689058 -1.987999 -0.097547
v -0.659118 -1.988463 -0.155703
v -0.624850 -1.989265 -0.209509
v -0.587326 -1.990511 -0.258522
v -0.547539 -1.992330 -0.302631
v -0.505990 -1.994793 -0.341982
v -0.549822 -2.019357 0.401330
v -0.588813 -2.018500 0.361775
v -0.622067 -2.018249 0.315939
v -0.648710 -2.018430 0.264571
v -0.668446 -2.018921 0.208892
v -0.680852 -2.019573 0.149988
v -0.684583 -2.020122 0.088978
v -0.678697 -2.020374 0.027230
v -0.660774 -2.020017 -0.033489
v -0.636946 -2.019731 -0.091347
v -0.607948 -2.019585 -0.145440
v -0.575481 -2.019772 -0.195129
v -0.540529 -2.020430 -0.240156
v -0.503749 -2.021674 -0.280534
v -0.465536 -2.023595 -0.316520
v -0.520369 -2.052342 0.386141
v -0.557189 -2.051677 0.348114
v -0.588285 -2.051461 0.303869
v -0.613091 -2.051556 0.254347
v -0.631273 -2.051854 0.200688
v -0.640972 -2.052024 0.143853
v -0.643378 -2.052129 0.085407
v -0.630963 -2.051180 0.026182
v -0.613025 -2.050246 -0.030910
v -0.588959 -2.049208 -0.084985
v -0.561186 -2.048349 -0.135123
v -0.530607 -2.047817 -0.180932
v -0.498061 -2.047778 -0.222278
v -0.464044 -2.048365 -0.259274
v -0.428832 -2.049680 -0.292235
v -0.492735 -2.082334 0.370089
v -0.527905 -2.082024 0.334113
v -0.557389 -2.082009 0.291868
v -0.580725 -2.082171 0.244377
v -0.596385 -2.082222 0.192613
v -0.605420 -2.082217 0.138232
v -0.599940 -2.081047 0.081365
v -0.587583 -2.079607 0.025548
v -0.568389 -2.077827 -0.028119
v -0.545093 -2.076023 -0.078440
v -0.518599 -2.074363 -0.124874
v -0.489921 -2.073060 -0.167126
v -0.459645 -2.072289 -0.205163
v -0.428167 -2.072197 -0.239146
v -0.395683 -2.072891 -0.269409
v -0.466650 -2.109275 0.353337
v -0.500530 -2.109490 0.319858
v -0.528672 -2.109800 0.279856
v -0.550084 -2.110028 0.234402
v -0.564502 -2.110042 0.184902
v -0.567416 -2.109112 0.131811
v -0.560367 -2.107339 0.077824
v -0.546327 -2.105064 0.025090
v -0.527438 -2.102500 -0.025068
v -0.504919 -2.099866 -0.071903
v -0.479906 -2.097408 -0.114950
v -0.453089 -2.095342 -0.154019
v -0.424977 -2.093855 -0.189118
v -0.395869 -2.093101 -0.220430
v -0.365907 -2.093197 -0.248289
v -0.441270 -2.132965 0.335673
v -0.473966 -2.133844 0.305028
v -0.500817 -2.134605 0.267611
v -0.520607 -2.134983 0.224428
v -0.531591 -2.134624 0.176666
v -0.530785 -2.132917 0.125617
v -0.522357 -2.130459 0.074524
v -0.508056 -2.127407 0.024977
v -0.489601 -2.124041 -0.021937
v -0.468218 -2.120626 -0.065584
v -0.444740 -2.117417 -0.105616
v -0.419785 -2.114642 -0.141881
v -0.393761 -2.112492 -0.174405
v -0.366911 -2.111135 -0.203365
v -0.339330 -2.110679 -0.229081
v -0.416029 -2.153191 0.317179
v -0.446967 -2.154721 0.289307
v -0.472345 -2.155999 0.254726
v -0.490166 -2.156532 0.214001
v -0.497511 -2.155635 0.168137
v -0.495389 -2.153423 0.119867
v -0.486301 -2.150282 0.071674
v -0.472258 -2.146534 0.025129
v -0.454665 -2.142471 -0.018847
v -0.434559 -2.138377 -0.059702
v -0.412694 -2.134516 -0.097122
v -0.389599 -2.131118 -0.130974
v -0.365632 -2.128391 -0.161267
v -0.340991 -2.126478 -0.188159
v -0.315734 -2.125546 -0.211941
v -0.391032 -2.169933 0.298585
v -0.419254 -2.171924 0.273104
v -0.442235 -2.173575 0.241104
v -0.457659 -2.174192 0.202953
v -0.463546 -2.173153 0.159912
v -0.460826 -2.170584 0.114530
v -0.451927 -2.166969 0.069203
v -0.438578 -2.162687 0.025388
v -0.422094 -2.158071 -0.016019
v -0.403416 -2.153426 -0.054486
v -0.383229 -2.149016 -0.089702
v -0.362028 -2.145082 -0.121512
v -0.340144 -2.141823 -0.149897
v -0.317759 -2.139481 -0.174965
v -0.294866 -2.138052 -0.196976
v -0.366776 -2.183367 0.280854
v -0.391405 -2.185623 0.257412
v -0.411220 -2.187467 0.227660
v -0.424357 -2.188200 0.192096
v -0.429397 -2.187244 0.152017
v -0.426915 -2.184631 0.109595
v -0.418705 -2.180811 0.066959
v -0.406413 -2.176215 0.025581
v -0.391259 -2.171225 -0.013629
v -0.374140 -2.166163 -0.050110
v -0.355721 -2.161302 -0.083517
v -0.336490 -2.156897 -0.113652
v -0.316785 -2.153158 -0.140439
v -0.296785 -2.150330 -0.163918
v -0.276456 -2.148509 -0.184269
v -0.343731 -2.193777 0.264881
v -0.363984 -2.196164 0.243162
v -0.380199 -2.198171 0.215325
v -0.390990 -2.199043 0.182081
v -0.395274 -2.198286 0.144699
v -0.393229 -2.195884 0.104996
v -0.386043 -2.192125 0.064810
v -0.375076 -2.187476 0.025557
v -0.361451 -2.182311 -0.011816
v -0.346035 -2.176978 -0.046692
v -0.329495 -2.171772 -0.078673
v -0.312343 -2.166933 -0.107500
v -0.294962 -2.162739 -0.133019
v -0.277585 -2.159415 -0.155161
v -0.260186 -2.157158 -0.173956
v -0.322133 -2.201547 0.251505
v -0.337110 -2.204167 0.231026
v -0.349385 -2.206238 0.204593
v -0.357728 -2.207332 0.173205
v -0.361142 -2.206870 0.138065
v -0.359475 -2.204699 0.100681
v -0.353411 -2.201276 0.062624
v -0.343927 -2.196787 0.025183
v -0.331991 -2.191670 -0.010682
v -0.318414 -2.186226 -0.044307
v -0.303862 -2.180767 -0.075233
v -0.288897 -2.175616 -0.103131
v -0.273978 -2.170891 -0.127771
v -0.259494 -2.167031 -0.148932
v -0.245641 -2.164180 -0.166362
vn -0.2512 -0.9456 0.2068
vn -0.5593 -0.6942 0.4531
vn -0.5507 -0.7057 0.4457
vn -0.2389 -0.9526 0.1886
vn -0.7117 -0.5758 0.4024
vn -0.7048 -0.5434 0.4560
vn -0.6397 -0.6346 0.4337
vn -0.6239 -0.6852 0.3759
vn -0.7094 -0.6186 0.3378
vn -0.5994 -0.7349 0.3173
vn -0.6816 -0.6812 0.2672
vn -0.5695 -0.7777 0.2662
vn -0.6293 -0.7492 0.2066
vn -0.5400 -0.8100 0.2287
vn -0.5951 -0.7829 0.1814
vn -0.5490 -0.7986 0.2466
vn -0.6086 -0.7628 0.2182
vn -0.6271 -0.6874 0.3664
vn -0.6919 -0.6269 0.3582
vn -0.7035 -0.5400 0.4621
vn -0.7133 -0.5296 0.4590
vn -0.7340 -0.4954 0.4646
vn -0.7322 -0.4659 0.4968
vn -0.7519 -0.4843 0.4473
vn -0.7510 -0.4366 0.4953
vn -0.7666 -0.4734 0.4338
vn -0.7574 -0.4409 0.4815
vn -0.7779 -0.4639 0.4239
vn -0.5252 -0.7779 0.3450
vn -0.2465 -0.9559 0.1598
vn -0.6628 -0.5209 0.5379
vn -0.7595 -0.4474 0.4722
vn -0.6557 -0.5040 0.5621
vn -0.7198 -0.4276 0.5469
vn -0.7153 -0.4558 0.5297
vn -0.6257 -0.4931 0.6045
vn -0.6590 -0.4527 0.6006
vn -0.6930 -0.5243 0.4948
vn -0.5783 -0.5545 0.5984
vn -0.6374 -0.6425 0.4254
vn -0.5118 -0.6432 0.5695
vn -0.5501 -0.7672 0.3300
vn -0.4352 -0.7418 0.5103
vn -0.4875 -0.8321 0.2646
vn -0.3882 -0.8059 0.4471
vn -0.4784 -0.8433 0.2449
vn -0.3916 -0.8241 0.4093
vn -0.5149 -0.8173 0.2588
vn -0.4268 -0.8132 0.3957
vn -0.5882 -0.7443 0.3164
vn -0.4769 -0.7833 0.3987
vn -0.6290 -0.6697 0.3947
vn -0.5259 -0.7460 0.4085
vn -0.6049 -0.6597 0.4460
vn -0.6186 -0.6101 0.4952
vn -0.1940 -0.9668 0.1665
vn -0.2983 -0.9403 0.1636
vn -0.2327 -0.9459 0.2261
vn -0.2043 -0.9562 0.2094
vn -0.6704 -0.7334 -0.1129
vn -0.6747 -0.7087 -0.2062
vn -0.7469 -0.6123 -0.2593
vn -0.7934 -0.5688 -0.2167
vn -0.5835 -0.8116 0.0293
vn -0.7388 -0.6516 0.1722
vn -0.6764 -0.7051 -0.2128
vn -0.6969 -0.4210 0.5806
vn -0.6821 -0.4285 0.5925
vn -0.6429 -0.6119 0.4607
vn -0.7415 -0.5852 0.3284
vn -0.5872 -0.5482 0.5956
vn -0.6065 -0.5630 0.5614
vn -0.5388 -0.6011 0.5902
vn -0.4866 -0.6597 0.5727
vn -0.4399 -0.7136 0.5452
vn -0.4121 -0.7508 0.5162
vn -0.4167 -0.7603 0.4982
vn -0.4891 -0.7148 0.4998
vn -0.5809 -0.6590 0.4779
vn -0.6479 -0.6306 0.4273
vn -0.5646 -0.7122 0.4172
vn -0.6056 -0.6675 0.4333
vn -0.5573 -0.8296 0.0348
vn -0.3479 -0.9173 0.1939
vn -0.8086 -0.5160 -0.2827
vn -0.8457 -0.4824 -0.2282
vn -0.6749 -0.6789 -0.2892
vn -0.5647 -0.8252 0.0103
vn -0.6619 -0.7391 -0.1251
vn -0.6014 -0.7418 0.2968
vn -0.5940 -0.7892 0.1562
vn -0.5068 -0.7692 0.3892
vn -0.4512 -0.7694 0.4521
vn -0.5245 -0.6919 0.4961
vn -0.6147 -0.6319 0.4720
vn -0.6739 -0.6179 0.4051
vn -0.7975 -0.4815 0.3635
vn -0.8748 -0.3599 0.3244
vn -0.9089 -0.3321 0.2522
vn -0.7065 -0.5995 0.3761
vn -0.7579 -0.5646 0.3269
vn -0.7689 -0.6282 -0.1191
vn -0.6065 -0.7933 0.0537
vn -0.8769 -0.4152 -0.2423
vn -0.8922 -0.4092 -0.1911
vn -0.7333 -0.5937 -0.3313
vn -0.4805 -0.8304 -0.2821
vn -0.5791 -0.7593 -0.2968
vn -0.4296 -0.8936 -0.1303
vn -0.4400 -0.8664 -0.2360
vn -0.3503 -0.9366 0.0007
vn -0.3354 -0.9360 0.1068
vn -0.5462 -0.8101 0.2132
vn -0.8086 -0.5081 0.2966
vn -0.9032 -0.3406 0.2612
vn -0.9513 -0.2242 0.2115
vn -0.9725 -0.1355 0.1894
vn -0.9765 -0.1191 0.1795
vn -0.9375 -0.2977 0.1803
vn -0.9644 -0.2382 0.1148
vn -0.8616 -0.4748 -0.1794
vn -0.7949 -0.6030 -0.0673
vn -0.9216 -0.3727 -0.1086
vn -0.9162 -0.3862 -0.1067
vn -0.8273 -0.4679 -0.3108
vn -0.4526 -0.8335 -0.3168
vn -0.6059 -0.7153 -0.3482
vn -0.2318 -0.9534 -0.1930
vn -0.3228 -0.9112 -0.2559
vn -0.1799 -0.9735 -0.1412
vn -0.1763 -0.9793 -0.0993
vn -0.2920 -0.9557 -0.0379
vn -0.6260 -0.7761 0.0761
vn -0.8501 -0.4869 0.2007
vn -0.9290 -0.2597 0.2636
vn -0.9487 -0.1525 0.2769
vn -0.9484 -0.1347 0.2869
vn -0.9809 -0.0952 0.1695
vn -0.9867 -0.0299 0.1600
vn -0.8927 -0.4233 -0.1546
vn -0.8779 -0.4657 -0.1116
vn -0.9080 -0.4186 0.0184
vn -0.9052 -0.4241 -0.0286
vn -0.9113 -0.3960 -0.1127
vn -0.4316 -0.8385 -0.3326
vn -0.6912 -0.6218 -0.3682
vn -0.1324 -0.9795 -0.1521
vn -0.2231 -0.9470 -0.2313
vn -0.0892 -0.9910 -0.0998
vn -0.0827 -0.9943 -0.0679
vn -0.1118 -0.9924 -0.0515
vn -0.2552 -0.9664 -0.0318
vn -0.4886 -0.8714 0.0436
vn -0.7375 -0.6608 0.1395
vn -0.8803 -0.4114 0.2362
vn -0.9134 -0.2773 0.2980
vn -0.9485 -0.1116 0.2966
vn -0.9509 -0.0567 0.3042
vn -0.9052 -0.4117 -0.1055
vn -0.8930 -0.4377 -0.1045
vn -0.8620 -0.5051 0.0431
vn -0.8706 -0.4919 -0.0100
vn -0.8936 -0.4405 0.0857
vn -0.5419 -0.8369 -0.0771
vn -0.8228 -0.5569 -0.1134
vn -0.1220 -0.9924 -0.0124
vn -0.2290 -0.9732 -0.0202
vn -0.0784 -0.9968 -0.0175
vn -0.0654 -0.9975 -0.0263
vn -0.0892 -0.9954 -0.0339
vn -0.1410 -0.9893 -0.0386
vn -0.2336 -0.9716 -0.0377
vn -0.4252 -0.9051 -0.0073
vn -0.6350 -0.7700 0.0622
vn -0.8265 -0.5534 0.1034
vn -0.9288 -0.1892 0.3186
vn -0.9316 -0.1499 0.3311
vn -0.8956 -0.4407 -0.0600
vn -0.8843 -0.4598 -0.0813
vn -0.8142 -0.5804 0.0121
vn -0.8297 -0.5573 -0.0320
vn -0.8352 -0.5397 0.1056
vn -0.6054 -0.7642 0.2225
vn -0.8196 -0.5472 0.1700
vn -0.2422 -0.9608 0.1351
vn -0.3686 -0.9093 0.1932
vn -0.1719 -0.9811 0.0890
vn -0.1330 -0.9893 0.0591
vn -0.1330 -0.9904 0.0383
vn -0.1647 -0.9861 0.0219
vn -0.2485 -0.9686 -0.0070
vn -0.3430 -0.9378 -0.0542
vn -0.4844 -0.8680 -0.1094
vn -0.6804 -0.7190 -0.1418
vn -0.9173 -0.3710 0.1449
vn -0.9291 -0.3188 0.1875
vn -0.8690 -0.4922 -0.0512
vn -0.8625 -0.4993 -0.0827
vn -0.7274 -0.6654 -0.1678
vn -0.7449 -0.6349 -0.2050
vn -0.7849 -0.6168 0.0587
vn -0.6529 -0.7290 0.2057
vn -0.7716 -0.6137 0.1675
vn -0.3827 -0.9078 0.1714
vn -0.5059 -0.8388 0.2012
vn -0.2852 -0.9476 0.1439
vn -0.2295 -0.9660 0.1187
vn -0.2371 -0.9685 0.0766
vn -0.2714 -0.9624 0.0106
vn -0.3532 -0.9330 -0.0686
vn -0.4358 -0.8902 -0.1326
vn -0.5061 -0.8453 -0.1711
vn -0.5911 -0.7839 -0.1902
vn -0.7859 -0.6066 -0.1203
vn -0.8375 -0.5401 -0.0829
vn -0.8347 -0.5462 -0.0705
vn -0.8331 -0.5435 -0.1025
vn -0.4964 -0.6920 -0.5241
vn -0.5268 -0.6541 -0.5428
vn -0.6966 -0.7055 -0.1305
vn -0.6592 -0.7389 0.1394
vn -0.7357 -0.6694 0.1030
vn -0.4687 -0.8680 0.1642
vn -0.5667 -0.8084 0.1594
vn -0.3991 -0.9060 0.1409
vn -0.3709 -0.9254 0.0773
vn -0.3902 -0.9207 -0.0106
vn -0.4125 -0.9076 -0.0782
vn -0.4386 -0.8917 -0.1117
vn -0.4810 -0.8682 -0.1221
vn -0.5192 -0.8457 -0.1232
vn -0.5823 -0.8007 -0.1407
vn -0.6571 -0.7287 -0.1930
vn -0.7263 -0.6582 -0.1981
vn -0.7512 -0.6144 -0.2413
vn -0.7490 -0.6021 -0.2765
vn -0.3244 -0.6166 -0.7173
vn -0.3719 -0.5834 -0.7220
vn -0.4543 -0.7389 -0.4976
vn -0.5823 -0.8111 -0.0555
vn -0.6494 -0.7547 -0.0929
vn -0.4193 -0.9078 0.0089
vn -0.5025 -0.8643 -0.0210
vn -0.4165 -0.9091 -0.0074
vn -0.4458 -0.8942 -0.0412
vn -0.4788 -0.8752 -0.0691
vn -0.4889 -0.8694 -0.0713
vn -0.5009 -0.8613 -0.0851
vn -0.5281 -0.8380 -0.1371
vn -0.5299 -0.8272 -0.1869
vn -0.5751 -0.7778 -0.2536
vn -0.6674 -0.7211 -0.1860
vn -0.7566 -0.5978 -0.2651
vn -0.5457 -0.6258 -0.5573
vn -0.5549 -0.6053 -0.5707
vn -0.3414 -0.5609 -0.7542
vn -0.2832 -0.6113 -0.7390
vn -0.3627 -0.5744 -0.7338
vn -0.3998 -0.5227 -0.7530
vn -0.2681 -0.6639 -0.6981
vn -0.3347 -0.8517 -0.4032
vn -0.4000 -0.7936 -0.4585
vn -0.2000 -0.9442 -0.2618
vn -0.2646 -0.9045 -0.3344
vn -0.1978 -0.9579 -0.2079
vn -0.2590 -0.9512 -0.1678
vn -0.3158 -0.9395 -0.1325
vn -0.3526 -0.9305 -0.0992
vn -0.4860 -0.8569 -0.1720
vn -0.5891 -0.7575 -0.2815
vn -0.5813 -0.7443 -0.3287
vn -0.5963 -0.7070 -0.3802
vn -0.6682 -0.6609 -0.3417
vn -0.7861 -0.4209 -0.4526
vn -0.4103 -0.5626 -0.7177
vn -0.4406 -0.5511 -0.7086
vn -0.4186 -0.5150 -0.7480
vn -0.4397 -0.4861 -0.7552
vn -0.4037 -0.5565 -0.7262
vn -0.4298 -0.5233 -0.7358
vn -0.2086 -0.6890 -0.6941
vn -0.3047 -0.6661 -0.6808
vn -0.1351 -0.8028 -0.5807
vn -0.2038 -0.7268 -0.6559
vn -0.0274 -0.9334 -0.3577
vn -0.0724 -0.8772 -0.4746
vn -0.0044 -0.9668 -0.2554
vn -0.0155 -0.9815 -0.1908
vn -0.0617 -0.9860 -0.1552
vn -0.1200 -0.9844 -0.1285
vn -0.3186 -0.9203 -0.2270
vn -0.5001 -0.8095 -0.3075
vn -0.6019 -0.7293 -0.3255
vn -0.6638 -0.6556 -0.3599
vn -0.6530 -0.6216 -0.4327
vn -0.7879 -0.3371 -0.5153
vn -0.3858 -0.5304 -0.7549
vn -0.4241 -0.4964 -0.7574
vn -0.4758 -0.5212 -0.7085
vn -0.4714 -0.4956 -0.7295
vn -0.1198 -0.7964 -0.5928
vn -0.0396 -0.8943 -0.4457
vn -0.1053 -0.9198 -0.3779
vn -0.2105 -0.8058 -0.5535
vn 0.0144 -0.9543 -0.2986
vn 0.0397 -0.9826 -0.1816
vn 0.0276 -0.9934 -0.1111
vn -0.0247 -0.9746 -0.2225
vn 0.0376 -0.9936 -0.1068
vn 0.0498 -0.9973 -0.0541
vn 0.0118 -0.9966 -0.0818
vn 0.0399 -0.9978 -0.0528
vn -0.0246 -0.9951 -0.0960
vn 0.0078 -0.9966 -0.0825
vn -0.1165 -0.9802 -0.1600
vn -0.0354 -0.9919 -0.1218
vn -0.2607 -0.9398 -0.2210
vn -0.0956 -0.9800 -0.1745
vn -0.4374 -0.8491 -0.2963
vn -0.2207 -0.9253 -0.3084
vn -0.5777 -0.7304 -0.3643
vn -0.3554 -0.7931 -0.4946
vn -0.6633 -0.6148 -0.4267
vn -0.4358 -0.6259 -0.6468
vn -0.6914 -0.6108 -0.3859
vn -0.8016 -0.3606 -0.4769
vn -0.7528 -0.3906 -0.5298
vn -0.4517 -0.6656 -0.5940
vn -0.4736 -0.5728 -0.6690
vn -0.1451 -0.9812 0.1273
vn -0.1286 -0.9807 0.1474
vn -0.2071 -0.9555 0.2098
vn -0.5115 -0.7392 0.4381
vn -0.6818 -0.4945 0.5391
vn -0.7086 -0.4368 0.5542
vn -0.6976 -0.5100 0.5033
vn -0.7248 -0.4387 0.5313
vn -0.7387 -0.4548 0.4975
vn -0.7555 -0.4697 0.4567
vn -0.7691 -0.4939 0.4055
vn -0.7567 -0.5646 0.3295
vn -0.7028 -0.6703 0.2383
vn -0.6279 -0.7598 0.1689
vn -0.5866 -0.7958 0.1501
vn -0.6045 -0.7728 0.1933
vn -0.6526 -0.6951 0.3015
vn -0.6867 -0.5927 0.4209
vn -0.6977 -0.5086 0.5045
vn -0.6983 -0.4802 0.5309
vn -0.8327 -0.4187 -0.3623
vn -0.8155 -0.5358 -0.2188
vn -0.9050 -0.3340 -0.2635
vn -0.8804 -0.1675 -0.4437
vn -0.8407 0.0899 -0.5340
vn -0.8222 0.0337 -0.5682
vn -0.7879 0.2599 -0.5583
vn -0.8061 0.3142 -0.5014
vn -0.8489 0.2227 -0.4794
vn -0.6089 0.7033 -0.3669
vn -0.7379 0.5592 -0.3779
vn -0.8002 -0.2059 -0.5633
vn -0.8282 -0.1142 -0.5487
vn -0.5570 -0.3065 -0.7719
vn -0.5220 -0.3781 -0.7645
vn -0.3794 -0.8029 -0.4599
vn -0.4848 -0.7868 -0.3819
vn -0.5300 -0.6840 -0.5012
vn -0.5180 -0.5543 -0.6514
vn -0.5340 -0.6043 -0.5913
vn -0.5155 -0.6598 -0.5467
vn -0.4574 -0.6536 -0.6029
vn -0.3220 -0.7149 -0.6207
vn -0.2431 -0.7983 -0.5510
vn -0.1219 -0.8232 -0.5545
vn -0.4364 -0.5194 -0.7347
vn -0.3382 -0.6539 -0.6768
vn -0.1972 -0.7499 -0.6315
vn -0.3240 -0.6597 -0.6781
vn -0.2375 -0.9349 0.2637
vn -0.2721 -0.9237 0.2698
vn -0.2935 -0.9039 0.3113
vn -0.2555 -0.9151 0.3118
vn -0.2213 -0.9395 0.2613
vn -0.2269 -0.9277 0.2963
vn -0.2554 -0.8947 0.3664
vn -0.2527 -0.9123 0.3222
vn -0.2977 -0.9222 0.2469
vn -0.3120 -0.8542 0.4160
vn -0.3844 -0.8689 0.3119
vn -0.2393 -0.9518 0.1920
vn -0.2928 -0.9363 0.1937
vn -0.3344 -0.9193 0.2075
vn -0.2743 -0.9385 0.2097
vn -0.4299 -0.9017 0.0459
vn -0.1667 -0.9762 0.1390
vn -0.7185 -0.4132 0.5595
vn -0.7156 -0.4064 0.5681
vn -0.4663 -0.5619 -0.6833
vn -0.4866 -0.4645 -0.7399
vn -0.2632 -0.9182 -0.2961
vn -0.1501 -0.9754 -0.1615
vn -0.2833 -0.9468 -0.1527
vn -0.3918 -0.8841 -0.2546
vn -0.0643 -0.9950 -0.0770
vn -0.1887 -0.9779 -0.0901
vn -0.0089 -0.9990 -0.0439
vn -0.1238 -0.9887 -0.0840
vn 0.0117 -0.9988 -0.0481
vn -0.0597 -0.9909 -0.1210
vn 0.0039 -0.9977 -0.0671
vn 0.0189 -0.9892 -0.1456
vn -0.0298 -0.9929 -0.1152
vn 0.0507 -0.9792 -0.1962
vn -0.0674 -0.9764 -0.2051
vn 0.0301 -0.9462 -0.3223
vn -0.1513 -0.8776 -0.4550
vn -0.0712 -0.7967 -0.6002
vn -0.2089 -0.6805 -0.7023
vn -0.1649 -0.5956 -0.7862
vn -0.2182 -0.5576 -0.8009
vn -0.2324 -0.4898 -0.8403
vn -0.1750 -0.7748 -0.6075
vn -0.1345 -0.7687 -0.6253
vn -0.0545 -0.8656 -0.4978
vn -0.0550 -0.8353 -0.5470
vn -0.3636 -0.7790 -0.5109
vn -0.4816 -0.7942 -0.3705
vn -0.5160 -0.7185 -0.4664
vn -0.3408 -0.9122 -0.2276
vn -0.4192 -0.8654 -0.2745
vn -0.2286 -0.9438 -0.2389
vn -0.0963 -0.9558 -0.2776
vn 0.0019 -0.9460 -0.3242
vn 0.0809 -0.9478 -0.3085
vn 0.1180 -0.9535 -0.2774
vn 0.0902 -0.9405 -0.3276
vn -0.0184 -0.8323 -0.5540
vn -0.1211 -0.6423 -0.7568
vn -0.1914 -0.5269 -0.8281
vn -0.1990 -0.4935 -0.8467
vn -0.0954 -0.7987 -0.5941
vn -0.1178 -0.7540 -0.6462
vn -0.0210 -0.8672 -0.4975
vn -0.0518 -0.8188 -0.5717
vn -0.1161 -0.8880 -0.4450
vn -0.4324 -0.8046 -0.4070
vn -0.4317 -0.7836 -0.4468
vn -0.2574 -0.8561 -0.4481
vn -0.3606 -0.8500 -0.3840
vn -0.1365 -0.8557 -0.4991
vn -0.0381 -0.8747 -0.4831
vn 0.0035 -0.9006 -0.4347
vn 0.0165 -0.9370 -0.3488
vn 0.0218 -0.9655 -0.2595
vn 0.0104 -0.9648 -0.2629
vn -0.0510 -0.8647 -0.4997
vn -0.1145 -0.6574 -0.7448
vn -0.1587 -0.5348 -0.8299
vn -0.1688 -0.4828 -0.8593
vn -0.0853 -0.7855 -0.6129
vn -0.1144 -0.7340 -0.6695
vn -0.0156 -0.8515 -0.5241
vn -0.0472 -0.7996 -0.5986
vn 0.0057 -0.9086 -0.4177
vn -0.2654 -0.8331 -0.4852
vn -0.2102 -0.8856 -0.4142
vn -0.1554 -0.7602 -0.6308
vn -0.2290 -0.7782 -0.5847
vn -0.1251 -0.7839 -0.6081
vn -0.1133 -0.8442 -0.5239
vn -0.0979 -0.9043 -0.4156
vn -0.0801 -0.9467 -0.3119
vn -0.0633 -0.9712 -0.2298
vn -0.0695 -0.9528 -0.2954
vn -0.1113 -0.7946 -0.5968
vn -0.1277 -0.5882 -0.7986
vn -0.1366 -0.5351 -0.8337
vn -0.1452 -0.4718 -0.8697
vn -0.0823 -0.7668 -0.6366
vn -0.1113 -0.7132 -0.6921
vn -0.0080 -0.8335 -0.5524
vn -0.0368 -0.7787 -0.6263
vn 0.0129 -0.8984 -0.4390
vn -0.0741 -0.8660 -0.4945
vn -0.0004 -0.9325 -0.3612
vn -0.1733 -0.7360 -0.6544
vn -0.1434 -0.7424 -0.6544
vn -0.1791 -0.7927 -0.5827
vn -0.1750 -0.8515 -0.4943
vn -0.1615 -0.9040 -0.3958
vn -0.1427 -0.9423 -0.3029
vn -0.1242 -0.9642 -0.2342
vn -0.1405 -0.8950 -0.4233
vn -0.1582 -0.6302 -0.7602
vn -0.1404 -0.4792 -0.8664
vn -0.1264 -0.5118 -0.8498
vn -0.1317 -0.4842 -0.8650
vn -0.0828 -0.7422 -0.6651
vn -0.1129 -0.6934 -0.7117
vn 0.0294 -0.8276 -0.5605
vn 0.0447 -0.7822 -0.6215
vn 0.0186 -0.8853 -0.4646
vn -0.0049 -0.9192 -0.3937
vn 0.0353 -0.9371 -0.3473
vn -0.1860 -0.7712 -0.6088
vn -0.1148 -0.8240 -0.5548
vn -0.2039 -0.8131 -0.5453
vn -0.2098 -0.8596 -0.4659
vn -0.2021 -0.8952 -0.3972
vn -0.1635 -0.9142 -0.3709
vn -0.0784 -0.9316 -0.3548
vn -0.0338 -0.8302 -0.5564
vn -0.0489 -0.6048 -0.7948
vn -0.0796 -0.5006 -0.8620
vn -0.1261 -0.4935 -0.8605
vn -0.1259 -0.5447 -0.8291
vn -0.0486 -0.7317 -0.6799
vn -0.0285 -0.7045 -0.7091
vn 0.1301 -0.8315 -0.5401
vn 0.1420 -0.7931 -0.5924
vn 0.0417 -0.8680 -0.4947
vn 0.0333 -0.9512 -0.3066
vn 0.0388 -0.9300 -0.3655
vn -0.0627 -0.8475 -0.5271
vn -0.0134 -0.9010 -0.4337
vn -0.0831 -0.8573 -0.5081
vn -0.0365 -0.8662 -0.4984
vn 0.0635 -0.8791 -0.4723
vn 0.1702 -0.8532 -0.4931
vn 0.2687 -0.8382 -0.4745
vn 0.2992 -0.8196 -0.4887
vn 0.2552 -0.7766 -0.5760
vn 0.1858 -0.7381 -0.6486
vn -0.0980 -0.5541 -0.8267
vn -0.1143 -0.6726 -0.7311
vn 0.0747 -0.7526 -0.6543
vn 0.1158 -0.7309 -0.6726
vn 0.1839 -0.8044 -0.5649
vn 0.1407 -0.7763 -0.6145
vn 0.1779 -0.8266 -0.5340
vn 0.2036 -0.9174 -0.3418
vn 0.1034 -0.8982 -0.4273
vn 0.2564 -0.8994 -0.3539
vn 0.2679 -0.8986 -0.3476
vn 0.2341 -0.8795 -0.4144
vn 0.2976 -0.7893 -0.5370
vn 0.3864 -0.7225 -0.5733
vn 0.4360 -0.7111 -0.5515
vn 0.4379 -0.7492 -0.4970
vn 0.4138 -0.8172 -0.4012
vn 0.3788 -0.8640 -0.3317
vn 0.3333 -0.8914 -0.3072
vn 0.1184 -0.7930 -0.5976
vn 0.0575 -0.8714 -0.4871
vn 0.1507 -0.7606 -0.6315
vn 0.1469 -0.7315 -0.6658
vn 0.1442 -0.7452 -0.6511
vn 0.0941 -0.7439 -0.6617
vn 0.2953 -0.7354 -0.6099
vn 0.4099 -0.7955 -0.4462
vn 0.3003 -0.7903 -0.5341
vn 0.4006 -0.8903 -0.2166
vn 0.4439 -0.8301 -0.3375
vn 0.3508 -0.9029 -0.2485
vn 0.3594 -0.7727 -0.5233
vn 0.3541 -0.6568 -0.6658
vn 0.3346 -0.6943 -0.6372
vn 0.3067 -0.7661 -0.5648
vn 0.2684 -0.8421 -0.4678
vn 0.2283 -0.9020 -0.3665
vn 0.1983 -0.9376 -0.2856
vn 0.2769 -0.9220 -0.2706
vn 0.2363 -0.9419 -0.2387
vn 0.1174 -0.7445 -0.6572
vn 0.1097 -0.7188 -0.6865
vn 0.1056 -0.6919 -0.7143
vn 0.0582 -0.7228 -0.6886
vn 0.2625 -0.6511 -0.7121
vn 0.4187 -0.7282 -0.5426
vn 0.3996 -0.6597 -0.6365
vn 0.3031 -0.9288 -0.2132
vn 0.3905 -0.8251 -0.4084
vn 0.2197 -0.9659 -0.1368
vn 0.2206 -0.8908 -0.3973
vn 0.2114 -0.7331 -0.6464
vn 0.1795 -0.6996 -0.6916
vn 0.1340 -0.7630 -0.6324
vn 0.0897 -0.8270 -0.5550
vn 0.0580 -0.8768 -0.4774
vn 0.0480 -0.9061 -0.4204
vn 0.1865 -0.9526 -0.2404
vn 0.1934 -0.9526 -0.2347
vn 0.0827 -0.7199 -0.6891
vn 0.0741 -0.7079 -0.7024
vn 0.0797 -0.6723 -0.7360
vn 0.0382 -0.7137 -0.6994
vn 0.2080 -0.5943 -0.7769
vn 0.3091 -0.6992 -0.6447
vn 0.3244 -0.6053 -0.7269
vn 0.1678 -0.9402 -0.2965
vn 0.2623 -0.8211 -0.5070
vn 0.0669 -0.9899 -0.1251
vn 0.0638 -0.9708 -0.2313
vn 0.1185 -0.8564 -0.5026
vn 0.0710 -0.7897 -0.6094
vn -0.0072 -0.7851 -0.6193
vn -0.0272 -0.7831 -0.6213
vn -0.0335 -0.8141 -0.5797
vn -0.0170 -0.8326 -0.5537
vn 0.0610 -0.9170 -0.3942
vn 0.0916 -0.9128 -0.3979
vn 0.0629 -0.7001 -0.7113
vn 0.0509 -0.7002 -0.7121
vn 0.0640 -0.6842 -0.7265
vn 0.1525 -0.5795 -0.8006
vn 0.2212 -0.6311 -0.7435
vn 0.1070 -0.7104 -0.6956
vn 0.1727 -0.5692 -0.8038
vn 0.1996 -0.6556 -0.7282
vn 0.2407 -0.5748 -0.7821
vn 0.0472 -0.8913 -0.4509
vn 0.1265 -0.7744 -0.6199
vn 0.0141 -0.9661 -0.2576
vn 0.1221 -0.9691 -0.2143
vn 0.2261 -0.9302 -0.2891
vn 0.1711 -0.9401 -0.2949
vn 0.1338 -0.9253 -0.3549
vn 0.1281 -0.8885 -0.4407
vn 0.0955 -0.8761 -0.4725
vn 0.1074 -0.8393 -0.5330
vn 0.0190 -0.8352 -0.5497
vn 0.0663 -0.8224 -0.5650
vn 0.0598 -0.6919 -0.7195
vn 0.0496 -0.6933 -0.7189
vn 0.0683 -0.6936 -0.7171
vn 0.0943 -0.7059 -0.7020
vn 0.1025 -0.6959 -0.7108
vn 0.0655 -0.6891 -0.7217
vn 0.1681 -0.5501 -0.8180
vn 0.2434 -0.5955 -0.7656
vn 0.1305 -0.6215 -0.7724
vn 0.1850 -0.5550 -0.8110
vn 0.0996 -0.7909 -0.6038
vn 0.0858 -0.7051 -0.7039
vn 0.1882 -0.8618 -0.4710
vn 0.3003 -0.8864 -0.3523
vn 0.3418 -0.9054 -0.2519
vn 0.3308 -0.9344 -0.1324
vn 0.3340 -0.9392 -0.0792
vn 0.3230 -0.9413 -0.0981
vn 0.3060 -0.9400 -0.1507
vn 0.3462 -0.8935 -0.2859
vn 0.1678 -0.7818 -0.6005
vn 0.2339 -0.7471 -0.6222
vn 0.0390 -0.7170 -0.6959
vn 0.0628 -0.7305 -0.6801
vn 0.3572 -0.7376 -0.5730
vn 0.2163 -0.7468 -0.6289
vn 0.1492 -0.5919 -0.7921
vn 0.1908 -0.6278 -0.7546
vn 0.3544 -0.5530 -0.7540
vn 0.2694 -0.5807 -0.7682
vn 0.2692 -0.6658 -0.6959
vn 0.3336 -0.7138 -0.6158
vn 0.4441 -0.6223 -0.6446
vn 0.4176 -0.5689 -0.7085
vn 0.3544 -0.7762 -0.5214
vn 0.4639 -0.6902 -0.5554
vn 0.3701 -0.8329 -0.4114
vn 0.5000 -0.7369 -0.4549
vn 0.4020 -0.8702 -0.2849
vn 0.5615 -0.7507 -0.3481
vn 0.4072 -0.9040 -0.1300
vn 0.6152 -0.7678 -0.1791
vn 0.4201 -0.9071 -0.0239
vn 0.6554 -0.7551 -0.0152
vn 0.4830 -0.8756 0.0054
vn 0.7126 -0.6980 0.0706
vn 0.5480 -0.8364 -0.0127
vn 0.7176 -0.6778 0.1602
vn 0.6168 -0.7774 -0.1236
vn 0.6975 -0.6861 0.2066
vn 0.4202 -0.7878 -0.4503
vn 0.4584 -0.7127 -0.5310
vn 0.6480 -0.7346 -0.2011
vn 0.4926 -0.6935 -0.5258
vn 0.4730 -0.6913 -0.5463
vn 0.1321 -0.8949 -0.4262
vn 0.2139 -0.9402 -0.2652
vn 0.2425 -0.9130 -0.3281
vn 0.1773 -0.8608 -0.4770
vn 0.3415 -0.6591 -0.6700
vn 0.1723 -0.7442 -0.6454
vn 0.2234 -0.6561 -0.7209
vn 0.3967 -0.5439 -0.7394
vn 0.5162 -0.6641 -0.5409
vn 0.6835 -0.6824 -0.2591
vn 0.6747 -0.6834 -0.2788
vn 0.6264 -0.6728 -0.3935
vn 0.6741 -0.6610 -0.3296
vn 0.7387 -0.6201 -0.2642
vn 0.7392 -0.6046 -0.2968
vn 0.7183 -0.6131 -0.3289
vn 0.7797 -0.5898 -0.2101
vn 0.7793 -0.5926 -0.2037
vn 0.1633 -0.7213 -0.6731
vn 0.3919 -0.7141 -0.5801
vn 0.2654 -0.7211 -0.6399
vn 0.1501 -0.7108 -0.6872
vn -0.1545 -0.7292 -0.6666
vn -0.1461 -0.7059 -0.6931
vn -0.1733 -0.6600 -0.7310
vn -0.1823 -0.6863 -0.7041
vn -0.2174 -0.7425 -0.6336
vn -0.1975 -0.7140 -0.6717
vn -0.2246 -0.6764 -0.7015
vn -0.2449 -0.7080 -0.6624
vn 0.5228 -0.6997 -0.4870
vn 0.6861 -0.7007 0.1958
vn 0.5555 -0.5750 -0.6006
vn 0.5689 -0.5372 -0.6227
vn 0.6967 -0.5995 -0.3939
vn 0.6965 -0.6496 -0.3048
vn 0.5914 -0.5566 -0.5835
vn 0.6992 -0.5397 -0.4689
vn 0.6269 -0.5970 -0.5006
vn 0.7418 -0.4992 -0.4478
vn 0.6861 -0.6134 -0.3912
vn 0.8125 -0.4640 -0.3530
vn 0.7687 -0.5751 -0.2800
vn 0.8677 -0.4243 -0.2589
vn 0.8329 -0.5377 -0.1310
vn 0.8790 -0.4297 -0.2067
vn 0.8481 -0.5298 0.0060
vn 0.8367 -0.5257 -0.1533
vn 0.8197 -0.5649 0.0946
vn 0.7370 -0.6683 -0.1007
vn 0.7302 -0.6608 0.1735
vn 0.6062 -0.7944 -0.0386
vn 0.6028 -0.7591 0.2459
vn 0.5168 -0.8144 0.2639
vn 0.6609 -0.6411 -0.3902
vn 0.5426 -0.7102 -0.4485
vn 0.7838 -0.6000 -0.1601
vn 0.7852 -0.6047 -0.1330
vn 0.7777 -0.5954 -0.2017
vn 0.7385 -0.6529 -0.1682
vn 0.7389 -0.6363 -0.2215
vn 0.7134 -0.6802 -0.1683
vn 0.7358 -0.6642 -0.1324
vn 0.7419 -0.6080 -0.2825
vn 0.8136 -0.4448 -0.3744
vn 0.8450 -0.3856 -0.3705
vn 0.8459 -0.3902 -0.3636
vn 0.8174 -0.4455 -0.3652
vn 0.7312 -0.5790 -0.3606
vn 0.6127 -0.7143 -0.3383
vn 0.5053 -0.8097 -0.2985
vn 0.4262 -0.9034 0.0462
vn 0.2747 -0.9561 0.1022
vn 0.7819 -0.5939 -0.1896
vn 0.7537 -0.6292 -0.1897
vn 0.7591 -0.6283 -0.1702
vn 0.7615 -0.6328 -0.1402
vn 0.7818 -0.5963 -0.1823
vn 0.7690 -0.6204 -0.1540
vn 0.7772 -0.6026 -0.1811
vn 0.6632 -0.7392 -0.1170
vn 0.7352 -0.6650 -0.1311
vn 0.6752 -0.7057 -0.2148
vn 0.7832 -0.5026 -0.3661
vn 0.8155 -0.3896 -0.4280
vn 0.7919 -0.4077 -0.4546
vn 0.7494 -0.4572 -0.4790
vn 0.6560 -0.5729 -0.4914
vn 0.5622 -0.6698 -0.4851
vn 0.4898 -0.7375 -0.4650
vn 0.3396 -0.9133 -0.2249
vn 0.1994 -0.9669 -0.1591
vn 0.7868 -0.6072 -0.1109
vn 0.7928 -0.6012 -0.1000
vn 0.7488 -0.6467 -0.1453
vn 0.7393 -0.6604 -0.1318
vn 0.7583 -0.6198 -0.2020
vn 0.7571 -0.6219 -0.2000
vn 0.7789 -0.5960 -0.1953
vn 0.6169 -0.7609 -0.2010
vn 0.7034 -0.6813 -0.2024
vn 0.5641 -0.7929 -0.2304
vn 0.6794 -0.6570 -0.3267
vn 0.7724 -0.4584 -0.4397
vn 0.7433 -0.4492 -0.4956
vn 0.7013 -0.4745 -0.5320
vn 0.6277 -0.5428 -0.5580
vn 0.5543 -0.6123 -0.5638
vn 0.5026 -0.6611 -0.5570
vn 0.3782 -0.8212 -0.4273
vn 0.3111 -0.8683 -0.3865
vn 0.7678 -0.6302 -0.1154
vn 0.7785 -0.6199 -0.0984
vn 0.7593 -0.6504 0.0212
vn 0.7396 -0.6730 0.0086
vn 0.7583 -0.6363 -0.1419
vn 0.7373 -0.6292 -0.2462
vn 0.7553 -0.6132 -0.2314
vn 0.6721 -0.7282 -0.1343
vn 0.7158 -0.6633 -0.2185
vn 0.6075 -0.7941 -0.0203
vn 0.6428 -0.7660 0.0037
vn 0.7163 -0.6923 -0.0870
vn 0.7169 -0.6463 -0.2615
vn 0.6438 -0.6431 -0.4147
vn 0.5786 -0.6316 -0.5160
vn 0.5376 -0.6285 -0.5621
vn 0.5076 -0.6402 -0.5766
vn 0.4465 -0.7113 -0.5429
vn 0.4281 -0.7360 -0.5245
vn 0.7431 -0.6604 -0.1080
vn 0.7581 -0.6463 -0.0878
vn 0.7532 -0.6383 0.1588
vn 0.7095 -0.6811 0.1807
vn 0.7795 -0.6253 0.0382
vn 0.7854 -0.6137 -0.0805
vn 0.7669 -0.6291 -0.1267
vn 0.7778 -0.6117 0.1445
vn 0.8100 -0.5862 0.0147
vn 0.6819 -0.6838 0.2596
vn 0.5807 -0.7530 0.3093
vn 0.5325 -0.8044 0.2634
vn 0.4925 -0.8601 0.1330
vn 0.4178 -0.9083 -0.0213
vn 0.3884 -0.9109 -0.1391
vn 0.4826 -0.8518 -0.2036
vn 0.6100 -0.7638 -0.2111
vn 0.4857 -0.6558 -0.5779
vn 0.5130 -0.6448 -0.5666
vn 0.7385 -0.6742 -0.0102
vn 0.7549 -0.6551 -0.0322
vn 0.6478 -0.6792 0.3450
vn 0.5417 -0.7320 0.4132
vn 0.7957 -0.5779 0.1816
vn 0.8403 -0.5102 0.1831
vn 0.8077 -0.5827 0.0897
vn 0.7894 -0.5328 0.3049
vn 0.8414 -0.4699 0.2669
vn 0.6919 -0.6488 0.3169
vn 0.5618 -0.7681 0.3071
vn 0.4173 -0.8655 0.2771
vn 0.2893 -0.9278 0.2354
vn 0.1917 -0.9625 0.1922
vn 0.1570 -0.9763 0.1491
vn 0.4031 -0.9002 0.1648
vn 0.7028 -0.6718 0.2339
vn 0.6696 -0.7243 -0.1644
vn 0.7345 -0.6703 -0.1061
vn 0.6897 -0.6893 0.2217
vn 0.7002 -0.6667 0.2553
vn 0.3900 -0.7379 0.5509
vn 0.2771 -0.7307 0.6239
vn 0.7759 -0.5509 0.3074
vn 0.8609 -0.4247 0.2801
vn 0.8390 -0.4890 0.2388
vn 0.7880 -0.5418 0.2924
vn 0.8478 -0.4442 0.2898
vn 0.6813 -0.6762 0.2803
vn 0.5417 -0.8039 0.2455
vn 0.3903 -0.8995 0.1962
vn 0.2582 -0.9551 0.1451
vn 0.1595 -0.9820 0.1013
vn 0.1046 -0.9918 0.0728
vn 0.4743 -0.8656 0.1604
vn 0.8207 -0.5108 0.2559
vn 0.7747 -0.5530 0.3067
vn 0.7926 -0.4948 0.3562
vn 0.4905 -0.7178 0.4941
vn 0.4958 -0.6595 0.5650
vn 0.1368 -0.7751 0.6169
vn 0.1324 -0.7279 0.6728
vn 0.6212 -0.6391 0.4536
vn 0.8575 -0.4252 0.2897
vn 0.8478 -0.4364 0.3014
vn 0.7923 -0.5612 0.2395
vn 0.8477 -0.4589 0.2660
vn 0.6816 -0.7044 0.1980
vn 0.5390 -0.8303 0.1421
vn 0.3901 -0.9169 0.0840
vn 0.2598 -0.9650 0.0349
vn 0.1672 -0.9859 0.0020
vn 0.1259 -0.9920 -0.0079
vn 0.5353 -0.8399 0.0893
vn 0.8642 -0.4738 0.1690
vn 0.8588 -0.4259 0.2847
vn 0.8678 -0.3959 0.3001
vn 0.2784 -0.6904 0.6677
vn 0.3321 -0.6377 0.6950
vn 0.0026 -0.7960 0.6053
vn 0.0269 -0.7257 0.6875
vn 0.3142 -0.7759 0.5470
vn 0.8444 -0.4619 0.2714
vn 0.7998 -0.4957 0.3385
vn 0.7937 -0.5839 0.1706
vn 0.8408 -0.4923 0.2251
vn 0.6859 -0.7198 0.1066
vn 0.5475 -0.8358 0.0414
vn 0.4102 -0.9119 -0.0127
vn 0.2896 -0.9559 -0.0498
vn 0.2091 -0.9758 -0.0646
vn 0.1852 -0.9813 -0.0533
vn 0.4759 -0.8793 0.0159
vn 0.8097 -0.5817 0.0774
vn 0.8970 -0.4078 0.1707
vn 0.9121 -0.3721 0.1720
vn 0.1872 -0.6693 0.7190
vn 0.2542 -0.6083 0.7519
vn -0.0598 -0.8375 0.5431
vn -0.0501 -0.7561 0.6525
vn 0.0488 -0.8456 0.5316
vn 0.7697 -0.5763 0.2748
vn 0.5789 -0.6970 0.4233
vn 0.7830 -0.6100 0.1216
vn 0.8176 -0.5447 0.1868
vn 0.6869 -0.7247 0.0547
vn 0.5552 -0.8317 -0.0069
vn 0.4312 -0.9007 -0.0529
vn 0.3287 -0.9410 -0.0802
vn 0.2686 -0.9598 -0.0811
vn 0.2584 -0.9644 -0.0567
vn 0.4280 -0.9030 0.0369
vn 0.7102 -0.6762 0.1958
vn 0.8963 -0.4362 0.0794
vn 0.9103 -0.4084 0.0680
vn 0.0842 -0.6423 0.7618
vn 0.1650 -0.5601 0.8118
vn -0.1375 -0.8669 0.4791
vn -0.1097 -0.9116 0.3962
vn -0.1094 -0.9240 0.3663
vn -0.1000 -0.9107 0.4007
vn -0.0429 -0.8877 0.4585
vn 0.4931 -0.8030 0.3347
vn 0.2314 -0.8660 0.4433
vn 0.7391 -0.6626 0.1214
vn 0.6871 -0.6955 0.2099
vn 0.6873 -0.7218 0.0809
vn 0.5581 -0.8283 0.0491
vn 0.4240 -0.9053 0.0254
vn 0.3267 -0.9450 0.0184
vn 0.2764 -0.9604 0.0360
vn 0.2630 -0.9624 0.0677
vn 0.4420 -0.8700 0.2185
vn 0.6598 -0.6441 0.3870
vn 0.8201 -0.5146 0.2503
vn 0.8303 -0.5015 0.2429
vn 0.0029 -0.6405 0.7679
vn 0.0962 -0.5163 0.8510
vn -0.0409 -0.6343 0.7720
vn 0.1395 -0.6507 0.7464
vn 0.3031 -0.4351 0.8478
vn 0.1123 -0.4675 0.8768
vn -0.0750 -0.9289 0.3626
vn -0.1347 -0.8805 0.4546
vn 0.1419 -0.9264 0.3487
vn -0.0019 -0.9187 0.3949
vn 0.4878 -0.7680 0.4150
vn 0.3559 -0.8691 0.3436
vn 0.4707 -0.7629 0.4432
vn 0.3453 -0.8450 0.4083
vn 0.2147 -0.9115 0.3507
vn 0.1427 -0.9391 0.3127
vn 0.1175 -0.9460 0.3022
vn 0.1169 -0.9451 0.3051
vn 0.2767 -0.8773 0.3921
vn 0.4906 -0.7436 0.4543
vn 0.7154 -0.5502 0.4307
vn 0.7205 -0.5463 0.4272
vn -0.1330 -0.7856 0.6043
vn -0.0324 -0.8416 0.5391
vn 0.0813 -0.9190 0.3858
vn 0.2273 -0.8581 0.4604
vn -0.0649 -0.9192 0.3884
vn 0.0114 -0.8520 0.5234
vn -0.1888 -0.7974 0.5731
vn -0.1976 -0.8255 0.5286
vn 0.1313 -0.7311 0.6695
vn 0.1715 -0.6914 0.7019
vn 0.1165 -0.7357 0.6672
vn -0.0415 -0.7719 0.6344
vn 0.1099 -0.7551 0.6463
vn 0.1485 -0.7591 0.6338
vn 0.0192 -0.8361 0.5483
vn 0.0708 -0.8450 0.5301
vn -0.0348 -0.8864 0.4617
vn -0.0121 -0.9102 0.4140
vn -0.0385 -0.9101 0.4125
vn -0.0451 -0.9391 0.3407
vn -0.0190 -0.9214 0.3881
vn -0.0352 -0.9498 0.3109
vn 0.0411 -0.9178 0.3948
vn -0.0102 -0.9528 0.3034
vn 0.1539 -0.9002 0.4073
vn 0.0182 -0.9514 0.3073
vn 0.2869 -0.8700 0.4011
vn 0.0629 -0.9410 0.3326
vn 0.6041 -0.6766 0.4210
vn 0.6770 -0.6147 0.4048
vn 0.4399 -0.7858 0.4347
vn -0.1580 -0.7385 0.6555
vn -0.0297 -0.8499 0.5261
vn 0.0433 -0.6960 -0.7167
vn 0.0350 -0.6986 -0.7146
vn 0.9344 -0.3506 0.0629
vn 0.9381 -0.2967 0.1785
vn 0.9712 -0.1406 0.1924
vn 0.9689 -0.2379 0.0673
vn 0.7601 -0.4849 0.4326
vn 0.8843 -0.3996 0.2414
vn 0.9268 -0.2818 0.2483
vn 0.7990 -0.4057 0.4439
vn 0.7759 -0.4542 0.4379
vn 0.8473 -0.2646 0.4605
vn 0.8273 -0.2999 0.4750
vn 0.5607 -0.6818 0.4698
vn 0.6311 -0.5973 0.4949
vn 0.4178 -0.7058 0.5721
vn 0.2876 -0.8295 0.4787
vn -0.2712 -0.7329 0.6239
vn -0.0699 -0.7637 0.6418
vn 0.0499 -0.6363 0.7698
vn 0.2326 -0.7867 0.5718
vn 0.1488 -0.6507 0.7446
vn 0.3617 -0.5574 0.7473
vn 0.3580 -0.6022 0.7136
vn 0.3714 -0.7031 0.6064
vn 0.4207 -0.5625 0.7118
vn 0.4154 -0.5902 0.6922
vn 0.4067 -0.6722 0.6186
vn 0.4817 -0.6695 0.5655
vn 0.5419 -0.5250 0.6563
vn 0.5106 -0.4609 0.7259
vn 0.3453 -0.8129 -0.4691
vn 0.6410 -0.7326 -0.2291
vn 0.4718 -0.8234 -0.3152
vn 0.1920 -0.8655 -0.4627
vn 0.0907 -0.7830 -0.6154
vn 0.1178 -0.8500 -0.5135
vn 0.0695 -0.8899 -0.4508
vn 0.0324 -0.8669 -0.4974
vn -0.0051 -0.8224 -0.5689
vn 0.0193 -0.8776 -0.4791
vn -0.0452 -0.8684 -0.4938
vn 0.0345 -0.6972 -0.7160
vn 0.0383 -0.6959 -0.7171
vn 0.3506 -0.8040 0.4802
vn 0.1551 -0.9058 0.3943
vn -0.3088 -0.7993 0.5155
vn -0.2248 -0.8562 0.4652
vn -0.1996 -0.9401 0.2763
vn -0.1818 -0.8880 0.4225
vn -0.0147 -0.8563 0.5162
vn -0.0958 -0.9619 0.2560
vn 0.1641 -0.8275 0.5369
vn 0.1042 -0.9461 0.3066
vn 0.1896 -0.8637 0.4669
vn 0.2559 -0.9166 0.3071
vn 0.1186 -0.9271 0.3557
vn 0.2872 -0.9214 0.2617
vn 0.0483 -0.9619 0.2692
vn 0.2434 -0.9450 0.2183
vn 0.0180 -0.9730 0.2300
vn 0.1801 -0.9652 0.1894
vn 0.0212 -0.9750 0.2211
vn 0.1322 -0.9749 0.1791
vn 0.0415 -0.9722 0.2304
vn 0.1114 -0.9759 0.1875
vn 0.0699 -0.9639 0.2570
vn 0.1057 -0.9470 0.3033
vn 0.4351 -0.6809 0.5891
vn 0.4846 -0.5844 0.6509
vn 0.4411 -0.6011 0.6664
vn 0.4375 -0.5617 0.7022
vn 0.4350 -0.6005 0.6710
vn 0.2669 -0.7991 0.5387
vn 0.3515 -0.6262 0.6960
vn 0.0409 -0.9884 0.1464
vn 0.1357 -0.9427 0.3047
vn 0.0045 -0.9962 0.0872
vn 0.0437 -0.9955 0.0843
vn 0.1556 -0.9817 0.1094
vn 0.2741 -0.9512 0.1416
vn 0.3440 -0.9209 0.1835
vn 0.3412 -0.9175 0.2043
vn 0.2968 -0.9317 0.2094
vn 0.2483 -0.9423 0.2244
vn 0.1156 -0.9696 0.2158
vn 0.1384 -0.9543 0.2649
vn 0.4072 -0.6656 0.6254
vn 0.4328 -0.6266 0.6481
vn 0.4322 -0.6397 0.6356
vn 0.4281 -0.5975 0.6780
vn 0.4419 -0.6562 0.6116
vn 0.3832 -0.8181 0.4289
vn 0.4376 -0.6837 0.5840
vn 0.1500 -0.9754 0.1617
vn 0.2752 -0.9212 0.2751
vn 0.0627 -0.9949 0.0796
vn 0.0181 -0.9998 0.0095
vn 0.0339 -0.9994 -0.0068
vn 0.1079 -0.9937 0.0313
vn 0.2188 -0.9676 0.1263
vn 0.3093 -0.9279 0.2081
vn 0.3483 -0.9010 0.2586
vn 0.3495 -0.8845 0.3091
vn 0.2099 -0.9461 0.2467
vn 0.1939 -0.9380 0.2874
vn 0.4156 -0.6255 0.6604
vn 0.4056 -0.6588 0.6336
vn 0.3153 -0.6944 0.6468
vn 0.2853 -0.7100 0.6438
vn 0.4230 -0.6825 0.5960
vn 0.3484 -0.8261 0.4429
vn 0.4134 -0.7420 0.5278
vn 0.1473 -0.9618 0.2308
vn 0.2514 -0.9008 0.3542
vn 0.0660 -0.9928 0.0997
vn 0.0159 -0.9999 -0.0023
vn 0.0003 -0.9998 -0.0193
vn -0.0021 -0.9978 0.0656
vn -0.0027 -0.9803 0.1974
vn 0.0076 -0.9494 0.3141
vn 0.0306 -0.9009 0.4329
vn 0.0416 -0.8462 0.5313
vn 0.3221 -0.8681 0.3777
vn 0.2733 -0.8487 0.4528
vn 0.3668 -0.6696 0.6458
vn 0.2701 -0.7605 0.5905
vn 0.0436 -0.7554 0.6538
vn 0.0269 -0.8069 0.5901
vn 0.3172 -0.7201 0.6172
vn 0.3414 -0.8006 0.4924
vn 0.3894 -0.7388 0.5500
vn 0.2086 -0.9295 0.3042
vn 0.2841 -0.8755 0.3909
vn 0.0880 -0.9621 0.2581
vn -0.0666 -0.9756 0.2091
vn -0.1789 -0.9527 0.2456
vn -0.2308 -0.8965 0.3781
vn -0.2856 -0.8253 0.4872
vn -0.3380 -0.7779 0.5297
vn -0.3583 -0.7176 0.5973
vn -0.3584 -0.6532 0.6670
vn 0.0500 -0.7730 0.6324
vn 0.0332 -0.6861 0.7267
vn 0.1995 -0.7963 0.5711
vn 0.0901 -0.8724 0.4805
vn -0.1460 -0.7775 0.6117
vn -0.1547 -0.8441 0.5134
vn 0.0544 -0.7808 0.6225
vn 0.3043 -0.7755 0.5531
vn 0.3222 -0.7532 0.5735
vn 0.0988 -0.8085 0.5802
vn 0.2204 -0.8143 0.5370
vn -0.0262 -0.7744 0.6322
vn -0.1747 -0.7638 0.6214
vn -0.2934 -0.7375 0.6083
vn -0.3466 -0.6997 0.6247
vn -0.3563 -0.6787 0.6422
vn -0.3580 -0.6947 0.6239
vn -0.3649 -0.6774 0.6387
vn -0.3500 -0.6523 0.6723
vn -0.3451 -0.6061 0.7167
vn -0.3106 -0.5620 0.7666
vn -0.0082 -0.8838 0.4678
vn -0.0232 -0.9090 0.4161
vn -0.1557 -0.8260 0.5418
vn -0.1851 -0.8905 0.4155
vn -0.1331 -0.7882 0.6008
vn 0.0783 -0.7787 0.6225
vn 0.0701 -0.8142 0.5763
vn -0.0408 -0.5974 0.8009
vn 0.0439 -0.6740 0.7374
vn -0.1020 -0.5544 0.8260
vn -0.1395 -0.5624 0.8150
vn -0.1687 -0.6215 0.7650
vn -0.1819 -0.7163 0.6736
vn -0.1797 -0.7687 0.6139
vn -0.1770 -0.7726 0.6097
vn -0.1855 -0.7575 0.6259
vn -0.1907 -0.7505 0.6328
vn -0.3268 -0.6925 0.6431
vn -0.3093 -0.6842 0.6604
vn -0.1518 -0.9009 0.4066
vn -0.1424 -0.9029 0.4055
vn -0.1287 -0.9045 0.4065
vn -0.1654 -0.9372 0.3070
vn -0.1320 -0.7955 0.5914
vn -0.0995 -0.8162 0.5692
vn -0.1262 -0.8183 0.5608
vn -0.0124 -0.5486 0.8360
vn -0.0498 -0.6994 0.7130
vn -0.0020 -0.5249 0.8511
vn -0.0038 -0.5382 0.8428
vn -0.0036 -0.6006 0.7995
vn -0.0033 -0.7143 0.6998
vn -0.0155 -0.7912 0.6114
vn -0.0366 -0.7964 0.6036
vn -0.0560 -0.7716 0.6337
vn -0.0696 -0.7636 0.6419
vn -0.1860 -0.7884 0.5864
vn -0.1921 -0.7831 0.5915
vn -0.2235 -0.9044 0.3635
vn -0.2484 -0.8941 0.3727
vn -0.1682 -0.9389 0.3002
vn -0.1378 -0.9625 0.2337
vn -0.1395 -0.8235 0.5500
vn -0.0776 -0.8556 0.5118
vn -0.1088 -0.8197 0.5624
vn 0.0300 -0.7337 0.6789
vn -0.0289 -0.8494 0.5269
vn 0.0623 -0.5862 0.8078
vn 0.0793 -0.5551 0.8280
vn 0.1004 -0.5815 0.8073
vn 0.1111 -0.6453 0.7558
vn 0.0884 -0.6994 0.7092
vn 0.0573 -0.7382 0.6721
vn 0.0234 -0.7348 0.6779
vn -0.0046 -0.7226 0.6913
vn -0.0842 -0.7822 0.6173
vn -0.1159 -0.7556 0.6447
vn -0.2256 -0.9207 0.3184
vn -0.2686 -0.9029 0.3355
vn -0.2869 -0.8990 0.3308
vn -0.1241 -0.9727 0.1959
vn -0.3032 -0.8275 0.4726
vn -0.1143 -0.8517 0.5114
vn -0.1359 -0.8151 0.5632
vn -0.0498 -0.8958 0.4417
vn -0.0808 -0.8936 0.4415
vn -0.0555 -0.7853 0.6167
vn 0.0343 -0.7006 0.7127
vn 0.1294 -0.6703 0.7307
vn 0.1443 -0.6260 0.7663
vn 0.1318 -0.6123 0.7795
vn 0.1229 -0.6412 0.7574
vn 0.0934 -0.6541 0.7506
vn 0.0476 -0.6355 0.7707
vn -0.0306 -0.7110 0.7025
vn -0.0706 -0.6639 0.7445
vn -0.2096 -0.9394 0.2714
vn -0.2654 -0.9193 0.2907
vn -0.4170 -0.8163 0.3998
vn -0.1487 -0.9694 0.1954
vn -0.5055 -0.7260 0.4663
vn -0.3533 -0.8004 0.4843
vn -0.3659 -0.7651 0.5299
vn -0.2871 -0.8895 0.3555
vn -0.3243 -0.8453 0.4246
vn -0.2790 -0.8889 0.3633
vn -0.2439 -0.8668 0.4349
vn -0.2132 -0.8248 0.5237
vn -0.2388 -0.7113 0.6611
vn -0.2398 -0.6333 0.7358
vn -0.1997 -0.6300 0.7505
vn -0.1632 -0.6307 0.7587
vn -0.1513 -0.6018 0.7842
vn 0.0043 -0.6155 0.7881
vn -0.0451 -0.5552 0.8305
vn -0.1777 -0.9582 0.2240
vn -0.2459 -0.9379 0.2447
vn -0.6196 -0.5871 0.5210
vn -0.5640 -0.7057 0.4289
vn -0.5788 -0.6634 0.4742
vn -0.4905 -0.8081 0.3261
vn -0.5318 -0.7576 0.3784
vn -0.4549 -0.8448 0.2817
vn -0.4335 -0.8647 0.2535
vn -0.4952 -0.8084 0.3180
vn -0.6172 -0.6413 0.4559
vn -0.6503 -0.5592 0.5142
vn -0.6340 -0.5623 0.5310
vn -0.6144 -0.5631 0.5526
vn -0.5934 -0.5602 0.5780
vn -0.1395 -0.5762 0.8053
vn -0.1420 -0.5259 0.8386
vn -0.1409 -0.9730 0.1825
vn -0.2120 -0.9557 0.2040
vn -0.6442 -0.5922 0.4840
vn -0.5713 -0.5528 0.6066
vn -0.5546 -0.5312 0.6405
vn -0.1826 -0.9676 0.1746
vn -0.7875 -0.4494 0.4218
vn -0.2117 -0.9454 0.2477
vn -0.1857 -0.9652 0.1843
vn -0.2020 -0.9538 0.2223
vn 0.1870 -0.7666 -0.6142
vn -0.0921 -0.4680 0.8789
vn -0.1184 -0.5708 0.8125
vn -0.1569 -0.4569 0.8756
vn -0.1271 -0.3766 0.9176
vn -0.5406 -0.4219 0.7279
vn -0.1510 -0.3751 0.9146
vn -0.1606 -0.2605 0.9520
vn -0.5479 -0.3003 0.7808
vn -0.1765 -0.9702 0.1661
vn -0.2119 -0.9569 0.1985
vn 0.5006 -0.5061 0.7023
vn 0.4507 -0.5568 0.6977
vn 0.4564 -0.4999 0.7361
vn 0.5000 -0.4439 0.7436
vn 0.5060 -0.3227 0.7999
vn 0.5257 -0.3814 0.7604
vn 0.5123 -0.3261 0.7945
vn 0.4966 -0.2730 0.8239
vn -0.2470 -0.9442 0.2180
vn -0.3754 -0.8983 0.2284
vn -0.5900 -0.7985 0.1194
vn -0.3958 -0.8797 0.2637
vn -0.3312 -0.8940 0.3016
vn -0.7556 -0.6548 0.0192
vn -0.5247 -0.8278 0.1985
vn -0.8439 -0.5346 -0.0454
vn -0.6627 -0.7422 0.1002
vn -0.8680 -0.4890 -0.0862
vn -0.7344 -0.6786 0.0080
vn -0.8536 -0.5099 -0.1070
vn -0.7665 -0.6400 -0.0529
vn -0.8279 -0.5459 -0.1287
vn -0.7528 -0.6490 -0.1100
vn -0.7245 -0.6142 -0.3128
vn -0.6056 -0.7301 -0.3166
vn -0.5109 -0.6517 -0.5607
vn -0.3936 -0.7743 -0.4955
vn -0.4085 -0.6569 -0.6337
vn -0.3286 -0.7870 -0.5221
vn -0.3643 -0.6693 -0.6476
vn -0.2922 -0.7230 -0.6260
vn -0.3630 -0.9111 0.1951
vn -0.4041 -0.8906 0.2088
vn -0.4117 -0.7524 0.5142
vn -0.4990 -0.7649 0.4074
vn -0.3042 -0.8370 0.4549
vn -0.3311 -0.8726 0.3592
vn -0.2890 -0.8815 0.3735
vn -0.4043 -0.8602 0.3109
vn -0.3706 -0.8659 0.3360
vn -0.4338 -0.8559 0.2815
vn -0.4754 -0.8511 0.2229
vn -0.5386 -0.8305 0.1424
vn -0.5970 -0.7996 0.0645
vn -0.5871 -0.8080 -0.0496
vn -0.4604 -0.8389 -0.2904
vn -0.3466 -0.8129 -0.4680
vn -0.3196 -0.7944 -0.5165
vn -0.2831 -0.7860 -0.5496
vn -0.2432 -0.7696 -0.5904
vn -0.4589 -0.8596 0.2248
vn -0.4812 -0.8446 0.2347
vn -0.5140 -0.6489 0.5609
vn -0.5813 -0.6563 0.4810
vn -0.3829 -0.7533 0.5347
vn -0.3804 -0.8304 0.4070
vn -0.3383 -0.8312 0.4413
vn -0.4499 -0.8283 0.3340
vn -0.4183 -0.8300 0.3689
vn -0.4767 -0.8273 0.2972
vn -0.4990 -0.8305 0.2474
vn -0.5150 -0.8366 0.1866
vn -0.5242 -0.8428 0.1217
vn -0.5155 -0.8567 -0.0193
vn -0.4442 -0.8455 -0.2963
vn -0.3647 -0.7947 -0.4853
vn -0.3426 -0.7705 -0.5376
vn -0.2933 -0.7694 -0.5675
vn -0.2683 -0.7396 -0.6173
vn -0.5573 -0.7718 0.3062
vn -0.5499 -0.7779 0.3041
vn -0.5836 -0.5876 0.5605
vn -0.6180 -0.5881 0.5218
vn -0.4774 -0.6702 0.5682
vn -0.4383 -0.7809 0.4450
vn -0.4045 -0.7677 0.4970
vn -0.4968 -0.7931 0.3523
vn -0.4700 -0.7890 0.3957
vn -0.5187 -0.7980 0.3067
vn -0.5354 -0.8067 0.2502
vn -0.5460 -0.8169 0.1860
vn -0.5504 -0.8263 0.1194
vn -0.5389 -0.8421 -0.0202
vn -0.4669 -0.8305 -0.3038
vn -0.3872 -0.7738 -0.5013
vn -0.3667 -0.7458 -0.5561
vn -0.3190 -0.7417 -0.5900
vn -0.2948 -0.7094 -0.6402
vn -0.6118 -0.6789 0.4060
vn -0.5889 -0.7025 0.3996
vn -0.6261 -0.5529 0.5498
vn -0.6162 -0.5566 0.5572
vn -0.5583 -0.6133 0.5587
vn -0.5012 -0.7295 0.4655
vn -0.4815 -0.7033 0.5230
vn -0.5424 -0.7587 0.3608
vn -0.5230 -0.7466 0.4112
vn -0.5577 -0.7711 0.3074
vn -0.5684 -0.7851 0.2461
vn -0.5739 -0.7989 0.1802
vn -0.5743 -0.8108 0.1129
vn -0.5612 -0.8272 -0.0264
vn -0.4903 -0.8130 -0.3141
vn -0.4110 -0.7518 -0.5157
vn -0.3913 -0.7206 -0.5724
vn -0.3441 -0.7143 -0.6094
vn -0.3208 -0.6793 -0.6600
vn -0.6264 -0.6082 0.4876
vn -0.5545 -0.6655 0.4997
vn -0.5835 -0.5786 0.5699
vn -0.4621 -0.6494 0.6040
vn -0.6154 -0.5781 0.5358
vn -0.5628 -0.6826 0.4662
vn -0.5545 -0.6501 0.5195
vn -0.5861 -0.7273 0.3571
vn -0.5748 -0.7073 0.4115
vn -0.5951 -0.7459 0.2991
vn -0.6008 -0.7640 0.2353
vn -0.6026 -0.7800 0.1691
vn -0.6004 -0.7932 0.1018
vn -0.5859 -0.8095 -0.0381
vn -0.5150 -0.7922 -0.3275
vn -0.4290 -0.7323 -0.5289
vn -0.3908 -0.7200 -0.5735
vn -0.3699 -0.6856 -0.6270
vn -0.3471 -0.6474 -0.6785
vn -0.5364 -0.6272 0.5648
vn -0.3085 -0.7671 0.5625
vn -0.3758 -0.7261 0.5758
vn -0.2106 -0.7666 0.6066
vn -0.6390 -0.5612 0.5260
vn -0.6161 -0.6455 0.4514
vn -0.6126 -0.6123 0.4998
vn -0.6276 -0.6989 0.3431
vn -0.6219 -0.6742 0.3984
vn -0.6317 -0.7216 0.2833
vn -0.6333 -0.7421 0.2194
vn -0.6320 -0.7595 0.1540
vn -0.6276 -0.7736 0.0874
vn -0.5937 -0.8024 -0.0605
vn -0.4824 -0.8114 -0.3300
vn -0.3644 -0.8031 -0.4714
vn -0.3144 -0.8165 -0.4843
vn -0.3567 -0.7203 -0.5949
vn -0.3309 -0.7122 -0.6191
vn -0.2627 -0.7680 0.5840
vn -0.0376 -0.7821 0.6220
vn -0.2300 -0.7709 0.5940
vn -0.1444 -0.7146 0.6845
vn -0.5144 -0.6827 0.5190
vn -0.6596 -0.6172 0.4290
vn -0.6571 -0.5848 0.4756
vn -0.6647 -0.6738 0.3226
vn -0.6621 -0.6468 0.3786
vn -0.6657 -0.6985 0.2628
vn -0.6646 -0.7199 0.2004
vn -0.6612 -0.7378 0.1363
vn -0.6472 -0.7595 0.0656
vn -0.5598 -0.8200 -0.1191
vn -0.3778 -0.8602 -0.3425
vn -0.2838 -0.8715 -0.3999
vn -0.2704 -0.8642 -0.4243
vn -0.2890 -0.8248 -0.4859
vn -0.2765 -0.8245 -0.4937
vn -0.0716 -0.7381 0.6708
vn 0.0136 -0.6878 0.7257
vn -0.2511 -0.7093 0.6587
vn -0.1667 -0.6298 0.7587
vn -0.3224 -0.7971 0.5106
vn -0.6278 -0.6553 0.4200
vn -0.5860 -0.6656 0.4621
vn -0.6738 -0.6734 0.3041
vn -0.6580 -0.6582 0.3657
vn -0.6747 -0.6980 0.2398
vn -0.6619 -0.7283 0.1771
vn -0.6376 -0.7614 0.1172
vn -0.5880 -0.8081 0.0357
vn -0.4641 -0.8640 -0.1952
vn -0.3192 -0.8650 -0.3873
vn -0.2952 -0.8587 -0.4189
vn -0.2931 -0.8464 -0.4447
vn -0.2696 -0.8534 -0.4461
vn -0.2732 -0.8414 -0.4662
vn -0.0537 -0.6381 0.7681
vn 0.0316 -0.5539 0.8320
vn -0.2948 -0.6401 0.7095
vn -0.2073 -0.5392 0.8163
vn -0.3138 -0.7613 0.5674
vn -0.4793 -0.7733 0.4151
vn -0.4093 -0.7883 0.4594
vn -0.5550 -0.7793 0.2909
vn -0.5282 -0.7707 0.3563
vn -0.5619 -0.7958 0.2257
vn -0.5522 -0.8174 0.1640
vn -0.5299 -0.8413 0.1069
vn -0.4816 -0.8764 0.0007
vn -0.3868 -0.8890 -0.2450
vn -0.3236 -0.8532 -0.4091
vn -0.3201 -0.8393 -0.4395
vn -0.3201 -0.8248 -0.4661
vn -0.2950 -0.8334 -0.4673
vn -0.2998 -0.8199 -0.4878
vn -0.0665 -0.5202 0.8515
vn 0.0243 -0.3947 0.9185
vn -0.3524 -0.5630 0.7476
vn -0.2670 -0.4478 0.8533
vn -0.3594 -0.7074 0.6087
vn -0.3954 -0.8192 0.4154
vn -0.3602 -0.7956 0.4872
vn -0.4439 -0.8493 0.2858
vn -0.4226 -0.8365 0.3488
vn -0.4607 -0.8585 0.2253
vn -0.4738 -0.8649 0.1656
vn -0.4837 -0.8688 0.1062
vn -0.4677 -0.8829 -0.0417
vn -0.3990 -0.8679 -0.2958
vn -0.3507 -0.8320 -0.4299
vn -0.3488 -0.8160 -0.4610
vn -0.3491 -0.7999 -0.4881
vn -0.3227 -0.8103 -0.4892
vn -0.3275 -0.7957 -0.5095
vn -0.1066 -0.4037 0.9087
vn -0.0265 -0.2534 0.9670
vn -0.4205 -0.4753 0.7728
vn -0.4830 -0.5633 0.6704
vn -0.5523 -0.4701 0.6885
vn -0.4912 -0.3786 0.7844
vn -0.4166 -0.6427 0.6430
vn -0.4412 -0.7827 0.4390
vn -0.4063 -0.7521 0.5190
vn -0.4893 -0.8195 0.2985
vn -0.4681 -0.8042 0.3662
vn -0.5063 -0.8300 0.2340
vn -0.5198 -0.8371 0.1705
vn -0.5115 -0.8543 0.0919
vn -0.4655 -0.8813 -0.0814
vn -0.3966 -0.8651 -0.3071
vn -0.3773 -0.8183 -0.4336
vn -0.3799 -0.7888 -0.4832
vn -0.3794 -0.7714 -0.5110
vn -0.3512 -0.7842 -0.5116
vn -0.3554 -0.7688 -0.5316
vn -0.1741 -0.3014 0.9375
vn -0.1107 -0.1507 0.9824
vn -0.5296 -0.6249 0.5736
vn -0.5988 -0.5373 0.5939
vn -0.4982 -0.7337 0.4621
vn -0.4634 -0.6967 0.5476
vn -0.5462 -0.7773 0.3123
vn -0.5249 -0.7594 0.3844
vn -0.5633 -0.7896 0.2433
vn -0.5563 -0.8166 0.1540
vn -0.4949 -0.8684 0.0314
vn -0.4112 -0.9046 -0.1123
vn -0.3838 -0.8846 -0.2648
vn -0.3954 -0.8282 -0.3972
vn -0.4091 -0.7731 -0.4847
vn -0.4105 -0.7384 -0.5350
vn -0.3803 -0.7547 -0.5346
vn -0.3832 -0.7388 -0.5543
vn -0.5645 -0.6680 0.4848
vn -0.5916 -0.6981 0.4033
vn -0.6580 -0.6322 0.4091
vn -0.6345 -0.5857 0.5044
vn -0.6131 -0.7192 0.3268
vn -0.6061 -0.7641 0.2210
vn -0.5770 -0.8061 0.1315
vn -0.6423 -0.7101 0.2885
vn -0.5409 -0.8373 0.0798
vn -0.4827 -0.8755 -0.0211
vn -0.4453 -0.8937 -0.0548
vn -0.4430 -0.8909 -0.1002
vn -0.3978 -0.9072 -0.1366
vn -0.4235 -0.8911 -0.1629
vn -0.3836 -0.8967 -0.2210
vn -0.3872 -0.8932 -0.2285
vn -0.3827 -0.8653 -0.3238
vn -0.3586 -0.8921 -0.2749
vn -0.3872 -0.8245 -0.4127
vn -0.3516 -0.8789 -0.3224
vn -0.3907 -0.7901 -0.4723
vn -0.3549 -0.8578 -0.3717
vn -0.3967 -0.7636 -0.5094
vn -0.3543 -0.8397 -0.4115
vn -0.4096 -0.7211 -0.5588
vn -0.4107 -0.7051 -0.5780
vn -0.2562 -0.2108 0.9433
vn -0.3399 -0.3549 0.8709
vn -0.4152 -0.2602 0.8717
vn -0.3375 -0.1254 0.9329
vn -0.3948 -0.7487 -0.5325
vn -0.3866 -0.7482 -0.5392
vn -0.3243 -0.8347 -0.4451
vn -0.3430 -0.8317 -0.4366
vn 0.8510 -0.4673 0.2395
vn 0.7343 -0.5274 0.4273
vn -0.1699 -0.6348 -0.7538
vn -0.1844 -0.6009 -0.7778
vn -0.1991 -0.6166 -0.7617
vn -0.1596 -0.5937 -0.7887
vn -0.2207 -0.5781 -0.7856
vn -0.0728 -0.6378 -0.7668
vn -0.2122 -0.5683 -0.7950
vn 0.0020 -0.6862 -0.7274
vn -0.1274 -0.6333 -0.7633
vn -0.0040 -0.6802 -0.7330
vn -0.0399 -0.6956 -0.7173
vn -0.0194 -0.6816 -0.7314
vn -0.0367 -0.6989 -0.7143
vn -0.0170 -0.6605 -0.7507
vn -0.0469 -0.6781 -0.7335
vn -0.0037 -0.6126 -0.7904
vn -0.0508 -0.6338 -0.7718
vn 0.0046 -0.5534 -0.8329
vn -0.0499 -0.5869 -0.8081
vn 0.0091 -0.4838 -0.8751
vn -0.0598 -0.5433 -0.8374
vn 0.0140 -0.4070 -0.9133
vn -0.0901 -0.4993 -0.8617
vn -0.0079 -0.3666 -0.9303
vn -0.1398 -0.5206 -0.8423
vn -0.0802 -0.5413 -0.8370
vn 0.0331 -0.3704 -0.9283
vn -0.0867 -0.6237 -0.7768
vn -0.1779 -0.7537 -0.6327
vn 0.7178 -0.5621 0.4109
vn -0.6633 -0.4406 0.6049
vn -0.6924 -0.5384 0.4803
vn -0.6594 -0.6586 0.3624
vn -0.6838 -0.5080 0.5238
vn -0.6102 -0.1915 0.7687
vn -0.6776 -0.3322 0.6562
vn -0.6483 -0.5576 0.5184
vn -0.6112 -0.4242 0.6682
vn 0.0793 -0.8697 -0.4872
vn 0.1115 -0.8489 -0.5166
vn 0.1351 -0.8200 -0.5562
vn 0.1123 -0.8239 -0.5555
vn 0.1220 -0.8722 -0.4736
vn 0.7399 -0.5277 0.4172
vn 0.8889 -0.3301 0.3176
vn 0.8230 -0.4209 0.3814
vn 0.8550 -0.3335 0.3971
vn 0.9207 -0.1976 0.3364
vn 0.8080 -0.5848 -0.0714
vn 0.8582 -0.5120 -0.0367
vn 0.5725 -0.6138 -0.5436
vn 0.6378 -0.5720 -0.5158
vn 0.4668 -0.7221 -0.5106
vn 0.5247 -0.6903 -0.4981
vn 0.3583 -0.8582 -0.3676
vn 0.4435 -0.8191 -0.3638
vn 0.2375 -0.9586 -0.1571
vn 0.3717 -0.9078 -0.1942
vn 0.2925 -0.9533 0.0757
vn 0.4380 -0.8989 -0.0079
vn 0.5243 -0.8236 0.2163
vn 0.6228 -0.7726 0.1230
vn 0.6963 -0.7014 0.1523
vn 0.7553 -0.6522 0.0647
vn 0.6490 -0.7183 -0.2508
vn 0.4730 -0.6836 -0.5558
vn 0.6875 -0.4880 0.5377
vn 0.5187 -0.5471 0.6570
vn 0.8831 -0.0190 0.4688
vn 0.8638 -0.0229 0.5033
vn 0.9595 -0.1257 0.2519
vn 0.9046 0.3696 0.2122
vn 0.9950 0.0414 0.0907
vn 0.8940 -0.1862 0.4075
vn 0.9228 0.1577 0.3516
vn 0.9207 -0.3903 -0.0034
vn 0.7303 -0.4830 -0.4830
vn 0.5908 -0.6421 -0.4886
vn 0.5148 -0.7749 -0.3669
vn 0.5017 -0.8318 -0.2376
vn 0.5969 -0.7959 -0.1015
vn 0.7533 -0.6577 0.0032
vn 0.8481 -0.5260 -0.0638
vn 0.6875 -0.6443 -0.3350
vn 0.5072 -0.6109 -0.6079
vn 0.7468 -0.3001 0.5935
vn 0.5963 -0.3116 0.7398
vn 0.8278 0.3758 0.4165
vn 0.8189 0.3423 0.4607
vn 0.9640 -0.0645 0.2579
vn -0.4045 0.9142 -0.0248
vn 0.9136 0.3971 0.0874
vn 0.9166 0.0809 0.3915
vn -0.2299 0.9692 -0.0881
vn 0.9814 -0.1897 0.0282
vn 0.8450 -0.3061 -0.4385
vn 0.6696 -0.5695 -0.4767
vn 0.5976 -0.7042 -0.3834
vn 0.6632 -0.6866 -0.2980
vn 0.7559 -0.6239 -0.1983
vn 0.8737 -0.4696 -0.1271
vn 0.9290 -0.3023 -0.2134
vn 0.7517 -0.4851 -0.4469
vn 0.5648 -0.4617 -0.6840
vn 0.7800 0.0185 0.6255
vn 0.6207 0.0584 0.7819
vn 0.6230 0.7314 0.2772
vn 0.6598 0.6857 0.3073
vn 0.9497 0.2003 0.2408
vn -0.9541 -0.2170 -0.2065
vn -0.1396 -0.9829 -0.1197
vn 0.8945 -0.4459 -0.0328
vn -0.9116 -0.1749 -0.3721
vn 0.9956 0.0738 0.0578
vn 0.9279 -0.0214 -0.3721
vn 0.8638 -0.2326 -0.4469
vn 0.8487 -0.3339 -0.4100
vn 0.8928 -0.2616 -0.3668
vn 0.9208 -0.2236 -0.3196
vn 0.9530 -0.1423 -0.2674
vn 0.9405 0.0008 -0.3399
vn 0.8016 -0.2176 -0.5568
vn 0.6158 -0.1731 -0.7686
vn 0.7227 0.3830 0.5754
vn 0.5281 0.4758 0.7034
vn 0.4489 0.8762 0.1752
vn 0.4738 0.8703 0.1342
vn 0.7738 0.6111 0.1669
vn -0.5962 -0.7881 -0.1532
vn 0.5135 -0.8566 0.0510
vn 0.9401 -0.1028 0.3249
vn -0.3998 -0.8851 -0.2384
vn 0.9421 0.3254 0.0812
vn 0.9138 0.2802 -0.2941
vn 0.9080 0.2458 -0.3392
vn 0.9214 0.2346 -0.3098
vn 0.9130 0.2277 -0.3384
vn 0.9040 0.2179 -0.3678
vn 0.9109 0.2161 -0.3516
vn 0.8719 0.2827 -0.3999
vn 0.7825 0.1096 -0.6129
vn 0.5998 0.1662 -0.7827
vn 0.5609 0.7029 0.4375
vn 0.3261 0.7939 0.5131
vn 0.4004 0.9028 0.1567
vn 0.3836 0.9206 0.0729
vn 0.6001 0.7905 0.1226
vn 0.6850 -0.7175 0.1263
vn 0.9904 0.0826 0.1111
vn 0.8782 0.3023 0.3706
vn 0.9266 -0.2654 0.2662
vn 0.8647 0.4933 0.0944
vn 0.8537 0.4576 -0.2486
vn 0.8530 0.4557 -0.2543
vn 0.8649 0.4428 -0.2363
vn 0.8599 0.4119 -0.3015
vn 0.8428 0.3951 -0.3656
vn 0.8428 0.3921 -0.3687
vn 0.7947 0.4472 -0.4104
vn 0.6993 0.3870 -0.6010
vn 0.5266 0.4405 -0.7271
vn 0.3388 0.9060 0.2536
vn 0.1146 0.9417 0.3162
vn 0.4203 0.8891 0.1811
vn 0.3519 0.9300 0.1065
vn 0.5137 0.8478 0.1319
vn 0.8870 0.4091 0.2143
vn 0.8154 0.5722 0.0875
vn 0.7670 0.5212 0.3742
vn 0.8398 0.4344 0.3257
vn 0.8130 0.5740 0.0980
vn 0.8183 0.5255 -0.2328
vn 0.8325 0.5029 -0.2326
vn 0.8477 0.4847 -0.2157
vn 0.8399 0.4608 -0.2868
vn 0.8191 0.4451 -0.3618
vn 0.8138 0.4475 -0.3707
vn 0.7451 0.5161 -0.4225
vn 0.6064 0.5573 -0.5672
vn 0.4304 0.6249 -0.6513
vn 0.1754 0.9750 0.1364
vn -0.0133 0.9801 0.1978
vn 0.4560 0.8612 0.2245
vn 0.3334 0.9225 0.1944
vn 0.5088 0.8389 0.1931
vn 0.7740 0.5965 0.2123
vn 0.7051 0.7017 0.1021
vn 0.7265 0.5776 0.3722
vn 0.7536 0.5701 0.3272
vn 0.7938 0.6008 0.0948
vn 0.8092 0.5432 -0.2240
vn 0.8248 0.5213 -0.2190
vn 0.8345 0.5133 -0.2003
vn 0.8253 0.4934 -0.2748
vn 0.8042 0.4750 -0.3572
vn 0.7999 0.4710 -0.3720
vn 0.7124 0.5344 -0.4549
vn 0.5337 0.6345 -0.5591
vn 0.3455 0.7194 -0.6025
vn 0.1007 0.9857 0.1351
vn -0.0648 0.9857 0.1557
vn 0.4573 0.8480 0.2678
vn 0.2653 0.9213 0.2841
vn 0.5155 0.8164 0.2602
vn 0.7358 0.6361 0.2322
vn 0.6686 0.7255 0.1631
vn 0.7277 0.5803 0.3657
vn 0.7312 0.5919 0.3392
vn 0.8074 0.5836 0.0863
vn 0.8262 0.5205 -0.2155
vn 0.8306 0.5128 -0.2171
vn 0.8269 0.5275 -0.1950
vn 0.8160 0.5137 -0.2651
vn 0.8048 0.4786 -0.3511
vn 0.8023 0.4636 -0.3759
vn 0.6872 0.5209 -0.5063
vn 0.4809 0.6501 -0.5883
vn 0.2834 0.7508 -0.5966
vn 0.0571 0.9774 0.2033
vn -0.0758 0.9834 0.1650
vn 0.3736 0.8785 0.2977
vn 0.1526 0.9224 0.3549
vn 0.4890 0.8256 0.2816
vn 0.7180 0.6402 0.2732
vn 0.6420 0.7294 0.2362
vn 0.7403 0.5700 0.3565
vn 0.7270 0.5841 0.3610
vn 0.8349 0.5430 0.0906
vn 0.8701 0.4520 -0.1966
vn 0.8675 0.4394 -0.2332
vn 0.8623 0.4515 -0.2291
vn 0.8523 0.4380 -0.2858
vn 0.8442 0.3997 -0.3571
vn 0.8203 0.4048 -0.4041
vn 0.6520 0.4880 -0.5803
vn 0.4350 0.6311 -0.6423
vn 0.2348 0.7453 -0.6240
vn 0.0067 0.9604 0.2786
vn -0.0629 0.9758 0.2094
vn 0.2918 0.8878 0.3560
vn 0.0811 0.8986 0.4313
vn 0.4418 0.8589 0.2590
vn 0.5944 0.7351 0.3262
vn 0.5313 0.8016 0.2741
vn 0.6886 0.6156 0.3833
vn 0.6288 0.6646 0.4037
vn 0.8385 0.5262 0.1413
vn 0.9145 0.3772 -0.1466
vn 0.9168 0.3119 -0.2493
vn 0.9112 0.3058 -0.2762
vn 0.9007 0.2926 -0.3212
vn 0.8806 0.2810 -0.3815
vn 0.8129 0.3270 -0.4819
vn 0.6011 0.4324 -0.6721
vn 0.3870 0.5968 -0.7029
vn 0.1921 0.7139 -0.6733
vn -0.0295 0.9413 0.3364
vn -0.0353 0.9609 0.2746
vn 0.2438 0.8535 0.4605
vn 0.4362 0.8040 0.4042
vn 0.3624 0.7737 0.5197
vn 0.1848 0.8119 0.5538
vn 0.4475 0.8443 0.2949
vn 0.4817 0.7883 0.3828
vn 0.4436 0.8454 0.2974
vn 0.6387 0.6298 0.4420
vn 0.5351 0.7090 0.4594
vn 0.8267 0.5137 0.2295
vn 0.9359 0.3462 -0.0645
vn 0.9422 0.2413 -0.2324
vn 0.9305 0.2112 -0.2993
vn 0.9122 0.2093 -0.3522
vn 0.8714 0.2334 -0.4314
vn 0.7545 0.2920 -0.5877
vn 0.5352 0.3754 -0.7567
vn 0.3443 0.5454 -0.7642
vn 0.1558 0.6603 -0.7347
vn -0.0178 0.9166 0.3994
vn 0.0043 0.9346 0.3557
vn 0.2692 0.4219 -0.8658
vn 0.1201 0.5069 -0.8536
vn 0.1335 0.4184 -0.8984
vn 0.2310 0.3889 -0.8918
vn 0.5308 0.7312 0.4285
vn 0.4946 0.7091 0.5025
vn 0.5211 0.7277 0.4460
vn 0.4998 0.7880 0.3596
vn 0.6200 0.6038 0.5010
vn 0.5441 0.6647 0.5120
vn 0.7920 0.5175 0.3239
vn 0.9258 0.3770 0.0279
vn 0.9443 0.2550 -0.2078
vn 0.9207 0.2169 -0.3246
vn 0.8820 0.2394 -0.4060
vn 0.8017 0.2923 -0.5214
vn 0.6435 0.3273 -0.6919
vn 0.4496 0.3523 -0.8208
vn 0.3082 0.4789 -0.8220
vn 0.1322 0.5873 -0.7985
vn 0.2541 0.5560 -0.7914
vn 0.3373 0.5077 -0.7927
vn 0.3539 0.3929 -0.8487
vn 0.2792 0.4307 -0.8582
vn 0.5475 0.6766 0.4924
vn 0.5457 0.6333 0.5487
vn 0.5236 0.6368 0.5660
vn 0.5358 0.6584 0.5286
vn 0.5846 0.6013 0.5447
vn 0.7210 0.5656 0.4004
vn 0.5994 0.6709 0.4366
vn 0.5206 0.6425 0.5623
vn 0.8678 0.4873 0.0975
vn 0.7336 0.6710 0.1081
vn 0.8992 0.3792 -0.2183
vn 0.7649 0.5736 -0.2932
vn 0.8490 0.3416 -0.4032
vn 0.6795 0.5043 -0.5329
vn 0.7646 0.3858 -0.5162
vn 0.5537 0.5285 -0.6435
vn 0.6331 0.4337 -0.6411
vn 0.4135 0.5285 -0.7414
vn 0.4670 0.4037 -0.7867
vn 0.2873 0.4324 -0.8547
vn 0.3251 0.3651 -0.8723
vn 0.1916 0.3688 -0.9095
vn 0.1217 0.5625 -0.8178
vn 0.1470 0.4436 -0.8841
vn 0.0146 0.8864 0.4627
vn 0.0718 0.8615 0.5027
vn 0.0822 0.8390 0.5378
vn 0.0473 0.8910 0.4516
vn 0.1779 0.3427 -0.9224
vn 0.2770 0.3125 -0.9086
vn 0.2890 0.3015 -0.9086
vn 0.2305 0.3770 -0.8971
vn 0.2368 -0.9156 -0.3248
vn 0.2650 -0.8452 -0.4641
vn 0.2764 -0.8603 -0.4282
vn 0.3051 -0.6484 -0.6974
vn 0.3180 -0.7401 -0.5925
vn 0.3175 -0.2482 -0.9152
vn 0.3546 -0.4455 -0.8221
vn 0.2662 0.2027 -0.9424
vn 0.3291 0.0064 -0.9443
vn 0.1914 0.4891 -0.8510
vn 0.2552 0.3569 -0.8986
vn 0.1288 0.6178 -0.7757
vn 0.1914 0.5249 -0.8294
vn 0.0800 0.6550 -0.7513
vn 0.1493 0.5919 -0.7920
vn 0.0402 0.6342 -0.7721
vn 0.1430 0.6278 -0.7651
vn 0.0273 0.6231 -0.7816
vn 0.1940 0.7018 -0.6855
vn 0.0837 0.6353 -0.7677
vn 0.2604 0.7147 -0.6492
vn 0.1638 0.5675 -0.8069
vn 0.3024 0.6081 -0.7340
vn 0.2069 0.4620 -0.8624
vn 0.3137 0.4773 -0.8208
vn 0.3037 0.3576 -0.8831
vn 0.0821 0.4865 -0.8698
vn 0.0676 0.6336 -0.7707
vn 0.3265 0.4852 -0.8112
vn 0.0650 0.8698 -0.4891
vn 0.3276 0.7358 -0.5927
vn 0.0377 0.9993 -0.0079
vn 0.2279 0.9641 -0.1366
vn -0.0022 0.9541 0.2995
vn 0.0533 0.9675 0.2473
vn 0.0098 0.9567 0.2909
vn -0.0072 0.9534 0.3018
vn 0.0363 0.9746 0.2209
vn 0.0224 0.9684 0.2483
vn -0.0238 0.9394 0.3420
vn 0.0393 0.9505 0.3083
vn -0.1801 0.7766 0.6037
vn -0.0573 0.8572 0.5118
vn -0.4152 0.7215 0.5541
vn -0.2394 0.7327 0.6370
vn -0.3876 0.9198 0.0605
vn -0.3498 0.8191 0.4546
vn 0.1505 0.9787 0.1393
vn 0.0236 0.9147 0.4033
vn 0.4104 0.8502 0.3297
vn 0.3186 0.8573 0.4044
vn 0.1028 0.9474 0.3031
vn 0.4079 0.9002 0.1525
vn 0.4419 0.8595 0.2568
vn 0.2700 0.8985 0.3462
vn -0.6664 0.5543 -0.4986
vn -0.8049 0.3017 -0.5110
vn -0.6726 0.5427 -0.5031
vn -0.3835 0.8514 -0.3579
vn -0.8676 0.0838 -0.4901
vn 0.3172 0.3763 -0.8705
vn 0.2083 0.3876 -0.8980
vn -0.0612 0.4314 -0.9001
vn -0.0483 0.4217 -0.9054
vn -0.3429 0.4064 -0.8469
vn -0.4140 0.4407 -0.7965
vn -0.4067 0.4913 -0.7702
vn -0.5687 0.4979 -0.6547
vn -0.4405 0.6349 -0.6347
vn -0.5808 0.6428 -0.4995
vn -0.4183 0.8017 -0.4270
vn -0.5230 0.7579 -0.3900
vn -0.3112 0.9182 -0.2450
vn -0.3929 0.8559 -0.3362
vn -0.1559 0.9719 -0.1762
vn -0.2217 0.9257 -0.3064
vn 0.0119 0.9851 -0.1714
vn -0.0474 0.9543 -0.2951
vn 0.1303 0.9689 -0.2103
vn 0.1063 0.9482 -0.2994
vn -0.0381 0.9549 -0.2944
vn -0.3505 0.8857 -0.3044
vn -0.0742 0.9448 -0.3190
vn 0.1255 0.9370 -0.3259
vn 0.1250 0.3893 -0.9126
vn -0.1754 0.5177 -0.8374
vn -0.2271 0.5944 -0.7714
vn -0.4895 0.5267 -0.6950
vn -0.4920 0.5899 -0.6403
vn -0.6766 0.4560 -0.5782
vn -0.6558 0.4964 -0.5688
vn -0.6891 0.4849 -0.5386
vn -0.6941 0.4414 -0.5687
vn -0.6033 0.6007 -0.5246
vn -0.6178 0.4997 -0.6071
vn -0.4584 0.7155 -0.5272
vn -0.4829 0.6075 -0.6307
vn -0.2775 0.7971 -0.5364
vn -0.3717 0.7191 -0.5872
vn -0.1371 0.8518 -0.5056
vn -0.4337 0.8185 -0.3768
vn -0.2060 0.9221 -0.3277
vn -0.4956 0.8652 -0.0758
vn -0.4607 0.8821 -0.0984
vn -0.3229 0.9422 -0.0897
vn 0.3136 0.4930 -0.8115
vn 0.4155 0.5379 -0.7335
vn 0.4120 0.4601 -0.7865
vn 0.4657 0.5615 -0.6840
vn 0.5172 0.5682 -0.6401
vn 0.3710 0.3266 -0.8693
vn 0.4195 0.4148 -0.8074
vn -0.2607 0.7146 -0.6491
vn -0.5094 0.7071 -0.4905
vn -0.6602 0.6570 -0.3639
vn -0.7042 0.6305 -0.3264
vn -0.6189 0.6699 -0.4101
vn -0.5414 0.6848 -0.4878
vn -0.6138 0.6936 -0.3769
vn -0.6671 0.7337 -0.1289
vn -0.5901 0.8073 0.0070
vn -0.3894 0.9173 0.0829
vn -0.4514 0.8884 0.0839
vn 0.4355 0.8129 -0.3867
vn 0.5764 0.7242 -0.3785
vn 0.4422 0.6013 -0.6655
vn -0.2622 0.8925 -0.3670
vn -0.5158 0.8264 -0.2260
vn -0.6514 0.7555 -0.0698
vn -0.6291 0.7770 0.0213
vn -0.4566 0.8894 -0.0224
vn -0.4528 0.8812 -0.1359
vn -0.7245 0.6684 -0.1684
vn -0.7382 0.6688 -0.0883
vn -0.5898 0.8067 -0.0363
vn -0.2986 0.9504 0.0866
vn -0.4651 0.8837 0.0519
vn 0.2822 0.9575 0.0598
vn 0.5125 0.8560 0.0686
vn 0.3443 0.8928 -0.2907
vn -0.2109 0.9768 0.0381
vn -0.4692 0.8828 0.0213
vn -0.6539 0.7566 -0.0072
vn -0.6384 0.7697 -0.0073
vn -0.3735 0.9261 -0.0535
vn -0.3828 0.9086 -0.1668
vn -0.7264 0.6599 -0.1918
vn -0.7591 0.6337 -0.1490
vn -0.5677 0.8117 -0.1374
vn -0.2366 0.9712 -0.0266
vn -0.4250 0.9048 -0.0275
vn 0.1718 0.9206 0.3508
vn 0.4026 0.8171 0.4127
vn 0.1289 0.9822 0.1369
vn -0.1309 0.9607 0.2446
vn -0.3885 0.9186 0.0729
vn -0.6442 0.7526 -0.1362
vn -0.6958 0.6722 -0.2529
vn -0.4495 0.8439 -0.2928
vn -0.3716 0.8876 -0.2722
vn -0.6950 0.6755 -0.2465
vn -0.7658 0.6000 -0.2313
vn -0.5469 0.7947 -0.2632
vn -0.1625 0.9720 -0.1697
vn -0.3642 0.9185 -0.1541
vn 0.2137 0.8708 0.4427
vn 0.3957 0.7466 0.5348
vn 0.0239 0.9510 0.3084
vn -0.0496 0.9761 0.2114
vn -0.2864 0.9579 0.0212
vn -0.5684 0.8048 -0.1709
vn -0.6812 0.6928 -0.2368
vn -0.5368 0.8272 -0.1663
vn -0.3587 0.9334 -0.0027
vn -0.5521 0.8333 0.0272
vn -0.7440 0.6247 -0.2372
vn -0.6264 0.7278 -0.2791
vn -0.2500 0.9484 -0.1950
vn -0.3423 0.9006 -0.2678
vn 0.2956 0.8229 0.4853
vn 0.4443 0.7044 0.5535
vn 0.0679 0.9433 0.3249
vn -0.0036 0.9803 0.1973
vn -0.1947 0.9693 0.1500
vn -0.4334 0.8877 0.1553
vn -0.5166 0.8163 0.2585
vn -0.3809 0.8053 0.4542
vn -0.1619 0.7651 0.6232
vn -0.2673 0.7547 0.5991
vn -0.5076 0.7885 0.3472
vn -0.6972 0.7137 0.0668
vn -0.5222 0.8514 0.0489
vn -0.5324 0.8352 -0.1377
vn 0.3132 0.7779 0.5447
vn 0.4566 0.6966 0.5534
vn 0.1393 0.9162 0.3758
vn -0.0670 0.8898 0.4514
vn -0.1034 0.8240 0.5571
vn -0.1239 0.7509 0.6487
vn -0.2075 0.6793 0.7040
vn -0.2646 0.6231 0.7360
vn -0.1117 0.6692 0.7346
vn 0.0323 0.7033 0.7102
vn -0.0363 0.7583 0.6509
vn -0.5074 0.7263 0.4637
vn -0.6838 0.6832 0.2562
vn -0.7422 0.6583 0.1258
vn 0.2576 0.7509 0.6081
vn 0.3926 0.7212 0.5707
vn 0.1249 0.8496 0.5124
vn -0.1315 0.6786 0.7227
vn -0.0100 0.7084 0.7057
vn 0.0331 0.7828 0.6214
vn -0.2683 0.7510 0.6033
vn -0.4486 0.7539 0.4799
vn -0.1681 0.8973 0.4081
vn 0.0770 0.9129 0.4009
vn 0.1440 0.8945 0.4232
vn -0.1974 0.8843 0.4232
vn -0.7141 0.6816 0.1595
vn -0.7622 0.6082 0.2216
vn 0.1910 0.7471 0.6366
vn 0.2691 0.7534 0.6000
vn 0.0399 0.7824 0.6215
vn -0.3169 0.9224 0.2207
vn 0.0248 0.9996 0.0092
vn -0.0369 0.9941 0.1021
vn -0.4645 0.8686 0.1723
vn -0.5094 0.8570 0.0779
vn -0.2047 0.9784 -0.0300
vn 0.0422 0.9990 -0.0132
vn 0.1465 0.9861 0.0782
vn -0.0166 0.9802 0.1974
vn -0.6598 0.7504 0.0385
vn -0.6340 0.7370 0.2343
vn 0.1797 0.7728 0.6087
vn 0.1630 0.7813 0.6025
vn -0.0138 0.7790 0.6269
vn -0.0758 0.9309 -0.3572
vn 0.0558 0.8868 -0.4588
vn -0.2554 0.9289 -0.2681
vn -0.5430 0.8331 -0.1052
vn -0.4755 0.8535 -0.2130
vn -0.2252 0.9177 -0.3274
vn -0.0320 0.9507 -0.3086
vn 0.0798 0.9710 -0.2253
vn 0.0027 0.9950 -0.0995
vn -0.5497 0.8202 0.1585
vn -0.4320 0.8671 0.2482
vn 0.2057 0.8293 0.5196
vn 0.1326 0.8310 0.5402
vn 0.1091 0.8200 0.5619
vn 0.2786 0.9593 -0.0463
vn 0.0668 0.9977 -0.0130
vn -0.3106 0.9468 0.0840
vn -0.4492 0.8933 -0.0145
vn -0.3749 0.8865 -0.2712
vn -0.2278 0.8747 -0.4278
vn -0.0852 0.8906 -0.4467
vn 0.0290 0.9065 -0.4211
vn 0.0071 0.9314 -0.3640
vn -0.4786 0.8652 0.1497
vn -0.3639 0.9266 0.0947
vn 0.3228 0.9253 0.1989
vn 0.2169 0.9410 0.2599
vn 0.2219 0.8932 0.3910
vn 0.3094 0.8890 0.3376
vn 0.2576 0.8411 0.4756
vn 0.3655 0.8697 0.3316
vn 0.0648 0.9117 0.4057
vn -0.2043 0.8847 0.4190
vn -0.2386 0.9143 0.3273
vn -0.2093 0.9710 0.1153
vn -0.1478 0.9657 -0.2137
vn -0.0815 0.8916 -0.4454
vn 0.0229 0.8622 -0.5060
vn 0.0530 0.8499 -0.5243
vn -0.4770 0.8740 -0.0933
vn -0.3332 0.9255 -0.1801
vn 0.0921 0.9448 0.3144
vn 0.1221 0.8941 0.4309
vn -0.8394 -0.0419 -0.5419
vn -0.8507 -0.0877 -0.5182
vn 0.4021 0.9042 0.1442
vn 0.3897 0.8766 0.2823
vn -0.2350 0.8625 0.4482
vn -0.0716 0.8782 0.4730
vn -0.1805 0.8354 0.5192
vn -0.1650 0.8255 0.5398
vn -0.0980 0.8402 0.5333
vn -0.1112 0.8254 0.5535
vn -0.0419 0.8294 0.5571
vn -0.0641 0.8556 0.5136
vn 0.0492 0.8141 0.5787
vn -0.0190 0.9399 0.3409
vn 0.1428 0.8749 0.4628
vn 0.0406 0.9975 -0.0571
vn 0.1322 0.9904 0.0406
vn 0.0764 0.8931 -0.4433
vn -0.1023 0.9314 -0.3494
vn 0.0180 0.8548 -0.5186
vn -0.3905 0.8399 -0.3769
vn -0.1672 0.8627 -0.4773
vn -0.4776 0.8370 -0.2672
vn -0.2850 0.8796 -0.3808
vn -0.8297 -0.1593 -0.5351
vn 0.3416 0.2922 -0.8933
vn 0.3051 0.3008 -0.9036
vn 0.1773 0.3525 -0.9189
vn -0.1032 0.4558 -0.8841
vn -0.4707 0.4895 -0.7340
vn -0.6690 0.4834 -0.5646
vn -0.6558 0.5735 -0.4910
vn -0.5695 0.6896 -0.4473
vn -0.4353 0.7909 -0.4300
vn -0.2620 0.8669 -0.4241
vn -0.0756 0.9040 -0.4208
vn 0.0608 0.9141 -0.4009
vn 0.3425 0.3908 -0.8544
vn 0.3364 0.2668 -0.9031
vn 0.2933 0.2893 -0.9112
vn 0.2256 -0.9401 -0.2554
vn -0.8609 0.0288 -0.5079
vn -0.8938 -0.4448 -0.0580
vn -0.9449 -0.2430 0.2192
vn -0.9613 -0.1330 0.2412
vn -0.9494 -0.3109 -0.0451
vn -0.9380 -0.0720 0.3390
vn -0.9366 0.0989 0.3362
vn -0.9491 0.0744 0.3062
vn -0.8435 0.4643 0.2700
vn -0.9784 0.1414 0.1505
vn -0.6719 0.7348 0.0927
vn -0.9915 -0.1155 0.0597
vn -0.9619 0.2725 0.0228
vn -0.8078 -0.5170 0.2831
vn -0.8713 -0.4247 0.2459
vn -0.6425 -0.6133 0.4594
vn -0.6502 -0.5936 0.4742
vn -0.6405 -0.5491 0.5368
vn -0.6000 -0.6006 0.5284
vn -0.6534 -0.5024 0.5662
vn -0.5738 -0.6336 0.5189
vn -0.7510 -0.4677 0.4662
vn -0.7947 -0.4296 0.4289
vn -0.8492 0.0222 -0.5276
vn -0.5914 -0.2011 -0.7809
vn -0.1232 0.9905 -0.0610
vn -0.4321 0.8905 -0.1426
vn -0.9430 -0.1080 -0.3147
vn -0.9657 0.0316 0.2578
vn -0.9909 -0.1290 -0.0389
vn -0.8433 0.4567 0.2834
vn 0.2663 0.9548 -0.1320
vn 0.4628 0.8839 -0.0674
vn -0.1851 0.9817 -0.0438
vn -0.9376 0.0988 0.3333
vn -0.6622 -0.5836 0.4700
vn -0.3920 -0.8376 0.3805
vn -0.1388 -0.9644 0.2253
vn -0.6808 -0.5797 0.4477
vn -0.7963 -0.4088 0.4459
vn -0.8431 0.2406 -0.4809
vn -0.6172 -0.0170 -0.7866
vn 0.0102 0.9998 0.0186
vn -0.2757 0.9612 -0.0022
vn -0.9269 0.1237 -0.3543
vn -0.9172 0.2852 0.2782
vn -0.9939 0.1053 -0.0335
vn 0.0986 0.9932 -0.0624
vn 0.9044 0.2669 -0.3329
vn 0.9730 0.1963 -0.1215
vn 0.8715 0.4903 -0.0066
vn -0.3571 0.5153 0.7791
vn -0.6905 -0.5705 0.4447
vn -0.1041 -0.9871 0.1218
vn 0.3107 -0.9475 -0.0761
vn -0.3415 -0.8879 0.3082
vn -0.7861 -0.3915 0.4783
vn -0.7615 0.5344 -0.3668
vn -0.5982 0.2857 -0.7487
vn -0.2575 0.9552 -0.1458
vn -0.3819 0.9232 -0.0435
vn -0.1939 0.9398 -0.2815
vn -0.8398 0.3956 -0.3717
vn -0.7663 0.5629 0.3096
vn -0.9236 0.3829 -0.0183
vn 0.5249 0.8485 -0.0669
vn 0.9324 -0.1128 -0.3434
vn 0.9812 -0.1553 -0.1143
vn 0.9993 0.0170 0.0335
vn -0.0512 0.5059 0.8611
vn -0.8584 -0.2033 0.4710
vn -0.4707 -0.8137 0.3410
vn -0.1279 -0.9628 0.2381
vn -0.2298 -0.9253 0.3017
vn -0.7979 -0.2778 0.5349
vn -0.6231 0.7545 -0.2061
vn -0.5098 0.5940 -0.6223
vn -0.3903 0.8894 -0.2379
vn -0.4454 0.8914 -0.0839
vn -0.2793 0.8883 -0.3646
vn -0.6599 0.6607 -0.3578
vn -0.4998 0.7234 -0.4763
vn -0.6019 0.7177 0.3501
vn -0.7544 0.6563 0.0134
vn 0.5248 0.8467 0.0880
vn 0.9162 -0.2323 -0.3265
vn 0.9460 -0.3064 -0.1060
vn 0.9777 0.1774 -0.1125
vn -0.0365 0.9992 0.0191
vn -0.8207 0.4253 0.3815
vn -0.8244 -0.1216 0.5528
vn -0.7239 -0.3659 0.5849
vn -0.5819 -0.6264 0.5187
vn -0.8316 0.0184 0.5551
vn -0.5227 0.8484 -0.0838
vn -0.4070 0.7925 -0.4543
vn -0.4092 0.8748 -0.2595
vn -0.4512 0.8864 -0.1033
vn -0.3232 0.8549 -0.4058
vn -0.4234 0.8506 -0.3117
vn -0.3584 0.8197 -0.4467
vn -0.4867 0.7832 0.3870
vn -0.5152 0.8554 0.0540
vn 0.2089 0.9343 0.2890
vn 0.9135 0.3823 -0.1391
vn 0.9508 0.2209 -0.2173
vn 0.5934 0.7217 -0.3565
vn -0.1851 0.9591 -0.2142
vn -0.5740 0.8016 0.1674
vn -0.7401 0.5134 0.4344
vn -0.8025 0.2707 0.5317
vn -0.8338 -0.0661 0.5480
vn -0.8108 0.2954 0.5053
vn -0.4695 0.8827 -0.0209
vn -0.3515 0.8822 -0.3132
vn -0.4238 0.8613 -0.2803
vn -0.4638 0.8751 -0.1381
vn -0.3295 0.8481 -0.4150
vn -0.2142 0.9452 -0.2466
vn -0.2715 0.8714 -0.4086
vn -0.3824 0.8314 0.4031
vn -0.2831 0.9553 0.0849
vn -0.2522 0.8687 0.4263
vn 0.1797 0.9647 0.1924
vn 0.2815 0.9432 -0.1767
vn -0.0030 0.9205 -0.3908
vn -0.2630 0.9283 -0.2629
vn -0.3337 0.9425 -0.0184
vn -0.5137 0.8317 0.2107
vn -0.7067 0.6064 0.3644
vn -0.8397 0.3267 0.4338
vn -0.7490 0.5114 0.4212
vn -0.4544 0.8907 -0.0114
vn -0.3486 0.9114 -0.2186
vn -0.4538 0.8352 -0.3107
vn -0.4932 0.8491 -0.1892
vn -0.3127 0.8619 -0.3993
vn -0.0908 0.9811 -0.1708
vn -0.2446 0.9019 -0.3560
vn -0.3186 0.8637 0.3905
vn -0.1206 0.9890 0.0852
vn -0.3709 0.8109 0.4526
vn -0.3367 0.8902 0.3070
vn -0.3335 0.9419 -0.0409
vn -0.3114 0.8823 -0.3529
vn -0.2600 0.9256 -0.2751
vn -0.2137 0.9717 -0.1005
vn -0.3764 0.9260 0.0277
vn -0.6368 0.7452 0.1978
vn -0.7788 0.5403 0.3187
vn -0.6633 0.6702 0.3329
vn -0.4711 0.8810 -0.0443
vn -0.2982 0.9467 -0.1219
vn -0.4816 0.8154 -0.3212
vn -0.5342 0.8076 -0.2499
vn -0.3133 0.8891 -0.3337
vn 0.0115 0.9966 -0.0818
vn -0.1611 0.9560 -0.2450
vn -0.3101 0.8882 0.3390
vn -0.0428 0.9983 0.0405
vn -0.4291 0.7827 0.4508
vn -0.4845 0.8130 0.3230
vn -0.5143 0.8575 0.0112
vn -0.4216 0.8575 -0.2947
vn -0.2917 0.9238 -0.2481
vn -0.1998 0.9746 -0.1012
vn -0.3024 0.9472 -0.1065
vn -0.5398 0.8418 0.0034
vn -0.7195 0.6527 0.2375
vn -0.5627 0.7806 0.2722
vn -0.4538 0.8879 -0.0752
vn -0.1338 0.9909 -0.0172
vn -0.5130 0.8210 -0.2506
vn -0.5389 0.7856 -0.3039
vn -0.3378 0.9211 -0.1937
vn 0.0813 0.9964 -0.0227
vn -0.0830 0.9901 -0.1128
vn -0.3497 0.9064 0.2369
vn -0.0328 0.9979 -0.0556
vn -0.4933 0.7534 0.4349
vn -0.5519 0.7737 0.3112
vn -0.5748 0.8166 0.0529
vn -0.4881 0.8443 -0.2212
vn -0.3596 0.9153 -0.1817
vn -0.2443 0.9683 -0.0523
vn -0.2496 0.9511 -0.1820
vn -0.4178 0.8870 -0.1966
vn -0.6508 0.7484 0.1277
vn -0.4771 0.8348 0.2749
vn -0.3901 0.9065 -0.1615
vn -0.0025 0.9991 -0.0425
vn -0.3415 0.9395 -0.0258
vn 0.0510 0.9986 -0.0132
vn -0.1061 0.9943 0.0087
vn -0.2557 0.9604 0.1109
vn 0.0131 0.9896 -0.1436
vn -0.5094 0.7640 0.3960
vn -0.5999 0.7429 0.2971
vn -0.6099 0.7870 0.0930
vn -0.5483 0.8237 -0.1448
vn -0.4429 0.8926 -0.0847
vn -0.3173 0.9478 0.0312
vn -0.2911 0.9417 -0.1687
vn -0.3883 0.8738 -0.2928
vn -0.5843 0.8112 -0.0225
vn -0.3949 0.8783 0.2695
vn -0.2519 0.9300 -0.2676
vn 0.0749 0.9850 -0.1552
vn -0.0600 0.9980 -0.0195
vn -0.1632 0.9829 0.0849
vn -0.1845 0.9823 -0.0316
vn 0.0032 0.9853 -0.1708
vn -0.5260 0.8080 0.2655
vn -0.6509 0.7020 0.2891
vn -0.6549 0.7444 0.1302
vn -0.6027 0.7951 -0.0676
vn -0.4891 0.8719 0.0255
vn -0.3825 0.9179 0.1054
vn -0.3748 0.9174 -0.1341
vn -0.4098 0.8575 -0.3111
vn -0.5123 0.8354 -0.1990
vn -0.2884 0.9420 0.1715
vn -0.4391 0.8309 -0.3419
vn -0.1985 0.9800 -0.0138
vn -0.5452 -0.4881 0.6816
vn 0.1763 -0.7192 0.6721
vn 0.1394 -0.7071 0.6932
vn 0.1615 -0.6788 0.7164
vn 0.1936 -0.6715 0.7153
vn -0.1475 -0.4544 0.8785
vn -0.1887 -0.5147 0.8364
vn -0.2096 -0.3413 0.9163
vn -0.1849 -0.3145 0.9311
vn -0.2214 -0.0651 0.9730
vn -0.2052 -0.0699 0.9762
vn -0.2070 0.3520 0.9128
vn -0.2021 0.3456 0.9164
vn -0.1555 0.7210 0.6752
vn -0.1567 0.7257 0.6699
vn -0.1004 0.9101 0.4020
vn -0.1004 0.9104 0.4014
vn -0.0575 0.9821 0.1792
vn -0.0520 0.9811 0.1865
vn -0.0243 0.9997 0.0059
vn -0.0122 0.9998 0.0142
vn -0.0157 0.9989 -0.0432
vn 0.0008 0.9990 -0.0437
vn -0.0433 0.9923 0.1162
vn -0.0321 0.9886 0.1471
vn -0.0696 0.9478 0.3112
vn -0.0580 0.9306 0.3615
vn -0.0849 0.8980 0.4318
vn -0.0521 0.8849 0.4629
vn -0.1571 -0.6528 0.7411
vn -0.2120 -0.6712 0.7103
vn -0.2220 -0.5097 0.8312
vn -0.2856 -0.5824 0.7611
vn -0.2646 -0.4434 0.8564
vn -0.2781 -0.5045 0.8174
vn -0.2624 -0.4216 0.8680
vn -0.0037 -0.6446 0.7645
vn -0.0071 -0.5381 0.8428
vn 0.2273 -0.8225 0.5214
vn 0.2482 -0.6672 0.7024
vn 0.2084 -0.9059 0.3688
vn 0.2623 -0.7904 0.5536
vn 0.1807 -0.9195 0.3491
vn 0.2443 -0.8428 0.4795
vn 0.1691 -0.9044 0.3918
vn 0.2718 -0.8067 0.5248
vn -0.1721 -0.0420 0.9842
vn -0.5628 -0.0385 0.8257
vn -0.1525 -0.2597 0.9536
vn -0.2219 -0.3177 0.9219
vn -0.2519 -0.2726 0.9286
vn -0.2445 -0.2705 0.9312
vn 0.0470 -0.3188 0.9467
vn 0.3026 -0.3386 0.8909
vn 0.3292 -0.4930 0.8053
vn 0.3360 -0.6399 0.6911
vn 0.3872 -0.6328 0.6705
vn -0.1558 0.2362 0.9591
vn -0.5255 0.2579 0.8108
vn -0.1691 -0.0591 0.9838
vn -0.2146 -0.0498 0.9754
vn -0.2429 -0.0360 0.9694
vn -0.2067 -0.0268 0.9780
vn 0.1103 -0.0332 0.9933
vn 0.3372 -0.0116 0.9414
vn 0.3479 -0.1075 0.9314
vn 0.4004 -0.2721 0.8750
vn 0.4851 -0.3305 0.8096
vn -0.0988 0.5115 0.8536
vn -0.4455 0.4794 0.7561
vn -0.1648 0.2942 0.9414
vn -0.1950 0.3135 0.9294
vn -0.2329 0.2695 0.9344
vn -0.1636 0.2589 0.9520
vn 0.1622 0.2689 0.9494
vn 0.3549 0.2790 0.8923
vn 0.3295 0.2453 0.9117
vn 0.3939 0.1770 0.9020
vn 0.5057 0.1170 0.8547
vn -0.0140 0.7032 0.7109
vn -0.3382 0.6512 0.6794
vn -0.1229 0.6572 0.7436
vn -0.1640 0.6555 0.7371
vn -0.2222 0.5726 0.7892
vn -0.1353 0.5252 0.8401
vn 0.1942 0.5223 0.8303
vn 0.3588 0.5169 0.7772
vn 0.2945 0.5502 0.7814
vn 0.3164 0.5886 0.7439
vn 0.3993 0.5691 0.7188
vn 0.1025 0.8385 0.5351
vn -0.1930 0.8053 0.5606
vn -0.0640 0.8600 0.5063
vn -0.1340 0.8682 0.4777
vn -0.2173 0.7885 0.5754
vn -0.1337 0.7179 0.6832
vn 0.2015 0.6849 0.7002
vn 0.3592 0.6595 0.6603
vn 0.2718 0.7360 0.6201
vn 0.2224 0.8334 0.5060
vn 0.2192 0.8586 0.4634
vn 0.1961 0.9053 0.3767
vn -0.0406 0.8833 0.4670
vn -0.0041 0.9577 0.2878
vn -0.1105 0.9647 0.2392
vn -0.2254 0.9037 0.3639
vn -0.1638 0.8276 0.5370
vn 0.1861 0.7712 0.6088
vn 0.3711 0.7517 0.5452
vn 0.2680 0.8616 0.4311
vn 0.1530 0.9472 0.2819
vn 0.0783 0.9647 0.2516
vn 0.2375 0.9003 0.3648
vn 0.0441 0.8819 0.4693
vn 0.0486 0.9913 0.1220
vn -0.0919 0.9947 0.0453
vn -0.2492 0.9496 0.1899
vn -0.2220 0.8907 0.3967
vn 0.1625 0.8788 0.4487
vn 0.3947 0.8544 0.3381
vn 0.2672 0.9421 0.2027
vn 0.1121 0.9858 0.1249
vn 0.0094 0.9894 0.1448
vn 0.2479 0.8523 0.4606
vn 0.0986 0.8634 0.4948
vn 0.0851 0.9916 0.0970
vn -0.0926 0.9956 -0.0116
vn -0.2819 0.9517 0.1215
vn -0.2750 0.9201 0.2789
vn 0.1534 0.9585 0.2403
vn 0.4033 0.9077 0.1159
vn 0.2765 0.9585 0.0691
vn 0.1091 0.9917 0.0685
vn -0.0166 0.9945 0.1035
vn 0.2329 0.8214 0.5206
vn 0.1429 0.8597 0.4904
vn 0.0777 0.9606 0.2667
vn -0.1244 0.9849 0.1205
vn -0.3179 0.9280 0.1944
vn -0.2746 0.9296 0.2458
vn 0.1863 0.9723 0.1412
vn 0.4099 0.9112 0.0411
vn 0.2958 0.9543 0.0433
vn 0.1296 0.9895 0.0636
vn -0.0126 0.9941 0.1073
vn 0.1981 0.8094 0.5529
vn 0.1446 0.8953 0.4213
vn 0.0646 0.8897 0.4520
vn -0.1567 0.9428 0.2943
vn -0.3419 0.8895 0.3031
vn -0.2032 0.9426 0.2649
vn 0.2563 0.9602 0.1109
vn 0.4094 0.9120 0.0252
vn 0.3128 0.9484 0.0528
vn 0.1618 0.9824 0.0933
vn 0.0138 0.9889 0.1476
vn 0.0684 0.8471 0.5270
vn -0.1739 0.8887 0.4242
vn -0.3234 0.8615 0.3915
vn -0.0702 0.9578 0.2787
vn 0.3399 0.9346 0.1050
vn 0.4056 0.9125 0.0537
vn 0.3221 0.9414 0.1001
vn 0.1935 0.9685 0.1565
vn 0.0514 0.9749 0.2166
vn 0.2904 -0.7160 -0.6348
vn 0.1191 -0.7933 -0.5971
vn 0.0187 -0.8955 -0.4446
vn -0.0060 -0.8733 -0.4872
vn -0.1446 -0.7246 -0.6739
vn -0.1862 -0.7050 -0.6843
vn -0.1430 -0.5616 -0.8149
vn -0.1705 -0.5328 -0.8289
vn -0.1445 -0.4585 -0.8769
vn -0.1606 -0.4173 -0.8945
vn -0.1500 -0.4297 -0.8904
vn -0.1533 -0.3894 -0.9082
vn -0.1701 -0.4479 -0.8778
vn -0.1692 -0.4151 -0.8939
vn -0.2046 -0.4618 -0.8631
vn -0.2116 -0.4239 -0.8807
vn -0.2453 -0.4497 -0.8588
vn -0.2603 -0.3962 -0.8805
vn 0.2710 -0.4581 -0.8466
vn 0.4507 -0.2624 -0.8533
vn 0.2248 -0.8008 -0.5552
vn -0.0235 -0.7720 -0.6352
vn -0.2375 -0.5881 -0.7731
vn -0.2032 -0.4307 -0.8793
vn -0.1771 -0.3415 -0.9230
vn -0.1553 -0.3396 -0.9277
vn -0.1685 -0.3776 -0.9105
vn -0.2206 -0.3741 -0.9008
vn -0.2769 -0.3198 -0.9061
vn 0.2880 -0.1322 -0.9485
vn 0.4477 0.0973 -0.8889
vn 0.2738 -0.6771 -0.6831
vn -0.0301 -0.4837 -0.8747
vn -0.2888 -0.2948 -0.9109
vn -0.2350 -0.2024 -0.9507
vn -0.1920 -0.1952 -0.9618
vn -0.1561 -0.2644 -0.9517
vn -0.1698 -0.3197 -0.9322
vn -0.2313 -0.2923 -0.9279
vn -0.2909 -0.1906 -0.9376
vn 0.2580 0.1796 -0.9493
vn 0.4045 0.3810 -0.8314
vn 0.3041 -0.3982 -0.8654
vn -0.0351 -0.0090 -0.9993
vn -0.3011 0.1483 -0.9420
vn -0.2487 0.1790 -0.9519
vn -0.2035 0.1229 -0.9713
vn -0.1575 -0.0519 -0.9862
vn -0.1716 -0.1605 -0.9720
vn -0.2367 -0.1283 -0.9631
vn -0.2868 0.0285 -0.9576
vn 0.1977 0.4423 -0.8748
vn 0.3377 0.5978 -0.7270
vn 0.2648 -0.0031 -0.9643
vn -0.0617 0.4017 -0.9137
vn -0.2767 0.4961 -0.8230
vn -0.2301 0.5334 -0.8140
vn -0.1922 0.5188 -0.8330
vn -0.1414 0.3700 -0.9182
vn -0.1502 0.1641 -0.9749
vn -0.2160 0.1356 -0.9669
vn -0.2504 0.3043 -0.9191
vn 0.1150 0.6758 -0.7281
vn 0.2399 0.7591 -0.6052
vn 0.1741 0.3171 -0.9323
vn -0.0981 0.6108 -0.7857
vn -0.2597 0.6659 -0.6994
vn -0.2094 0.7134 -0.6687
vn -0.1694 0.7315 -0.6605
vn -0.1030 0.6670 -0.7379
vn -0.0916 0.4862 -0.8690
vn -0.1630 0.3947 -0.9042
vn -0.2020 0.5393 -0.8175
vn 0.0641 0.8034 -0.5920
vn 0.1445 0.8326 -0.5347
vn 0.0919 0.5206 -0.8489
vn -0.1361 0.6923 -0.7087
vn -0.2597 0.7285 -0.6339
vn -0.2052 0.7758 -0.5967
vn -0.1596 0.8019 -0.5757
vn -0.0720 0.7809 -0.6205
vn -0.0192 0.6711 -0.7411
vn -0.0913 0.5825 -0.8077
vn -0.1731 0.6965 -0.6964
vn 0.0623 0.8568 -0.5119
vn 0.0858 0.8340 -0.5451
vn 0.0716 0.6508 -0.7559
vn -0.1718 0.7061 -0.6869
vn -0.2700 0.7397 -0.6164
vn -0.2131 0.7905 -0.5742
vn -0.1599 0.8238 -0.5439
vn -0.0551 0.8283 -0.5576
vn 0.0479 0.7817 -0.6218
vn 0.0061 0.7382 -0.6746
vn -0.1415 0.8167 -0.5595
vn 0.0734 0.8564 -0.5110
vn 0.0549 0.8041 -0.5920
vn 0.1152 0.7560 -0.6444
vn -0.2019 0.6749 -0.7098
vn -0.2862 0.7156 -0.6372
vn -0.2316 0.7760 -0.5867
vn -0.1683 0.8212 -0.5453
vn -0.0530 0.8384 -0.5425
vn 0.0785 0.8226 -0.5633
vn 0.0931 0.8555 -0.5093
vn -0.0323 0.9446 -0.3267
vn 0.1277 0.7831 -0.6086
vn 0.0569 0.7464 -0.6631
vn 0.1699 0.8190 -0.5481
vn -0.2214 0.6143 -0.7574
vn -0.3047 0.6554 -0.6911
vn -0.2590 0.7262 -0.6368
vn -0.1868 0.7857 -0.5897
vn -0.0650 0.8109 -0.5815
vn 0.0661 0.8412 -0.5367
vn 0.1110 0.9562 -0.2709
vn 0.1143 0.9921 -0.0509
vn 0.1969 0.6748 -0.7112
vn 0.0874 0.6620 -0.7444
vn 0.2403 0.7662 -0.5960
vn -0.2118 0.5487 -0.8087
vn -0.3164 0.5653 -0.7618
vn -0.2853 0.6343 -0.7185
vn -0.2158 0.6997 -0.6811
vn -0.1086 0.7651 -0.6347
vn -0.0259 0.9012 -0.4327
vn 0.0304 0.9945 -0.1006
vn 0.1409 0.9897 0.0247
vn 0.2964 0.6361 -0.7124
vn -0.1421 0.4889 -0.8607
vn -0.3194 0.4639 -0.8263
vn -0.3096 0.5250 -0.7928
vn -0.2846 0.6181 -0.7328
vn -0.2445 0.7799 -0.5761
vn -0.1852 0.9402 -0.2859
vn -0.0776 0.9931 -0.0875
vn 0.0805 0.9948 -0.0618
vn 0.3181 -0.7127 0.6252
vn 0.2577 -0.7099 0.6555
vn 0.2691 -0.6827 0.6793
vn 0.3262 -0.6922 0.6438
vn 0.2077 -0.7128 0.6699
vn 0.2263 -0.6740 0.7032
vn 0.2592 -0.6222 0.7387
vn 0.2123 -0.6206 0.7548
vn 0.2324 -0.5666 0.7906
vn 0.2872 -0.5704 0.7695
vn 0.3090 -0.6333 0.7095
vn 0.3499 -0.5813 0.7346
vn 0.0254 -0.5942 0.8039
vn 0.1159 -0.6675 0.7355
vn -0.1606 -0.3325 0.9293
vn -0.0015 -0.5359 0.8443
vn -0.3063 -0.0811 0.9485
vn -0.1758 -0.2315 0.9568
vn -0.3624 0.0019 0.9320
vn -0.3072 0.0508 0.9503
vn -0.3807 0.0398 0.9238
vn -0.3454 0.1354 0.9286
vn -0.3715 0.0781 0.9251
vn -0.3432 0.1627 0.9251
vn -0.3247 0.1094 0.9395
vn -0.3179 0.1774 0.9314
vn -0.2413 0.1156 0.9635
vn -0.2729 0.1690 0.9471
vn -0.1520 0.0745 0.9856
vn -0.2237 0.1266 0.9664
vn -0.1019 -0.0195 0.9946
vn -0.1940 0.0451 0.9800
vn -0.2024 -0.0706 0.9767
vn 0.3135 -0.5200 0.7945
vn 0.3832 -0.5322 0.7550
vn 0.1143 -0.5983 0.7931
vn 0.0755 -0.6050 0.7926
vn 0.0814 -0.5761 0.8133
vn 0.1109 -0.5502 0.8276
vn -0.0201 -0.5210 0.8533
vn 0.0454 -0.5897 0.8064
vn -0.1742 -0.2852 0.9425
vn -0.0441 -0.5439 0.8380
vn -0.2693 -0.0101 0.9630
vn -0.1607 -0.3952 0.9044
vn -0.2945 0.1501 0.9438
vn -0.2371 -0.1870 0.9533
vn -0.2998 0.2126 0.9300
vn -0.2811 -0.0181 0.9595
vn -0.3049 0.2074 0.9295
vn -0.3123 0.0806 0.9466
vn -0.3193 0.1536 0.9351
vn -0.3462 0.1108 0.9316
vn -0.3512 0.0648 0.9341
vn -0.3938 0.0816 0.9156
vn -0.4080 -0.0482 0.9117
vn -0.4830 -0.1699 0.8590
vn 0.4582 -0.5486 0.6994
vn 0.4919 -0.5169 0.7006
vn 0.5665 -0.5934 0.5719
vn 0.5290 -0.5751 0.6241
vn 0.3982 -0.4923 0.7740
vn 0.2902 -0.5011 0.8153
vn 0.1111 -0.6482 0.7533
vn 0.2421 -0.6748 0.6972
vn 0.3352 -0.4763 0.8129
vn 0.2616 -0.4760 0.8396
vn 0.1899 -0.5309 0.8259
vn 0.2008 -0.5157 0.8329
vn 0.1527 -0.5282 0.8353
vn 0.1313 -0.5184 0.8450
vn 0.1919 -0.4920 0.8492
vn 0.0580 -0.5780 0.8140
vn 0.0860 -0.5484 0.8318
vn 0.0389 -0.6010 0.7983
vn 0.0024 -0.6048 0.7964
vn -0.0653 -0.5696 0.8193
vn -0.1431 -0.4870 0.8616
vn -0.2126 -0.3748 0.9024
vn -0.2751 -0.2650 0.9242
vn -0.3370 -0.1874 0.9227
vn -0.4074 -0.1618 0.8988
vn -0.4602 0.0066 0.8878
vn -0.5376 -0.0919 0.8382
vn 0.5135 -0.5466 0.6615
vn 0.5944 -0.6589 0.4610
vn -0.0732 -0.8034 0.5909
vn 0.0288 -0.8961 0.4429
vn 0.0299 -0.6699 0.7418
vn 0.0598 -0.5932 0.8028
vn 0.1115 -0.5629 0.8190
vn 0.0168 -0.6335 0.7735
vn 0.0292 -0.6158 0.7874
vn 0.0128 -0.6472 0.7622
vn 0.0022 -0.6531 0.7573
vn -0.0304 -0.6446 0.7639
vn -0.0839 -0.6182 0.7815
vn -0.1445 -0.5793 0.8022
vn -0.2098 -0.5405 0.8148
vn -0.2813 -0.5170 0.8084
vn -0.3601 -0.5213 0.7737
vn -0.4892 -0.1989 0.8492
vn -0.5660 -0.2966 0.7692
vn 0.4094 -0.7478 0.5226
vn 0.5346 -0.7757 0.3354
vn -0.1096 -0.9135 0.3917
vn -0.0410 -0.9781 0.2038
vn -0.1045 -0.7722 0.6268
vn -0.0296 -0.6984 0.7151
vn -0.0140 -0.6875 0.7261
vn -0.0280 -0.7102 0.7034
vn -0.0336 -0.7052 0.7082
vn -0.0173 -0.7141 0.6999
vn -0.0106 -0.7140 0.7001
vn -0.0199 -0.7061 0.7078
vn -0.0536 -0.6899 0.7219
vn -0.1049 -0.6698 0.7351
vn -0.1668 -0.6543 0.7376
vn -0.2398 -0.6516 0.7197
vn -0.3208 -0.6672 0.6723
vn -0.4416 -0.5573 0.7031
vn -0.5082 -0.6228 0.5948
vn 0.1758 -0.9469 0.2693
vn 0.3131 -0.9335 0.1750
vn -0.0746 -0.9771 0.1992
vn -0.0422 -0.9969 0.0666
vn -0.1541 -0.8330 0.5314
vn -0.0936 -0.7753 0.6246
vn -0.1034 -0.7740 0.6247
vn -0.0626 -0.7743 0.6297
vn -0.0805 -0.7753 0.6265
vn -0.0406 -0.7720 0.6343
vn -0.0192 -0.7647 0.6441
vn -0.0147 -0.7544 0.6562
vn -0.0338 -0.7430 0.6685
vn -0.0746 -0.7278 0.6817
vn -0.1327 -0.7123 0.6892
vn -0.2077 -0.7026 0.6806
vn -0.2977 -0.7011 0.6480
vn -0.4012 -0.6969 0.5945
vn -0.4721 -0.7263 0.4996
vn 0.0226 -0.9957 0.0893
vn 0.0995 -0.9931 0.0613
vn -0.0354 -0.9980 0.0530
vn -0.0495 -0.9987 0.0130
vn -0.1315 -0.9063 0.4017
vn -0.1249 -0.8172 0.5626
vn -0.1447 -0.8166 0.5588
vn -0.0738 -0.8085 0.5839
vn -0.1015 -0.8148 0.5708
vn -0.0447 -0.7997 0.5987
vn -0.0226 -0.7940 0.6076
vn -0.0163 -0.7928 0.6093
vn -0.0225 -0.7871 0.6164
vn -0.0472 -0.7752 0.6300
vn -0.0966 -0.7604 0.6422
vn -0.1663 -0.7465 0.6443
vn -0.2561 -0.7347 0.6282
vn -0.3934 -0.7063 0.5886
vn -0.4796 -0.7141 0.5099
vn -0.0315 -0.9984 0.0465
vn 0.0127 -0.9990 0.0423
vn -0.0259 -0.9994 -0.0220
vn -0.0586 -0.9982 -0.0096
vn -0.0646 -0.9735 0.2194
vn -0.1263 -0.8324 0.5396
vn -0.1487 -0.8433 0.5164
vn -0.0705 -0.8256 0.5598
vn -0.0985 -0.8296 0.5496
vn -0.0488 -0.8231 0.5658
vn -0.0356 -0.8239 0.5657
vn -0.0247 -0.8241 0.5658
vn -0.0159 -0.8190 0.5735
vn -0.0267 -0.8110 0.5844
vn -0.0636 -0.8022 0.5937
vn -0.1209 -0.7911 0.5996
vn -0.2013 -0.7790 0.5938
vn -0.3602 -0.7251 0.5869
vn -0.4630 -0.7175 0.5204
vn -0.0647 -0.9975 0.0297
vn -0.0427 -0.9983 0.0394
vn -0.0248 -0.9987 -0.0440
vn -0.0650 -0.9976 -0.0250
vn -0.0089 -0.9991 0.0421
vn -0.1230 -0.8509 0.5107
vn -0.1175 -0.8981 0.4237
vn -0.0805 -0.8473 0.5250
vn -0.1016 -0.8460 0.5235
vn -0.0630 -0.8486 0.5252
vn -0.0463 -0.8468 0.5299
vn -0.0252 -0.8403 0.5415
vn -0.0126 -0.8348 0.5503
vn -0.0181 -0.8345 0.5507
vn -0.0410 -0.8327 0.5522
vn -0.0820 -0.8278 0.5550
vn -0.1477 -0.8219 0.5501
vn -0.3019 -0.7652 0.5687
vn -0.4139 -0.7478 0.5191
vn -0.0858 -0.9962 0.0153
vn -0.0865 -0.9955 0.0377
vn -0.0200 -0.9983 -0.0541
vn -0.0664 -0.9971 -0.0367
vn 0.0144 -0.9989 -0.0456
vn -0.1112 -0.8962 0.4295
vn -0.0497 -0.9700 0.2380
vn -0.0945 -0.8671 0.4891
vn -0.1164 -0.8674 0.4838
vn -0.0685 -0.8646 0.4977
vn -0.0427 -0.8577 0.5124
vn -0.0213 -0.8515 0.5240
vn -0.0162 -0.8505 0.5258
vn -0.0174 -0.8501 0.5264
vn -0.0287 -0.8490 0.5276
vn -0.0597 -0.8509 0.5220
vn -0.1080 -0.8539 0.5092
vn -0.2330 -0.8137 0.5326
vn -0.3359 -0.7999 0.4973
vn -0.0988 -0.9951 0.0018
vn -0.1179 -0.9925 0.0323
vn -0.0076 -0.9986 -0.0532
vn -0.0598 -0.9974 -0.0405
vn 0.0238 -0.9978 -0.0612
vn -0.0577 -0.9665 0.2502
vn 0.0149 -0.9991 0.0407
vn -0.0918 -0.8775 0.4708
vn -0.1108 -0.8992 0.4233
vn -0.0604 -0.8713 0.4870
vn -0.0367 -0.8662 0.4984
vn -0.0255 -0.8648 0.5015
vn -0.0227 -0.8658 0.4999
vn -0.0206 -0.8675 0.4971
vn -0.0252 -0.8710 0.4907
vn -0.0490 -0.8760 0.4799
vn -0.0819 -0.8794 0.4689
vn -0.1732 -0.8544 0.4898
vn -0.2539 -0.8526 0.4568
vn -0.1068 -0.9942 -0.0090
vn -0.1356 -0.9905 0.0245
vn 0.0129 -0.9994 -0.0321
vn -0.0409 -0.9988 -0.0274
vn 0.0371 -0.9977 -0.0560
vn 0.0197 -0.9981 0.0586
vn 0.0473 -0.9977 -0.0479
vn -0.0702 -0.8974 0.4356
vn -0.0408 -0.9598 0.2778
vn -0.0641 -0.8834 0.4642
vn -0.0539 -0.8894 0.4540
vn -0.0479 -0.8964 0.4406
vn -0.0402 -0.9014 0.4312
vn -0.0326 -0.9043 0.4257
vn -0.0301 -0.9067 0.4208
vn -0.0373 -0.9066 0.4203
vn -0.0576 -0.9036 0.4246
vn -0.1302 -0.8840 0.4491
vn -0.1917 -0.8912 0.4112
vn -0.1075 -0.9941 -0.0132
vn -0.1400 -0.9899 0.0244
vn 0.0328 -0.9993 0.0154
vn 0.0722 -0.9973 0.0103
vn 0.0784 -0.9949 0.0627
vn 0.0367 -0.9965 0.0748
vn 0.0554 -0.9979 -0.0326
vn 0.0683 -0.9973 -0.0262
vn 0.0617 -0.9968 -0.0517
vn -0.0345 -0.9629 0.2677
vn 0.0530 -0.9948 0.0869
vn -0.0957 -0.9248 0.3681
vn -0.0935 -0.9240 0.3707
vn -0.0798 -0.9298 0.3594
vn -0.0614 -0.9334 0.3535
vn -0.0439 -0.9341 0.3542
vn -0.0304 -0.9307 0.3646
vn -0.0232 -0.9239 0.3818
vn -0.0346 -0.9183 0.3944
vn -0.0981 -0.9066 0.4104
vn -0.1496 -0.9182 0.3668
vn -0.0967 -0.9953 -0.0034
vn -0.1294 -0.9908 0.0399
vn 0.0902 -0.9959 0.0066
vn 0.0969 -0.9940 0.0507
vn 0.0867 -0.9959 -0.0257
vn 0.0765 -0.9966 -0.0298
vn 0.0510 -0.9927 0.1091
vn 0.1017 -0.9948 -0.0054
vn -0.0807 -0.9623 0.2599
vn -0.1170 -0.9413 0.3168
vn -0.0935 -0.9427 0.3203
vn -0.0684 -0.9428 0.3261
vn -0.0443 -0.9416 0.3338
vn -0.0237 -0.9387 0.3438
vn -0.0107 -0.9342 0.3566
vn -0.0147 -0.9290 0.3699
vn -0.0740 -0.9224 0.3790
vn -0.1220 -0.9369 0.3276
vn 0.0974 -0.9952 0.0037
vn 0.1153 -0.9933 0.0002
vn 0.1162 -0.9929 0.0273
vn 0.1018 -0.9940 0.0392
vn 0.1248 -0.9916 0.0342
vn 0.0120 -0.9858 0.1675
vn 0.0962 -0.9935 0.0616
vn 0.1414 -0.9898 0.0164
vn -0.1003 -0.9517 0.2902
vn -0.0434 -0.9818 0.1847
vn -0.0938 -0.9431 0.3190
vn -0.0885 -0.9566 0.2776
vn -0.0696 -0.9456 0.3177
vn -0.0703 -0.9505 0.3028
vn -0.0455 -0.9472 0.3173
vn -0.0522 -0.9515 0.3032
vn -0.0236 -0.9478 0.3181
vn -0.0310 -0.9551 0.2947
vn -0.0076 -0.9475 0.3197
vn -0.0162 -0.9584 0.2851
vn -0.0066 -0.9472 0.3207
vn -0.0220 -0.9622 0.2715
vn -0.0551 -0.9343 0.3523
vn -0.1014 -0.9500 0.2952
vn 0.1387 -0.7153 -0.6849
vn 0.3627 -0.6519 0.6659
vn 0.1717 -0.6266 0.7602
vn 0.1390 -0.6385 0.7570
vn 0.0958 -0.6308 0.7700
vn -0.0077 -0.5062 0.8624
vn -0.1753 -0.2070 0.9625
vn -0.2930 0.0904 0.9518
vn -0.3157 0.2038 0.9267
vn -0.3106 0.2305 0.9222
vn -0.2930 0.2204 0.9304
vn -0.2736 0.1788 0.9451
vn 0.4159 -0.5986 0.6846
vn 0.4787 -0.6171 0.6245
vn -0.2663 0.1053 0.9581
vn 0.4111 -0.4888 0.7695
vn -0.2846 0.0019 0.9586
vn 0.2537 -0.5141 0.8194
vn 0.1865 -0.5697 0.8004
vn 0.1480 -0.5800 0.8011
vn -0.5921 -0.7848 0.1831
vn -0.5581 -0.8228 0.1074
vn -0.5669 -0.7971 0.2079
vn -0.6018 -0.7904 0.1143
vn -0.5847 -0.7922 0.1750
vn -0.6398 -0.7588 0.1222
vn -0.6244 -0.7577 0.1898
vn -0.6538 -0.7500 0.1002
vn -0.6553 -0.7276 0.2028
vn -0.6288 -0.7770 0.0309
vn -0.6602 -0.7266 0.1902
vn -0.5770 -0.8141 -0.0665
vn -0.6322 -0.7640 0.1292
vn -0.5260 -0.8408 -0.1284
vn -0.5733 -0.8185 0.0375
vn -0.4740 -0.8671 -0.1532
vn -0.4929 -0.8695 -0.0323
vn -0.4156 -0.8957 -0.1580
vn -0.4108 -0.9100 -0.0569
vn -0.3485 -0.9254 -0.1492
vn -0.3292 -0.9426 -0.0554
vn -0.2786 -0.9514 -0.1315
vn -0.2552 -0.9658 -0.0455
vn -0.2121 -0.9711 -0.1097
vn -0.1934 -0.9803 -0.0393
vn 0.0826 -0.6992 -0.7102
vn -0.0319 -0.9472 0.3189
vn -0.0182 -0.9996 0.0211
vn -0.6648 -0.6688 0.3329
vn -0.0682 -0.9973 0.0284
vn -0.3140 -0.8447 -0.4335
vn -0.3020 -0.8407 -0.4495
vn -0.3040 -0.8508 -0.4286
vn -0.3127 -0.8542 -0.4155
vn -0.3125 -0.8379 -0.4476
vn -0.2979 -0.8330 -0.4663
vn 0.0599 -0.7196 -0.6918
vn 0.7873 -0.6088 -0.0979
vn 0.7919 -0.6040 -0.0901
vn 0.8033 -0.5886 -0.0906
vn 0.7399 -0.6612 -0.1239
vn 0.7768 -0.6252 -0.0754
vn 0.7975 -0.5991 -0.0708
vn 0.7639 -0.6441 -0.0407
vn 0.7812 -0.6232 -0.0366
vn 0.6980 -0.6602 0.2774
vn 0.7054 -0.6467 0.2901
vn 0.5054 -0.6107 0.6096
vn 0.5311 -0.5733 0.6239
vn 0.3932 -0.5832 0.7108
vn 0.4563 -0.5302 0.7146
vn 0.3253 -0.5461 0.7720
vn 0.3954 -0.4855 0.7797
vn 0.2562 -0.4876 0.8346
vn 0.3416 -0.4271 0.8372
vn 0.2062 -0.4155 0.8859
vn 0.3050 -0.3504 0.8855
vn 0.2387 -0.3619 0.9011
vn 0.3837 -0.3439 0.8570
vn -0.0185 -0.7817 -0.6234
vn 0.0093 -0.7559 -0.6546
vn 0.0569 -0.8194 -0.5704
vn -0.0084 -0.8145 -0.5801
vn 0.3099 -0.8778 -0.3654
vn 0.7823 -0.6136 -0.1072
vn 0.6077 -0.7743 -0.1766
vn 0.8184 -0.5700 -0.0732
vn 0.8075 -0.5889 -0.0338
vn 0.7419 -0.6043 0.2907
vn 0.5814 -0.5296 0.6176
vn 0.5175 -0.4812 0.7076
vn 0.4603 -0.4304 0.7764
vn 0.4122 -0.3751 0.8303
vn 0.3808 -0.3078 0.8719
vn 0.3233 -0.2929 0.8998
vn 0.4212 -0.2865 0.8605
vn -0.0624 -0.8556 -0.5139
vn -0.0396 -0.8480 -0.5286
vn 0.0998 -0.7632 -0.6384
vn 0.0374 -0.7362 -0.6757
vn 0.2467 -0.8786 -0.4089
vn 0.6560 -0.7428 -0.1337
vn 0.4471 -0.8683 -0.2147
vn 0.7996 -0.5951 -0.0810
vn 0.8291 -0.5579 -0.0372
vn 0.7784 -0.5609 0.2819
vn 0.6323 -0.4863 0.6031
vn 0.5749 -0.4353 0.6928
vn 0.5210 -0.3801 0.7643
vn 0.4723 -0.3242 0.8196
vn 0.4404 -0.2675 0.8570
vn 0.3857 -0.2478 0.8887
vn 0.4396 -0.2381 0.8661
vn -0.0415 -0.8268 -0.5609
vn -0.0290 -0.8449 -0.5341
vn 0.1546 -0.6997 -0.6975
vn 0.1022 -0.6565 -0.7474
vn 0.1467 -0.7809 -0.6071
vn 0.2493 -0.8422 -0.4780
vn 0.5251 -0.8361 -0.1585
vn 0.4268 -0.8572 -0.2881
vn 0.6601 -0.7469 -0.0806
vn 0.7894 -0.6124 -0.0428
vn 0.8010 -0.5389 0.2608
vn 0.6823 -0.4438 0.5810
vn 0.6281 -0.3899 0.6734
vn 0.5752 -0.3355 0.7461
vn 0.5253 -0.2773 0.8044
vn 0.4871 -0.2244 0.8440
vn 0.4329 -0.2151 0.8754
vn 0.4538 -0.1951 0.8695
vn -0.0004 -0.7287 -0.6848
vn 0.0500 -0.7351 -0.6761
vn 0.2218 -0.6144 -0.7572
vn 0.1859 -0.5625 -0.8056
vn 0.1965 -0.7231 -0.6622
vn 0.2551 -0.8038 -0.5374
vn 0.1713 -0.7884 -0.5908
vn 0.5329 -0.8244 -0.1909
vn 0.4339 -0.8257 -0.3604
vn 0.5582 -0.8233 -0.1026
vn 0.6284 -0.7775 -0.0230
vn 0.7300 -0.6466 0.2213
vn 0.7119 -0.4465 0.5421
vn 0.6770 -0.3442 0.6505
vn 0.6244 -0.2911 0.7248
vn 0.5725 -0.2343 0.7857
vn 0.5276 -0.1798 0.8302
vn 0.4686 -0.1809 0.8647
vn 0.4683 -0.1576 0.8694
vn 0.0757 -0.6075 -0.7907
vn 0.1515 -0.5760 -0.8033
vn 0.3029 -0.5036 -0.8091
vn 0.2769 -0.4432 -0.8526
vn 0.2613 -0.6466 -0.7167
vn 0.2663 -0.7777 -0.5695
vn 0.2247 -0.7442 -0.6290
vn 0.5599 -0.7946 -0.2346
vn 0.4134 -0.8093 -0.4172
vn 0.5908 -0.7956 -0.1342
vn 0.5405 -0.8412 0.0131
vn 0.4982 -0.8385 0.2208
vn 0.5576 -0.6829 0.4719
vn 0.6548 -0.4483 0.6085
vn 0.6640 -0.2780 0.6941
vn 0.6152 -0.1906 0.7650
vn 0.5641 -0.1366 0.8143
vn 0.4968 -0.1390 0.8567
vn 0.4817 -0.1167 0.8685
vn 0.1750 -0.4906 -0.8536
vn 0.2404 -0.4313 -0.8696
vn 0.3907 -0.3769 -0.8398
vn 0.3644 -0.3085 -0.8787
vn 0.3375 -0.5551 -0.7603
vn 0.3168 -0.7410 -0.5920
vn 0.2947 -0.6838 -0.6675
vn 0.5761 -0.7559 -0.3109
vn 0.4105 -0.7730 -0.4838
vn 0.6076 -0.7877 -0.1018
vn 0.5080 -0.8557 0.0984
vn 0.3703 -0.8877 0.2735
vn 0.3262 -0.8637 0.3842
vn 0.4261 -0.7520 0.5029
vn 0.5443 -0.5527 0.6311
vn 0.5925 -0.3448 0.7281
vn 0.5933 -0.1678 0.7873
vn 0.5219 -0.0922 0.8480
vn 0.4941 -0.0670 0.8668
vn 0.2751 -0.3666 -0.8888
vn 0.3174 -0.3029 -0.8986
vn 0.4762 -0.2425 -0.8452
vn 0.4446 -0.1688 -0.8797
vn 0.4246 -0.4456 -0.7881
vn 0.3948 -0.6831 -0.6144
vn 0.3711 -0.6137 -0.6969
vn 0.5184 -0.8007 -0.3002
vn 0.4314 -0.7332 -0.5256
vn 0.5533 -0.8330 0.0031
vn 0.4485 -0.8658 0.2217
vn 0.3638 -0.8746 0.3206
vn 0.3267 -0.8724 0.3636
vn 0.2984 -0.8603 0.4133
vn 0.3085 -0.8142 0.4918
vn 0.3847 -0.7085 0.5916
vn 0.4518 -0.5520 0.7008
vn 0.5478 -0.0579 0.8346
vn 0.5044 -0.0171 0.8633
vn 0.3572 -0.2378 -0.9033
vn 0.3829 -0.1776 -0.9065
vn 0.5511 -0.1096 -0.8272
vn 0.5124 -0.0390 -0.8578
vn 0.5129 -0.3205 -0.7964
vn 0.4723 -0.6191 -0.6274
vn 0.4568 -0.5233 -0.7194
vn 0.3976 -0.8851 -0.2419
vn 0.4225 -0.7651 -0.4859
vn 0.4321 -0.8960 0.1020
vn 0.4304 -0.8579 0.2805
vn 0.4044 -0.8536 0.3284
vn 0.3724 -0.8497 0.3732
vn 0.3381 -0.8445 0.4153
vn 0.3037 -0.8372 0.4549
vn 0.2712 -0.8278 0.4912
vn 0.2437 -0.8112 0.5316
vn 0.4420 -0.4337 0.7852
vn 0.4236 -0.3809 0.8219
vn 0.4253 -0.1022 -0.8993
vn 0.4293 -0.0553 -0.9015
vn 0.6055 -0.1510 -0.7814
vn 0.5691 0.0522 -0.8206
vn 0.5848 -0.2606 -0.7682
vn 0.4873 -0.6687 -0.5616
vn 0.5381 -0.4469 -0.7146
vn 0.2635 -0.9498 -0.1689
vn 0.3546 -0.8662 -0.3520
vn 0.3363 -0.9398 0.0602
vn 0.4314 -0.8604 0.2712
vn 0.4336 -0.8381 0.3311
vn 0.4104 -0.8297 0.3784
vn 0.3834 -0.8210 0.4231
vn 0.3521 -0.8109 0.4674
vn 0.3191 -0.8003 0.5077
vn 0.2855 -0.7898 0.5428
vn 0.2348 -0.7831 0.5758
vn 0.2436 -0.7598 0.6028
vn 0.4803 0.0214 -0.8768
vn 0.4627 0.0606 -0.8844
vn 0.5134 -0.6088 -0.6048
vn 0.6047 -0.2078 -0.7689
vn 0.5537 -0.5538 -0.6218
vn 0.3930 -0.8339 -0.3876
vn 0.5384 -0.5880 -0.6036
vn 0.2311 -0.9628 -0.1397
vn 0.2751 -0.9382 -0.2100
vn 0.2939 -0.9552 -0.0341
vn 0.4189 -0.8860 0.1990
vn 0.4579 -0.8258 0.3293
vn 0.4363 -0.8153 0.3806
vn 0.4107 -0.8060 0.4262
vn 0.3807 -0.7943 0.4734
vn 0.3475 -0.7824 0.5168
vn 0.3107 -0.7711 0.5558
vn 0.2543 -0.7827 0.5681
vn 0.2307 -0.7821 0.5788
vn 0.5233 0.1219 -0.8434
vn 0.4893 0.1552 -0.8582
vn 0.4086 -0.8141 -0.4126
vn 0.4106 -0.8539 -0.3198
vn 0.4766 -0.8198 -0.3174
vn 0.4610 -0.7973 -0.3896
vn 0.4102 -0.8232 -0.3926
vn 0.3171 -0.9165 -0.2437
vn 0.4174 -0.8204 -0.3907
vn 0.2785 -0.9510 -0.1344
vn 0.2905 -0.9413 -0.1718
vn 0.2938 -0.9505 -0.1009
vn 0.3978 -0.9153 0.0626
vn 0.4857 -0.8232 0.2940
vn 0.4793 -0.7896 0.3831
vn 0.4453 -0.7849 0.4309
vn 0.4106 -0.7759 0.4790
vn 0.3750 -0.7641 0.5250
vn 0.3373 -0.7510 0.5676
vn 0.2728 -0.7624 0.5868
vn 0.2411 -0.7603 0.6032
vn 0.5726 0.1064 -0.8129
vn 0.5140 0.2149 -0.8304
vn 0.4120 -0.8722 -0.2638
vn 0.4733 -0.8397 -0.2664
vn 0.3503 -0.9111 -0.2174
vn 0.3641 -0.8905 -0.2728
vn 0.3293 -0.9348 -0.1332
vn 0.3402 -0.9250 -0.1690
vn 0.3133 -0.9429 -0.1132
vn 0.3432 -0.9385 -0.0375
vn 0.4447 -0.8787 0.1736
vn 0.5093 -0.7787 0.3665
vn 0.4958 -0.7522 0.4341
vn 0.4615 -0.7422 0.4860
vn 0.4204 -0.7310 0.5375
vn 0.3727 -0.7204 0.5849
vn 0.2974 -0.7381 0.6056
vn 0.2550 -0.7317 0.6321
vn 0.5152 -0.3740 0.7712
vn 0.4068 -0.8879 -0.2149
vn 0.3938 -0.9046 -0.1632
vn 0.4534 -0.8779 -0.1537
vn 0.4687 -0.8579 -0.2105
vn 0.3770 -0.9168 -0.1314
vn 0.3664 -0.9244 -0.1065
vn 0.4129 -0.9050 -0.1022
vn 0.4294 -0.8944 -0.1252
vn 0.3572 -0.9313 -0.0711
vn 0.4062 -0.9112 -0.0683
vn 0.3986 -0.9159 0.0465
vn 0.4159 -0.9093 -0.0157
vn 0.4798 -0.8359 0.2666
vn 0.4681 -0.8742 0.1288
vn 0.5089 -0.7497 0.4232
vn 0.5166 -0.7817 0.3494
vn 0.4813 -0.7262 0.4909
vn 0.5078 -0.7109 0.4866
vn 0.4378 -0.7143 0.5460
vn 0.4669 -0.6892 0.5541
vn 0.3855 -0.7023 0.5985
vn 0.4173 -0.6722 0.6116
vn 0.5215 -0.4300 -0.7369
vn 0.4585 -0.6958 -0.5528
vn 0.4302 -0.7808 -0.4531
vn 0.3855 -0.7502 -0.5372
vn 0.5407 -0.4398 0.7171
vn 0.2954 -0.6602 0.6905
vn 0.1831 -0.6946 0.6957
vn 0.4197 -0.4950 0.7608
vn 0.0340 -0.7445 0.6668
vn 0.3248 -0.5103 0.7963
vn -0.1095 -0.7543 0.6473
vn 0.1713 -0.5870 0.7913
vn -0.1830 -0.7568 0.6275
vn -0.0155 -0.6719 0.7405
vn -0.2153 -0.7206 0.6591
vn -0.1451 -0.6749 0.7235
vn -0.2470 -0.6701 0.7000
vn -0.1945 -0.6497 0.7349
vn -0.2766 -0.6036 0.7477
vn -0.2164 -0.5887 0.7788
vn -0.2992 -0.5191 0.8007
vn -0.2329 -0.5141 0.8255
vn -0.3108 -0.4172 0.8540
vn -0.2411 -0.4253 0.8723
vn -0.3094 -0.3030 0.9014
vn -0.2144 -0.3801 0.8998
vn -0.2752 -0.2334 0.9326
vn -0.1141 -0.4547 0.8833
vn 0.5359 -0.8015 -0.2654
vn 0.5298 -0.8236 -0.2024
vn 0.5936 -0.7814 -0.1925
vn 0.5976 -0.7582 -0.2607
vn 0.5820 -0.7178 -0.3821
vn 0.5962 -0.7394 -0.3129
vn 0.6509 -0.6918 -0.3126
vn 0.6330 -0.6764 -0.3765
vn -0.2913 -0.9068 -0.3048
vn -0.2924 -0.9135 -0.2829
vn -0.2645 -0.9328 -0.2447
vn -0.2657 -0.9251 -0.2712
vn 0.3752 -0.6543 0.6565
vn 0.1891 -0.8002 0.5691
vn 0.0746 -0.8355 0.5443
vn 0.0079 -0.8888 0.4582
vn -0.0399 -0.8974 0.4394
vn -0.0183 -0.9101 0.4140
vn -0.0297 -0.9098 0.4140
vn -0.1124 -0.9079 0.4038
vn -0.0710 -0.9080 0.4129
vn -0.2495 -0.8906 0.3803
vn -0.2251 -0.8901 0.3962
vn -0.3034 -0.8877 0.3463
vn -0.3294 -0.8749 0.3550
vn -0.3113 -0.9024 0.2981
vn -0.3534 -0.8844 0.3050
vn -0.3013 -0.9206 0.2485
vn -0.3557 -0.9003 0.2508
vn 0.4996 -0.2725 0.8223
vn 0.4874 -0.2225 0.8444
vn 0.4951 -0.3824 0.7802
vn -0.0457 -0.8350 0.5484
vn -0.0729 -0.8861 0.4577
vn -0.0521 -0.9045 0.4233
vn -0.0458 -0.9106 0.4107
vn -0.1662 -0.8989 0.4055
vn -0.3300 -0.8695 0.3675
vn -0.3918 -0.8622 0.3211
vn -0.4106 -0.8735 0.2615
vn 0.4889 -0.2115 0.8463
vn 0.4806 -0.1710 0.8601
vn 0.4874 -0.3257 0.8102
vn -0.1292 -0.8354 0.5343
vn -0.1154 -0.8689 0.4814
vn -0.0856 -0.8941 0.4397
vn -0.0559 -0.9089 0.4133
vn -0.0913 -0.9058 0.4137
vn -0.2788 -0.8755 0.3947
vn -0.4162 -0.8380 0.3529
vn -0.4640 -0.8359 0.2933
vn 0.4611 -0.1811 0.8687
vn 0.4789 -0.1196 0.8697
vn 0.4338 -0.3390 0.8348
vn -0.1725 -0.8138 0.5549
vn -0.1629 -0.8458 0.5079
vn -0.1309 -0.8769 0.4625
vn -0.0864 -0.8986 0.4301
vn -0.0559 -0.9043 0.4232
vn -0.1594 -0.8792 0.4491
vn -0.3941 -0.8215 0.4121
vn -0.5093 -0.7844 0.3541
vn 0.3683 -0.2232 0.9025
vn 0.4757 -0.0713 0.8767
vn 0.2866 -0.4221 0.8600
vn -0.2095 -0.7856 0.5822
vn -0.2116 -0.8186 0.5340
vn -0.1845 -0.8537 0.4869
vn -0.1304 -0.8818 0.4533
vn -0.0687 -0.8956 0.4395
vn -0.0493 -0.8912 0.4510
vn -0.2422 -0.8441 0.4783
vn -0.4973 -0.7499 0.4363
vn 0.1745 -0.3837 0.9068
vn 0.4211 -0.1057 0.9008
vn 0.0869 -0.5104 0.8555
vn -0.2473 -0.7499 0.6136
vn -0.2607 -0.7856 0.5612
vn -0.2435 -0.8253 0.5095
vn -0.1860 -0.8604 0.4744
vn -0.1017 -0.8781 0.4675
vn -0.0340 -0.8781 0.4772
vn -0.0474 -0.8683 0.4938
vn -0.2976 -0.8012 0.5192
vn -0.0089 -0.5551 0.8317
vn 0.2625 -0.4433 0.8571
vn -0.0886 -0.5960 0.7981
vn -0.2872 -0.7002 0.6536
vn -0.3119 -0.7390 0.5972
vn -0.3092 -0.7858 0.5357
vn -0.2564 -0.8335 0.4894
vn -0.1406 -0.8572 0.4954
vn -0.0352 -0.8470 0.5304
vn 0.0048 -0.8343 0.5513
vn -0.0353 -0.8251 0.5639
vn -0.0225 -0.5972 0.8018
vn 0.1535 -0.7081 0.6892
vn -0.1461 -0.5833 0.7990
vn -0.3262 -0.6289 0.7057
vn -0.3639 -0.6650 0.6522
vn -0.3821 -0.7146 0.5860
vn -0.3529 -0.7816 0.5143
vn -0.1925 -0.8253 0.5308
vn -0.0093 -0.7933 0.6087
vn 0.0382 -0.7645 0.6435
vn 0.0284 -0.7638 0.6448
vn 0.0435 -0.6497 0.7589
vn 0.1905 -0.7600 0.6213
vn -0.1572 -0.5172 0.8413
vn -0.3571 -0.5321 0.7677
vn -0.4069 -0.5537 0.7265
vn -0.4477 -0.5839 0.6772
vn -0.4606 -0.6232 0.6320
vn -0.2680 -0.6400 0.7201
vn 0.0284 -0.6362 0.7710
vn 0.1029 -0.6271 0.7721
vn 0.0631 -0.6518 0.7558
vn 0.1265 -0.7234 0.6787
vn 0.2109 -0.7630 0.6110
vn -0.1329 -0.5015 0.8549
vn -0.3725 -0.4138 0.8307
vn -0.4271 -0.4123 0.8047
vn -0.4734 -0.4049 0.7823
vn -0.4940 -0.3719 0.7859
vn -0.3511 -0.3067 0.8847
vn -0.0091 -0.2758 0.9612
vn 0.1463 -0.3550 0.9234
vn 0.0988 -0.4718 0.8762
vn 0.1663 -0.7401 0.6516
vn 0.2109 -0.7381 0.6409
vn -0.0481 -0.5666 0.8226
vn -0.3700 -0.2837 0.8846
vn -0.4206 -0.2618 0.8687
vn -0.4556 -0.2283 0.8604
vn -0.4545 -0.1687 0.8746
vn -0.3527 -0.0816 0.9322
vn -0.1134 -0.0260 0.9932
vn 0.0758 -0.0929 0.9928
vn 0.0851 -0.2531 0.9637
vn 0.0665 -0.6643 0.7445
vn -0.3523 -0.1538 0.9232
vn -0.3956 -0.1206 0.9105
vn -0.4192 -0.0800 0.9044
vn -0.4081 -0.0277 0.9125
vn -0.3353 0.0297 0.9416
vn -0.1924 0.0587 0.9796
vn -0.0512 0.0136 0.9986
vn 0.0018 -0.1059 0.9944
vn -0.2149 -0.7606 -0.6126
vn -0.1711 -0.7526 -0.6358
vn -0.1429 -0.6825 -0.7167
vn -0.1397 -0.6576 -0.7403
vn -0.1526 -0.6239 -0.7665
vn -0.1072 -0.6642 -0.7398
vn -0.0507 -0.6633 -0.7467
vn 0.0184 -0.7072 -0.7068
vn 0.0754 -0.7125 -0.6976
vn 0.1257 -0.7216 -0.6808
vn 0.1075 -0.7150 -0.6908
vn 0.1368 -0.7054 -0.6955
vn 0.1173 -0.6982 -0.7063
vn 0.1175 -0.6971 -0.7073
vn 0.1224 -0.6900 -0.7134
vn 0.0852 -0.6993 -0.7098
vn 0.1068 -0.6912 -0.7147
vn 0.0536 -0.7011 -0.7111
vn 0.0761 -0.6968 -0.7132
vn -0.2515 -0.6401 -0.7259
vn -0.2714 -0.6750 -0.6861
vn -0.2096 -0.6456 -0.7344
vn -0.1181 -0.6359 -0.7627
vn 0.0244 -0.6925 -0.7210
vn 0.0945 -0.7066 -0.7013
vn 0.0955 -0.6956 -0.7120
vn 0.1133 -0.6887 -0.7161
vn 0.1244 -0.6893 -0.7137
vn 0.1257 -0.7098 -0.6931
vn 0.0861 -0.7390 -0.6682
vn -0.2782 -0.6042 -0.7467
vn -0.2979 -0.6419 -0.7065
vn -0.2361 -0.6065 -0.7593
vn -0.0271 -0.6684 -0.7433
vn 0.0592 -0.7139 -0.6977
vn 0.0768 -0.6996 -0.7104
vn 0.0933 -0.6843 -0.7232
vn 0.1195 -0.6899 -0.7140
vn 0.1369 -0.7283 -0.6715
vn 0.1277 -0.8034 -0.5816
vn 0.0482 -0.8461 -0.5308
vn -0.3038 -0.5678 -0.7651
vn -0.3247 -0.6073 -0.7251
vn -0.2608 -0.5688 -0.7801
vn 0.0422 -0.6894 -0.7231
vn 0.0633 -0.6817 -0.7289
vn 0.0757 -0.6694 -0.7390
vn 0.1104 -0.6716 -0.7326
vn 0.1617 -0.7127 -0.6826
vn 0.1826 -0.7954 -0.5780
vn 0.1655 -0.8544 -0.4925
vn 0.0705 -0.8631 -0.5001
vn -0.2922 -0.6700 -0.6824
vn -0.3125 -0.6936 -0.6490
vn -0.2586 -0.5593 -0.7876
vn 0.0410 -0.6632 -0.7473
vn 0.0693 -0.6373 -0.7675
vn 0.1046 -0.6396 -0.7616
vn 0.1574 -0.6852 -0.7112
vn 0.2257 -0.7469 -0.6255
vn 0.2717 -0.7777 -0.5669
vn 0.2788 -0.7656 -0.5797
vn 0.1875 -0.7458 -0.6393
vn -0.2527 -0.8001 -0.5440
vn -0.2736 -0.8149 -0.5110
vn -0.1891 -0.6829 -0.7056
vn 0.0216 -0.6563 -0.7542
vn 0.0697 -0.6560 -0.7516
vn 0.1220 -0.6802 -0.7228
vn 0.2113 -0.7053 -0.6767
vn 0.2982 -0.6976 -0.6515
vn 0.3609 -0.6500 -0.6687
vn 0.3852 -0.5914 -0.7085
vn 0.3018 -0.5628 -0.7695
vn -0.2625 -0.8038 -0.5339
vn -0.2802 -0.8284 -0.4850
vn -0.1361 -0.7558 -0.6405
vn 0.0172 -0.6779 -0.7350
vn 0.0799 -0.6757 -0.7328
vn 0.1655 -0.6623 -0.7307
vn 0.2718 -0.6295 -0.7279
vn 0.3499 -0.5725 -0.7415
vn 0.4167 -0.4960 -0.7618
vn 0.4395 -0.4282 -0.7896
vn 0.3642 -0.4063 -0.8380
vn -0.2953 -0.7804 -0.5511
vn -0.3075 -0.8058 -0.5060
vn -0.1513 -0.7440 -0.6509
vn 0.0420 -0.6415 -0.7660
vn 0.1089 -0.6193 -0.7776
vn 0.2102 -0.5821 -0.7855
vn 0.3007 -0.5279 -0.7943
vn 0.3751 -0.4522 -0.8092
vn 0.4386 -0.3710 -0.8185
vn 0.4558 -0.3035 -0.8367
vn 0.4002 -0.2768 -0.8736
vn -0.3315 -0.7549 -0.5659
vn -0.3348 -0.7811 -0.5271
vn -0.1763 -0.7123 -0.6794
vn 0.0564 -0.5851 -0.8090
vn 0.1377 -0.5477 -0.8252
vn 0.2349 -0.4965 -0.8356
vn 0.3136 -0.4246 -0.8493
vn 0.3890 -0.3390 -0.8566
vn 0.4481 -0.2542 -0.8571
vn 0.4607 -0.1866 -0.8677
vn 0.4286 -0.1586 -0.8895
vn -0.3661 -0.7320 -0.5746
vn -0.3617 -0.7539 -0.5485
vn -0.2055 -0.6802 -0.7036
vn 0.0709 -0.5147 -0.8544
vn 0.1603 -0.4678 -0.8692
vn 0.2445 -0.4020 -0.8824
vn 0.3207 -0.3189 -0.8919
vn 0.3954 -0.2298 -0.8893
vn 0.4463 -0.1433 -0.8833
vn 0.4632 -0.0768 -0.8829
vn 0.4516 -0.0455 -0.8910
vn -0.3927 -0.7084 -0.5865
vn -0.3881 -0.7237 -0.5707
vn -0.2322 -0.6592 -0.7152
vn 0.0848 -0.4398 -0.8941
vn 0.1707 -0.3792 -0.9094
vn 0.2463 -0.3033 -0.9205
vn 0.3239 -0.2159 -0.9211
vn 0.3929 -0.1237 -0.9112
vn 0.4402 -0.0389 -0.8971
vn 0.4638 0.0246 -0.8856
vn 0.4635 0.0623 -0.8839
vn -0.4053 -0.6847 -0.6057
vn -0.4136 -0.6903 -0.5937
vn -0.2690 -0.6386 -0.7210
vn 0.0930 -0.3517 -0.9315
vn 0.1710 -0.2845 -0.9433
vn 0.2457 -0.2040 -0.9476
vn 0.3205 -0.1146 -0.9403
vn 0.3837 -0.0249 -0.9231
vn 0.4325 0.0539 -0.9000
vn 0.4575 0.1192 -0.8812
vn 0.4674 0.1569 -0.8700
vn -0.3535 -0.7633 -0.5407
vn -0.2883 -0.7640 -0.5773
vn -0.2711 -0.8347 -0.4794
vn -0.2961 -0.8384 -0.4577
vn -0.2998 -0.6452 -0.7028
vn 0.0936 -0.2588 -0.9614
vn 0.1669 -0.1880 -0.9679
vn 0.2411 -0.1068 -0.9646
vn 0.3104 -0.0208 -0.9504
vn 0.3724 0.0616 -0.9260
vn 0.4205 0.1369 -0.8969
vn 0.4449 0.1976 -0.8735
vn 0.4721 0.2275 -0.8517
vn -0.3008 -0.8950 -0.3294
vn -0.3142 -0.8917 -0.3257
vn -0.3138 -0.8876 -0.3372
vn -0.3035 -0.8885 -0.3442
vn -0.2484 -0.9054 -0.3444
vn -0.2646 -0.9035 -0.3371
vn -0.2717 -0.8942 -0.3557
vn -0.2576 -0.8981 -0.3564
vn -0.2003 -0.6853 -0.7002
vn -0.2430 -0.8177 -0.5218
vn 0.1201 -0.2052 -0.9713
vn 0.0142 -0.4876 -0.8729
vn 0.2120 -0.0522 -0.9759
vn 0.1186 -0.3832 -0.9160
vn 0.2966 0.0605 -0.9531
vn 0.2010 -0.3128 -0.9283
vn 0.3597 0.1346 -0.9233
vn 0.2581 -0.2857 -0.9229
vn 0.4068 0.1913 -0.8933
vn 0.3246 -0.2950 -0.8987
vn 0.4507 0.1848 -0.8734
vn 0.3850 -0.3593 -0.8501
vn 0.4917 0.0700 -0.8679
vn 0.3878 -0.5079 -0.7692
vn 0.5128 -0.1429 -0.8465
vn 0.3606 -0.6614 -0.6577
vn -0.2436 -0.9023 -0.3557
vn -0.2556 -0.8958 -0.3637
vn -0.2852 -0.8992 -0.3318
vn -0.2901 -0.8906 -0.3502
vn -0.2853 -0.8874 -0.3620
vn -0.2980 -0.8875 -0.3514
vn -0.2836 -0.8954 -0.3433
vn -0.2748 -0.8931 -0.3562
vn -0.7104 -0.4108 0.5715
vn -0.3243 -0.8895 -0.3218
vn -0.3217 -0.8881 -0.3282
vn -0.2819 -0.8298 -0.4816
vn -0.2635 -0.8224 -0.5042
vn -0.2737 -0.8224 -0.4987
vn -0.2913 -0.8290 -0.4774
vn -0.3236 -0.8404 -0.4348
vn -0.3075 -0.8350 -0.4563
vn -0.3273 -0.8418 -0.4293
vn -0.3432 -0.8448 -0.4104
vn -0.3265 -0.8474 -0.4187
vn -0.3408 -0.8490 -0.4039
vn -0.3467 -0.8575 -0.3801
vn -0.3572 -0.8499 -0.3873
vn -0.3738 -0.8545 -0.3606
vn -0.3607 -0.8644 -0.3503
vn -0.2720 -0.8892 -0.3679
vn -0.2647 -0.8930 -0.3641
vn -0.3304 -0.8886 -0.3180
vn -0.3258 -0.8901 -0.3186
vn -0.3324 -0.8890 -0.3148
vn -0.3264 -0.8933 -0.3090
vn -0.3297 -0.8908 -0.3128
vn -0.3228 -0.8976 -0.3001
vn -0.3213 -0.8938 -0.3128
vn -0.3145 -0.9029 -0.2930
vn -0.3060 -0.8982 -0.3157
vn -0.3003 -0.9091 -0.2886
vn -0.2822 -0.9037 -0.3220
vn -0.2788 -0.9163 -0.2874
vn -0.2486 -0.9100 -0.3317
vn -0.2485 -0.9244 -0.2894
vn -0.2049 -0.9164 -0.3440
vn -0.2091 -0.9328 -0.2934
vn -0.1497 -0.9216 -0.3582
vn -0.1604 -0.9418 -0.2955
vn -0.0551 -0.9250 -0.3760
vn -0.0930 -0.9507 -0.2957
vn 0.1091 -0.9300 -0.3509
vn 0.0133 -0.9572 -0.2891
vn -0.2608 -0.9053 -0.3353
vn -0.2552 -0.9023 -0.3475
vn 0.2244 -0.9368 -0.2684
vn 0.0629 -0.9748 -0.2139
vn -0.2903 -0.9208 -0.2604
vn -0.2609 -0.9407 -0.2167
vn -0.2854 -0.9284 -0.2380
vn -0.2550 -0.9484 -0.1884
vn -0.2769 -0.9362 -0.2164
vn -0.2467 -0.9556 -0.1609
vn -0.2637 -0.9444 -0.1963
vn -0.2324 -0.9633 -0.1340
vn -0.2440 -0.9534 -0.1776
vn -0.2117 -0.9715 -0.1064
vn -0.2156 -0.9632 -0.1604
vn -0.1841 -0.9797 -0.0799
vn -0.1791 -0.9730 -0.1459
vn -0.1468 -0.9877 -0.0531
vn -0.1262 -0.9826 -0.1365
vn -0.0962 -0.9950 -0.0276
vn -0.0439 -0.9904 -0.1314
vn -0.0197 -0.9997 -0.0150
vn 0.2412 -0.9508 -0.1945
vn 0.0853 -0.9857 -0.1456
vn -0.2566 -0.9050 -0.3392
vn -0.2514 -0.9012 -0.3532
vn -0.2515 -0.9012 -0.3529
vn -0.2492 -0.9097 -0.3323
vn -0.2342 -0.9277 -0.2906
vn -0.2222 -0.9372 -0.2687
vn -0.2007 -0.9529 -0.2274
vn -0.2167 -0.9430 -0.2526
vn -0.2427 -0.9207 -0.3056
vn -0.2405 -0.9285 -0.2830
vn -0.2125 -0.9469 -0.2414
vn -0.2652 -0.9176 -0.2960
vn -0.2351 -0.9445 -0.2294
vn -0.2384 -0.9364 -0.2575
vn -0.2266 -0.9599 -0.1653
vn -0.2307 -0.9528 -0.1975
vn -0.2188 -0.9667 -0.1327
vn -0.2105 -0.9725 -0.0997
vn -0.1948 -0.9786 -0.0670
vn -0.1735 -0.9842 -0.0345
vn -0.1461 -0.9893 -0.0018
vn -0.1046 -0.9940 0.0330
vn -0.0565 -0.9961 0.0680
vn -0.0026 -0.9960 0.0890
vn 0.2083 -0.9747 -0.0809
vn 0.0842 -0.9960 -0.0296
vn -0.2602 -0.9117 -0.3181
vn -0.2444 -0.9201 -0.3062
vn -0.1766 -0.9676 -0.1807
vn -0.1940 -0.9584 -0.2095
vn -0.1825 -0.9628 -0.1991
vn -0.2011 -0.9630 -0.1793
vn -0.2079 -0.9551 -0.2110
vn -0.1877 -0.9759 -0.1112
vn -0.1942 -0.9699 -0.1468
vn -0.1779 -0.9813 -0.0734
vn -0.1705 -0.9847 -0.0370
vn -0.1549 -0.9879 -0.0020
vn -0.1327 -0.9906 0.0333
vn -0.1064 -0.9920 0.0683
vn -0.0675 -0.9928 0.0990
vn -0.0303 -0.9925 0.1187
vn 0.0034 -0.9920 0.1262
vn 0.1468 -0.9883 0.0415
vn 0.0631 -0.9947 0.0813
vn -0.2605 -0.9202 -0.2922
vn -0.2370 -0.9317 -0.2754
vn -0.1466 -0.9804 -0.1318
vn -0.1686 -0.9719 -0.1640
vn -0.1584 -0.9749 -0.1566
vn -0.1670 -0.9772 -0.1310
vn -0.1722 -0.9711 -0.1651
vn -0.1456 -0.9870 -0.0676
vn -0.1617 -0.9815 -0.1021
vn -0.1311 -0.9911 -0.0219
vn -0.1283 -0.9915 0.0217
vn -0.1144 -0.9916 0.0596
vn -0.0956 -0.9912 0.0921
vn -0.0738 -0.9901 0.1192
vn -0.0420 -0.9889 0.1427
vn -0.0198 -0.9874 0.1573
vn -0.0017 -0.9872 0.1592
vn 0.0888 -0.9906 0.1042
vn 0.0398 -0.9916 0.1227
vn -0.2571 -0.9308 -0.2597
vn -0.2249 -0.9450 -0.2375
vn -0.1187 -0.9883 -0.0954
vn -0.1476 -0.9822 -0.1164
vn -0.1415 -0.9839 -0.1094
vn -0.1359 -0.9856 -0.1008
vn -0.1378 -0.9819 -0.1302
vn -0.1036 -0.9938 -0.0398
vn -0.1355 -0.9880 -0.0747
vn -0.0777 -0.9969 0.0112
vn -0.0833 -0.9946 0.0620
vn -0.0752 -0.9918 0.1034
vn -0.0647 -0.9887 0.1352
vn -0.0570 -0.9867 0.1520
vn -0.0285 -0.9865 0.1614
vn -0.0099 -0.9851 0.1718
vn -0.0084 -0.9844 0.1760
vn 0.0449 -0.9905 0.1301
vn 0.0185 -0.9887 0.1491
vn -0.2483 -0.9435 -0.2196
vn -0.2081 -0.9587 -0.1939
vn -0.1057 -0.9928 -0.0568
vn -0.1296 -0.9894 -0.0653
vn -0.1199 -0.9902 -0.0716
vn -0.1078 -0.9909 -0.0800
vn -0.1181 -0.9882 -0.0974
vn -0.0626 -0.9979 -0.0176
vn -0.1102 -0.9924 -0.0541
vn -0.0239 -0.9992 0.0318
vn -0.0389 -0.9961 0.0787
vn -0.0406 -0.9923 0.1170
vn -0.0348 -0.9881 0.1495
vn -0.0443 -0.9840 0.1726
vn -0.0336 -0.9838 0.1762
vn -0.0067 -0.9852 0.1713
vn -0.0074 -0.9854 0.1700
vn 0.0065 -0.9885 0.1511
vn -0.0052 -0.9858 0.1678
vn -0.2329 -0.9576 -0.1695
vn -0.1854 -0.9725 -0.1407
vn -0.0989 -0.9949 -0.0208
vn -0.1114 -0.9933 -0.0319
vn -0.0953 -0.9943 -0.0469
vn -0.0887 -0.9944 -0.0580
vn -0.1152 -0.9915 -0.0610
vn -0.0259 -0.9997 -0.0032
vn -0.0836 -0.9957 -0.0390
vn 0.0232 -0.9989 0.0410
vn -0.0000 -0.9967 0.0815
vn -0.0093 -0.9932 0.1160
vn -0.0052 -0.9891 0.1472
vn -0.0197 -0.9846 0.1740
vn -0.0393 -0.9813 0.1886
vn -0.0258 -0.9831 0.1814
vn -0.0107 -0.9862 0.1652
vn -0.0196 -0.9874 0.1573
vn -0.0193 -0.9859 0.1660
vn -0.1592 -0.9835 -0.0859
vn -0.0893 -0.9960 0.0060
vn -0.1032 -0.9946 0.0144
vn -0.0842 -0.9963 -0.0191
vn -0.0855 -0.9961 -0.0238
vn -0.1067 -0.9939 -0.0285
vn 0.0052 -1.0000 0.0043
vn -0.0625 -0.9978 -0.0220
vn 0.0625 -0.9971 0.0433
vn 0.0341 -0.9963 0.0790
vn 0.0197 -0.9936 0.1113
vn 0.0220 -0.9898 0.1411
vn 0.0097 -0.9859 0.1671
vn -0.0230 -0.9822 0.1864
vn -0.0462 -0.9806 0.1906
vn -0.0393 -0.9845 0.1712
vn -0.0340 -0.9891 0.1435
vn -0.0235 -0.9878 0.1538
vn -0.1426 -0.9890 -0.0388
vn -0.0685 -0.9922 0.1038
vn -0.0932 -0.9895 0.1105
vn -0.0836 -0.9965 0.0063
vn -0.0866 -0.9962 0.0030
vn -0.0858 -0.9963 -0.0095
vn 0.0311 -0.9994 0.0121
vn -0.0574 -0.9984 0.0001
vn 0.0936 -0.9947 0.0428
vn 0.0655 -0.9951 0.0738
vn 0.0463 -0.9934 0.1045
vn 0.0464 -0.9901 0.1323
vn 0.0372 -0.9868 0.1574
vn 0.0031 -0.9843 0.1767
vn -0.0400 -0.9819 0.1852
vn -0.0708 -0.9818 0.1762
vn -0.0439 -0.9909 0.1271
vn -0.0339 -0.9890 0.1443
vn -0.1731 -0.9834 0.0536
vn -0.1363 -0.9900 0.0373
vn -0.0376 -0.9729 0.2280
vn -0.0594 -0.9756 0.2115
vn -0.0705 -0.9924 0.1005
vn -0.0772 -0.9969 0.0156
vn -0.0716 -0.9974 0.0055
vn 0.0440 -0.9989 0.0187
vn -0.0627 -0.9978 0.0193
vn 0.1173 -0.9924 0.0364
vn 0.0936 -0.9935 0.0648
vn 0.0712 -0.9930 0.0945
vn 0.0676 -0.9903 0.1214
vn 0.0617 -0.9875 0.1449
vn 0.0290 -0.9862 0.1630
vn -0.0202 -0.9849 0.1717
vn -0.0718 -0.9834 0.1669
vn -0.0620 -0.9916 0.1134
vn -0.0708 -0.9867 0.1460
vn -0.1525 -0.9782 0.1408
vn -0.1271 -0.9841 0.1241
vn -0.0467 -0.9709 0.2351
vn -0.0695 -0.9961 0.0550
vn -0.0703 -0.9942 0.0810
vn 0.0398 -0.9988 0.0287
vn -0.0690 -0.9968 0.0403
vn 0.1342 -0.9905 0.0304
vn 0.1167 -0.9918 0.0514
vn 0.0930 -0.9926 0.0776
vn 0.0853 -0.9910 0.1027
vn 0.0808 -0.9889 0.1248
vn 0.0523 -0.9885 0.1422
vn 0.0017 -0.9884 0.1517
vn -0.0571 -0.9874 0.1478
vn -0.1057 -0.9878 0.1144
vn -0.1085 -0.9833 0.1462
vn -0.1317 -0.9671 0.2176
vn -0.1006 -0.9743 0.2014
vn -0.0695 -0.9789 0.1922
vn -0.0637 -0.9719 0.2266
vn 0.0159 -0.9971 0.0747
vn -0.0787 -0.9875 0.1367
vn 0.1345 -0.9904 0.0333
vn 0.1332 -0.9905 0.0342
vn 0.1088 -0.9926 0.0545
vn 0.0976 -0.9925 0.0740
vn 0.0933 -0.9913 0.0924
vn 0.0703 -0.9915 0.1092
vn 0.0227 -0.9923 0.1214
vn -0.0388 -0.9918 0.1220
vn -0.1415 -0.9843 0.1057
vn -0.1123 -0.9852 0.1297
vn -0.0634 -0.9607 0.2704
vn -0.0194 -0.9963 0.0838
vn -0.1425 -0.9868 0.0772
vn -0.1010 -0.9895 0.1036
vn -0.3152 -0.8438 -0.4344
vn -0.3312 -0.8506 -0.4084
vn -0.0869 -0.9938 0.0696
vn -0.2989 -0.8369 -0.4586
vn -0.3054 -0.8899 -0.3389
vn -0.3107 -0.8936 -0.3241
vn -0.3132 -0.8984 -0.3079
vn -0.3124 -0.9041 -0.2916
vn -0.3082 -0.9104 -0.2759
vn -0.3000 -0.9174 -0.2615
vn -0.2865 -0.9251 -0.2493
vn -0.2664 -0.9336 -0.2398
vn -0.2377 -0.9431 -0.2324
vn -0.1997 -0.9534 -0.2260
vn -0.2448 -0.9001 -0.3604
vn -0.2523 -0.8959 -0.3657
vn -0.1480 -0.9648 -0.2174
vn -0.2460 -0.9143 -0.3217
vn -0.0773 -0.9765 -0.2012
vn -0.2640 -0.9107 -0.3178
vn -0.2888 -0.9005 -0.3252
vn -0.3402 -0.8452 -0.4121
vn -0.2356 -0.8079 -0.5402
vn -0.1721 -0.7752 -0.6078
vn -0.2143 -0.8007 -0.5594
vn -0.2540 -0.8155 -0.5200
vn -0.0791 -0.7359 -0.6724
vn -0.1242 -0.7593 -0.6388
vn 0.0079 -0.6995 -0.7146
vn -0.0240 -0.7060 -0.7078
vn 0.0613 -0.6806 -0.7301
vn 0.0636 -0.6779 -0.7324
vn 0.1165 -0.6900 -0.7144
vn 0.1423 -0.6792 -0.7200
vn 0.1793 -0.7104 -0.6806
vn 0.2076 -0.6808 -0.7024
vn 0.2373 -0.7168 -0.6557
vn 0.2671 -0.6756 -0.6872
vn 0.2983 -0.7135 -0.6339
vn 0.3357 -0.6752 -0.6569
vn 0.3681 -0.7179 -0.5909
vn 0.4144 -0.6825 -0.6021
vn 0.4375 -0.7294 -0.5259
vn 0.4866 -0.7408 -0.4631
vn -0.3607 -0.8473 -0.3898
vn -0.3790 -0.8494 -0.3672
vn -0.3222 -0.8559 -0.4044
vn -0.3339 -0.8564 -0.3939
vn -0.2823 -0.8270 -0.4862
vn -0.2383 -0.8117 -0.5333
vn -0.2641 -0.8201 -0.5077
vn -0.1844 -0.7921 -0.5819
vn -0.0814 -0.7480 -0.6587
vn 0.0437 -0.6974 -0.7153
vn 0.1517 -0.6607 -0.7351
vn 0.2272 -0.6431 -0.7313
vn 0.2944 -0.6374 -0.7121
vn 0.3724 -0.6406 -0.6715
vn 0.4554 -0.6449 -0.6138
vn 0.4874 -0.6872 -0.5387
vn 0.5443 -0.6962 -0.4679
vn -0.3574 -0.8496 -0.3879
vn -0.3762 -0.8494 -0.3701
vn -0.3154 -0.8660 -0.3881
vn -0.3239 -0.8654 -0.3822
vn -0.2891 -0.8353 -0.4676
vn -0.2524 -0.8209 -0.5123
vn -0.2737 -0.8287 -0.4882
vn -0.2185 -0.8112 -0.5424
vn -0.1468 -0.7906 -0.5944
vn -0.0199 -0.7411 -0.6712
vn 0.1178 -0.6742 -0.7291
vn 0.2267 -0.6263 -0.7459
vn 0.3152 -0.6124 -0.7250
vn 0.4004 -0.6150 -0.6794
vn 0.4834 -0.6148 -0.6232
vn 0.5286 -0.6472 -0.5493
vn 0.5933 -0.6583 -0.4633
vn -0.3487 -0.8554 -0.3830
vn -0.3667 -0.8535 -0.3702
vn -0.3066 -0.8766 -0.3710
vn -0.3118 -0.8753 -0.3696
vn -0.3093 -0.8649 -0.3954
vn -0.2945 -0.8459 -0.4446
vn -0.2651 -0.8320 -0.4874
vn -0.2824 -0.8396 -0.4641
vn -0.2379 -0.8229 -0.5160
vn -0.1904 -0.8102 -0.5544
vn -0.1007 -0.7810 -0.6164
vn 0.0378 -0.7196 -0.6934
vn 0.1872 -0.6526 -0.7342
vn 0.3144 -0.6163 -0.7220
vn 0.4114 -0.6068 -0.6802
vn 0.4952 -0.6032 -0.6252
vn 0.5619 -0.6178 -0.5501
vn 0.6300 -0.6290 -0.4554
vn -0.3362 -0.8635 -0.3761
vn -0.3524 -0.8603 -0.3683
vn -0.2967 -0.8869 -0.3540
vn -0.2982 -0.8854 -0.3567
vn -0.3043 -0.8760 -0.3743
vn -0.2985 -0.8575 -0.4190
vn -0.3042 -0.8620 -0.4054
vn -0.2773 -0.8439 -0.4594
vn -0.2903 -0.8514 -0.4369
vn -0.2558 -0.8351 -0.4870
vn -0.2200 -0.8243 -0.5216
vn -0.1618 -0.8066 -0.5685
vn -0.0583 -0.7700 -0.6354
vn 0.1069 -0.7105 -0.6955
vn 0.2790 -0.6512 -0.7057
vn 0.4030 -0.6172 -0.6758
vn 0.4958 -0.6098 -0.6184
vn 0.5827 -0.6053 -0.5423
vn 0.6540 -0.6076 -0.4507
vn -0.3211 -0.8726 -0.3682
vn -0.3351 -0.8686 -0.3650
vn -0.2870 -0.8962 -0.3383
vn -0.2847 -0.8946 -0.3444
vn -0.2984 -0.8866 -0.3535
vn -0.3015 -0.8692 -0.3920
vn -0.3032 -0.8735 -0.3810
vn -0.2886 -0.8559 -0.4292
vn -0.2974 -0.8632 -0.4080
vn -0.2723 -0.8475 -0.4556
vn -0.2445 -0.8381 -0.4877
vn -0.2023 -0.8257 -0.5265
vn -0.1328 -0.8071 -0.5752
vn 0.0067 -0.7725 -0.6350
vn 0.2007 -0.7118 -0.6731
vn 0.3650 -0.6532 -0.6634
vn 0.4859 -0.6329 -0.6028
vn 0.5871 -0.6109 -0.5312
vn 0.6580 -0.6066 -0.4462
vn -0.3043 -0.8821 -0.3595
vn -0.3158 -0.8777 -0.3605
vn -0.2784 -0.9035 -0.3258
vn -0.2729 -0.9020 -0.3345
vn -0.2925 -0.8958 -0.3347
vn -0.3036 -0.8800 -0.3653
vn -0.3013 -0.8842 -0.3570
vn -0.2988 -0.8672 -0.3983
vn -0.3035 -0.8742 -0.3790
vn -0.2871 -0.8594 -0.4232
vn -0.2653 -0.8510 -0.4532
vn -0.2315 -0.8420 -0.4873
vn -0.1781 -0.8330 -0.5238
vn -0.0823 -0.8161 -0.5720
vn 0.0901 -0.7718 -0.6295
vn 0.2922 -0.7123 -0.6382
vn 0.4539 -0.6803 -0.5754
vn 0.5776 -0.6316 -0.5171
vn 0.6435 -0.6291 -0.4360
vn -0.2874 -0.8912 -0.3509
vn -0.2960 -0.8866 -0.3553
vn -0.2721 -0.9086 -0.3168
vn -0.2630 -0.9079 -0.3264
vn -0.2879 -0.9029 -0.3193
vn -0.3053 -0.8891 -0.3411
vn -0.2993 -0.8933 -0.3353
vn -0.3078 -0.8769 -0.3692
vn -0.3088 -0.8835 -0.3523
vn -0.3000 -0.8699 -0.3916
vn -0.2829 -0.8628 -0.4191
vn -0.2540 -0.8564 -0.4496
vn -0.2092 -0.8506 -0.4823
vn -0.1448 -0.8398 -0.5233
vn -0.0221 -0.8182 -0.5745
vn 0.1901 -0.7854 -0.5890
vn 0.3938 -0.7460 -0.5371
vn 0.5504 -0.6729 -0.4943
vn 0.6153 -0.6669 -0.4203
vn -0.2721 -0.8989 -0.3433
vn -0.2774 -0.8942 -0.3514
vn -0.2708 -0.9104 -0.3129
vn -0.2569 -0.9112 -0.3221
vn -0.2859 -0.9070 -0.3093
vn -0.3074 -0.8956 -0.3216
vn -0.2982 -0.9000 -0.3179
vn -0.3155 -0.8842 -0.3446
vn -0.3137 -0.8902 -0.3305
vn -0.3109 -0.8781 -0.3637
vn -0.2975 -0.8725 -0.3876
vn -0.2727 -0.8678 -0.4155
vn -0.2345 -0.8641 -0.4454
vn -0.1866 -0.8591 -0.4766
vn -0.1040 -0.8554 -0.5074
vn 0.0781 -0.8501 -0.5208
vn 0.3034 -0.8146 -0.4943
vn 0.5111 -0.7206 -0.4685
vn 0.5790 -0.7080 -0.4043
vn -0.2593 -0.9051 -0.3371
vn -0.2604 -0.9003 -0.3487
vn -0.2762 -0.9070 -0.3179
vn -0.2578 -0.9095 -0.3261
vn -0.2879 -0.9071 -0.3071
vn -0.3106 -0.8988 -0.3094
vn -0.2992 -0.9034 -0.3071
vn -0.3223 -0.8884 -0.3269
vn -0.3188 -0.8936 -0.3160
vn -0.3197 -0.8836 -0.3421
vn -0.3090 -0.8798 -0.3613
vn -0.2879 -0.8772 -0.3843
vn -0.2541 -0.8763 -0.4093
vn -0.2123 -0.8764 -0.4322
vn -0.1494 -0.8805 -0.4499
vn -0.0138 -0.8871 -0.4613
vn 0.1954 -0.8677 -0.4570
vn 0.4556 -0.7715 -0.4441
vn 0.5353 -0.7514 -0.3859
vn -0.2500 -0.9087 -0.3343
vn -0.2478 -0.9043 -0.3477
vn -0.2939 -0.9027 -0.3142
vn -0.3155 -0.8981 -0.3063
vn -0.3031 -0.9028 -0.3050
vn -0.3282 -0.8896 -0.3177
vn -0.3242 -0.8936 -0.3105
vn -0.3264 -0.8865 -0.3279
vn -0.3172 -0.8848 -0.3414
vn -0.2988 -0.8845 -0.3583
vn -0.2688 -0.8858 -0.3782
vn -0.2289 -0.8888 -0.3970
vn -0.1748 -0.8952 -0.4099
vn -0.0768 -0.9033 -0.4221
vn 0.0927 -0.8984 -0.4292
vn 0.3788 -0.8245 -0.4203
vn 0.4816 -0.7972 -0.3640
vn -0.2464 -0.9085 -0.3375
vn -0.2422 -0.9048 -0.3502
vn -0.3210 -0.8943 -0.3119
vn -0.3091 -0.8983 -0.3122
vn -0.3322 -0.8889 -0.3153
vn -0.3289 -0.8910 -0.3128
vn -0.3302 -0.8881 -0.3197
vn -0.3217 -0.8887 -0.3267
vn -0.3050 -0.8908 -0.3368
vn -0.2785 -0.8944 -0.3501
vn -0.2411 -0.8992 -0.3650
vn -0.1919 -0.9054 -0.3786
vn -0.1200 -0.9109 -0.3948
vn 0.0105 -0.9126 -0.4087
vn 0.2879 -0.8708 -0.3985
vn 0.4157 -0.8433 -0.3407
vn 0.1981 -0.9031 -0.3810
vn 0.3356 -0.8880 -0.3143
vn 0.5230 -0.7590 -0.3878
vn 0.5392 -0.7812 -0.3146
vn 0.5786 -0.8050 -0.1313
vn 0.6430 -0.7562 -0.1214
vn 0.6566 -0.7322 -0.1811
vn 0.7012 -0.7039 -0.1133
vn 0.7089 -0.6845 -0.1698
vn 0.7485 -0.6544 -0.1072
vn 0.7506 -0.6407 -0.1612
vn 0.7784 -0.6193 -0.1024
vn 0.7759 -0.6116 -0.1547
vn 0.7878 -0.6079 -0.0990
vn 0.7812 -0.6061 -0.1494
vn 0.7753 -0.6242 -0.0969
vn 0.7665 -0.6258 -0.1444
vn 0.7279 -0.6799 -0.0891
vn 0.7285 -0.6709 -0.1386
vn 0.6036 -0.7953 -0.0565
vn 0.6516 -0.7485 -0.1229
vn 0.3969 -0.9178 0.0047
vn 0.5071 -0.8587 -0.0736
vn 0.2077 -0.9760 0.0648
vn 0.3200 -0.9474 -0.0002
vn 0.0988 -0.9896 0.1041
vn 0.1729 -0.9828 0.0646
vn 0.5146 -0.8456 -0.1422
vn 0.4905 -0.8638 -0.1153
vn 0.5565 -0.8242 -0.1047
vn 0.4689 -0.8783 -0.0933
vn 0.5364 -0.8402 -0.0799
vn 0.4542 -0.8885 -0.0646
vn 0.5173 -0.8542 -0.0532
vn 0.4526 -0.8912 -0.0298
vn 0.5056 -0.8623 -0.0270
vn 0.4778 -0.8775 0.0415
vn 0.5068 -0.8620 0.0106
vn 0.5334 -0.8188 0.2122
vn 0.5349 -0.8387 0.1028
vn 0.5609 -0.7112 0.4238
vn 0.5792 -0.7627 0.2878
vn 0.5320 -0.6419 0.5521
vn 0.5808 -0.6471 0.4939
vn 0.6980 -0.6449 -0.3113
vn 0.6729 -0.6375 -0.3753
vn 0.6581 -0.7085 -0.2549
vn 0.6246 -0.7753 -0.0941
vn 0.6069 -0.7921 -0.0655
vn 0.5892 -0.8072 -0.0363
vn 0.5740 -0.8187 -0.0126
vn 0.5639 -0.8257 0.0172
vn 0.5629 -0.8241 0.0626
vn 0.5810 -0.7957 0.1713
vn 0.5981 -0.7128 0.3663
vn 0.7275 -0.6140 -0.3062
vn 0.6995 -0.6082 -0.3753
vn 0.7079 -0.6621 -0.2460
vn 0.6886 -0.7203 -0.0836
vn 0.6745 -0.7365 -0.0509
vn 0.6592 -0.7518 -0.0187
vn 0.6449 -0.7642 0.0077
vn 0.6322 -0.7739 0.0377
vn 0.6203 -0.7808 0.0753
vn 0.6112 -0.7802 0.1332
vn 0.6119 -0.7473 0.2591
vn 0.7375 -0.6047 -0.3006
vn 0.7060 -0.6041 -0.3696
vn 0.7427 -0.6265 -0.2363
vn 0.7412 -0.6672 -0.0739
vn 0.7310 -0.6813 -0.0374
vn 0.7184 -0.6957 -0.0021
vn 0.7052 -0.7085 0.0275
vn 0.6918 -0.7196 0.0604
vn 0.6757 -0.7303 0.1005
vn 0.6496 -0.7455 0.1492
vn 0.6043 -0.7669 0.2159
vn 0.7306 -0.6145 -0.2978
vn 0.6940 -0.6231 -0.3607
vn 0.7615 -0.6060 -0.2298
vn 0.7756 -0.6277 -0.0660
vn 0.7690 -0.6387 -0.0263
vn 0.7581 -0.6520 0.0121
vn 0.7413 -0.6697 0.0450
vn 0.7094 -0.7002 0.0804
vn 0.6476 -0.7533 0.1146
vn 0.5526 -0.8217 0.1398
vn 0.4383 -0.8854 0.1545
vn 0.7069 -0.6427 -0.2952
vn 0.6680 -0.6552 -0.3529
vn 0.7614 -0.6079 -0.2252
vn 0.7887 -0.6117 -0.0608
vn 0.7823 -0.6227 -0.0174
vn 0.7582 -0.6515 0.0266
vn 0.6986 -0.7127 0.0633
vn 0.5926 -0.8004 0.0907
vn 0.4516 -0.8865 0.1009
vn 0.3046 -0.9481 0.0913
vn 0.1866 -0.9799 0.0706
vn 0.6670 -0.6862 -0.2903
vn 0.6298 -0.6967 -0.3435
vn 0.7422 -0.6328 -0.2209
vn 0.7726 -0.6325 -0.0552
vn 0.7393 -0.6734 -0.0016
vn 0.6510 -0.7573 0.0515
vn 0.5071 -0.8580 0.0820
vn 0.3418 -0.9356 0.0886
vn 0.2032 -0.9760 0.0777
vn 0.1149 -0.9915 0.0612
vn 0.0635 -0.9970 0.0450
vn 0.6145 -0.7372 -0.2809
vn 0.5824 -0.7425 -0.3311
vn 0.7025 -0.6785 -0.2148
vn 0.6850 -0.7277 -0.0347
vn 0.5740 -0.8182 0.0335
vn 0.4112 -0.9077 0.0836
vn 0.2510 -0.9633 0.0948
vn 0.1383 -0.9866 0.0869
vn 0.0724 -0.9948 0.0717
vn 0.0356 -0.9979 0.0541
vn 0.0033 -0.9992 0.0404
vn 0.5510 -0.7919 -0.2631
vn 0.5273 -0.7890 -0.3153
vn 0.6438 -0.7377 -0.2033
vn 0.4849 -0.8745 0.0128
vn 0.3229 -0.9433 0.0775
vn 0.1831 -0.9771 0.1079
vn 0.0941 -0.9902 0.1027
vn 0.0420 -0.9952 0.0879
vn 0.0109 -0.9975 0.0696
vn -0.0109 -0.9987 0.0504
vn -0.0476 -0.9980 0.0427
vn 0.4612 -0.8585 -0.2242
vn 0.4610 -0.8378 -0.2925
vn 0.5535 -0.8146 -0.1734
vn 0.2571 -0.9640 0.0675
vn 0.1386 -0.9841 0.1109
vn 0.0630 -0.9907 0.1205
vn 0.0190 -0.9941 0.1068
vn -0.0094 -0.9961 0.0882
vn -0.0281 -0.9973 0.0677
vn -0.0527 -0.9973 0.0511
vn -0.0967 -0.9942 0.0475
vn 0.3410 -0.9269 -0.1566
vn 0.3711 -0.8935 -0.2528
vn 0.4152 -0.9031 -0.1100
vn 0.1142 -0.9877 0.1064
vn 0.0466 -0.9902 0.1319
vn 0.0034 -0.9919 0.1272
vn -0.0230 -0.9937 0.1100
vn -0.0414 -0.9951 0.0897
vn -0.0589 -0.9959 0.0690
vn -0.0965 -0.9935 0.0601
vn -0.1358 -0.9893 0.0526
vn 0.2647 -0.9639 -0.0278
vn 0.0418 -0.9904 0.1315
vn -0.0000 -0.9893 0.1462
vn -0.0265 -0.9906 0.1340
vn -0.0437 -0.9923 0.1161
vn -0.0571 -0.9937 0.0961
vn -0.0844 -0.9930 0.0832
vn -0.1310 -0.9880 0.0813
vn -0.1532 -0.9863 0.0604
vn -0.5560 -0.2808 0.7823
vn -0.6161 -0.3711 0.6947
vn -0.5913 -0.7875 0.1735
vn -0.5347 -0.8426 0.0645
vn -0.5094 -0.8603 0.0193
vn -0.5277 -0.8493 -0.0116
vn -0.4862 -0.8718 -0.0596
vn -0.5220 -0.8498 -0.0727
vn -0.4750 -0.8714 -0.1230
vn -0.4795 -0.8625 -0.1617
vn -0.4333 -0.8785 -0.2013
vn -0.4284 -0.8715 -0.2387
vn -0.3933 -0.8826 -0.2575
vn -0.4106 -0.8694 -0.2748
vn -0.3805 -0.8780 -0.2905
vn -0.4008 -0.8642 -0.3042
vn -0.3720 -0.8712 -0.3204
vn -0.3885 -0.8592 -0.3328
vn -0.5415 -0.7687 0.3404
vn -0.5335 -0.7051 0.4672
vn -0.6203 -0.7066 0.3405
vn -0.5681 -0.8216 0.0470
vn -0.5663 -0.8240 -0.0183
vn -0.5260 -0.8430 -0.1128
vn -0.4665 -0.8591 -0.2105
vn -0.4396 -0.8601 -0.2588
vn -0.4276 -0.8567 -0.2886
vn -0.4132 -0.8539 -0.3165
vn -0.3968 -0.8515 -0.3427
vn -0.5704 -0.7526 0.3291
vn -0.5288 -0.7440 0.4085
vn -0.5634 -0.7907 0.2396
vn -0.6068 -0.7935 0.0462
vn -0.5752 -0.8160 -0.0569
vn -0.5118 -0.8410 -0.1754
vn -0.4703 -0.8492 -0.2401
vn -0.4526 -0.8487 -0.2734
vn -0.4355 -0.8481 -0.3018
vn -0.4163 -0.8483 -0.3273
vn -0.3962 -0.8488 -0.3500
vn -0.5944 -0.7260 0.3459
vn -0.5461 -0.7212 0.4261
vn -0.6010 -0.7569 0.2568
vn -0.6227 -0.7823 0.0136
vn -0.5594 -0.8189 -0.1282
vn -0.5006 -0.8379 -0.2174
vn -0.4760 -0.8409 -0.2574
vn -0.4556 -0.8423 -0.2880
vn -0.4331 -0.8448 -0.3142
vn -0.4099 -0.8478 -0.3363
vn -0.3874 -0.8509 -0.3548
vn -0.6049 -0.7109 0.3589
vn -0.5464 -0.7128 0.4398
vn -0.6294 -0.7280 0.2717
vn -0.6020 -0.7963 -0.0588
vn -0.5292 -0.8273 -0.1886
vn -0.4967 -0.8345 -0.2387
vn -0.4733 -0.8375 -0.2731
vn -0.4475 -0.8418 -0.3018
vn -0.4211 -0.8468 -0.3250
vn -0.3958 -0.8517 -0.3434
vn -0.3726 -0.8563 -0.3576
vn -0.5946 -0.7155 0.3667
vn -0.5176 -0.7291 0.4479
vn -0.6451 -0.7096 0.2834
vn -0.5551 -0.8196 -0.1415
vn -0.5129 -0.8310 -0.2154
vn -0.4875 -0.8350 -0.2551
vn -0.4591 -0.8405 -0.2878
vn -0.4302 -0.8464 -0.3138
vn -0.4024 -0.8525 -0.3338
vn -0.3766 -0.8583 -0.3485
vn -0.3539 -0.8638 -0.3587
vn -0.5398 -0.7626 0.3564
vn -0.4461 -0.7794 0.4398
vn -0.6365 -0.7201 0.2761
vn -0.5250 -0.8313 -0.1824
vn -0.4958 -0.8369 -0.2319
vn -0.4664 -0.8424 -0.2700
vn -0.4360 -0.8485 -0.3000
vn -0.4065 -0.8547 -0.3229
vn -0.3788 -0.8608 -0.3398
vn -0.3539 -0.8668 -0.3514
vn -0.3326 -0.8724 -0.3581
vn -0.4329 -0.8453 0.3131
vn -0.3447 -0.8475 0.4036
vn -0.5856 -0.7775 0.2291
vn -0.4926 -0.8468 -0.2005
vn -0.4649 -0.8507 -0.2453
vn -0.4354 -0.8553 -0.2808
vn -0.4062 -0.8603 -0.3080
vn -0.3783 -0.8655 -0.3283
vn -0.3525 -0.8707 -0.3428
vn -0.3295 -0.8761 -0.3520
vn -0.3103 -0.8815 -0.3560
vn -0.3211 -0.9124 0.2538
vn -0.2560 -0.9006 0.3513
vn -0.4888 -0.8581 0.1576
vn -0.4519 -0.8666 -0.2117
vn -0.4265 -0.8681 -0.2540
vn -0.4001 -0.8704 -0.2868
vn -0.3742 -0.8733 -0.3120
vn -0.3496 -0.8766 -0.3307
vn -0.3266 -0.8804 -0.3438
vn -0.3066 -0.8846 -0.3513
vn -0.2900 -0.8891 -0.3542
vn -0.2428 -0.9483 0.2044
vn -0.1968 -0.9334 0.3000
vn -0.3796 -0.9196 0.1016
vn -0.4048 -0.8885 -0.2162
vn -0.3862 -0.8858 -0.2575
vn -0.3651 -0.8850 -0.2889
vn -0.3438 -0.8853 -0.3131
vn -0.3230 -0.8866 -0.3312
vn -0.3033 -0.8887 -0.3438
vn -0.2865 -0.8919 -0.3500
vn -0.2713 -0.8957 -0.3524
vn -0.1876 -0.9680 0.1666
vn -0.1578 -0.9543 0.2539
vn -0.2908 -0.9538 0.0748
vn -0.3509 -0.9124 -0.2106
vn -0.3429 -0.9045 -0.2537
vn -0.3300 -0.8996 -0.2860
vn -0.3150 -0.8967 -0.3109
vn -0.2992 -0.8954 -0.3299
vn -0.2834 -0.8955 -0.3433
vn -0.2692 -0.8975 -0.3492
vn -0.2556 -0.9005 -0.3517
vn -0.2217 -0.9731 0.0621
vn -0.2917 -0.9366 -0.1942
vn -0.2960 -0.9243 -0.2409
vn -0.2937 -0.9150 -0.2765
vn -0.2872 -0.9082 -0.3043
vn -0.2785 -0.9034 -0.3259
vn -0.2683 -0.9004 -0.3424
vn -0.2575 -0.9002 -0.3512
vn -0.2465 -0.9020 -0.3546
vt 0.541322 0.333530
vt 0.536900 0.337972
vt 0.529381 0.327567
vt 0.534200 0.323702
vt 0.584358 0.593917
vt 0.579739 0.598189
vt 0.579188 0.585036
vt 0.583642 0.579948
vt 0.588678 0.589398
vt 0.587592 0.574659
vt 0.592537 0.584635
vt 0.591315 0.569187
vt 0.596053 0.579675
vt 0.594713 0.563593
vt 0.599369 0.574588
vt 0.598093 0.558036
vt 0.602808 0.569563
vt 0.601581 0.552577
vt 0.606288 0.564570
vt 0.606169 0.547737
vt 0.611002 0.560261
vt 0.610741 0.542958
vt 0.615793 0.556083
vt 0.615591 0.538476
vt 0.620628 0.552126
vt 0.620530 0.534247
vt 0.625437 0.548489
vt 0.625398 0.530319
vt 0.522903 0.316956
vt 0.528678 0.313402
vt 0.624194 0.567037
vt 0.629929 0.545197
vt 0.628527 0.564128
vt 0.584802 0.619918
vt 0.589334 0.616930
vt 0.588336 0.629768
vt 0.583919 0.632249
vt 0.593558 0.613777
vt 0.592388 0.627169
vt 0.597412 0.610430
vt 0.596124 0.624439
vt 0.600901 0.606846
vt 0.599580 0.621574
vt 0.604099 0.603073
vt 0.602863 0.618594
vt 0.607299 0.599238
vt 0.606143 0.615564
vt 0.610725 0.595519
vt 0.609541 0.612552
vt 0.614437 0.591971
vt 0.613167 0.609658
vt 0.618346 0.588602
vt 0.616993 0.606947
vt 0.622379 0.585552
vt 0.626211 0.582804
vt 0.535110 0.309631
vt 0.531311 0.299407
vt 0.538430 0.296236
vt 0.542468 0.305616
vt 0.561517 0.668395
vt 0.565904 0.666303
vt 0.566997 0.679352
vt 0.561923 0.680791
vt 0.564967 0.653751
vt 0.568957 0.651171
vt 0.570395 0.664406
vt 0.574334 0.637029
vt 0.579271 0.634667
vt 0.578436 0.647065
vt 0.573834 0.649122
vt 0.586950 0.642969
vt 0.582920 0.645055
vt 0.590762 0.640852
vt 0.594281 0.638659
vt 0.597609 0.636395
vt 0.600930 0.634093
vt 0.604265 0.631773
vt 0.607792 0.629511
vt 0.611450 0.627312
vt 0.615298 0.625256
vt 0.620879 0.604440
vt 0.624620 0.602216
vt 0.528514 0.288511
vt 0.535884 0.286032
vt 0.567759 0.692566
vt 0.562212 0.693490
vt 0.571699 0.677966
vt 0.578326 0.660700
vt 0.574465 0.662506
vt 0.585504 0.657256
vt 0.581657 0.658856
vt 0.588931 0.655609
vt 0.592187 0.653949
vt 0.595418 0.652282
vt 0.598545 0.650584
vt 0.601996 0.648933
vt 0.605614 0.647326
vt 0.609800 0.645970
vt 0.614035 0.644693
vt 0.619177 0.623362
vt 0.622877 0.621667
vt 0.556771 0.670474
vt 0.556934 0.682358
vt 0.551616 0.683892
vt 0.553126 0.672953
vt 0.567838 0.705845
vt 0.561784 0.706280
vt 0.572963 0.691760
vt 0.579712 0.675468
vt 0.576013 0.676690
vt 0.585708 0.673178
vt 0.583023 0.674326
vt 0.588177 0.672058
vt 0.492210 0.303376
vt 0.488756 0.305035
vt 0.483403 0.288057
vt 0.488557 0.286927
vt 0.485539 0.306702
vt 0.478621 0.289186
vt 0.596606 0.668874
vt 0.592933 0.669798
vt 0.600257 0.667953
vt 0.604369 0.667110
vt 0.608687 0.666301
vt 0.613165 0.665581
vt 0.618259 0.643543
vt 0.622199 0.642531
vt 0.556460 0.694470
vt 0.550914 0.695531
vt 0.566945 0.719168
vt 0.560539 0.719120
vt 0.573593 0.705537
vt 0.581358 0.690546
vt 0.577530 0.691080
vt 0.499282 0.284659
vt 0.493855 0.285807
vt 0.495338 0.269159
vt 0.501281 0.268842
vt 0.489255 0.269452
vt 0.483261 0.269761
vt 0.477773 0.270072
vt 0.594557 0.688551
vt 0.592555 0.688913
vt 0.598115 0.688245
vt 0.602103 0.687946
vt 0.606381 0.687685
vt 0.610938 0.687435
vt 0.617601 0.664935
vt 0.621731 0.664374
vt 0.555648 0.706802
vt 0.549537 0.707344
vt 0.564787 0.732708
vt 0.558420 0.732081
vt 0.573069 0.719365
vt 0.582633 0.705638
vt 0.578651 0.705446
vt 0.498325 0.252371
vt 0.504825 0.252946
vt 0.491671 0.251757
vt 0.485087 0.251146
vt 0.478711 0.250582
vt 0.472331 0.270434
vt 0.473058 0.250063
vt 0.596117 0.709363
vt 0.593944 0.708922
vt 0.599053 0.709743
vt 0.603247 0.710012
vt 0.607685 0.710240
vt 0.615545 0.687206
vt 0.619894 0.687006
vt 0.554124 0.719154
vt 0.547782 0.719236
vt 0.561859 0.746446
vt 0.555667 0.745183
vt 0.570938 0.733535
vt 0.583341 0.720528
vt 0.578740 0.719762
vt 0.501504 0.235614
vt 0.508278 0.237098
vt 0.494537 0.234058
vt 0.487652 0.232537
vt 0.481056 0.231098
vt 0.474786 0.229749
vt 0.467762 0.249621
vt 0.469111 0.228494
vt 0.597872 0.731627
vt 0.595336 0.730491
vt 0.600896 0.732649
vt 0.604531 0.733544
vt 0.612235 0.710442
vt 0.616738 0.710594
vt 0.551982 0.731595
vt 0.545588 0.731196
vt 0.558757 0.760066
vt 0.552788 0.758154
vt 0.567720 0.747975
vt 0.581003 0.736194
vt 0.576478 0.734659
vt 0.503785 0.218650
vt 0.510319 0.220870
vt 0.497053 0.216345
vt 0.490321 0.214012
vt 0.483744 0.211721
vt 0.477519 0.209539
vt 0.471705 0.207489
vt 0.464089 0.227358
vt 0.466328 0.205568
vt 0.599636 0.755166
vt 0.596850 0.753417
vt 0.603251 0.756626
vt 0.609061 0.734202
vt 0.613585 0.734773
vt 0.549368 0.744121
vt 0.543064 0.743206
vt 0.556016 0.773193
vt 0.550180 0.770663
vt 0.564457 0.762288
vt 0.577763 0.752055
vt 0.573141 0.749830
vt 0.506035 0.201458
vt 0.512149 0.204332
vt 0.499654 0.198394
vt 0.493288 0.195304
vt 0.487086 0.192264
vt 0.481064 0.189291
vt 0.475513 0.186517
vt 0.470918 0.184103
vt 0.599201 0.777145
vt 0.596171 0.774882
vt 0.602575 0.779220
vt 0.607178 0.757924
vt 0.611435 0.759020
vt 0.546659 0.756501
vt 0.540520 0.755037
vt 0.554695 0.784730
vt 0.548854 0.781698
vt 0.561561 0.776076
vt 0.574289 0.767824
vt 0.569678 0.764866
vt 0.509377 0.184238
vt 0.515241 0.187848
vt 0.503440 0.180501
vt 0.497403 0.176634
vt 0.491643 0.172885
vt 0.486735 0.169534
vt 0.482008 0.166270
vt 0.477551 0.163180
vt 0.598362 0.798686
vt 0.595373 0.795805
vt 0.601727 0.801311
vt 0.606367 0.781049
vt 0.610452 0.782614
vt 0.544203 0.768431
vt 0.538198 0.766440
vt 0.552071 0.177287
vt 0.547872 0.174255
vt 0.558694 0.164996
vt 0.562575 0.168314
vt 0.560288 0.788132
vt 0.571224 0.783007
vt 0.566688 0.779344
vt 0.514836 0.167631
vt 0.520364 0.171940
vt 0.509080 0.163057
vt 0.504100 0.158866
vt 0.499192 0.154645
vt 0.494411 0.150491
vt 0.489961 0.146545
vt 0.485760 0.142798
vt 0.596897 0.819649
vt 0.593797 0.816187
vt 0.600348 0.822829
vt 0.605447 0.803648
vt 0.609532 0.805620
vt 0.542896 0.778979
vt 0.536974 0.776476
vt 0.570574 0.156974
vt 0.567005 0.153031
vt 0.579648 0.145527
vt 0.582836 0.149680
vt 0.543548 0.170853
vt 0.554739 0.161277
vt 0.570076 0.796191
vt 0.565468 0.791945
vt 0.524055 0.153120
vt 0.529266 0.158139
vt 0.518839 0.147916
vt 0.513484 0.142501
vt 0.508600 0.137354
vt 0.504075 0.132428
vt 0.499807 0.127730
vt 0.496261 0.123590
vt 0.595733 0.839225
vt 0.592228 0.835395
vt 0.599675 0.842650
vt 0.604340 0.825531
vt 0.608901 0.827609
vt 0.542766 0.787672
vt 0.536653 0.784891
vt 0.577681 0.163710
vt 0.589306 0.156883
vt 0.592913 0.160300
vt 0.581490 0.166757
vt 0.563291 0.148556
vt 0.576327 0.140796
vt 0.539026 0.167039
vt 0.534262 0.162794
vt 0.546248 0.152372
vt 0.550612 0.157085
vt 0.536765 0.141421
vt 0.541615 0.147127
vt 0.531739 0.135347
vt 0.526748 0.129128
vt 0.521770 0.122833
vt 0.516993 0.116698
vt 0.512405 0.110756
vt 0.508975 0.105907
vt 0.594419 0.857506
vt 0.590852 0.853078
vt 0.598364 0.861565
vt 0.603966 0.845676
vt 0.608615 0.848171
vt 0.574092 0.160490
vt 0.586029 0.153441
vt 0.566484 0.171312
vt 0.570540 0.174094
vt 0.595063 0.142632
vt 0.597969 0.146724
vt 0.559346 0.143448
vt 0.555134 0.137670
vt 0.568941 0.129018
vt 0.572769 0.135328
vt 0.550651 0.131271
vt 0.545988 0.124411
vt 0.560656 0.114354
vt 0.564888 0.121961
vt 0.541221 0.117267
vt 0.556354 0.106452
vt 0.536504 0.110068
vt 0.552059 0.098456
vt 0.531909 0.102968
vt 0.547880 0.090603
vt 0.527632 0.096233
vt 0.543904 0.083065
vt 0.523605 0.089885
vt 0.540281 0.076063
vt 0.520049 0.084156
vt 0.537186 0.069940
vt 0.517574 0.079764
vt 0.534327 0.064308
vt 0.596934 0.879221
vt 0.601389 0.883127
vt 0.600340 0.898956
vt 0.596079 0.894677
vt 0.602862 0.865006
vt 0.607708 0.867859
vt 0.606355 0.886323
vt 0.589145 0.132933
vt 0.592143 0.138067
vt 0.547148 0.328246
vt 0.555134 0.337135
vt 0.549803 0.343198
vt 0.545709 0.348401
vt 0.565018 0.610583
vt 0.569775 0.606340
vt 0.569902 0.617478
vt 0.565061 0.621013
vt 0.574793 0.602285
vt 0.574963 0.614124
vt 0.580025 0.610773
vt 0.584713 0.607291
vt 0.589278 0.603602
vt 0.593409 0.599676
vt 0.597128 0.595489
vt 0.600453 0.591101
vt 0.603735 0.586594
vt 0.607215 0.582183
vt 0.610804 0.577832
vt 0.614834 0.573780
vt 0.619588 0.570307
vt 0.569477 0.639507
vt 0.613886 0.807196
vt 0.614809 0.783859
vt 0.619310 0.784769
vt 0.618544 0.808219
vt 0.618788 0.850624
vt 0.618752 0.829811
vt 0.623095 0.830184
vt 0.623100 0.850996
vt 0.622840 0.871356
vt 0.626360 0.850903
vt 0.626429 0.871365
vt 0.611825 0.888415
vt 0.617152 0.889919
vt 0.615593 0.906561
vt 0.610447 0.904609
vt 0.585949 0.127016
vt 0.598942 0.118149
vt 0.601776 0.124664
vt 0.592762 0.874829
vt 0.607207 0.135591
vt 0.604522 0.130443
vt 0.617144 0.122971
vt 0.619701 0.129092
vt 0.505890 0.101479
vt 0.622207 0.134482
vt 0.632582 0.123164
vt 0.635433 0.130559
vt 0.601167 0.150757
vt 0.612921 0.144859
vt 0.616719 0.149957
vt 0.604409 0.154373
vt 0.546361 0.292959
vt 0.543273 0.283589
vt 0.551419 0.281103
vt 0.554611 0.289692
vt 0.548975 0.790671
vt 0.563448 0.304574
vt 0.558649 0.297456
vt 0.567204 0.293480
vt 0.571960 0.299803
vt 0.577326 0.305799
vt 0.580365 0.295425
vt 0.585538 0.300765
vt 0.568156 0.324368
vt 0.575616 0.317968
vt 0.583381 0.324740
vt 0.576502 0.331742
vt 0.557614 0.659578
vt 0.560910 0.656423
vt 0.524418 0.302561
vt 0.540522 0.319140
vt 0.579913 0.622773
vt 0.574859 0.625560
vt 0.610084 0.140524
vt 0.605346 0.902030
vt 0.582523 0.120196
vt 0.578967 0.112599
vt 0.593127 0.102937
vt 0.596031 0.110881
vt 0.575362 0.104470
vt 0.590275 0.094594
vt 0.571710 0.096038
vt 0.587484 0.086069
vt 0.568100 0.087584
vt 0.584715 0.077439
vt 0.564584 0.079273
vt 0.582060 0.069001
vt 0.561271 0.071342
vt 0.579551 0.060909
vt 0.558278 0.064037
vt 0.577486 0.053829
vt 0.555551 0.057331
vt 0.576055 0.048181
vt 0.554069 0.052796
vt 0.575057 0.043733
vt 0.552915 0.049017
vt 0.532367 0.060029
vt 0.531219 0.056955
vt 0.552048 0.045896
vt 0.625548 0.140597
vt 0.628950 0.146141
vt 0.646609 0.119767
vt 0.648754 0.127404
vt 0.630400 0.116288
vt 0.612343 0.109350
vt 0.614719 0.116434
vt 0.607888 0.093664
vt 0.610032 0.101658
vt 0.605866 0.085287
vt 0.603927 0.076735
vt 0.602305 0.068792
vt 0.600841 0.061163
vt 0.599485 0.053776
vt 0.598277 0.046864
vt 0.597349 0.040947
vt 0.596928 0.036586
vt 0.574422 0.040216
vt 0.574023 0.037351
vt 0.638258 0.137090
vt 0.641270 0.143177
vt 0.660748 0.117231
vt 0.662253 0.125297
vt 0.644575 0.111442
vt 0.626524 0.101279
vt 0.628384 0.109035
vt 0.623502 0.085156
vt 0.624923 0.093436
vt 0.622548 0.077695
vt 0.621760 0.070269
vt 0.621037 0.062701
vt 0.620391 0.055144
vt 0.619830 0.047776
vt 0.619388 0.040884
vt 0.619193 0.035105
vt 0.619296 0.030812
vt 0.596771 0.033225
vt 0.596761 0.030507
vt 0.651096 0.134510
vt 0.653452 0.140822
vt 0.675028 0.115785
vt 0.675689 0.123946
vt 0.659448 0.108561
vt 0.641672 0.094729
vt 0.642844 0.102717
vt 0.640423 0.079558
vt 0.640816 0.086709
vt 0.640194 0.072153
vt 0.640166 0.064770
vt 0.640240 0.057306
vt 0.640374 0.049814
vt 0.640565 0.042467
vt 0.640843 0.035601
vt 0.641327 0.030050
vt 0.641984 0.025976
vt 0.619582 0.027535
vt 0.619948 0.024909
vt 0.663839 0.132581
vt 0.665491 0.139099
vt 0.689247 0.115291
vt 0.689025 0.123462
vt 0.674533 0.106962
vt 0.657724 0.090213
vt 0.658434 0.099592
vt 0.657900 0.074942
vt 0.657690 0.082617
vt 0.658410 0.067563
vt 0.659105 0.060124
vt 0.659927 0.052646
vt 0.660807 0.045165
vt 0.661730 0.037922
vt 0.662688 0.031134
vt 0.663797 0.025947
vt 0.664969 0.022121
vt 0.642712 0.022803
vt 0.643444 0.020204
vt 0.676477 0.131359
vt 0.677361 0.138039
vt 0.703308 0.115922
vt 0.702185 0.124014
vt 0.689648 0.106522
vt 0.674420 0.088294
vt 0.674289 0.097670
vt 0.675905 0.071837
vt 0.674962 0.079610
vt 0.677105 0.064156
vt 0.678518 0.056650
vt 0.680064 0.049231
vt 0.681671 0.041919
vt 0.683303 0.034798
vt 0.684948 0.028229
vt 0.686556 0.023549
vt 0.688193 0.019834
vt 0.666117 0.019006
vt 0.667198 0.016285
vt 0.688959 0.131005
vt 0.689033 0.137856
vt 0.717106 0.117908
vt 0.715014 0.126187
vt 0.704626 0.107342
vt 0.691224 0.087937
vt 0.690285 0.097273
vt 0.694208 0.070378
vt 0.692550 0.078529
vt 0.696120 0.062638
vt 0.698258 0.055052
vt 0.700519 0.047742
vt 0.702794 0.040960
vt 0.705015 0.035063
vt 0.707221 0.029553
vt 0.709397 0.024370
vt 0.711440 0.020044
vt 0.689730 0.016605
vt 0.691155 0.013585
vt 0.701239 0.131574
vt 0.700465 0.139132
vt 0.730320 0.121835
vt 0.727339 0.129720
vt 0.719307 0.109629
vt 0.707948 0.089261
vt 0.706141 0.098485
vt 0.712429 0.072177
vt 0.710065 0.080382
vt 0.715098 0.064101
vt 0.717805 0.057259
vt 0.720550 0.051057
vt 0.723324 0.045281
vt 0.726105 0.039752
vt 0.728857 0.034528
vt 0.731545 0.029661
vt 0.734140 0.025053
vt 0.713366 0.016425
vt 0.715161 0.012839
vt 0.713113 0.134157
vt 0.711401 0.141740
vt 0.743027 0.126611
vt 0.739162 0.134158
vt 0.733439 0.113813
vt 0.724142 0.093618
vt 0.721680 0.101319
vt 0.729934 0.077739
vt 0.726888 0.085677
vt 0.733246 0.069949
vt 0.736660 0.062742
vt 0.739972 0.056698
vt 0.743269 0.051118
vt 0.746567 0.045914
vt 0.749837 0.040941
vt 0.753044 0.036149
vt 0.756139 0.031557
vt 0.736579 0.020678
vt 0.738813 0.016630
vt 0.724489 0.137531
vt 0.721861 0.145104
vt 0.755211 0.132338
vt 0.750563 0.139333
vt 0.746779 0.119601
vt 0.739546 0.099604
vt 0.736376 0.106866
vt 0.746665 0.084815
vt 0.742955 0.092327
vt 0.750640 0.077363
vt 0.754880 0.069832
vt 0.758784 0.063786
vt 0.762725 0.058137
vt 0.766593 0.052930
vt 0.770412 0.047983
vt 0.774152 0.043205
vt 0.777754 0.038583
vt 0.759059 0.027186
vt 0.761740 0.023063
vt 0.735426 0.141666
vt 0.731883 0.149068
vt 0.766929 0.138886
vt 0.761582 0.145293
vt 0.759565 0.126011
vt 0.754181 0.106566
vt 0.750400 0.113079
vt 0.762575 0.092880
vt 0.758223 0.099824
vt 0.767251 0.085690
vt 0.772078 0.078658
vt 0.777102 0.071662
vt 0.781620 0.066066
vt 0.786155 0.060686
vt 0.790646 0.055551
vt 0.794978 0.050678
vt 0.799143 0.045974
vt 0.781159 0.034148
vt 0.784286 0.030001
vt 0.745990 0.146441
vt 0.741600 0.153523
vt 0.778173 0.146363
vt 0.783661 0.141187
vt 0.794878 0.150219
vt 0.788670 0.154970
vt 0.771866 0.133170
vt 0.768153 0.114136
vt 0.763782 0.120108
vt 0.777731 0.101566
vt 0.772795 0.107975
vt 0.782967 0.094967
vt 0.788573 0.088084
vt 0.793979 0.081781
vt 0.799568 0.075469
vt 0.805166 0.069437
vt 0.810287 0.064232
vt 0.815282 0.059219
vt 0.819964 0.054533
vt 0.803033 0.041523
vt 0.806588 0.037390
vt 0.756274 0.151870
vt 0.751135 0.158488
vt 0.766306 0.158070
vt 0.776017 0.165210
vt 0.769809 0.170536
vt 0.760549 0.164098
vt 0.788974 0.136317
vt 0.800552 0.145947
vt 0.781566 0.122363
vt 0.776633 0.127791
vt 0.792168 0.110981
vt 0.786694 0.116804
vt 0.797846 0.105041
vt 0.803552 0.099217
vt 0.809603 0.093141
vt 0.815745 0.087153
vt 0.821908 0.081323
vt 0.828016 0.075694
vt 0.833766 0.070518
vt 0.839216 0.065609
vt 0.824351 0.050101
vt 0.828299 0.046064
vt 0.772209 0.152132
vt 0.782366 0.159981
vt 0.798434 0.164645
vt 0.791722 0.168993
vt 0.794350 0.131465
vt 0.800016 0.126430
vt 0.812192 0.137366
vt 0.806436 0.141597
vt 0.805653 0.121450
vt 0.811496 0.116338
vt 0.824390 0.128399
vt 0.818169 0.132977
vt 0.817699 0.110954
vt 0.830926 0.123615
vt 0.824133 0.105447
vt 0.837784 0.118609
vt 0.830816 0.099813
vt 0.844591 0.113628
vt 0.810592 0.564627
vt 0.816186 0.559106
vt 0.821071 0.573557
vt 0.813416 0.578442
vt 0.821075 0.553943
vt 0.827358 0.569004
vt 0.825328 0.549124
vt 0.833182 0.565143
vt 0.829411 0.544815
vt 0.838303 0.561779
vt 0.833039 0.540880
vt 0.842744 0.558814
vt 0.843915 0.061438
vt 0.848028 0.057813
vt 0.827705 0.526253
vt 0.832358 0.522627
vt 0.837201 0.537683
vt 0.810761 0.156949
vt 0.804510 0.160795
vt 0.787064 0.026255
vt 0.764125 0.019314
vt 0.766166 0.016071
vt 0.789433 0.023034
vt 0.834703 0.039431
vt 0.812406 0.030520
vt 0.814539 0.028014
vt 0.837014 0.037054
vt 0.860728 0.076066
vt 0.855633 0.080000
vt 0.748782 0.621763
vt 0.756635 0.617928
vt 0.755648 0.630941
vt 0.747175 0.634225
vt 0.850056 0.084310
vt 0.731237 0.640794
vt 0.739001 0.637484
vt 0.738417 0.650111
vt 0.730010 0.652803
vt 0.843914 0.089128
vt 0.722170 0.655497
vt 0.730142 0.665338
vt 0.721863 0.667439
vt 0.837481 0.094292
vt 0.785178 0.173429
vt 0.793687 0.182713
vt 0.787156 0.186468
vt 0.778818 0.177942
vt 0.632522 0.151317
vt 0.644257 0.148571
vt 0.647198 0.153346
vt 0.636041 0.155915
vt 0.613255 0.162946
vt 0.624708 0.159101
vt 0.628693 0.163031
vt 0.617778 0.166743
vt 0.805906 0.175979
vt 0.799889 0.179246
vt 0.846408 0.556176
vt 0.765643 0.614209
vt 0.775542 0.610418
vt 0.773830 0.624171
vt 0.764378 0.627571
vt 0.785680 0.606425
vt 0.785153 0.620752
vt 0.796306 0.602245
vt 0.796611 0.617139
vt 0.807093 0.597922
vt 0.808925 0.613488
vt 0.817003 0.593523
vt 0.822180 0.609979
vt 0.827520 0.589527
vt 0.833894 0.606665
vt 0.836533 0.585989
vt 0.844265 0.603697
vt 0.843868 0.582862
vt 0.851587 0.601253
vt 0.849608 0.580180
vt 0.856535 0.599238
vt 0.853394 0.577865
vt 0.856316 0.575884
vt 0.800295 0.193372
vt 0.794892 0.195950
vt 0.731507 0.678101
vt 0.723576 0.679588
vt 0.738895 0.663194
vt 0.756146 0.644609
vt 0.747133 0.647380
vt 0.775144 0.638978
vt 0.765415 0.641816
vt 0.784791 0.636057
vt 0.797199 0.633198
vt 0.810636 0.630286
vt 0.823850 0.627408
vt 0.836400 0.624732
vt 0.846104 0.622488
vt 0.853040 0.620709
vt 0.858056 0.619262
vt 0.860113 0.597547
vt 0.862443 0.596134
vt 0.714809 0.658186
vt 0.714536 0.669453
vt 0.708049 0.671463
vt 0.707985 0.660765
vt 0.732919 0.691098
vt 0.725325 0.691958
vt 0.740160 0.676568
vt 0.757576 0.658823
vt 0.748101 0.661017
vt 0.776706 0.654465
vt 0.767282 0.656619
vt 0.785895 0.652395
vt 0.796573 0.650266
vt 0.809140 0.648120
vt 0.821842 0.646005
vt 0.833561 0.644046
vt 0.842767 0.642495
vt 0.849430 0.641325
vt 0.854430 0.640391
vt 0.099919 0.524539
vt 0.091102 0.504007
vt 0.094937 0.502593
vt 0.103745 0.523583
vt 0.716319 0.681027
vt 0.709766 0.682383
vt 0.734206 0.704263
vt 0.727079 0.704458
vt 0.741181 0.690229
vt 0.759038 0.673460
vt 0.749392 0.675013
vt 0.777292 0.670648
vt 0.768324 0.672007
vt 0.786145 0.669383
vt 0.794323 0.668260
vt 0.805995 0.666936
vt 0.816780 0.665735
vt 0.826904 0.664637
vt 0.835535 0.663713
vt 0.841877 0.663121
vt 0.846901 0.662647
vt 0.108369 0.546115
vt 0.112269 0.545521
vt 0.718411 0.692787
vt 0.712115 0.693586
vt 0.735611 0.717471
vt 0.728807 0.717003
vt 0.742000 0.704097
vt 0.759390 0.688558
vt 0.750066 0.689369
vt 0.777542 0.687310
vt 0.768807 0.687830
vt 0.785607 0.686972
vt 0.794122 0.686706
vt 0.801926 0.686577
vt 0.811175 0.686330
vt 0.819380 0.686166
vt 0.826495 0.686060
vt 0.832444 0.685993
vt 0.837338 0.685969
vt 0.850785 0.662308
vt 0.858013 0.639656
vt 0.860593 0.639062
vt 0.853946 0.662005
vt 0.720546 0.704674
vt 0.714542 0.704896
vt 0.738129 0.730239
vt 0.731545 0.729107
vt 0.743340 0.717943
vt 0.759687 0.703894
vt 0.750487 0.703975
vt 0.779016 0.704075
vt 0.768937 0.703990
vt 0.788256 0.704454
vt 0.796396 0.705117
vt 0.803864 0.705975
vt 0.810007 0.706987
vt 0.815380 0.707987
vt 0.819846 0.708907
vt 0.824222 0.709622
vt 0.828699 0.710134
vt 0.841576 0.685941
vt 0.845304 0.685909
vt 0.722731 0.716556
vt 0.717060 0.716193
vt 0.740722 0.742613
vt 0.734548 0.740718
vt 0.745489 0.731455
vt 0.761287 0.719080
vt 0.751943 0.718461
vt 0.782298 0.720510
vt 0.772139 0.719618
vt 0.791580 0.721757
vt 0.799548 0.723397
vt 0.806045 0.725343
vt 0.811370 0.727420
vt 0.896710 0.242172
vt 0.904910 0.243173
vt 0.903904 0.264642
vt 0.895571 0.262606
vt 0.912700 0.244093
vt 0.911759 0.266478
vt 0.919515 0.244808
vt 0.918866 0.268001
vt 0.826749 0.733910
vt 0.822518 0.732815
vt 0.832900 0.710546
vt 0.837033 0.710831
vt 0.725521 0.728102
vt 0.719985 0.727200
vt 0.744630 0.753750
vt 0.739166 0.750759
vt 0.748041 0.744485
vt 0.764192 0.733762
vt 0.754018 0.732662
vt 0.785395 0.736786
vt 0.774837 0.735109
vt 0.794571 0.738978
vt 0.802188 0.741646
vt 0.808170 0.744651
vt 0.887110 0.260528
vt 0.892706 0.282962
vt 0.884312 0.279837
vt 0.900967 0.285969
vt 0.908761 0.288661
vt 0.915824 0.290937
vt 0.827040 0.757193
vt 0.821999 0.755751
vt 0.832019 0.734587
vt 0.836962 0.735109
vt 0.729257 0.738823
vt 0.724132 0.737224
vt 0.818691 0.285945
vt 0.824229 0.288936
vt 0.818195 0.298717
vt 0.812828 0.294784
vt 0.750978 0.756833
vt 0.766531 0.748264
vt 0.756739 0.746326
vt 0.787439 0.753095
vt 0.777071 0.750467
vt 0.796332 0.756307
vt 0.803536 0.760024
vt 0.809018 0.764056
vt 0.888563 0.303305
vt 0.880387 0.299242
vt 0.896637 0.307173
vt 0.904236 0.310616
vt 0.911136 0.313568
vt 0.826474 0.780297
vt 0.821451 0.778382
vt 0.832304 0.758269
vt 0.837493 0.759057
vt 0.817829 0.274009
vt 0.813553 0.283347
vt 0.808788 0.281134
vt 0.812952 0.272409
vt 0.810832 0.307276
vt 0.805673 0.302314
vt 0.829830 0.292019
vt 0.823890 0.303101
vt 0.768265 0.762621
vt 0.759221 0.759550
vt 0.788025 0.769595
vt 0.778208 0.765857
vt 0.796486 0.773884
vt 0.803230 0.778631
vt 0.808342 0.783563
vt 0.883352 0.323622
vt 0.875437 0.318749
vt 0.891126 0.328169
vt 0.898480 0.332233
vt 0.905234 0.335798
vt 0.824775 0.803119
vt 0.820186 0.800612
vt 0.831822 0.781755
vt 0.837041 0.782855
vt 0.807819 0.291381
vt 0.803274 0.288598
vt 0.802235 0.314766
vt 0.797462 0.308797
vt 0.816376 0.312907
vt 0.769665 0.776582
vt 0.761197 0.772488
vt 0.787337 0.786205
vt 0.778376 0.781270
vt 0.795316 0.791574
vt 0.801677 0.797219
vt 0.806569 0.802887
vt 0.876788 0.343518
vt 0.869255 0.338073
vt 0.884178 0.348561
vt 0.891282 0.353187
vt 0.897573 0.357140
vt 0.822127 0.825446
vt 0.818835 0.821954
vt 0.829874 0.805062
vt 0.834965 0.806543
vt 0.800955 0.298162
vt 0.796694 0.294851
vt 0.792482 0.321570
vt 0.797148 0.329491
vt 0.785460 0.336930
vt 0.781571 0.328497
vt 0.807425 0.321576
vt 0.770384 0.790375
vt 0.764558 0.783789
vt 0.786200 0.802374
vt 0.778260 0.796175
vt 0.793752 0.808735
vt 0.799923 0.815086
vt 0.861787 0.332405
vt 0.861244 0.356476
vt 0.854199 0.350272
vt 0.868304 0.362333
vt 0.875281 0.367828
vt 0.881888 0.372834
vt 0.888146 0.377426
vt 0.822129 0.845500
vt 0.817250 0.842240
vt 0.827287 0.827747
vt 0.832116 0.829709
vt 0.793130 0.303868
vt 0.789266 0.300094
vt 0.784395 0.309050
vt 0.774649 0.314150
vt 0.771845 0.309950
vt 0.780997 0.304824
vt 0.802167 0.337917
vt 0.789760 0.346271
vt 0.822213 0.318975
vt 0.828529 0.325561
vt 0.818958 0.336872
vt 0.813049 0.329083
vt 0.785448 0.817520
vt 0.778915 0.809797
vt 0.792802 0.824477
vt 0.799307 0.831215
vt 0.850428 0.372839
vt 0.844057 0.366400
vt 0.856867 0.378976
vt 0.863232 0.384787
vt 0.869389 0.390245
vt 0.875053 0.395195
vt 0.892525 0.380685
vt 0.879937 0.399410
vt 0.826688 0.848437
vt 0.831441 0.850782
vt 0.788224 0.314654
vt 0.777943 0.320639
vt 0.769310 0.336288
vt 0.766532 0.328435
vt 0.807600 0.346864
vt 0.813418 0.356041
vt 0.798815 0.364072
vt 0.794217 0.355248
vt 0.818768 0.363790
vt 0.824345 0.371481
vt 0.808793 0.381384
vt 0.803935 0.373366
vt 0.830008 0.378702
vt 0.813986 0.389311
vt 0.835853 0.385673
vt 0.819332 0.396700
vt 0.841800 0.392308
vt 0.824857 0.403814
vt 0.847737 0.398655
vt 0.830391 0.410649
vt 0.853515 0.404669
vt 0.835793 0.417177
vt 0.858962 0.410248
vt 0.840942 0.423312
vt 0.863895 0.415307
vt 0.845710 0.428979
vt 0.868345 0.419874
vt 0.849980 0.434102
vt 0.826322 0.867554
vt 0.830689 0.870443
vt 0.883716 0.402740
vt 0.886986 0.405629
vt 0.872071 0.423736
vt 0.775508 0.353379
vt 0.772424 0.345382
vt 0.755079 0.170081
vt 0.746270 0.165031
vt 0.817153 0.153114
vt 0.823308 0.149395
vt 0.829531 0.145604
vt 0.778873 0.597791
vt 0.787712 0.593213
vt 0.796470 0.588429
vt 0.804831 0.583423
vt 0.723629 0.644060
vt 0.733750 0.629459
vt 0.741197 0.625609
vt 0.839561 0.807679
vt 0.841729 0.783654
vt 0.845599 0.784170
vt 0.843432 0.808471
vt 0.839809 0.854210
vt 0.840670 0.832402
vt 0.844036 0.833177
vt 0.843287 0.855276
vt 0.842480 0.876136
vt 0.846344 0.855883
vt 0.845965 0.876931
vt 0.861551 0.618080
vt 0.874874 0.426656
vt 0.877187 0.429077
vt 0.859433 0.445580
vt 0.856959 0.442564
vt 0.821765 0.864224
vt 0.778907 0.362063
vt 0.762346 0.369127
vt 0.759835 0.360815
vt 0.755615 0.346176
vt 0.757620 0.353191
vt 0.741220 0.362992
vt 0.739895 0.355905
vt 0.738737 0.349052
vt 0.722629 0.366857
vt 0.722064 0.359936
vt 0.763984 0.321680
vt 0.751795 0.331294
vt 0.750127 0.325635
vt 0.761704 0.316826
vt 0.837801 0.359663
vt 0.831672 0.352706
vt 0.825318 0.344982
vt 0.788748 0.198890
vt 0.795431 0.208522
vt 0.790262 0.210501
vt 0.783094 0.201688
vt 0.766872 0.186955
vt 0.775203 0.193831
vt 0.769919 0.197262
vt 0.761726 0.191124
vt 0.753463 0.185933
vt 0.757227 0.194954
vt 0.749299 0.190346
vt 0.750003 0.175913
vt 0.741752 0.171413
vt 0.823154 0.275904
vt 0.716913 0.647527
vt 0.753593 0.338024
vt 0.853722 0.438627
vt 0.782780 0.371468
vt 0.787009 0.381015
vt 0.769178 0.389057
vt 0.765426 0.378705
vt 0.791830 0.390757
vt 0.773332 0.399118
vt 0.796404 0.398943
vt 0.777985 0.408821
vt 0.801356 0.406928
vt 0.782473 0.417046
vt 0.806454 0.414399
vt 0.787124 0.424818
vt 0.811622 0.421570
vt 0.791827 0.432199
vt 0.816702 0.428450
vt 0.796457 0.439231
vt 0.821532 0.434973
vt 0.800913 0.445932
vt 0.825996 0.441076
vt 0.805070 0.452222
vt 0.830050 0.446665
vt 0.833633 0.451651
vt 0.737679 0.341764
vt 0.736751 0.335549
vt 0.704294 0.377996
vt 0.704211 0.370535
vt 0.723450 0.374215
vt 0.744727 0.378672
vt 0.742769 0.370473
vt 0.750591 0.398349
vt 0.747306 0.388109
vt 0.754445 0.408597
vt 0.758500 0.418158
vt 0.762843 0.427186
vt 0.767122 0.435217
vt 0.771263 0.442596
vt 0.775353 0.449700
vt 0.779265 0.456403
vt 0.782948 0.462693
vt 0.808829 0.458018
vt 0.812139 0.463233
vt 0.721706 0.352757
vt 0.721493 0.345857
vt 0.685318 0.388014
vt 0.685630 0.380343
vt 0.704748 0.385605
vt 0.726291 0.390461
vt 0.724630 0.381999
vt 0.731378 0.409108
vt 0.728546 0.399558
vt 0.734705 0.418677
vt 0.738431 0.427947
vt 0.742260 0.436588
vt 0.746072 0.444655
vt 0.749854 0.452336
vt 0.753366 0.459242
vt 0.756736 0.465813
vt 0.759899 0.471977
vt 0.786331 0.468508
vt 0.789334 0.473707
vt 0.704393 0.363510
vt 0.704861 0.355773
vt 0.666026 0.395806
vt 0.666818 0.387688
vt 0.685417 0.395870
vt 0.707006 0.401963
vt 0.705619 0.393624
vt 0.711316 0.419545
vt 0.708886 0.410679
vt 0.714197 0.428329
vt 0.717393 0.436854
vt 0.720772 0.444952
vt 0.724139 0.452660
vt 0.727354 0.459914
vt 0.730444 0.466787
vt 0.733377 0.473227
vt 0.736064 0.479042
vt 0.762790 0.477590
vt 0.765402 0.482685
vt 0.686352 0.372452
vt 0.687396 0.364572
vt 0.647007 0.399510
vt 0.648207 0.391505
vt 0.665717 0.403661
vt 0.686991 0.412001
vt 0.685968 0.403838
vt 0.690540 0.428204
vt 0.688536 0.420152
vt 0.692948 0.436161
vt 0.695646 0.443818
vt 0.698494 0.451258
vt 0.701336 0.458148
vt 0.704071 0.464371
vt 0.706697 0.470314
vt 0.709153 0.475869
vt 0.711441 0.481054
vt 0.738554 0.484460
vt 0.740683 0.488984
vt 0.667996 0.379757
vt 0.669873 0.369787
vt 0.628958 0.398477
vt 0.630582 0.390429
vt 0.646295 0.407431
vt 0.666538 0.419225
vt 0.665886 0.411517
vt 0.669225 0.434198
vt 0.667655 0.426838
vt 0.671141 0.440692
vt 0.673325 0.446879
vt 0.675675 0.452835
vt 0.678103 0.458612
vt 0.680538 0.464233
vt 0.682912 0.469596
vt 0.685208 0.474721
vt 0.687315 0.479485
vt 0.713516 0.485748
vt 0.715410 0.489940
vt 0.650114 0.381984
vt 0.652596 0.372036
vt 0.611891 0.394545
vt 0.613987 0.386229
vt 0.627839 0.406285
vt 0.646290 0.422665
vt 0.646060 0.415128
vt 0.648056 0.435340
vt 0.646977 0.429176
vt 0.649506 0.441092
vt 0.651218 0.446558
vt 0.653123 0.451803
vt 0.655135 0.456957
vt 0.657183 0.462027
vt 0.659219 0.466968
vt 0.661209 0.471674
vt 0.663121 0.476091
vt 0.689249 0.483783
vt 0.690956 0.487637
vt 0.632911 0.381251
vt 0.635856 0.371625
vt 0.595894 0.388116
vt 0.598507 0.379626
vt 0.610413 0.402136
vt 0.626997 0.421053
vt 0.627209 0.413816
vt 0.627796 0.433788
vt 0.627166 0.428024
vt 0.628718 0.439336
vt 0.629943 0.444397
vt 0.631353 0.449265
vt 0.632883 0.454016
vt 0.634440 0.458743
vt 0.636004 0.463339
vt 0.637554 0.467719
vt 0.639062 0.471838
vt 0.664876 0.480202
vt 0.666491 0.483829
vt 0.616796 0.377096
vt 0.620245 0.367708
vt 0.581198 0.379327
vt 0.584200 0.371526
vt 0.594076 0.395401
vt 0.608800 0.416591
vt 0.609407 0.409473
vt 0.608513 0.429887
vt 0.608522 0.423362
vt 0.608970 0.435249
vt 0.609618 0.440497
vt 0.610512 0.445351
vt 0.611532 0.450025
vt 0.612641 0.454538
vt 0.613747 0.458905
vt 0.614851 0.463077
vt 0.615914 0.466998
vt 0.640501 0.475627
vt 0.641847 0.479026
vt 0.601776 0.370873
vt 0.605722 0.361895
vt 0.567755 0.369645
vt 0.571263 0.362346
vt 0.578830 0.386777
vt 0.591735 0.409325
vt 0.592716 0.402476
vt 0.590584 0.422475
vt 0.591026 0.416070
vt 0.590277 0.428880
vt 0.590435 0.434182
vt 0.590748 0.439340
vt 0.591254 0.444180
vt 0.591850 0.448815
vt 0.592559 0.453177
vt 0.593200 0.457301
vt 0.593861 0.461149
vt 0.616953 0.470595
vt 0.617969 0.473778
vt 0.587976 0.363195
vt 0.592464 0.354753
vt 0.555894 0.359105
vt 0.559790 0.352809
vt 0.565286 0.375673
vt 0.575956 0.399449
vt 0.577230 0.393088
vt 0.574103 0.412100
vt 0.574946 0.405764
vt 0.573442 0.418227
vt 0.572861 0.424354
vt 0.572437 0.430186
vt 0.572226 0.435587
vt 0.572345 0.440388
vt 0.572493 0.444998
vt 0.572712 0.449341
vt 0.572936 0.453404
vt 0.594486 0.464695
vt 0.595125 0.467854
vt 0.575538 0.354758
vt 0.580585 0.346939
vt 0.553328 0.364137
vt 0.561936 0.387125
vt 0.563422 0.381434
vt 0.559565 0.398830
vt 0.560677 0.392929
vt 0.558529 0.404822
vt 0.557586 0.410745
vt 0.556683 0.416623
vt 0.556130 0.421963
vt 0.555611 0.427149
vt 0.555254 0.432007
vt 0.554890 0.436658
vt 0.554534 0.441041
vt 0.573183 0.457133
vt 0.573436 0.460391
vt 0.564572 0.345984
vt 0.570183 0.338887
vt 0.573982 0.577550
vt 0.578640 0.571860
vt 0.574428 0.589952
vt 0.582909 0.566056
vt 0.586848 0.560155
vt 0.590351 0.554162
vt 0.544431 0.395392
vt 0.545714 0.389798
vt 0.543182 0.400949
vt 0.597307 0.542362
vt 0.601549 0.537021
vt 0.605807 0.531836
vt 0.610497 0.526978
vt 0.615180 0.522327
vt 0.619940 0.517943
vt 0.554174 0.445103
vt 0.553838 0.448798
vt 0.561278 0.330819
vt 0.630059 0.526775
vt 0.624611 0.513882
vt 0.629250 0.510187
vt 0.550310 0.301544
vt 0.547534 0.314374
vt 0.555236 0.309478
vt 0.781047 0.190174
vt 0.368495 0.746935
vt 0.370322 0.723772
vt 0.373524 0.722744
vt 0.372207 0.746170
vt 0.367497 0.789304
vt 0.370375 0.768516
vt 0.374392 0.767858
vt 0.371910 0.789210
vt 0.553785 0.322699
vt 0.561133 0.317009
vt 0.564532 0.642029
vt 0.735883 0.330247
vt 0.721394 0.339638
vt 0.721337 0.334132
vt 0.735059 0.325869
vt 0.198149 0.538284
vt 0.199581 0.548875
vt 0.193122 0.550226
vt 0.191821 0.540052
vt 0.569060 0.311313
vt 0.541486 0.273359
vt 0.540346 0.262432
vt 0.547723 0.261414
vt 0.549022 0.271642
vt 0.545457 0.696553
vt 0.543655 0.707903
vt 0.538532 0.708303
vt 0.541049 0.697571
vt 0.541679 0.719303
vt 0.535881 0.719329
vt 0.539364 0.730825
vt 0.533449 0.730426
vt 0.536903 0.742355
vt 0.530991 0.741519
vt 0.534470 0.753704
vt 0.528732 0.752338
vt 0.532359 0.764541
vt 0.526642 0.762788
vt 0.531169 0.774135
vt 0.525933 0.771540
vt 0.565037 0.184850
vt 0.574921 0.176801
vt 0.580029 0.179736
vt 0.570380 0.187445
vt 0.585578 0.169717
vt 0.596988 0.163760
vt 0.583428 0.311831
vt 0.590596 0.318111
vt 0.588079 0.291819
vt 0.593024 0.296727
vt 0.575623 0.289804
vt 0.559688 0.278664
vt 0.563095 0.286497
vt 0.555326 0.260409
vt 0.557094 0.269931
vt 0.547260 0.250682
vt 0.554521 0.250326
vt 0.531102 0.719092
vt 0.533841 0.708658
vt 0.528329 0.729766
vt 0.525723 0.740453
vt 0.523355 0.750935
vt 0.521780 0.760562
vt 0.561939 0.196196
vt 0.576178 0.190041
vt 0.567988 0.198423
vt 0.585724 0.182768
vt 0.590718 0.173193
vt 0.601877 0.167632
vt 0.591180 0.306311
vt 0.597782 0.312197
vt 0.594861 0.289113
vt 0.599602 0.293785
vt 0.583448 0.286672
vt 0.567896 0.276347
vt 0.571429 0.283510
vt 0.563136 0.259425
vt 0.565102 0.268281
vt 0.562058 0.249971
vt 0.526276 0.718902
vt 0.529072 0.709013
vt 0.523525 0.729055
vt 0.520925 0.739264
vt 0.518658 0.749227
vt 0.517008 0.758495
vt 0.582276 0.192540
vt 0.574205 0.200490
vt 0.591483 0.185564
vt 0.596056 0.176501
vt 0.606839 0.171193
vt 0.598349 0.301875
vt 0.604634 0.307221
vt 0.528382 0.665200
vt 0.528516 0.669871
vt 0.522399 0.671910
vt 0.522267 0.667496
vt 0.590449 0.284204
vt 0.575712 0.274252
vt 0.579283 0.280883
vt 0.570751 0.258486
vt 0.572842 0.266750
vt 0.531732 0.699560
vt 0.524102 0.709405
vt 0.526701 0.700499
vt 0.521389 0.718764
vt 0.518704 0.728427
vt 0.516191 0.738161
vt 0.513992 0.747691
vt 0.512414 0.756542
vt 0.588356 0.194810
vt 0.580613 0.202443
vt 0.597205 0.188100
vt 0.601448 0.179553
vt 0.611755 0.174429
vt 0.604863 0.298440
vt 0.610967 0.303299
vt 0.516285 0.673582
vt 0.516211 0.669441
vt 0.528037 0.674781
vt 0.522003 0.676682
vt 0.582952 0.272455
vt 0.586437 0.278713
vt 0.529039 0.692234
vt 0.521397 0.701394
vt 0.523626 0.693586
vt 0.518936 0.709819
vt 0.516366 0.718713
vt 0.513835 0.727915
vt 0.511465 0.737203
vt 0.509397 0.746309
vt 0.507890 0.754797
vt 0.594334 0.196848
vt 0.586919 0.204188
vt 0.602786 0.190375
vt 0.606713 0.182283
vt 0.616524 0.177301
vt 0.610867 0.295792
vt 0.617260 0.299519
vt 0.611428 0.289544
vt 0.606719 0.285402
vt 0.612436 0.283775
vt 0.617193 0.287592
vt 0.515915 0.678212
vt 0.527009 0.680272
vt 0.525514 0.686530
vt 0.519742 0.688019
vt 0.521098 0.682002
vt 0.515922 0.702218
vt 0.517989 0.694773
vt 0.513639 0.710247
vt 0.511267 0.718734
vt 0.508932 0.727519
vt 0.506753 0.736391
vt 0.504848 0.745104
vt 0.503456 0.753231
vt 0.600211 0.198711
vt 0.593088 0.205754
vt 0.608247 0.192455
vt 0.611837 0.184735
vt 0.621142 0.179874
vt 0.616893 0.293119
vt 0.623044 0.296654
vt 0.618403 0.281992
vt 0.623989 0.284822
vt 0.509947 0.679607
vt 0.510338 0.675210
vt 0.513860 0.689276
vt 0.515098 0.683419
vt 0.510378 0.702969
vt 0.512261 0.695806
vt 0.508300 0.710675
vt 0.506157 0.718808
vt 0.504051 0.727217
vt 0.502090 0.735708
vt 0.500403 0.744026
vt 0.499176 0.751792
vt 0.605936 0.200417
vt 0.599122 0.207193
vt 0.613853 0.194535
vt 0.616852 0.186990
vt 0.625671 0.182259
vt 0.623041 0.290478
vt 0.630426 0.291617
vt 0.625523 0.279402
vt 0.630974 0.281859
vt 0.608232 0.279377
vt 0.613884 0.277982
vt 0.508035 0.690377
vt 0.509168 0.684662
vt 0.504883 0.703658
vt 0.506585 0.696726
vt 0.503033 0.711091
vt 0.501134 0.718914
vt 0.499277 0.726983
vt 0.497577 0.735101
vt 0.496117 0.743052
vt 0.495243 0.750280
vt 0.612364 0.202416
vt 0.605469 0.208704
vt 0.619861 0.196814
vt 0.622147 0.189372
vt 0.630555 0.184879
vt 0.630289 0.286583
vt 0.637244 0.287452
vt 0.632193 0.277121
vt 0.637498 0.279313
vt 0.620702 0.275967
vt 0.502419 0.691426
vt 0.503470 0.685885
vt 0.499590 0.704308
vt 0.501103 0.697592
vt 0.497965 0.711491
vt 0.496309 0.719028
vt 0.494707 0.726781
vt 0.493266 0.734550
vt 0.492095 0.742103
vt 0.600349 0.215933
vt 0.612031 0.210268
vt 0.606313 0.216882
vt 0.618545 0.204272
vt 0.625707 0.198978
vt 0.627696 0.191899
vt 0.635571 0.187597
vt 0.637074 0.283284
vt 0.643760 0.283753
vt 0.638203 0.275236
vt 0.643217 0.277361
vt 0.627459 0.273963
vt 0.497211 0.692586
vt 0.498249 0.687387
vt 0.494632 0.704951
vt 0.495983 0.698479
vt 0.493223 0.711879
vt 0.491820 0.719131
vt 0.490502 0.726549
vt 0.489340 0.733951
vt 0.603285 0.224435
vt 0.612824 0.217990
vt 0.609353 0.225033
vt 0.618224 0.211679
vt 0.624517 0.206022
vt 0.631218 0.200971
vt 0.633040 0.194287
vt 0.640395 0.190160
vt 0.643272 0.280578
vt 0.649447 0.281087
vt 0.643308 0.273854
vt 0.648012 0.276026
vt 0.633634 0.272246
vt 0.616567 0.271598
vt 0.613163 0.266399
vt 0.619886 0.265027
vt 0.623347 0.269899
vt 0.490258 0.705676
vt 0.491443 0.699528
vt 0.489034 0.712274
vt 0.487831 0.719189
vt 0.486706 0.726269
vt 0.485750 0.733316
vt 0.618961 0.218985
vt 0.615548 0.225669
vt 0.624169 0.213003
vt 0.630065 0.207606
vt 0.636331 0.202783
vt 0.638069 0.196487
vt 0.644912 0.192517
vt 0.246898 0.585454
vt 0.242077 0.580138
vt 0.241634 0.574480
vt 0.246453 0.579280
vt 0.647485 0.272938
vt 0.643374 0.269963
vt 0.646922 0.269347
vt 0.650801 0.272409
vt 0.638962 0.270911
vt 0.626141 0.263790
vt 0.629591 0.268407
vt 0.486139 0.706342
vt 0.487159 0.700488
vt 0.485095 0.712636
vt 0.484066 0.719244
vt 0.483152 0.725989
vt 0.482325 0.732740
vt 0.624849 0.219933
vt 0.621322 0.226245
vt 0.629704 0.214221
vt 0.635195 0.209056
vt 0.641023 0.204437
vt 0.642705 0.198483
vt 0.649073 0.194657
vt 0.237462 0.575742
vt 0.237031 0.570558
vt 0.480830 0.689022
vt 0.480415 0.692692
vt 0.476485 0.693323
vt 0.476809 0.689638
vt 0.631685 0.262758
vt 0.635061 0.267195
vt 0.482234 0.706911
vt 0.483091 0.701301
vt 0.481350 0.712943
vt 0.480531 0.719257
vt 0.479737 0.725731
vt 0.619858 0.232996
vt 0.627346 0.226918
vt 0.625290 0.233254
vt 0.630484 0.220880
vt 0.634873 0.215369
vt 0.639983 0.210438
vt 0.645344 0.205993
vt 0.646946 0.200306
vt 0.652874 0.196612
vt 0.479861 0.697023
vt 0.479212 0.701944
vt 0.475528 0.702440
vt 0.476043 0.697607
vt 0.478504 0.707366
vt 0.477819 0.713176
vt 0.474417 0.713343
vt 0.474991 0.707722
vt 0.477120 0.719248
vt 0.474043 0.719177
vt 0.629899 0.239737
vt 0.631007 0.233605
vt 0.636379 0.233991
vt 0.635230 0.239808
vt 0.633058 0.227609
vt 0.638498 0.228323
vt 0.636094 0.221896
vt 0.641372 0.222928
vt 0.639930 0.216591
vt 0.645088 0.217973
vt 0.644425 0.211780
vt 0.649206 0.213448
vt 0.649413 0.207542
vt 0.653611 0.209363
vt 0.654492 0.203734
vt 0.658229 0.205727
vt 0.650846 0.202024
vt 0.656368 0.198467
vt 0.233082 0.572215
vt 0.233272 0.576835
vt 0.229155 0.573783
vt 0.228968 0.569451
vt 0.659633 0.200319
vt 0.664816 0.197260
vt 0.667828 0.199651
vt 0.662976 0.202504
vt 0.836671 0.831243
vt 0.835845 0.852706
vt 0.534041 0.275093
vt 0.547579 0.685626
vt 0.584351 0.690143
vt 0.507021 0.268439
vt 0.510733 0.253347
vt 0.514735 0.238457
vt 0.516164 0.222790
vt 0.584394 0.738114
vt 0.581446 0.754653
vt 0.578102 0.771137
vt 0.530793 0.782183
vt 0.575081 0.787045
vt 0.525716 0.175978
vt 0.658138 0.151346
vt 0.660430 0.155737
vt 0.650057 0.157539
vt 0.662727 0.159755
vt 0.652823 0.161222
vt 0.664960 0.163264
vt 0.655596 0.164701
vt 0.667574 0.167482
vt 0.658214 0.167624
vt 0.670034 0.171137
vt 0.661314 0.171341
vt 0.672562 0.174661
vt 0.664242 0.174606
vt 0.674997 0.177777
vt 0.667172 0.177727
vt 0.677328 0.180530
vt 0.669936 0.180497
vt 0.679522 0.182895
vt 0.672516 0.182940
vt 0.681542 0.184922
vt 0.674906 0.185071
vt 0.683408 0.186661
vt 0.677082 0.186950
vt 0.685119 0.188277
vt 0.679090 0.188703
vt 0.686690 0.189850
vt 0.692355 0.189808
vt 0.693601 0.191593
vt 0.688282 0.192151
vt 0.834849 0.872872
vt 0.472788 0.693764
vt 0.472459 0.698064
vt 0.469091 0.698424
vt 0.469344 0.694125
vt 0.469600 0.686995
vt 0.469521 0.690312
vt 0.466258 0.690601
vt 0.466311 0.687208
vt 0.476647 0.725380
vt 0.483883 0.696227
vt 0.484563 0.691790
vt 0.639646 0.266293
vt 0.651892 0.275235
vt 0.237642 0.580714
vt 0.242235 0.585510
vt 0.648588 0.278679
vt 0.605638 0.291489
vt 0.521630 0.663193
vt 0.527664 0.660545
vt 0.765178 0.200472
vt 0.772816 0.207018
vt 0.768408 0.209403
vt 0.760999 0.203407
vt 0.777777 0.204419
vt 0.838803 0.874764
vt 0.842180 0.759620
vt 0.841477 0.735479
vt 0.845451 0.735709
vt 0.846114 0.759969
vt 0.841307 0.710984
vt 0.845226 0.711062
vt 0.848605 0.685859
vt 0.851646 0.685782
vt 0.856722 0.661705
vt 0.859278 0.661392
vt 0.862715 0.638540
vt 0.864598 0.638098
vt 0.115596 0.544999
vt 0.107018 0.522786
vt 0.109666 0.522129
vt 0.118273 0.544557
vt 0.098236 0.501414
vt 0.100916 0.500464
vt 0.864225 0.594954
vt 0.858729 0.574210
vt 0.860945 0.572878
vt 0.865927 0.594005
vt 0.849763 0.553955
vt 0.852947 0.552163
vt 0.841062 0.534902
vt 0.836862 0.519497
vt 0.837657 0.893892
vt 0.841485 0.895698
vt 0.841260 0.912473
vt 0.837412 0.910395
vt 0.849158 0.855976
vt 0.849435 0.877049
vt 0.846766 0.833565
vt 0.848396 0.784417
vt 0.846368 0.808934
vt 0.848740 0.735808
vt 0.849076 0.760121
vt 0.848798 0.711070
vt 0.854439 0.685688
vt 0.861452 0.661166
vt 0.866324 0.637752
vt 0.867151 0.615669
vt 0.868691 0.615181
vt 0.867652 0.593317
vt 0.863289 0.571933
vt 0.856154 0.550886
vt 0.844992 0.532652
vt 0.841265 0.516929
vt 0.845467 0.896783
vt 0.845357 0.913743
vt 0.852145 0.855470
vt 0.852961 0.876297
vt 0.849055 0.833563
vt 0.849912 0.784463
vt 0.848246 0.809112
vt 0.851305 0.735794
vt 0.850894 0.760126
vt 0.852119 0.711006
vt 0.857058 0.685575
vt 0.863323 0.661004
vt 0.867883 0.637525
vt 0.870204 0.614878
vt 0.869420 0.592916
vt 0.865695 0.571422
vt 0.859533 0.550207
vt 0.849113 0.531017
vt 0.845778 0.515041
vt 0.849735 0.896959
vt 0.849818 0.913900
vt 0.855068 0.853949
vt 0.856662 0.874590
vt 0.851258 0.833079
vt 0.850214 0.784455
vt 0.849191 0.809102
vt 0.853293 0.735690
vt 0.851644 0.760085
vt 0.855448 0.710847
vt 0.859639 0.685427
vt 0.865000 0.660885
vt 0.869413 0.637402
vt 0.871790 0.614754
vt 0.871300 0.592803
vt 0.868122 0.571352
vt 0.863164 0.550181
vt 0.853638 0.530131
vt 0.850613 0.514062
vt 0.854161 0.895912
vt 0.854417 0.912697
vt 0.857971 0.851588
vt 0.859766 0.871653
vt 0.853845 0.832017
vt 0.850279 0.784447
vt 0.850026 0.808939
vt 0.855294 0.735469
vt 0.852189 0.760023
vt 0.859101 0.710529
vt 0.862473 0.685203
vt 0.866841 0.660765
vt 0.871242 0.637341
vt 0.873725 0.614776
vt 0.873540 0.592952
vt 0.870794 0.571688
vt 0.867139 0.550804
vt 0.858752 0.530217
vt 0.855860 0.514093
vt 0.858256 0.893611
vt 0.858435 0.909886
vt 0.437952 0.091830
vt 0.450385 0.111895
vt 0.445945 0.115060
vt 0.433513 0.095597
vt 0.857077 0.830171
vt 0.851604 0.784126
vt 0.851794 0.808338
vt 0.858199 0.734988
vt 0.853936 0.759687
vt 0.863317 0.709968
vt 0.866008 0.684825
vt 0.869475 0.660562
vt 0.873811 0.637272
vt 0.876396 0.614884
vt 0.876508 0.593313
vt 0.874198 0.572398
vt 0.871669 0.552039
vt 0.864322 0.531384
vt 0.861484 0.515383
vt 0.426733 0.069873
vt 0.423460 0.073279
vt 0.405789 0.057713
vt 0.409042 0.053598
vt 0.440278 0.119018
vt 0.428067 0.100152
vt 0.860640 0.827452
vt 0.861265 0.848424
vt 0.854779 0.783140
vt 0.854848 0.807019
vt 0.862583 0.734056
vt 0.857530 0.758784
vt 0.868455 0.709060
vt 0.870635 0.684180
vt 0.873396 0.660163
vt 0.877500 0.637094
vt 0.880122 0.614989
vt 0.880502 0.593810
vt 0.878703 0.573428
vt 0.877002 0.553811
vt 0.869947 0.533481
vt 0.867033 0.517729
vt 0.419023 0.077856
vt 0.401841 0.062735
vt 0.433456 0.123697
vt 0.421688 0.105468
vt 0.456540 0.136032
vt 0.450769 0.139502
vt 0.859735 0.781361
vt 0.859352 0.804899
vt 0.868723 0.732522
vt 0.863076 0.757168
vt 0.874978 0.707664
vt 0.876667 0.683125
vt 0.878858 0.659425
vt 0.882528 0.636673
vt 0.885063 0.614966
vt 0.885648 0.594318
vt 0.884320 0.574636
vt 0.883233 0.555936
vt 0.420031 0.427310
vt 0.422635 0.430003
vt 0.405683 0.445755
vt 0.403237 0.442610
vt 0.413811 0.083248
vt 0.397235 0.068712
vt 0.425501 0.129015
vt 0.414485 0.111424
vt 0.443618 0.143719
vt 0.866548 0.778731
vt 0.865220 0.801938
vt 0.876896 0.730250
vt 0.870614 0.754751
vt 0.883145 0.705616
vt 0.884562 0.681459
vt 0.886024 0.658170
vt 0.889043 0.635836
vt 0.891344 0.614645
vt 0.892057 0.594660
vt 0.891010 0.575824
vt 0.890518 0.558168
vt 0.416847 0.424219
vt 0.400233 0.438841
vt 0.407945 0.089400
vt 0.392145 0.075594
vt 0.416493 0.134599
vt 0.406560 0.117745
vt 0.435146 0.148587
vt 0.875095 0.775222
vt 0.872641 0.798151
vt 0.887366 0.727107
vt 0.880275 0.751418
vt 0.893428 0.702697
vt 0.894926 0.678953
vt 0.895212 0.656181
vt 0.897427 0.634362
vt 0.899355 0.613796
vt 0.899979 0.594593
vt 0.899379 0.576736
vt 0.898814 0.560287
vt 0.413181 0.420889
vt 0.396859 0.434638
vt 0.401595 0.096290
vt 0.386799 0.083459
vt 0.406325 0.140004
vt 0.398097 0.123633
vt 0.425310 0.153945
vt 0.885480 0.770779
vt 0.881078 0.793530
vt 0.899682 0.722906
vt 0.891868 0.747115
vt 0.906202 0.698733
vt 0.908202 0.675341
vt 0.908173 0.653064
vt 0.908915 0.631909
vt 0.910102 0.612069
vt 0.910555 0.593748
vt 0.909918 0.577017
vt 0.907528 0.562095
vt 0.409175 0.417507
vt 0.393278 0.430150
vt 0.395120 0.103693
vt 0.381617 0.092319
vt 0.394733 0.144452
vt 0.401509 0.164548
vt 0.387087 0.169159
vt 0.381109 0.147208
vt 0.414149 0.159368
vt 0.895521 0.765511
vt 0.889352 0.788242
vt 0.913081 0.717642
vt 0.903693 0.741819
vt 0.921165 0.693563
vt 0.924630 0.670410
vt 0.924690 0.648578
vt 0.924349 0.628101
vt 0.924429 0.609081
vt 0.923695 0.591808
vt 0.921437 0.576457
vt 0.916736 0.563272
vt 0.404992 0.414272
vt 0.389739 0.425521
vt 0.389163 0.110971
vt 0.377300 0.102229
vt 0.336274 0.521851
vt 0.341591 0.534290
vt 0.332227 0.534275
vt 0.330402 0.524781
vt 0.408832 0.186968
vt 0.394238 0.193008
vt 0.907234 0.759470
vt 0.899249 0.782541
vt 0.928316 0.711220
vt 0.917240 0.735528
vt 0.937983 0.687186
vt 0.943139 0.664187
vt 0.943677 0.642729
vt 0.942226 0.622927
vt 0.940256 0.604864
vt 0.937297 0.588771
vt 0.932335 0.574943
vt 0.925256 0.563610
vt 0.400833 0.411346
vt 0.386638 0.420868
vt 0.348095 0.566710
vt 0.347142 0.585799
vt 0.332471 0.584285
vt 0.335064 0.565342
vt 0.920757 0.752755
vt 0.932404 0.728338
vt 0.948437 0.720697
vt 0.935626 0.745691
vt 0.944780 0.703843
vt 0.955537 0.679854
vt 0.972038 0.672107
vt 0.961251 0.696004
vt 0.961712 0.657050
vt 0.978037 0.649574
vt 0.962347 0.635970
vt 0.977808 0.628943
vt 0.959402 0.616843
vt 0.972860 0.610505
vt 0.954765 0.599765
vt 0.965491 0.594321
vt 0.948694 0.584875
vt 0.956620 0.580385
vt 0.305959 0.503152
vt 0.313925 0.511288
vt 0.308747 0.523460
vt 0.298032 0.515824
vt 0.323128 0.519035
vt 0.320949 0.530091
vt 0.346090 0.549402
vt 0.334646 0.548407
vt 0.344056 0.518022
vt 0.350068 0.532216
vt 0.384561 0.116986
vt 0.388877 0.127978
vt 0.376837 0.128373
vt 0.374968 0.113505
vt 0.320803 0.544628
vt 0.319687 0.561766
vt 0.302847 0.556120
vt 0.305807 0.538570
vt 0.742517 0.009698
vt 0.743927 0.007103
vt 0.767828 0.013472
vt 0.745015 0.005312
vt 0.769078 0.011652
vt 0.420897 0.589085
vt 0.423600 0.613148
vt 0.420688 0.612411
vt 0.418063 0.588264
vt 0.417079 0.612062
vt 0.414547 0.587921
vt 0.412667 0.612140
vt 0.410121 0.588118
vt 0.319732 0.486209
vt 0.295710 0.491813
vt 0.295220 0.488368
vt 0.318979 0.483116
vt 0.294388 0.483499
vt 0.317762 0.478530
vt 0.293308 0.477326
vt 0.316233 0.472606
vt 0.875522 0.536174
vt 0.292118 0.469946
vt 0.314635 0.465597
vt 0.881340 0.539265
vt 0.291086 0.461644
vt 0.313190 0.457323
vt 0.887668 0.542595
vt 0.290507 0.452430
vt 0.312356 0.448623
vt 0.894672 0.545976
vt 0.290706 0.443019
vt 0.312483 0.439652
vt 0.902458 0.549212
vt 0.352194 0.513863
vt 0.337916 0.505688
vt 0.347124 0.500464
vt 0.329396 0.511624
vt 0.327960 0.401580
vt 0.304306 0.403344
vt 0.310066 0.391045
vt 0.334615 0.389461
vt 0.931524 0.562681
vt 0.940728 0.572421
vt 0.315383 0.376366
vt 0.340782 0.374912
vt 0.319039 0.358603
vt 0.344994 0.357343
vt 0.320003 0.337689
vt 0.346086 0.336741
vt 0.317919 0.314217
vt 0.343804 0.313727
vt 0.313270 0.288610
vt 0.338745 0.288889
vt 0.307441 0.260574
vt 0.331925 0.262183
vt 0.301355 0.229419
vt 0.324899 0.233068
vt 0.297052 0.192726
vt 0.317546 0.201136
vt 0.293741 0.163751
vt 0.312857 0.169887
vt 0.291692 0.137183
vt 0.310420 0.141913
vt 0.910715 0.776516
vt 0.290696 0.111368
vt 0.308843 0.115880
vt 0.421782 0.180943
vt 0.271275 0.067153
vt 0.290371 0.071237
vt 0.290216 0.089480
vt 0.271679 0.085361
vt 0.861928 0.890204
vt 0.833855 0.891471
vt 0.829893 0.888550
vt 0.626602 0.830105
vt 0.627343 0.808599
vt 0.630795 0.808200
vt 0.629114 0.829694
vt 0.623208 0.808601
vt 0.344784 0.606372
vt 0.328577 0.604877
vt 0.343375 0.628149
vt 0.325910 0.626788
vt 0.344714 0.650752
vt 0.327095 0.649639
vt 0.353896 0.673721
vt 0.334599 0.672977
vt 0.245134 0.443800
vt 0.222428 0.441291
vt 0.222656 0.429534
vt 0.245878 0.433205
vt 0.200350 0.437372
vt 0.200219 0.424561
vt 0.179258 0.432161
vt 0.178956 0.418862
vt 0.159281 0.426186
vt 0.159018 0.412769
vt 0.140820 0.419415
vt 0.140722 0.406539
vt 0.124221 0.411962
vt 0.124452 0.400310
vt 0.109783 0.403724
vt 0.111201 0.394633
vt 0.098091 0.394591
vt 0.089218 0.382383
vt 0.097324 0.380249
vt 0.101928 0.390122
vt 0.299042 0.414064
vt 0.274942 0.413517
vt 0.279168 0.402024
vt 0.250066 0.409984
vt 0.253059 0.397373
vt 0.224922 0.403558
vt 0.226525 0.389637
vt 0.200363 0.395441
vt 0.200477 0.379693
vt 0.177329 0.387714
vt 0.176245 0.370218
vt 0.156074 0.380876
vt 0.153891 0.362638
vt 0.136670 0.375140
vt 0.133619 0.356793
vt 0.119415 0.370616
vt 0.115363 0.352562
vt 0.104349 0.367424
vt 0.099815 0.350030
vt 0.081211 0.367256
vt 0.091793 0.366233
vt 0.403031 0.383099
vt 0.387578 0.387941
vt 0.395157 0.374727
vt 0.410648 0.369162
vt 0.377201 0.380277
vt 0.384084 0.365355
vt 0.401984 0.359271
vt 0.349805 0.397727
vt 0.357007 0.385464
vt 0.283701 0.389176
vt 0.256147 0.383546
vt 0.228076 0.374356
vt 0.200558 0.362857
vt 0.174821 0.351807
vt 0.151518 0.342992
vt 0.130318 0.336777
vt 0.111965 0.332860
vt 0.095490 0.330753
vt 0.074247 0.349962
vt 0.086096 0.349133
vt 0.973194 0.588756
vt 0.982741 0.604213
vt 0.990741 0.598129
vt 0.998008 0.615638
vt 0.989389 0.622073
vt 0.363692 0.370845
vt 0.287853 0.374129
vt 0.258872 0.367622
vt 0.229362 0.356976
vt 0.200713 0.343911
vt 0.174196 0.331700
vt 0.149720 0.322084
vt 0.128192 0.315456
vt 0.109002 0.311765
vt 0.091990 0.310077
vt 0.068233 0.330884
vt 0.080997 0.330177
vt 0.406720 0.341411
vt 0.388895 0.347845
vt 0.390361 0.327743
vt 0.408200 0.321166
vt 0.368319 0.353410
vt 0.290753 0.356100
vt 0.260719 0.348987
vt 0.230103 0.337339
vt 0.200731 0.323181
vt 0.173749 0.310103
vt 0.148717 0.299858
vt 0.126394 0.292908
vt 0.107061 0.289378
vt 0.089518 0.288196
vt 0.063450 0.310522
vt 0.076814 0.309775
vt 0.990680 0.642318
vt 0.388167 0.305469
vt 0.406102 0.298874
vt 0.369613 0.333146
vt 0.291551 0.334968
vt 0.261156 0.327596
vt 0.230038 0.315566
vt 0.200271 0.300824
vt 0.173068 0.287051
vt 0.147837 0.276425
vt 0.125448 0.269384
vt 0.105989 0.266056
vt 0.088326 0.265301
vt 0.060039 0.289189
vt 0.073831 0.288321
vt 0.985576 0.664610
vt 0.382938 0.281586
vt 0.401021 0.275059
vt 0.367325 0.310598
vt 0.289794 0.311161
vt 0.259773 0.303709
vt 0.229031 0.291599
vt 0.199545 0.276791
vt 0.172464 0.262666
vt 0.147797 0.252001
vt 0.125155 0.245418
vt 0.105947 0.242436
vt 0.088364 0.242099
vt 0.058336 0.267153
vt 0.072392 0.265918
vt 0.421277 0.291377
vt 0.416464 0.267480
vt 0.375639 0.256401
vt 0.393912 0.250174
vt 0.362068 0.286367
vt 0.285945 0.284902
vt 0.257054 0.276923
vt 0.227585 0.265188
vt 0.199256 0.250703
vt 0.173054 0.236976
vt 0.148724 0.226943
vt 0.126751 0.221129
vt 0.106945 0.218959
vt 0.089686 0.219167
vt 0.058602 0.244630
vt 0.072506 0.243093
vt 0.409732 0.242787
vt 0.367470 0.229976
vt 0.385823 0.224522
vt 0.354902 0.260635
vt 0.281361 0.255486
vt 0.254292 0.247362
vt 0.227238 0.234919
vt 0.200733 0.221636
vt 0.175436 0.209533
vt 0.151491 0.201397
vt 0.129452 0.197336
vt 0.110012 0.196256
vt 0.092589 0.197051
vt 0.061038 0.222447
vt 0.074433 0.220674
vt 0.402033 0.217793
vt 0.359468 0.202367
vt 0.377843 0.198472
vt 0.346895 0.233074
vt 0.277996 0.221315
vt 0.253979 0.209059
vt 0.229968 0.199885
vt 0.203638 0.191919
vt 0.178437 0.181908
vt 0.154552 0.176240
vt 0.132928 0.174083
vt 0.113671 0.174321
vt 0.096677 0.175948
vt 0.064567 0.200897
vt 0.077700 0.199078
vt 0.352793 0.174429
vt 0.370783 0.172657
vt 0.339590 0.203845
vt 0.276331 0.183571
vt 0.253988 0.177095
vt 0.231332 0.171224
vt 0.205967 0.163524
vt 0.181478 0.155997
vt 0.158096 0.152418
vt 0.136960 0.151906
vt 0.118075 0.153335
vt 0.101419 0.155691
vt 0.069055 0.180165
vt 0.081830 0.178166
vt 0.347839 0.147731
vt 0.365343 0.148272
vt 0.333315 0.174045
vt 0.274227 0.157581
vt 0.254120 0.151845
vt 0.231931 0.145681
vt 0.208075 0.138038
vt 0.184187 0.132922
vt 0.161700 0.130951
vt 0.141281 0.131657
vt 0.122916 0.133869
vt 0.106750 0.136680
vt 0.074492 0.160110
vt 0.086930 0.158152
vt 0.345024 0.123962
vt 0.361937 0.126816
vt 0.329333 0.145496
vt 0.273104 0.132211
vt 0.253471 0.126937
vt 0.232210 0.120939
vt 0.209363 0.115792
vt 0.186213 0.112559
vt 0.164703 0.112143
vt 0.145110 0.113750
vt 0.127523 0.116611
vt 0.112152 0.119850
vt 0.080980 0.141063
vt 0.092754 0.139300
vt 0.327453 0.081577
vt 0.345578 0.087792
vt 0.344331 0.104059
vt 0.326540 0.098996
vt 0.327067 0.120243
vt 0.272310 0.106974
vt 0.252962 0.102684
vt 0.231798 0.098494
vt 0.209371 0.095394
vt 0.187341 0.094514
vt 0.166640 0.095606
vt 0.147755 0.098235
vt 0.131092 0.101992
vt 0.116707 0.105812
vt 0.088305 0.123476
vt 0.099127 0.122307
vt 0.362525 0.094671
vt 0.360957 0.109026
vt 0.613816 0.849687
vt 0.613101 0.869647
vt 0.308982 0.076052
vt 0.308412 0.094070
vt 0.250518 0.063432
vt 0.251840 0.081480
vt 0.228547 0.061448
vt 0.230228 0.078284
vt 0.206482 0.061926
vt 0.208048 0.077099
vt 0.185354 0.063985
vt 0.186761 0.078082
vt 0.165928 0.067948
vt 0.167022 0.080809
vt 0.148099 0.073235
vt 0.149016 0.084948
vt 0.132180 0.079912
vt 0.132687 0.089813
vt 0.117830 0.087480
vt 0.119443 0.095054
vt 0.105949 0.096324
vt 0.109996 0.099575
vt 0.096687 0.108270
vt 0.105156 0.108770
vt 0.613903 0.828966
vt 0.315841 0.580890
vt 0.310772 0.601725
vt 0.307371 0.623997
vt 0.308421 0.647341
vt 0.269215 0.434524
vt 0.247556 0.421867
vt 0.271513 0.424238
vt 0.223539 0.416805
vt 0.200186 0.410492
vt 0.178239 0.403938
vt 0.157871 0.397635
vt 0.139210 0.391787
vt 0.122666 0.386585
vt 0.108593 0.382518
vt 0.369724 0.392925
vt 0.287661 0.549131
vt 0.292588 0.531277
vt 0.298085 0.575652
vt 0.292452 0.596949
vt 0.275594 0.590895
vt 0.281726 0.569050
vt 0.740803 0.012925
vt 0.618274 0.870802
vt 0.615835 0.759918
vt 0.618024 0.735223
vt 0.622133 0.735547
vt 0.620321 0.760582
vt 0.620821 0.710709
vt 0.624191 0.710781
vt 0.623623 0.686833
vt 0.626331 0.686685
vt 0.625166 0.663905
vt 0.627503 0.663529
vt 0.625524 0.641679
vt 0.627903 0.640997
vt 0.626155 0.620220
vt 0.628770 0.619037
vt 0.627898 0.600292
vt 0.630546 0.598715
vt 0.629762 0.580571
vt 0.632586 0.578772
vt 0.632200 0.561594
vt 0.635037 0.559498
vt 0.633897 0.542348
vt 0.634384 0.523674
vt 0.622075 0.890787
vt 0.620603 0.907958
vt 0.628469 0.850466
vt 0.628936 0.870923
vt 0.623854 0.785338
vt 0.625738 0.735731
vt 0.624802 0.760978
vt 0.626559 0.710802
vt 0.627668 0.686554
vt 0.628400 0.663229
vt 0.629047 0.640485
vt 0.630606 0.618122
vt 0.632416 0.597493
vt 0.634525 0.577333
vt 0.636928 0.557831
vt 0.637148 0.539978
vt 0.638297 0.521080
vt 0.626333 0.891015
vt 0.625444 0.908727
vt 0.629867 0.849770
vt 0.630703 0.870090
vt 0.628339 0.785493
vt 0.628710 0.735760
vt 0.629162 0.761089
vt 0.627794 0.710771
vt 0.083732 0.524842
vt 0.084842 0.500594
vt 0.084693 0.500464
vt 0.084967 0.524811
vt 0.262073 0.524681
vt 0.262805 0.548006
vt 0.262176 0.548251
vt 0.261925 0.524811
vt 0.263452 0.570749
vt 0.263343 0.571154
vt 0.075093 0.523380
vt 0.076652 0.501016
vt 0.077597 0.500464
vt 0.074984 0.522976
vt 0.633609 0.596570
vt 0.631551 0.617570
vt 0.635747 0.576223
vt 0.638071 0.556530
vt 0.639618 0.538099
vt 0.641762 0.519036
vt 0.629746 0.890600
vt 0.630089 0.908599
vt 0.051917 0.409774
vt 0.038923 0.389455
vt 0.040877 0.388353
vt 0.053858 0.408439
vt 0.630945 0.828996
vt 0.632517 0.785232
vt 0.631043 0.735631
vt 0.633208 0.760876
vt 0.628124 0.710687
vt 0.262199 0.500464
vt 0.260697 0.524942
vt 0.262529 0.500548
vt 0.260505 0.548473
vt 0.262407 0.571454
vt 0.265956 0.593665
vt 0.266283 0.594016
vt 0.634475 0.595969
vt 0.631878 0.617218
vt 0.636814 0.575398
vt 0.639122 0.555532
vt 0.641479 0.536671
vt 0.644876 0.517611
vt 0.632471 0.889579
vt 0.633998 0.907311
vt 0.043597 0.386611
vt 0.056505 0.406366
vt 0.026379 0.368681
vt 0.028666 0.367601
vt 0.636096 0.784537
vt 0.633572 0.807444
vt 0.632923 0.735343
vt 0.636606 0.760334
vt 0.628160 0.710550
vt 0.005318 0.250372
vt 0.011867 0.225977
vt 0.012136 0.225854
vt 0.006198 0.250235
vt 0.258731 0.548645
vt 0.259292 0.525066
vt 0.261429 0.571631
vt 0.020712 0.179466
vt 0.024570 0.156903
vt 0.025357 0.156814
vt 0.021016 0.179289
vt 0.635459 0.595731
vt 0.632086 0.617129
vt 0.638332 0.574959
vt 0.640881 0.554941
vt 0.643272 0.535690
vt 0.647981 0.516734
vt 0.634800 0.887840
vt 0.637201 0.905121
vt 0.047290 0.384155
vt 0.060000 0.403478
vt 0.031774 0.365983
vt 0.638873 0.783445
vt 0.635937 0.806304
vt 0.634588 0.734888
vt 0.639235 0.759495
vt 0.001992 0.275028
vt 0.007754 0.250039
vt 0.004495 0.274573
vt 0.012921 0.225766
vt 0.257598 0.548694
vt 0.258491 0.525154
vt 0.260986 0.571575
vt 0.026922 0.157056
vt 0.021965 0.179344
vt 0.033936 0.135416
vt 0.035504 0.135657
vt 0.640544 0.575059
vt 0.636674 0.595972
vt 0.643488 0.554992
vt 0.645677 0.535210
vt 0.651396 0.516652
vt 0.068117 0.427525
vt 0.070847 0.424959
vt 0.087199 0.441718
vt 0.084422 0.444806
vt 0.051996 0.381056
vt 0.064358 0.399812
vt 0.035896 0.363793
vt 0.017586 0.345989
vt 0.009130 0.323130
vt 0.013443 0.321689
vt 0.021307 0.344415
vt 0.004420 0.299180
vt 0.008063 0.273945
vt 0.008755 0.298081
vt 0.010438 0.249775
vt 0.014873 0.225728
vt 0.018097 0.202226
vt 0.019874 0.202348
vt 0.024117 0.179689
vt 0.029660 0.157676
vt 0.038289 0.136392
vt 0.642781 0.575864
vt 0.638116 0.596708
vt 0.646730 0.555797
vt 0.648854 0.535468
vt 0.655118 0.517465
vt 0.074270 0.421492
vt 0.090499 0.437691
vt 0.057723 0.377465
vt 0.069526 0.395517
vt 0.041135 0.361100
vt 0.018748 0.319954
vt 0.026044 0.342412
vt 0.012855 0.273153
vt 0.014136 0.296769
vt 0.014526 0.249426
vt 0.018356 0.225710
vt 0.023183 0.202599
vt 0.027762 0.180266
vt 0.033754 0.158590
vt 0.042392 0.137530
vt 0.049214 0.115548
vt 0.053179 0.116923
vt 0.650203 0.557303
vt 0.644806 0.577238
vt 0.652532 0.536586
vt 0.658929 0.519262
vt 0.078354 0.417160
vt 0.094304 0.432621
vt 0.064471 0.373645
vt 0.075450 0.390823
vt 0.047484 0.358064
vt 0.025154 0.317996
vt 0.031855 0.340059
vt 0.018970 0.272199
vt 0.020652 0.295293
vt 0.020139 0.248960
vt 0.023524 0.225636
vt 0.028086 0.202873
vt 0.032997 0.180930
vt 0.039231 0.159636
vt 0.047767 0.138878
vt 0.058260 0.118652
vt 0.065922 0.096988
vt 0.070480 0.099000
vt 0.656445 0.538548
vt 0.662804 0.521988
vt 0.083043 0.411987
vt 0.098397 0.426664
vt 0.072271 0.370054
vt 0.082002 0.386194
vt 0.054994 0.354908
vt 0.032706 0.315923
vt 0.039011 0.337462
vt 0.026485 0.271094
vt 0.028403 0.293702
vt 0.027342 0.248314
vt 0.030405 0.225393
vt 0.034729 0.203024
vt 0.039789 0.181491
vt 0.046066 0.160590
vt 0.054334 0.140223
vt 0.064330 0.120472
vt 0.076021 0.101523
vt 0.660251 0.541297
vt 0.666609 0.525607
vt 0.088100 0.406254
vt 0.102738 0.419647
vt 0.063900 0.352027
vt 0.041523 0.313850
vt 0.047392 0.334881
vt 0.035384 0.269814
vt 0.037504 0.292090
vt 0.036187 0.247416
vt 0.038989 0.224838
vt 0.043094 0.202865
vt 0.048092 0.181707
vt 0.054212 0.161181
vt 0.062020 0.141267
vt 0.071329 0.122144
vt 0.082270 0.104150
vt 0.664235 0.544668
vt 0.670182 0.530090
vt 0.093277 0.400215
vt 0.106733 0.412035
vt 0.051724 0.311971
vt 0.057078 0.332581
vt 0.046049 0.268522
vt 0.047991 0.290524
vt 0.046616 0.246174
vt 0.049219 0.223867
vt 0.053073 0.202200
vt 0.057849 0.181338
vt 0.063642 0.161084
vt 0.070856 0.141676
vt 0.079267 0.123262
vt 0.089117 0.106576
vt 0.095249 0.088262
vt 0.089756 0.084353
vt 0.105337 0.069774
vt 0.110036 0.074998
vt 0.100840 0.092410
vt 0.114475 0.080906
vt 0.633801 0.506935
vt 0.731162 0.289321
vt 0.725258 0.291112
vt 0.724142 0.288320
vt 0.729490 0.286379
vt 0.595818 0.470510
vt 0.573764 0.463166
vt 0.553576 0.452050
vt 0.373887 0.698377
vt 0.376635 0.697201
vt 0.376446 0.721701
vt 0.379135 0.696094
vt 0.378983 0.720639
vt 0.381327 0.695052
vt 0.381125 0.719554
vt 0.172886 0.017944
vt 0.197387 0.012404
vt 0.198375 0.013333
vt 0.174026 0.018758
vt 0.199324 0.015165
vt 0.175240 0.020430
vt 0.200236 0.017921
vt 0.176529 0.022993
vt 0.201105 0.021624
vt 0.177871 0.026469
vt 0.201944 0.026362
vt 0.179241 0.030913
vt 0.202801 0.032331
vt 0.180701 0.036613
vt 0.203856 0.040051
vt 0.182256 0.043823
vt 0.653981 0.559315
vt 0.205094 0.049799
vt 0.183868 0.052895
vt 0.084736 0.080982
vt 0.632342 0.868754
vt 0.643139 0.481872
vt 0.667973 0.486850
vt 0.669327 0.489167
vt 0.644376 0.484082
vt 0.692506 0.490811
vt 0.693857 0.493275
vt 0.717061 0.493465
vt 0.718495 0.496264
vt 0.742571 0.492939
vt 0.744125 0.496049
vt 0.767642 0.487017
vt 0.769545 0.490685
vt 0.791918 0.478241
vt 0.793979 0.481825
vt 0.814956 0.467738
vt 0.817256 0.471438
vt 0.836668 0.455917
vt 0.839148 0.459408
vt 0.638241 0.504185
vt 0.642653 0.502018
vt 0.377799 0.766948
vt 0.376462 0.788762
vt 0.375584 0.745303
vt 0.372890 0.673426
vt 0.375766 0.672216
vt 0.370345 0.648896
vt 0.373750 0.647722
vt 0.366948 0.624258
vt 0.371147 0.623105
vt 0.362134 0.598628
vt 0.366551 0.597344
vt 0.360032 0.573208
vt 0.364640 0.572039
vt 0.795581 0.484605
vt 0.770714 0.492562
vt 0.818928 0.474042
vt 0.841016 0.462026
vt 0.861156 0.447658
vt 0.647205 0.500566
vt 0.380640 0.765854
vt 0.380771 0.787475
vt 0.378501 0.744327
vt 0.378492 0.671149
vt 0.377201 0.646739
vt 0.375334 0.622203
vt 0.371671 0.596541
vt 0.369296 0.571313
vt 0.362999 0.547172
vt 0.367496 0.546419
vt 0.362693 0.523825
vt 0.366701 0.522788
vt 0.362311 0.501737
vt 0.366393 0.500636
vt 0.841306 0.926840
vt 0.845387 0.928304
vt 0.651515 0.500464
vt 0.383188 0.764429
vt 0.384587 0.785751
vt 0.380943 0.743189
vt 0.380991 0.670222
vt 0.380542 0.645939
vt 0.379579 0.621567
vt 0.377044 0.596183
vt 0.374109 0.571140
vt 0.372034 0.546330
vt 0.371201 0.522593
vt 0.370923 0.500464
vt 0.849917 0.928371
vt 0.655331 0.501188
vt 0.106689 0.040873
vt 0.128011 0.031301
vt 0.129815 0.032827
vt 0.108912 0.042463
vt 0.382932 0.718413
vt 0.383006 0.741886
vt 0.383217 0.669418
vt 0.383206 0.694065
vt 0.383619 0.645316
vt 0.383666 0.621186
vt 0.382237 0.596233
vt 0.378708 0.571498
vt 0.376378 0.546912
vt 0.375593 0.523347
vt 0.375338 0.501434
vt 0.854333 0.926721
vt 0.658773 0.502779
vt 0.132019 0.035294
vt 0.111634 0.044897
vt 0.150553 0.024534
vt 0.152065 0.026132
vt 0.223022 0.008467
vt 0.223718 0.010526
vt 0.247124 0.004694
vt 0.247586 0.007157
vt 0.271254 0.001853
vt 0.271408 0.004867
vt 0.296207 0.002371
vt 0.295832 0.006043
vt 0.320941 0.007896
vt 0.320122 0.011215
vt 0.345527 0.015429
vt 0.344318 0.018611
vt 0.369092 0.024843
vt 0.367474 0.028133
vt 0.391005 0.036763
vt 0.389037 0.039892
vt 0.411225 0.050787
vt 0.662102 0.505212
vt 0.134511 0.038590
vt 0.114868 0.048337
vt 0.153781 0.028597
vt 0.224315 0.013564
vt 0.247904 0.010649
vt 0.271380 0.009090
vt 0.295224 0.010824
vt 0.318892 0.015844
vt 0.342567 0.023029
vt 0.365149 0.032719
vt 0.386280 0.044203
vt 0.093280 0.058947
vt 0.096734 0.061673
vt 0.137247 0.042831
vt 0.118463 0.052677
vt 0.155667 0.031952
vt 0.224817 0.017591
vt 0.248101 0.015175
vt 0.271214 0.014464
vt 0.294451 0.016837
vt 0.317380 0.021767
vt 0.340222 0.029051
vt 0.362280 0.038436
vt 0.382842 0.049640
vt 0.100808 0.065292
vt 0.140293 0.048483
vt 0.122261 0.057887
vt 0.157685 0.036280
vt 0.225246 0.022691
vt 0.248209 0.020777
vt 0.271003 0.021161
vt 0.293550 0.024244
vt 0.315553 0.029304
vt 0.337567 0.036341
vt 0.358930 0.045398
vt 0.378896 0.056141
vt 0.143300 0.055245
vt 0.126099 0.064118
vt 0.159722 0.041570
vt 0.225709 0.029160
vt 0.248352 0.027777
vt 0.270857 0.029447
vt 0.292569 0.033121
vt 0.313665 0.038255
vt 0.334722 0.045041
vt 0.355285 0.053590
vt 0.374575 0.063768
vt 0.146088 0.063500
vt 0.129524 0.071357
vt 0.161984 0.048630
vt 0.226327 0.037427
vt 0.248721 0.036919
vt 0.270843 0.039621
vt 0.291679 0.043658
vt 0.311827 0.048801
vt 0.331903 0.055252
vt 0.351570 0.063171
vt 0.370074 0.072568
vt 0.164048 0.057122
vt 0.227174 0.047876
vt 0.249459 0.048774
vt 0.271005 0.052031
vt 0.290917 0.056193
vt 0.310208 0.061215
vt 0.329370 0.067255
vt 0.348169 0.074411
vt 0.365837 0.082759
vt 0.831768 0.042480
vt 0.851575 0.054683
vt 0.809735 0.033684
vt 0.618981 0.476461
vt 0.363057 0.789177
vt 0.365952 0.768988
vt 0.620009 0.478553
vt 0.716777 0.009409
vt 0.718181 0.006275
vt 0.692442 0.010743
vt 0.693568 0.008218
vt 0.668188 0.013866
vt 0.669073 0.011806
vt 0.644143 0.018014
vt 0.644795 0.016229
vt 0.434646 0.714020
vt 0.435795 0.737820
vt 0.432522 0.737408
vt 0.431668 0.713368
vt 0.436890 0.761317
vt 0.433340 0.761156
vt 0.438007 0.784385
vt 0.434015 0.784471
vt 0.438549 0.806657
vt 0.433992 0.806966
vt 0.439058 0.827817
vt 0.433911 0.828290
vt 0.837718 0.504245
vt 0.842093 0.501869
vt 0.415663 0.521149
vt 0.418321 0.543625
vt 0.414425 0.542139
vt 0.410917 0.519537
vt 0.791339 0.020474
vt 0.719345 0.003659
vt 0.694517 0.006219
vt 0.669847 0.010238
vt 0.430955 0.689090
vt 0.429069 0.712760
vt 0.428468 0.688317
vt 0.429643 0.736972
vt 0.430144 0.760906
vt 0.430312 0.784391
vt 0.429672 0.807007
vt 0.428902 0.828425
vt 0.846838 0.500283
vt 0.410070 0.541303
vt 0.405381 0.519118
vt 0.792747 0.018682
vt 0.720252 0.001853
vt 0.695278 0.004988
vt 0.428025 0.663647
vt 0.426214 0.687654
vt 0.425675 0.662886
vt 0.426839 0.712189
vt 0.427249 0.736496
vt 0.427363 0.760543
vt 0.426961 0.784114
vt 0.425680 0.806740
vt 0.424061 0.828165
vt 0.852374 0.500255
vt 0.404971 0.541283
vt 0.399694 0.519687
vt 0.417895 0.565416
vt 0.414593 0.564573
vt 0.425406 0.637911
vt 0.422410 0.637277
vt 0.423267 0.662313
vt 0.424114 0.687097
vt 0.424907 0.711643
vt 0.425270 0.735963
vt 0.424938 0.760038
vt 0.423896 0.783591
vt 0.422030 0.806118
vt 0.419416 0.827307
vt 0.858061 0.501524
vt 0.399367 0.542105
vt 0.394195 0.521195
vt 0.410650 0.564319
vt 0.418934 0.636928
vt 0.420712 0.661920
vt 0.422024 0.686631
vt 0.423089 0.711101
vt 0.423469 0.735343
vt 0.422655 0.759340
vt 0.420972 0.782752
vt 0.418476 0.805083
vt 0.415506 0.825657
vt 0.396271 0.500464
vt 0.390723 0.502167
vt 0.386655 0.459427
vt 0.365745 0.470737
vt 0.364112 0.467451
vt 0.384466 0.455936
vt 0.405822 0.564747
vt 0.415024 0.636863
vt 0.270922 0.496473
vt 0.245929 0.493230
vt 0.246157 0.491411
vt 0.270987 0.494164
vt 0.221219 0.488938
vt 0.221610 0.487375
vt 0.196749 0.484225
vt 0.197312 0.482899
vt 0.172507 0.479523
vt 0.173257 0.478351
vt 0.148510 0.474567
vt 0.149469 0.473401
vt 0.417949 0.781538
vt 0.420271 0.758381
vt 0.414937 0.803487
vt 0.102767 0.459201
vt 0.082193 0.446996
vt 0.104363 0.457579
vt 0.361783 0.462728
vt 0.381794 0.451688
vt 0.343103 0.479127
vt 0.341995 0.476102
vt 0.270789 0.490533
vt 0.246234 0.488433
vt 0.221944 0.484755
vt 0.197914 0.480566
vt 0.174166 0.476154
vt 0.150736 0.471128
vt 0.126312 0.466833
vt 0.127949 0.464508
vt 0.106554 0.454798
vt 0.359202 0.457178
vt 0.378775 0.446730
vt 0.340355 0.471728
vt 0.270359 0.485605
vt 0.246178 0.484193
vt 0.222225 0.480955
vt 0.198548 0.477055
vt 0.175214 0.472741
vt 0.152303 0.467534
vt 0.130032 0.460830
vt 0.109286 0.450786
vt 0.356589 0.450901
vt 0.375659 0.441238
vt 0.338342 0.466013
vt 0.269746 0.479385
vt 0.246001 0.478675
vt 0.222448 0.475855
vt 0.199177 0.472252
vt 0.176344 0.467959
vt 0.154035 0.462591
vt 0.132548 0.455463
vt 0.112429 0.445539
vt 0.354227 0.444001
vt 0.372748 0.435376
vt 0.336176 0.459021
vt 0.269026 0.471994
vt 0.245743 0.471700
vt 0.222586 0.469424
vt 0.199756 0.466008
vt 0.177430 0.461712
vt 0.155825 0.456141
vt 0.135108 0.448760
vt 0.115994 0.438745
vt 0.352568 0.436716
vt 0.370478 0.429230
vt 0.334324 0.451414
vt 0.268322 0.463549
vt 0.245416 0.463319
vt 0.222637 0.461470
vt 0.200199 0.458214
vt 0.178383 0.453764
vt 0.157405 0.447975
vt 0.137691 0.440364
vt 0.119371 0.430988
vt 0.352145 0.429098
vt 0.369453 0.422806
vt 0.333134 0.443257
vt 0.267902 0.454352
vt 0.245110 0.453952
vt 0.222564 0.451901
vt 0.200465 0.448473
vt 0.178990 0.443903
vt 0.158659 0.437922
vt 0.139707 0.430650
vt 0.122287 0.422047
vt 0.384565 0.416154
vt 0.333056 0.434859
vt 0.268103 0.444615
vt 0.745261 0.280764
vt 0.741229 0.284059
vt 0.738585 0.281318
vt 0.742193 0.278251
vt 0.736509 0.286922
vt 0.734333 0.284037
vt 0.732280 0.281476
vt 0.727894 0.283743
vt 0.726393 0.281414
vt 0.730385 0.279251
vt 0.736123 0.278908
vt 0.733872 0.276828
vt 0.620343 0.022755
vt 0.439352 0.738215
vt 0.440648 0.761402
vt 0.442156 0.784140
vt 0.443217 0.806115
vt 0.444159 0.826944
vt 0.854509 0.052115
vt 0.816024 0.026360
vt 0.288910 0.619813
vt 0.272419 0.614549
vt 0.718943 0.292303
vt 0.718360 0.289677
vt 0.712273 0.292258
vt 0.712278 0.290544
vt 0.229043 0.516454
vt 0.229853 0.523205
vt 0.226293 0.522754
vt 0.225517 0.516449
vt 0.230710 0.529852
vt 0.227092 0.529026
vt 0.231633 0.536295
vt 0.227918 0.535147
vt 0.232612 0.542483
vt 0.228781 0.541043
vt 0.233624 0.548418
vt 0.229664 0.546696
vt 0.234625 0.554147
vt 0.230538 0.552127
vt 0.235564 0.559731
vt 0.231362 0.557374
vt 0.236384 0.565206
vt 0.232092 0.562469
vt 0.232679 0.567421
vt 0.728659 0.277335
vt 0.731850 0.275049
vt 0.711947 0.286191
vt 0.706539 0.287032
vt 0.706672 0.285118
vt 0.711687 0.284108
vt 0.700989 0.287415
vt 0.701474 0.285757
vt 0.220414 0.527737
vt 0.221132 0.533328
vt 0.218061 0.532530
vt 0.217355 0.527253
vt 0.221833 0.538770
vt 0.218712 0.537778
vt 0.222519 0.544026
vt 0.219323 0.542894
vt 0.223181 0.549072
vt 0.219901 0.547832
vt 0.223802 0.553911
vt 0.220435 0.552569
vt 0.224354 0.558554
vt 0.220907 0.557098
vt 0.224808 0.563013
vt 0.221296 0.561420
vt 0.225134 0.567294
vt 0.225310 0.571400
vt 0.734548 0.272528
vt 0.732553 0.271139
vt 0.734643 0.268504
vt 0.736784 0.269736
vt 0.728415 0.272122
vt 0.725649 0.274140
vt 0.724218 0.272541
vt 0.726867 0.270725
vt 0.727093 0.275667
vt 0.723712 0.277606
vt 0.722486 0.275951
vt 0.720916 0.281215
vt 0.716460 0.282798
vt 0.715802 0.280857
vt 0.719933 0.279340
vt 0.706704 0.283180
vt 0.711378 0.282144
vt 0.701850 0.283931
vt 0.696197 0.285944
vt 0.696886 0.284350
vt 0.215829 0.536829
vt 0.215221 0.531841
vt 0.216381 0.541761
vt 0.216885 0.546575
vt 0.217340 0.551232
vt 0.217736 0.555702
vt 0.218061 0.559960
vt 0.221579 0.565542
vt 0.221739 0.569462
vt 0.730781 0.269890
vt 0.732804 0.267389
vt 0.722673 0.270631
vt 0.725197 0.269009
vt 0.721228 0.274153
vt 0.715113 0.278955
vt 0.718960 0.277549
vt 0.706646 0.281181
vt 0.710994 0.280171
vt 0.702121 0.281966
vt 0.697473 0.282492
vt 0.691897 0.284374
vt 0.692769 0.282716
vt 0.686966 0.284004
vt 0.688076 0.282603
vt 0.214134 0.545275
vt 0.213695 0.540650
vt 0.214520 0.549782
vt 0.214851 0.554129
vt 0.215120 0.558270
vt 0.466128 0.681833
vt 0.469408 0.681870
vt 0.469568 0.684204
vt 0.466268 0.684283
vt 0.729171 0.268661
vt 0.731166 0.266301
vt 0.721099 0.268598
vt 0.723496 0.267092
vt 0.719876 0.272114
vt 0.714350 0.276909
vt 0.717927 0.275605
vt 0.706493 0.279050
vt 0.710527 0.278062
vt 0.702288 0.279855
vt 0.697960 0.280447
vt 0.693557 0.280788
vt 0.689133 0.280844
vt 0.683452 0.282145
vt 0.684743 0.280577
vt 0.678944 0.281338
vt 0.680442 0.279957
vt 0.674597 0.280172
vt 0.676284 0.278945
vt 0.670457 0.278617
vt 0.672337 0.277493
vt 0.463150 0.682361
vt 0.463279 0.684857
vt 0.727483 0.267173
vt 0.729518 0.265081
vt 0.719615 0.266561
vt 0.721848 0.265172
vt 0.718513 0.269970
vt 0.713515 0.274706
vt 0.716819 0.273468
vt 0.706265 0.276800
vt 0.709988 0.275821
vt 0.702378 0.277622
vt 0.698363 0.278263
vt 0.694260 0.278689
vt 0.690115 0.278863
vt 0.685980 0.278740
vt 0.681908 0.278275
vt 0.677959 0.277416
vt 0.674203 0.276105
vt 0.668672 0.275552
vt 0.666578 0.276624
vt 0.663031 0.274128
vt 0.665357 0.273095
vt 0.725680 0.265439
vt 0.727677 0.263570
vt 0.718257 0.264626
vt 0.720328 0.263342
vt 0.717203 0.267858
vt 0.712660 0.272440
vt 0.715695 0.271252
vt 0.705991 0.274500
vt 0.709418 0.273528
vt 0.702403 0.275338
vt 0.698688 0.276014
vt 0.694876 0.276502
vt 0.691014 0.276760
vt 0.687139 0.276750
vt 0.683303 0.276421
vt 0.679564 0.275715
vt 0.675988 0.274569
vt 0.670715 0.274294
vt 0.667565 0.271957
vt 0.723910 0.263663
vt 0.725821 0.261983
vt 0.717057 0.262841
vt 0.718970 0.261661
vt 0.716017 0.265845
vt 0.711826 0.270211
vt 0.714615 0.269070
vt 0.705693 0.272229
vt 0.708848 0.271269
vt 0.702385 0.273069
vt 0.698948 0.273767
vt 0.695420 0.274291
vt 0.691826 0.274612
vt 0.688208 0.274689
vt 0.684610 0.274474
vt 0.681084 0.273908
vt 0.677689 0.272929
vt 0.672654 0.272926
vt 0.669637 0.270753
vt 0.722249 0.261962
vt 0.724046 0.260437
vt 0.716034 0.261221
vt 0.717792 0.260153
vt 0.714989 0.263968
vt 0.711052 0.268084
vt 0.713621 0.266995
vt 0.705399 0.270038
vt 0.708309 0.269103
vt 0.702342 0.270868
vt 0.699164 0.271569
vt 0.695888 0.272118
vt 0.692547 0.272481
vt 0.689176 0.272623
vt 0.685816 0.272496
vt 0.682509 0.272049
vt 0.679310 0.271219
vt 0.674498 0.271475
vt 0.671592 0.269497
vt 0.720745 0.260401
vt 0.722412 0.259011
vt 0.715194 0.259767
vt 0.716806 0.258823
vt 0.714117 0.262251
vt 0.710371 0.266084
vt 0.712749 0.265058
vt 0.705129 0.267954
vt 0.707825 0.267057
vt 0.702291 0.268762
vt 0.699335 0.269458
vt 0.696287 0.270016
vt 0.693175 0.270408
vt 0.690038 0.270597
vt 0.686907 0.270543
vt 0.683826 0.270194
vt 0.680841 0.269491
vt 0.676280 0.269945
vt 0.673495 0.268173
vt 0.719417 0.259012
vt 0.720942 0.257749
vt 0.714553 0.258460
vt 0.716024 0.257663
vt 0.713417 0.260682
vt 0.709790 0.264224
vt 0.712038 0.263251
vt 0.704892 0.265989
vt 0.707420 0.265133
vt 0.702238 0.266765
vt 0.699470 0.267445
vt 0.696617 0.268004
vt 0.693710 0.268413
vt 0.690781 0.268642
vt 0.687866 0.268652
vt 0.685010 0.268390
vt 0.682258 0.267799
vt 0.678007 0.268373
vt 0.675387 0.266787
vt 0.718274 0.257810
vt 0.719639 0.256673
vt 0.714128 0.257265
vt 0.715473 0.256655
vt 0.712893 0.259244
vt 0.709355 0.262473
vt 0.711467 0.261586
vt 0.704703 0.264130
vt 0.707086 0.263332
vt 0.702188 0.264870
vt 0.699574 0.265525
vt 0.696883 0.266077
vt 0.694146 0.266501
vt 0.691397 0.266767
vt 0.688681 0.266838
vt 0.686040 0.266666
vt 0.683528 0.266192
vt 0.679657 0.266820
vt 0.677261 0.265392
vt 0.717321 0.256804
vt 0.718491 0.255796
vt 0.713950 0.256124
vt 0.712419 0.256592
vt 0.712477 0.255262
vt 0.714043 0.254941
vt 0.712557 0.257898
vt 0.709034 0.260828
vt 0.711050 0.260034
vt 0.704556 0.262362
vt 0.706863 0.261610
vt 0.702154 0.263053
vt 0.699656 0.263678
vt 0.697091 0.264219
vt 0.694488 0.264654
vt 0.691886 0.264959
vt 0.689330 0.265101
vt 0.686881 0.265035
vt 0.684607 0.264700
vt 0.681194 0.265347
vt 0.679080 0.264063
vt 0.716569 0.256010
vt 0.717472 0.255145
vt 0.710678 0.257127
vt 0.710719 0.255674
vt 0.708837 0.259252
vt 0.710786 0.258563
vt 0.704482 0.260638
vt 0.706729 0.259950
vt 0.702142 0.261283
vt 0.699721 0.261877
vt 0.697241 0.262404
vt 0.694730 0.262851
vt 0.692228 0.263198
vt 0.689790 0.263420
vt 0.687488 0.263484
vt 0.685427 0.263339
vt 0.682572 0.264013
vt 0.680808 0.262866
vt 0.708758 0.257708
vt 0.706679 0.258316
vt 0.706712 0.256669
vt 0.708791 0.256150
vt 0.704469 0.258930
vt 0.702145 0.259535
vt 0.702190 0.257755
vt 0.704502 0.257211
vt 0.699770 0.260089
vt 0.699804 0.258284
vt 0.697334 0.260602
vt 0.697385 0.258774
vt 0.694875 0.261057
vt 0.694938 0.259231
vt 0.692427 0.261445
vt 0.692498 0.259650
vt 0.690047 0.261751
vt 0.690112 0.260027
vt 0.687817 0.261964
vt 0.687841 0.260370
vt 0.685871 0.262073
vt 0.685773 0.260706
vt 0.683731 0.262878
vt 0.682427 0.261863
vt 0.772636 0.182500
vt 0.739374 0.276042
vt 0.723024 0.285670
vt 0.717749 0.287252
vt 0.712142 0.288311
vt 0.222899 0.522405
vt 0.222087 0.516585
vt 0.223656 0.528344
vt 0.224421 0.534170
vt 0.225190 0.539823
vt 0.225964 0.545254
vt 0.226724 0.550463
vt 0.227441 0.555469
vt 0.736821 0.274144
vt 0.739243 0.271176
vt 0.228080 0.560294
vt 0.730044 0.273516
vt 0.228600 0.564954
vt 0.725001 0.279392
vt 0.721946 0.283313
vt 0.717107 0.284909
vt 0.468876 0.703265
vt 0.465937 0.703757
vt 0.466078 0.699047
vt 0.463168 0.704256
vt 0.463251 0.699675
vt 0.460562 0.704733
vt 0.460611 0.700317
vt 0.218299 0.563976
vt 0.458129 0.705193
vt 0.458142 0.700932
vt 0.215321 0.562148
vt 0.455865 0.705614
vt 0.455865 0.701537
vt 0.453849 0.706095
vt 0.453779 0.702115
vt 0.452064 0.706560
vt 0.451936 0.702733
vt 0.450527 0.706991
vt 0.450361 0.703372
vt 0.669279 0.255613
vt 0.669438 0.251994
vt 0.672029 0.251594
vt 0.671825 0.254996
vt 0.674571 0.251224
vt 0.674385 0.254404
vt 0.677097 0.250879
vt 0.676943 0.253856
vt 0.679627 0.250556
vt 0.679502 0.253358
vt 0.763905 0.175840
vt 0.684520 0.262082
vt 0.715222 0.255745
vt 0.472064 0.702824
vt 0.716087 0.255499
vt 0.682210 0.208395
vt 0.685892 0.206664
vt 0.687514 0.209380
vt 0.684125 0.211008
vt 0.680120 0.205658
vt 0.684120 0.203826
vt 0.758423 0.181010
vt 0.704012 0.683708
vt 0.706343 0.694341
vt 0.701133 0.695060
vt 0.698880 0.684972
vt 0.708978 0.705128
vt 0.703794 0.705360
vt 0.711745 0.715889
vt 0.706677 0.715658
vt 0.714714 0.726442
vt 0.709834 0.725740
vt 0.719173 0.735876
vt 0.714267 0.734790
vt 0.723970 0.744154
vt 0.718978 0.742731
vt 0.804485 0.279340
vt 0.799180 0.286399
vt 0.795531 0.284715
vt 0.800598 0.277916
vt 0.792903 0.292322
vt 0.789539 0.290455
vt 0.192506 0.503092
vt 0.196624 0.510163
vt 0.190712 0.513213
vt 0.187093 0.506456
vt 0.778005 0.301939
vt 0.769332 0.306958
vt 0.745405 0.181488
vt 0.737657 0.177514
vt 0.753377 0.198398
vt 0.745795 0.194288
vt 0.784851 0.212587
vt 0.696447 0.695780
vt 0.694309 0.686185
vt 0.698950 0.705589
vt 0.701872 0.715476
vt 0.705067 0.725172
vt 0.709460 0.733911
vt 0.713995 0.741627
vt 0.723552 0.749529
vt 0.718435 0.748263
vt 0.182875 0.500464
vt 0.181682 0.509441
vt 0.177757 0.503706
vt 0.185107 0.515906
vt 0.194013 0.520659
vt 0.200128 0.517990
vt 0.202851 0.526664
vt 0.196407 0.528958
vt 0.741558 0.186510
vt 0.734213 0.183074
vt 0.750204 0.201387
vt 0.743011 0.197646
vt 0.780002 0.214515
vt 0.692012 0.696432
vt 0.690796 0.687578
vt 0.694558 0.705845
vt 0.697286 0.715330
vt 0.700476 0.724702
vt 0.704725 0.733209
vt 0.709117 0.740772
vt 0.713317 0.747338
vt 0.176453 0.512086
vt 0.172639 0.506600
vt 0.179612 0.518313
vt 0.187877 0.523078
vt 0.190263 0.531050
vt 0.738444 0.190911
vt 0.731497 0.187917
vt 0.747707 0.203879
vt 0.740936 0.200378
vt 0.757454 0.205992
vt 0.775362 0.216356
vt 0.688602 0.697210
vt 0.687385 0.688861
vt 0.690352 0.706069
vt 0.693065 0.715222
vt 0.696071 0.724285
vt 0.700134 0.732636
vt 0.704338 0.740099
vt 0.708374 0.746648
vt 0.717131 0.752992
vt 0.711986 0.752347
vt 0.174393 0.520468
vt 0.171308 0.514464
vt 0.182174 0.525244
vt 0.184273 0.532975
vt 0.736089 0.194575
vt 0.729576 0.191847
vt 0.745830 0.205888
vt 0.739521 0.202501
vt 0.754533 0.208198
vt 0.771248 0.218017
vt 0.764528 0.211544
vt 0.685222 0.697920
vt 0.684282 0.690081
vt 0.686959 0.706325
vt 0.689193 0.715064
vt 0.691954 0.723917
vt 0.695783 0.732080
vt 0.699747 0.739524
vt 0.703593 0.746102
vt 0.707070 0.751874
vt 0.715070 0.757377
vt 0.710019 0.756995
vt 0.176812 0.527197
vt 0.178628 0.534735
vt 0.734467 0.197466
vt 0.728405 0.194833
vt 0.744494 0.207457
vt 0.738632 0.204115
vt 0.752215 0.210016
vt 0.767612 0.219481
vt 0.761234 0.213400
vt 0.682124 0.698577
vt 0.681431 0.691153
vt 0.683623 0.706542
vt 0.685844 0.714878
vt 0.688457 0.723332
vt 0.691664 0.731563
vt 0.695434 0.738906
vt 0.699072 0.745530
vt 0.702376 0.751431
vt 0.705235 0.756665
vt 0.171735 0.528984
vt 0.173485 0.536332
vt 0.733478 0.199660
vt 0.727820 0.197055
vt 0.134940 0.510903
vt 0.136637 0.505041
vt 0.139246 0.505937
vt 0.137658 0.511382
vt 0.750427 0.211473
vt 0.764492 0.220731
vt 0.758489 0.214964
vt 0.679082 0.699155
vt 0.679096 0.692051
vt 0.680568 0.706720
vt 0.682573 0.714648
vt 0.685384 0.722665
vt 0.788573 0.258518
vt 0.788288 0.266748
vt 0.783696 0.265659
vt 0.783817 0.257850
vt 0.691565 0.737996
vt 0.688436 0.730473
vt 0.694797 0.744853
vt 0.697959 0.750812
vt 0.700697 0.756149
vt 0.166860 0.530683
vt 0.168638 0.537836
vt 0.130447 0.516057
vt 0.133429 0.516549
vt 0.131864 0.521860
vt 0.128795 0.521715
vt 0.141774 0.506523
vt 0.140271 0.511557
vt 0.749071 0.212624
vt 0.743598 0.208654
vt 0.761812 0.221777
vt 0.756252 0.216249
vt 0.676317 0.699664
vt 0.676857 0.692811
vt 0.677552 0.706854
vt 0.679794 0.714370
vt 0.782575 0.249834
vt 0.778870 0.257091
vt 0.777562 0.249555
vt 0.778904 0.264526
vt 0.782306 0.273182
vt 0.777706 0.271660
vt 0.779290 0.280039
vt 0.775376 0.278403
vt 0.774905 0.285998
vt 0.771920 0.284674
vt 0.696409 0.755207
vt 0.693925 0.749488
vt 0.162264 0.532426
vt 0.163976 0.539351
vt 0.136188 0.516651
vt 0.134855 0.521695
vt 0.144231 0.506904
vt 0.142787 0.511556
vt 0.140948 0.500464
vt 0.143378 0.501491
vt 0.759516 0.222649
vt 0.754436 0.217282
vt 0.766989 0.227997
vt 0.771372 0.234850
vt 0.768131 0.235222
vt 0.764034 0.228678
vt 0.775388 0.242040
vt 0.770673 0.242221
vt 0.772744 0.249265
vt 0.773758 0.256335
vt 0.773843 0.263286
vt 0.772916 0.270023
vt 0.770932 0.276429
vt 0.767887 0.282405
vt 0.767362 0.290393
vt 0.763789 0.287856
vt 0.157885 0.534367
vt 0.159560 0.541025
vt 0.138878 0.516497
vt 0.137596 0.521287
vt 0.146521 0.507341
vt 0.145208 0.511509
vt 0.145608 0.502423
vt 0.757360 0.223418
vt 0.752870 0.218160
vt 0.764051 0.235736
vt 0.761359 0.229284
vt 0.766301 0.242361
vt 0.767873 0.248992
vt 0.768740 0.255597
vt 0.768808 0.262071
vt 0.768009 0.268342
vt 0.766294 0.274325
vt 0.763625 0.279936
vt 0.759988 0.285099
vt 0.758688 0.292749
vt 0.761629 0.295295
vt 0.754970 0.299466
vt 0.752583 0.296922
vt 0.141453 0.516178
vt 0.140207 0.520738
vt 0.148644 0.507861
vt 0.147522 0.511568
vt 0.147781 0.503211
vt 0.755162 0.224215
vt 0.751457 0.218915
vt 0.760321 0.236185
vt 0.757931 0.230090
vt 0.762010 0.242467
vt 0.763232 0.248732
vt 0.763912 0.254888
vt 0.763928 0.260906
vt 0.763204 0.266722
vt 0.761681 0.272266
vt 0.759313 0.277469
vt 0.756066 0.282262
vt 0.755370 0.289708
vt 0.749817 0.293703
vt 0.143927 0.515802
vt 0.142725 0.520141
vt 0.740330 0.213074
vt 0.743001 0.217424
vt 0.741263 0.218654
vt 0.738995 0.214382
vt 0.742194 0.210989
vt 0.746324 0.215012
vt 0.744674 0.216227
vt 0.741674 0.211738
vt 0.752395 0.225211
vt 0.749596 0.219908
vt 0.756600 0.236648
vt 0.754771 0.230820
vt 0.757992 0.242554
vt 0.758859 0.248473
vt 0.759367 0.254218
vt 0.759301 0.259818
vt 0.758624 0.265200
vt 0.757248 0.270322
vt 0.755130 0.275125
vt 0.752234 0.279554
vt 0.751935 0.286577
vt 0.746926 0.290329
vt 0.146294 0.515538
vt 0.145139 0.519601
vt 0.745268 0.222136
vt 0.743215 0.223184
vt 0.749752 0.226167
vt 0.747438 0.221014
vt 0.753154 0.237060
vt 0.751647 0.231548
vt 0.754234 0.242630
vt 0.754913 0.248164
vt 0.755124 0.253613
vt 0.755012 0.258808
vt 0.754328 0.263812
vt 0.753069 0.268546
vt 0.751160 0.272978
vt 0.748567 0.277063
vt 0.748538 0.283553
vt 0.744037 0.287083
vt 0.759624 0.313351
vt 0.747190 0.227087
vt 0.748764 0.232207
vt 0.746141 0.232792
vt 0.744833 0.227923
vt 0.749978 0.237425
vt 0.750827 0.242674
vt 0.747778 0.242692
vt 0.747126 0.237735
vt 0.751298 0.247883
vt 0.748086 0.247605
vt 0.751395 0.252977
vt 0.748051 0.252405
vt 0.751078 0.257903
vt 0.747648 0.257040
vt 0.750406 0.262554
vt 0.746892 0.261434
vt 0.749211 0.266957
vt 0.745760 0.265540
vt 0.747476 0.271057
vt 0.744151 0.269361
vt 0.745146 0.274830
vt 0.742037 0.272864
vt 0.734089 0.205475
vt 0.737363 0.209086
vt 0.736379 0.210443
vt 0.733400 0.206910
vt 0.748577 0.321277
vt 0.702229 0.673336
vt 0.702698 0.663705
vt 0.808457 0.271061
vt 0.785833 0.297332
vt 0.834385 0.331361
vt 0.706257 0.341841
vt 0.707053 0.335772
vt 0.721312 0.329196
vt 0.707968 0.328982
vt 0.721281 0.324891
vt 0.708831 0.322461
vt 0.721260 0.321170
vt 0.709598 0.316676
vt 0.721208 0.316233
vt 0.710248 0.311315
vt 0.721083 0.311827
vt 0.710766 0.306610
vt 0.720912 0.307894
vt 0.169341 0.522447
vt 0.711181 0.302670
vt 0.720662 0.304273
vt 0.712413 0.761677
vt 0.707537 0.761403
vt 0.711512 0.299466
vt 0.720384 0.301215
vt 0.702941 0.760940
vt 0.711781 0.296956
vt 0.720086 0.298669
vt 0.155731 0.528633
vt 0.160019 0.526341
vt 0.239641 0.508640
vt 0.240566 0.516946
vt 0.236546 0.516719
vt 0.235694 0.508987
vt 0.232716 0.516560
vt 0.231906 0.509331
vt 0.228266 0.509784
vt 0.741335 0.224136
vt 0.742717 0.228661
vt 0.740860 0.229299
vt 0.739664 0.224972
vt 0.736382 0.216857
vt 0.738175 0.220807
vt 0.736872 0.221706
vt 0.735245 0.217915
vt 0.737967 0.208009
vt 0.149576 0.512172
vt 0.148557 0.515446
vt 0.732986 0.201287
vt 0.697183 0.230777
vt 0.699343 0.230245
vt 0.699176 0.232190
vt 0.696953 0.232648
vt 0.705514 0.348525
vt 0.688761 0.356402
vt 0.690485 0.347325
vt 0.672121 0.359842
vt 0.674652 0.350054
vt 0.655580 0.361679
vt 0.658917 0.351360
vt 0.639390 0.361598
vt 0.643433 0.351348
vt 0.624265 0.358296
vt 0.628736 0.349087
vt 0.610280 0.352980
vt 0.615322 0.344341
vt 0.597583 0.346392
vt 0.603224 0.338307
vt 0.586303 0.339157
vt 0.592559 0.331618
vt 0.187022 0.551480
vt 0.185914 0.541669
vt 0.734265 0.322273
vt 0.692313 0.338668
vt 0.677368 0.340507
vt 0.662464 0.341350
vt 0.647817 0.341236
vt 0.633513 0.340287
vt 0.620729 0.336037
vt 0.609184 0.330730
vt 0.599143 0.324530
vt 0.181400 0.552627
vt 0.180223 0.543167
vt 0.194325 0.561731
vt 0.195512 0.574683
vt 0.189407 0.574715
vt 0.188244 0.562461
vt 0.694161 0.330610
vt 0.680153 0.331424
vt 0.666154 0.331714
vt 0.652309 0.331635
vt 0.638844 0.330822
vt 0.626250 0.328438
vt 0.615282 0.323704
vt 0.605780 0.318134
vt 0.175989 0.553702
vt 0.174883 0.544550
vt 0.183590 0.574736
vt 0.182428 0.563153
vt 0.695965 0.323087
vt 0.682913 0.322955
vt 0.669855 0.322683
vt 0.656902 0.322397
vt 0.644249 0.321826
vt 0.631997 0.320889
vt 0.621417 0.317220
vt 0.612205 0.312638
vt 0.170961 0.554729
vt 0.169862 0.545843
vt 0.732843 0.316434
vt 0.732203 0.314164
vt 0.697650 0.316148
vt 0.685567 0.315245
vt 0.673484 0.314339
vt 0.661492 0.313689
vt 0.649625 0.313352
vt 0.638245 0.312585
vt 0.627233 0.311769
vt 0.618596 0.307484
vt 0.166167 0.555704
vt 0.165207 0.547156
vt 0.731553 0.311499
vt 0.699174 0.310011
vt 0.688040 0.308396
vt 0.676954 0.306841
vt 0.665945 0.305720
vt 0.655041 0.305171
vt 0.644251 0.305102
vt 0.634116 0.304399
vt 0.624432 0.303531
vt 0.161704 0.557025
vt 0.160752 0.548489
vt 0.730770 0.308011
vt 0.700517 0.304741
vt 0.690285 0.302540
vt 0.680166 0.300369
vt 0.670177 0.298644
vt 0.660234 0.297787
vt 0.650341 0.297730
vt 0.640577 0.298023
vt 0.631610 0.297445
vt 0.747506 0.303108
vt 0.738971 0.304513
vt 0.737632 0.301868
vt 0.745586 0.300266
vt 0.730007 0.305068
vt 0.701678 0.300418
vt 0.692273 0.297808
vt 0.683048 0.295142
vt 0.674040 0.292759
vt 0.665116 0.291365
vt 0.656074 0.291289
vt 0.647084 0.291791
vt 0.638327 0.292225
vt 0.736229 0.299211
vt 0.743379 0.296840
vt 0.729160 0.302117
vt 0.702680 0.297069
vt 0.693999 0.294271
vt 0.685561 0.291311
vt 0.677379 0.288586
vt 0.669476 0.286289
vt 0.661324 0.286056
vt 0.653027 0.286723
vt 0.644962 0.287304
vt 0.734547 0.295717
vt 0.741104 0.293470
vt 0.728262 0.299342
vt 0.703548 0.294633
vt 0.695492 0.291856
vt 0.687697 0.288907
vt 0.680205 0.286066
vt 0.672938 0.283847
vt 0.665704 0.282793
vt 0.658254 0.283094
vt 0.650863 0.283589
vt 0.732854 0.292473
vt 0.738780 0.290086
vt 0.238804 0.500464
vt 0.234887 0.501329
vt 0.241615 0.525178
vt 0.237495 0.524422
vt 0.242814 0.533235
vt 0.238558 0.531942
vt 0.244152 0.541030
vt 0.239740 0.539204
vt 0.245594 0.548522
vt 0.241015 0.546174
vt 0.247069 0.555789
vt 0.242329 0.552893
vt 0.248474 0.563023
vt 0.243604 0.559516
vt 0.249706 0.570473
vt 0.244757 0.566156
vt 0.250697 0.577864
vt 0.245731 0.572795
vt 0.251462 0.584967
vt 0.727398 0.297012
vt 0.719740 0.296389
vt 0.719395 0.294558
vt 0.726370 0.294095
vt 0.233579 0.523761
vt 0.234530 0.530821
vt 0.235570 0.537639
vt 0.236688 0.544180
vt 0.237845 0.550467
vt 0.238983 0.556584
vt 0.240035 0.562626
vt 0.240936 0.568610
vt 0.608816 0.158871
vt 0.620633 0.154671
vt 0.204750 0.536372
vt 0.206355 0.547418
vt 0.207559 0.560113
vt 0.200827 0.560937
vt 0.177018 0.563793
vt 0.580107 0.265399
vt 0.171907 0.564443
vt 0.167137 0.565226
vt 0.740292 0.307421
vt 0.610472 0.260506
vt 0.617117 0.259456
vt 0.623337 0.258497
vt 0.488101 0.695195
vt 0.655813 0.146430
vt 0.667168 0.144855
vt 0.668874 0.150076
vt 0.678334 0.144113
vt 0.679372 0.149462
vt 0.689268 0.144192
vt 0.689669 0.150673
vt 0.699848 0.146258
vt 0.699435 0.152842
vt 0.709915 0.148971
vt 0.708622 0.155875
vt 0.719449 0.152416
vt 0.717310 0.159362
vt 0.728592 0.156266
vt 0.725575 0.163213
vt 0.737474 0.160474
vt 0.733657 0.167227
vt 0.632544 0.166495
vt 0.622177 0.170107
vt 0.639470 0.159977
vt 0.670599 0.154702
vt 0.680576 0.154934
vt 0.690182 0.156587
vt 0.699196 0.159092
vt 0.707603 0.162268
vt 0.715447 0.165912
vt 0.722901 0.169781
vt 0.730210 0.173676
vt 0.636252 0.169561
vt 0.626409 0.173073
vt 0.642780 0.163556
vt 0.672398 0.159077
vt 0.681919 0.160213
vt 0.690835 0.162100
vt 0.699151 0.164844
vt 0.706831 0.168168
vt 0.713957 0.171891
vt 0.720664 0.175808
vt 0.727320 0.179572
vt 0.639830 0.172283
vt 0.630514 0.175748
vt 0.645955 0.166677
vt 0.674427 0.163813
vt 0.683295 0.165011
vt 0.691634 0.167195
vt 0.699325 0.170029
vt 0.706383 0.173423
vt 0.712896 0.177166
vt 0.719075 0.180997
vt 0.725115 0.184701
vt 0.643416 0.174929
vt 0.634533 0.178210
vt 0.649142 0.169690
vt 0.676384 0.167987
vt 0.684778 0.169526
vt 0.692545 0.171758
vt 0.699691 0.174638
vt 0.706275 0.177960
vt 0.712354 0.181582
vt 0.718032 0.185328
vt 0.723615 0.188871
vt 0.647252 0.177787
vt 0.638940 0.181024
vt 0.652181 0.172282
vt 0.678433 0.171981
vt 0.686276 0.173551
vt 0.693591 0.175784
vt 0.700319 0.178562
vt 0.706512 0.181745
vt 0.712194 0.185211
vt 0.717539 0.188726
vt 0.722809 0.192009
vt 0.651206 0.180780
vt 0.643405 0.183872
vt 0.655707 0.175569
vt 0.680454 0.175509
vt 0.687883 0.177068
vt 0.694767 0.179227
vt 0.701135 0.181861
vt 0.706979 0.184869
vt 0.712377 0.188091
vt 0.717467 0.191334
vt 0.722536 0.194341
vt 0.654969 0.183543
vt 0.647697 0.186564
vt 0.659083 0.178555
vt 0.682468 0.178618
vt 0.689486 0.180103
vt 0.696017 0.182136
vt 0.702070 0.184593
vt 0.707646 0.187376
vt 0.712819 0.190336
vt 0.124409 0.537157
vt 0.125904 0.532068
vt 0.129064 0.531781
vt 0.127750 0.536716
vt 0.127267 0.526999
vt 0.130433 0.526898
vt 0.658494 0.186067
vt 0.651710 0.189029
vt 0.662334 0.181336
vt 0.684407 0.181294
vt 0.691070 0.182674
vt 0.697306 0.184540
vt 0.703093 0.186803
vt 0.125131 0.547465
vt 0.126373 0.541889
vt 0.129570 0.541081
vt 0.128318 0.546442
vt 0.130877 0.536065
vt 0.132118 0.531256
vt 0.133433 0.526517
vt 0.661748 0.188359
vt 0.655403 0.191262
vt 0.665358 0.183813
vt 0.686242 0.183566
vt 0.692609 0.184803
vt 0.126144 0.558465
vt 0.127183 0.552229
vt 0.130264 0.550944
vt 0.129290 0.556926
vt 0.131389 0.545371
vt 0.132651 0.540177
vt 0.133795 0.535266
vt 0.135036 0.530566
vt 0.136327 0.525950
vt 0.664719 0.190439
vt 0.658787 0.193317
vt 0.668136 0.186005
vt 0.687965 0.185460
vt 0.128309 0.563293
vt 0.132278 0.555456
vt 0.131404 0.561570
vt 0.133246 0.549691
vt 0.134378 0.544290
vt 0.135481 0.539206
vt 0.136626 0.534393
vt 0.137820 0.529775
vt 0.139060 0.525259
vt 0.667483 0.192475
vt 0.661895 0.195266
vt 0.670744 0.188102
vt 0.130599 0.567993
vt 0.134421 0.559981
vt 0.133621 0.566127
vt 0.135186 0.554083
vt 0.136146 0.548498
vt 0.137202 0.543226
vt 0.138221 0.538233
vt 0.139329 0.533493
vt 0.140512 0.528950
vt 0.141589 0.524511
vt 0.670040 0.194493
vt 0.675494 0.192359
vt 0.677849 0.195052
vt 0.672796 0.197184
vt 0.673135 0.190087
vt 0.137268 0.558520
vt 0.136613 0.564416
vt 0.138029 0.552823
vt 0.138955 0.547391
vt 0.139878 0.542217
vt 0.140875 0.537306
vt 0.141947 0.532631
vt 0.143014 0.528148
vt 0.144041 0.523811
vt 0.693523 0.227372
vt 0.695355 0.226647
vt 0.695432 0.228090
vt 0.693624 0.228696
vt 0.689188 0.229529
vt 0.690404 0.228775
vt 0.690634 0.229699
vt 0.689690 0.230016
vt 0.681020 0.190690
vt 0.683034 0.193398
vt 0.697850 0.190260
vt 0.698869 0.191639
vt 0.140810 0.551685
vt 0.141635 0.546389
vt 0.144214 0.545519
vt 0.143461 0.550666
vt 0.142488 0.541316
vt 0.144999 0.540554
vt 0.143429 0.536480
vt 0.145914 0.535815
vt 0.144447 0.531878
vt 0.146821 0.531288
vt 0.145399 0.527471
vt 0.147701 0.527021
vt 0.146400 0.523259
vt 0.148634 0.523060
vt 0.147458 0.519245
vt 0.149596 0.519414
vt 0.730290 0.202569
vt 0.730121 0.203712
vt 0.688161 0.230535
vt 0.689199 0.230840
vt 0.691861 0.228077
vt 0.692004 0.229239
vt 0.691862 0.230506
vt 0.693521 0.230103
vt 0.693248 0.231651
vt 0.691499 0.231950
vt 0.569737 0.628371
vt 0.564962 0.631418
vt 0.569570 0.594848
vt 0.697337 0.225896
vt 0.697395 0.227436
vt 0.697436 0.675315
vt 0.693690 0.677401
vt 0.791535 0.221371
vt 0.786446 0.222764
vt 0.781910 0.224047
vt 0.777492 0.225267
vt 0.773559 0.226339
vt 0.770061 0.227236
vt 0.680100 0.197955
vt 0.684905 0.196243
vt 0.686648 0.199230
vt 0.682191 0.200900
vt 0.673627 0.205020
vt 0.677851 0.202834
vt 0.676241 0.207701
vt 0.672481 0.209978
vt 0.678648 0.210299
vt 0.675203 0.212403
vt 0.661989 0.207968
vt 0.665539 0.210252
vt 0.661687 0.213376
vt 0.657774 0.211353
vt 0.140053 0.557180
vt 0.139478 0.562845
vt 0.690410 0.230780
vt 0.689909 0.232113
vt 0.699451 0.225124
vt 0.699494 0.226744
vt 0.701686 0.224343
vt 0.701713 0.226030
vt 0.704030 0.223567
vt 0.704040 0.225310
vt 0.706471 0.222821
vt 0.706461 0.224607
vt 0.708994 0.222134
vt 0.708959 0.223947
vt 0.711575 0.221548
vt 0.711511 0.223366
vt 0.714173 0.221112
vt 0.714073 0.222902
vt 0.716719 0.220881
vt 0.716578 0.222593
vt 0.719106 0.220915
vt 0.718909 0.222468
vt 0.721182 0.221275
vt 0.720894 0.222530
vt 0.722785 0.222060
vt 0.722194 0.222724
vt 0.690984 0.233596
vt 0.689243 0.233699
vt 0.723887 0.223489
vt 0.722662 0.223914
vt 0.701614 0.229675
vt 0.701500 0.231691
vt 0.703984 0.229083
vt 0.703915 0.231170
vt 0.706441 0.228490
vt 0.706409 0.230644
vt 0.708969 0.227918
vt 0.708968 0.230134
vt 0.711544 0.227391
vt 0.711570 0.229663
vt 0.714133 0.226932
vt 0.714185 0.229249
vt 0.716679 0.226561
vt 0.716762 0.228908
vt 0.719099 0.226277
vt 0.719234 0.228639
vt 0.721296 0.226052
vt 0.721518 0.228421
vt 0.724719 0.225493
vt 0.723173 0.225824
vt 0.684918 0.235276
vt 0.686037 0.233428
vt 0.687608 0.233650
vt 0.686678 0.235465
vt 0.687691 0.237560
vt 0.689731 0.237501
vt 0.689088 0.239729
vt 0.686906 0.239796
vt 0.690378 0.235450
vt 0.692370 0.235274
vt 0.691854 0.237352
vt 0.694841 0.233048
vt 0.696670 0.234670
vt 0.694469 0.235008
vt 0.701352 0.233845
vt 0.698968 0.234277
vt 0.703816 0.233391
vt 0.706347 0.232936
vt 0.708932 0.232496
vt 0.711554 0.232093
vt 0.714181 0.231744
vt 0.716770 0.231460
vt 0.719265 0.231239
vt 0.721600 0.231062
vt 0.725310 0.227935
vt 0.723552 0.228204
vt 0.683797 0.237367
vt 0.685722 0.237517
vt 0.688491 0.242100
vt 0.686174 0.242199
vt 0.691340 0.239585
vt 0.696360 0.236832
vt 0.694065 0.237124
vt 0.701179 0.236116
vt 0.698734 0.236491
vt 0.703686 0.235725
vt 0.706247 0.235334
vt 0.708847 0.234965
vt 0.711471 0.234632
vt 0.714089 0.234353
vt 0.716665 0.234134
vt 0.719149 0.233974
vt 0.721492 0.233853
vt 0.725624 0.230678
vt 0.723725 0.230890
vt 0.682706 0.239686
vt 0.684785 0.239783
vt 0.687976 0.244577
vt 0.685541 0.244727
vt 0.690859 0.241943
vt 0.696046 0.239111
vt 0.693660 0.239376
vt 0.700988 0.238474
vt 0.698490 0.238806
vt 0.703530 0.238131
vt 0.706108 0.237796
vt 0.708707 0.237485
vt 0.711313 0.237215
vt 0.713901 0.236997
vt 0.716435 0.236840
vt 0.718880 0.236737
vt 0.721196 0.236672
vt 0.725642 0.233588
vt 0.723659 0.233737
vt 0.681688 0.242207
vt 0.683911 0.242234
vt 0.687581 0.247109
vt 0.685050 0.247331
vt 0.690448 0.244384
vt 0.695747 0.241475
vt 0.693282 0.241730
vt 0.700789 0.240882
vt 0.698252 0.241187
vt 0.703354 0.240570
vt 0.705934 0.240272
vt 0.708515 0.240004
vt 0.711085 0.239779
vt 0.713617 0.239610
vt 0.716091 0.239498
vt 0.718472 0.239441
vt 0.720734 0.239423
vt 0.725380 0.236537
vt 0.723363 0.236615
vt 0.680793 0.244895
vt 0.683148 0.244832
vt 0.687327 0.249642
vt 0.684745 0.249944
vt 0.690130 0.246863
vt 0.695482 0.243885
vt 0.692951 0.244151
vt 0.700592 0.243299
vt 0.698030 0.243598
vt 0.703164 0.243000
vt 0.705732 0.242720
vt 0.708280 0.242474
vt 0.710796 0.242275
vt 0.713262 0.242131
vt 0.715649 0.242051
vt 0.717947 0.242024
vt 0.720131 0.242044
vt 0.724873 0.239421
vt 0.722864 0.239424
vt 0.680082 0.247702
vt 0.682551 0.247526
vt 0.687237 0.252110
vt 0.684648 0.252497
vt 0.689923 0.249331
vt 0.695265 0.246301
vt 0.692692 0.246593
vt 0.700408 0.245689
vt 0.697838 0.245997
vt 0.702972 0.245384
vt 0.705512 0.245103
vt 0.708014 0.244859
vt 0.710465 0.244664
vt 0.712848 0.244527
vt 0.715144 0.244454
vt 0.717337 0.244447
vt 0.719428 0.244491
vt 0.724168 0.242164
vt 0.722200 0.242096
vt 0.682175 0.250247
vt 0.687295 0.254458
vt 0.684761 0.254912
vt 0.689830 0.251738
vt 0.695102 0.248686
vt 0.692517 0.249011
vt 0.700243 0.248020
vt 0.697684 0.248351
vt 0.702787 0.247694
vt 0.705288 0.247394
vt 0.707734 0.247133
vt 0.710111 0.246922
vt 0.712405 0.246771
vt 0.714600 0.246689
vt 0.716686 0.246678
vt 0.718661 0.246740
vt 0.723313 0.244723
vt 0.721412 0.244587
vt 0.682070 0.252908
vt 0.687462 0.256637
vt 0.685048 0.257117
vt 0.689845 0.254036
vt 0.695005 0.251000
vt 0.692424 0.251368
vt 0.700107 0.250268
vt 0.697568 0.250633
vt 0.702617 0.249909
vt 0.705073 0.249575
vt 0.707458 0.249280
vt 0.709758 0.249036
vt 0.711960 0.248852
vt 0.714051 0.248741
vt 0.716023 0.248712
vt 0.717882 0.248771
vt 0.722357 0.247067
vt 0.720546 0.246868
vt 0.679758 0.255993
vt 0.682250 0.255416
vt 0.687682 0.258607
vt 0.685430 0.259060
vt 0.689933 0.256193
vt 0.694958 0.253222
vt 0.692404 0.253627
vt 0.699998 0.252418
vt 0.697491 0.252820
vt 0.702470 0.252018
vt 0.704878 0.251640
vt 0.707203 0.251297
vt 0.709428 0.251002
vt 0.711541 0.250769
vt 0.713530 0.250611
vt 0.715388 0.250545
vt 0.717121 0.250585
vt 0.721348 0.249175
vt 0.719643 0.248926
vt 0.680384 0.258346
vt 0.682697 0.257673
vt 0.690046 0.258187
vt 0.694946 0.255335
vt 0.692432 0.255765
vt 0.699914 0.254466
vt 0.697446 0.254902
vt 0.702349 0.254021
vt 0.704713 0.253591
vt 0.706984 0.253189
vt 0.709144 0.252830
vt 0.711176 0.252530
vt 0.713070 0.252308
vt 0.714816 0.252184
vt 0.716421 0.252183
vt 0.720326 0.251039
vt 0.718755 0.250746
vt 0.681304 0.260328
vt 0.683317 0.259604
vt 0.694946 0.257337
vt 0.692482 0.257768
vt 0.699853 0.256415
vt 0.697412 0.256885
vt 0.702255 0.255928
vt 0.704586 0.255440
vt 0.706816 0.254971
vt 0.708925 0.254536
vt 0.710893 0.254155
vt 0.712706 0.253848
vt 0.714351 0.253641
vt 0.715825 0.253570
vt 0.719331 0.252653
vt 0.717909 0.252332
vt 0.683992 0.261127
vt 0.715393 0.254752
vt 0.718376 0.254023
vt 0.717147 0.253680
vt 0.670815 0.202315
vt 0.666342 0.204968
vt 0.716510 0.254770
vt 0.675397 0.199972
vt 0.695355 0.229609
vt 0.697338 0.229048
vt 0.699454 0.228438
vt 0.701687 0.227794
vt 0.704025 0.227136
vt 0.706454 0.226483
vt 0.708958 0.225861
vt 0.711511 0.225297
vt 0.714076 0.224823
vt 0.716587 0.224462
vt 0.687123 0.231842
vt 0.688468 0.232095
vt 0.718949 0.224222
vt 0.688486 0.235520
vt 0.721022 0.224076
vt 0.692849 0.233372
vt 0.695147 0.231252
vt 0.669522 0.207482
vt 0.689815 0.194937
vt 0.694781 0.193982
vt 0.695866 0.196796
vt 0.691210 0.197824
vt 0.699788 0.193795
vt 0.700572 0.196140
vt 0.704714 0.194139
vt 0.705273 0.196275
vt 0.709490 0.194972
vt 0.709847 0.196939
vt 0.714069 0.196257
vt 0.714248 0.198085
vt 0.718410 0.197944
vt 0.718415 0.199666
vt 0.722472 0.200003
vt 0.722292 0.201653
vt 0.726217 0.202428
vt 0.725834 0.204022
vt 0.729610 0.205217
vt 0.729018 0.206740
vt 0.732648 0.208347
vt 0.735313 0.211846
vt 0.668839 0.212527
vt 0.665316 0.215393
vt 0.680854 0.212780
vt 0.677694 0.214723
vt 0.688241 0.202196
vt 0.696824 0.199641
vt 0.692480 0.200791
vt 0.701251 0.198873
vt 0.705698 0.198575
vt 0.710088 0.198997
vt 0.714313 0.199971
vt 0.718311 0.201421
vt 0.722017 0.203306
vt 0.725392 0.205574
vt 0.728404 0.208191
vt 0.731829 0.209792
vt 0.734272 0.213171
vt 0.671869 0.214744
vt 0.668643 0.217369
vt 0.682862 0.215122
vt 0.679959 0.216916
vt 0.689699 0.205098
vt 0.697676 0.202522
vt 0.693629 0.203704
vt 0.701822 0.201613
vt 0.706028 0.201114
vt 0.710214 0.201147
vt 0.714281 0.201861
vt 0.718127 0.203139
vt 0.721692 0.204880
vt 0.724925 0.207028
vt 0.727799 0.209526
vt 0.731038 0.211128
vt 0.733301 0.214380
vt 0.674637 0.216875
vt 0.671676 0.219278
vt 0.684676 0.217307
vt 0.682005 0.218964
vt 0.685870 0.213474
vt 0.691028 0.207885
vt 0.698431 0.205331
vt 0.694667 0.206527
vt 0.702306 0.204355
vt 0.706263 0.203685
vt 0.710245 0.203457
vt 0.714156 0.203805
vt 0.717872 0.204824
vt 0.721317 0.206386
vt 0.724441 0.208383
vt 0.727201 0.210755
vt 0.730289 0.212344
vt 0.732420 0.215460
vt 0.677150 0.218895
vt 0.674427 0.221098
vt 0.686296 0.219323
vt 0.683835 0.220852
vt 0.687446 0.215778
vt 0.692234 0.210530
vt 0.688991 0.211949
vt 0.699097 0.208035
vt 0.695602 0.209219
vt 0.702711 0.207019
vt 0.706424 0.206245
vt 0.710194 0.205814
vt 0.713939 0.205865
vt 0.717548 0.206532
vt 0.720896 0.207852
vt 0.723927 0.209675
vt 0.726599 0.211902
vt 0.729580 0.213448
vt 0.731608 0.216433
vt 0.679420 0.220785
vt 0.676913 0.222810
vt 0.687722 0.221163
vt 0.685453 0.222572
vt 0.688850 0.217907
vt 0.693318 0.213013
vt 0.690323 0.214352
vt 0.699680 0.210602
vt 0.696436 0.211759
vt 0.703047 0.209575
vt 0.706524 0.208733
vt 0.710079 0.208164
vt 0.713654 0.207983
vt 0.717142 0.208332
vt 0.720420 0.209331
vt 0.723378 0.210940
vt 0.725977 0.213007
vt 0.728897 0.214466
vt 0.730842 0.217328
vt 0.681455 0.222529
vt 0.679145 0.224393
vt 0.688953 0.222828
vt 0.686863 0.224120
vt 0.690081 0.219854
vt 0.694279 0.215319
vt 0.691508 0.216577
vt 0.700184 0.213010
vt 0.697170 0.214127
vt 0.703321 0.211991
vt 0.706574 0.211117
vt 0.709921 0.210457
vt 0.713313 0.210113
vt 0.716674 0.210207
vt 0.719876 0.210884
vt 0.722781 0.212223
vt 0.725327 0.214102
vt 0.728215 0.215432
vt 0.730095 0.218174
vt 0.683262 0.224116
vt 0.681138 0.225833
vt 0.689990 0.224327
vt 0.688069 0.225500
vt 0.691137 0.221625
vt 0.695114 0.217442
vt 0.692542 0.218620
vt 0.700611 0.215245
vt 0.697802 0.216315
vt 0.703541 0.214251
vt 0.706587 0.213369
vt 0.709734 0.212659
vt 0.712948 0.212204
vt 0.716163 0.212116
vt 0.719271 0.212529
vt 0.722134 0.213565
vt 0.724641 0.215217
vt 0.727512 0.216381
vt 0.729344 0.218995
vt 0.684852 0.225537
vt 0.682907 0.227118
vt 0.690829 0.225678
vt 0.689070 0.226723
vt 0.692014 0.223231
vt 0.695821 0.219386
vt 0.693423 0.220483
vt 0.700964 0.217308
vt 0.698333 0.218326
vt 0.703712 0.216348
vt 0.706575 0.215478
vt 0.709540 0.214746
vt 0.712581 0.214225
vt 0.715644 0.214012
vt 0.718641 0.214224
vt 0.721444 0.214986
vt 0.723920 0.216370
vt 0.726779 0.217330
vt 0.728563 0.219808
vt 0.686235 0.226790
vt 0.684471 0.228240
vt 0.691459 0.226913
vt 0.689858 0.227805
vt 0.692708 0.224697
vt 0.696397 0.221167
vt 0.694148 0.222183
vt 0.701245 0.219212
vt 0.698762 0.220175
vt 0.703842 0.218293
vt 0.706549 0.217446
vt 0.709355 0.216713
vt 0.712239 0.216156
vt 0.715155 0.215857
vt 0.718027 0.215922
vt 0.720744 0.216461
vt 0.723169 0.217573
vt 0.726009 0.218292
vt 0.727740 0.220615
vt 0.687420 0.227875
vt 0.685851 0.229193
vt 0.693215 0.226061
vt 0.696841 0.222816
vt 0.694713 0.223748
vt 0.701456 0.220989
vt 0.699090 0.221894
vt 0.703934 0.220115
vt 0.706518 0.219297
vt 0.709195 0.218573
vt 0.711945 0.217999
vt 0.714728 0.217643
vt 0.717475 0.217593
vt 0.720082 0.217950
vt 0.722421 0.218813
vt 0.725205 0.219264
vt 0.726868 0.221411
vt 0.688408 0.228792
vt 0.687071 0.229966
vt 0.697154 0.224375
vt 0.695116 0.225219
vt 0.701602 0.222681
vt 0.699319 0.223526
vt 0.703995 0.221855
vt 0.706490 0.221070
vt 0.709072 0.220363
vt 0.711720 0.219780
vt 0.714393 0.219380
vt 0.717026 0.219236
vt 0.719515 0.219431
vt 0.721732 0.220054
vt 0.724377 0.220241
vt 0.725941 0.222178
vt 0.723553 0.221191
vt 0.724952 0.222886
vt 0.737636 0.215675
vt 0.739646 0.219786
vt 0.704016 0.192175
vt 0.708981 0.193253
vt 0.713720 0.194667
vt 0.718247 0.196370
vt 0.722514 0.198449
vt 0.726475 0.200905
vt 0.741782 0.233723
vt 0.740033 0.234085
vt 0.739247 0.229849
vt 0.738534 0.234396
vt 0.737859 0.230323
vt 0.737243 0.234671
vt 0.736654 0.230743
vt 0.736108 0.234925
vt 0.735587 0.231129
vt 0.735069 0.235170
vt 0.734607 0.231496
vt 0.734064 0.235411
vt 0.733658 0.231855
vt 0.733025 0.235645
vt 0.732685 0.232205
vt 0.731885 0.235866
vt 0.731632 0.232538
vt 0.730560 0.236072
vt 0.730447 0.232847
vt 0.728998 0.236261
vt 0.729058 0.233133
vt 0.727259 0.236420
vt 0.727445 0.233386
vt 0.743813 0.233296
vt 0.744609 0.237990
vt 0.742423 0.238198
vt 0.745098 0.242691
vt 0.742778 0.242674
vt 0.745275 0.247339
vt 0.742844 0.247097
vt 0.745127 0.251885
vt 0.742616 0.251415
vt 0.744659 0.256262
vt 0.742079 0.255581
vt 0.743837 0.260432
vt 0.741240 0.259537
vt 0.742700 0.264316
vt 0.740071 0.263247
vt 0.741193 0.267896
vt 0.738602 0.266648
vt 0.735723 0.222498
vt 0.734226 0.218856
vt 0.738201 0.225701
vt 0.740548 0.238369
vt 0.740793 0.242652
vt 0.740771 0.246879
vt 0.740472 0.251006
vt 0.739893 0.254982
vt 0.739023 0.258762
vt 0.737863 0.262299
vt 0.736400 0.265559
vt 0.734702 0.223205
vt 0.733308 0.219699
vt 0.736926 0.226339
vt 0.738949 0.238514
vt 0.739106 0.242628
vt 0.739009 0.246688
vt 0.738654 0.250648
vt 0.738034 0.254460
vt 0.737145 0.258080
vt 0.735980 0.261464
vt 0.734537 0.264575
vt 0.733780 0.223848
vt 0.732460 0.220470
vt 0.735811 0.226904
vt 0.737578 0.238643
vt 0.737663 0.242609
vt 0.737503 0.246520
vt 0.737094 0.250330
vt 0.736432 0.253992
vt 0.735511 0.257459
vt 0.734328 0.260687
vt 0.732879 0.263642
vt 0.732914 0.224456
vt 0.731656 0.221194
vt 0.734814 0.227420
vt 0.736377 0.238764
vt 0.736398 0.242594
vt 0.736178 0.246365
vt 0.735709 0.250030
vt 0.734988 0.253540
vt 0.734013 0.256845
vt 0.732785 0.259900
vt 0.731290 0.262659
vt 0.732063 0.225045
vt 0.730853 0.221898
vt 0.733890 0.227909
vt 0.735278 0.238882
vt 0.735235 0.242579
vt 0.734941 0.246209
vt 0.734391 0.249721
vt 0.733580 0.253061
vt 0.732489 0.256163
vt 0.731115 0.258962
vt 0.729494 0.261427
vt 0.731188 0.225620
vt 0.730025 0.222589
vt 0.732990 0.228384
vt 0.734206 0.238997
vt 0.734082 0.242558
vt 0.733688 0.246037
vt 0.733002 0.249371
vt 0.732006 0.252489
vt 0.730734 0.255326
vt 0.729249 0.257852
vt 0.727603 0.260063
vt 0.730257 0.226174
vt 0.729148 0.223263
vt 0.732068 0.228847
vt 0.733082 0.239106
vt 0.732839 0.242524
vt 0.732269 0.245829
vt 0.731376 0.248950
vt 0.730218 0.251827
vt 0.728860 0.254419
vt 0.727357 0.256709
vt 0.725747 0.258703
vt 0.729242 0.226697
vt 0.728205 0.223911
vt 0.731083 0.229288
vt 0.731809 0.239202
vt 0.731373 0.242468
vt 0.730610 0.245585
vt 0.729584 0.248495
vt 0.728359 0.251154
vt 0.726992 0.253532
vt 0.725531 0.255621
vt 0.724001 0.257436
vt 0.728109 0.227174
vt 0.727174 0.224517
vt 0.729991 0.229699
vt 0.730296 0.239285
vt 0.729695 0.242395
vt 0.728825 0.245334
vt 0.727747 0.248057
vt 0.726521 0.250527
vt 0.725200 0.252725
vt 0.723820 0.254647
vt 0.722400 0.256312
vt 0.726816 0.227591
vt 0.726028 0.225053
vt 0.728749 0.230072
vt 0.728595 0.239352
vt 0.727907 0.242317
vt 0.726998 0.245101
vt 0.725927 0.247664
vt 0.724747 0.249979
vt 0.723506 0.252031
vt 0.722233 0.253819
vt 0.720948 0.255356
vt 0.727299 0.230403
vt 0.726779 0.239398
vt 0.726062 0.242240
vt 0.725164 0.244896
vt 0.724138 0.247332
vt 0.723034 0.249526
vt 0.721894 0.251467
vt 0.720751 0.253151
vt 0.719621 0.254588
vt 0.229154 0.577926
vt 0.225330 0.575309
vt 0.473034 0.690016
vt 0.476984 0.686576
vt 0.473160 0.686841
vt 0.471661 0.708017
vt 0.468662 0.708372
vt 0.471378 0.713509
vt 0.468436 0.713637
vt 0.471075 0.719070
vt 0.468255 0.718947
vt 0.470839 0.724589
vt 0.468067 0.724190
vt 0.641494 0.234396
vt 0.643519 0.229037
vt 0.648480 0.229810
vt 0.646080 0.234795
vt 0.646533 0.224032
vt 0.651260 0.225121
vt 0.649933 0.219383
vt 0.654495 0.220809
vt 0.653730 0.215153
vt 0.657988 0.216890
vt 0.463358 0.691434
vt 0.463345 0.687897
vt 0.466188 0.694636
vt 0.465790 0.708699
vt 0.465659 0.713755
vt 0.465523 0.718816
vt 0.465451 0.723740
vt 0.652964 0.230567
vt 0.650724 0.235245
vt 0.655687 0.226215
vt 0.658692 0.222224
vt 0.661924 0.218618
vt 0.460661 0.692291
vt 0.460642 0.688855
vt 0.463319 0.695369
vt 0.463082 0.709014
vt 0.462997 0.713852
vt 0.462957 0.718660
vt 0.462929 0.723291
vt 0.657163 0.231334
vt 0.654918 0.235694
vt 0.659732 0.227300
vt 0.662545 0.223626
vt 0.665528 0.220319
vt 0.460578 0.685889
vt 0.458171 0.693196
vt 0.458155 0.689879
vt 0.460647 0.696142
vt 0.460521 0.709307
vt 0.460502 0.713936
vt 0.460528 0.718488
vt 0.460550 0.722826
vt 0.660999 0.232104
vt 0.658825 0.236159
vt 0.663433 0.228379
vt 0.666054 0.225003
vt 0.668811 0.221976
vt 0.458105 0.687028
vt 0.455881 0.694096
vt 0.455880 0.690929
vt 0.458164 0.696909
vt 0.458121 0.709574
vt 0.458192 0.714015
vt 0.458262 0.718295
vt 0.458340 0.722349
vt 0.664505 0.232877
vt 0.662423 0.236636
vt 0.666797 0.229443
vt 0.669237 0.226343
vt 0.671788 0.223569
vt 0.455857 0.688232
vt 0.453797 0.694996
vt 0.453821 0.691997
vt 0.455869 0.697656
vt 0.455953 0.709877
vt 0.456061 0.714062
vt 0.456194 0.718086
vt 0.660618 0.240690
vt 0.665711 0.237127
vt 0.663965 0.240899
vt 0.667698 0.233646
vt 0.669848 0.230478
vt 0.672117 0.227626
vt 0.674477 0.225078
vt 0.667000 0.268056
vt 0.669052 0.266987
vt 0.451938 0.695914
vt 0.451995 0.693109
vt 0.453780 0.698404
vt 0.453982 0.710143
vt 0.454152 0.714096
vt 0.454345 0.717857
vt 0.668723 0.237617
vt 0.667035 0.241128
vt 0.670598 0.234390
vt 0.672609 0.231460
vt 0.674716 0.228829
vt 0.676899 0.226482
vt 0.671044 0.265875
vt 0.669031 0.263070
vt 0.671165 0.262104
vt 0.673068 0.264697
vt 0.451909 0.699152
vt 0.452249 0.710390
vt 0.452477 0.714105
vt 0.665619 0.244888
vt 0.669872 0.241363
vt 0.668488 0.244880
vt 0.671475 0.238090
vt 0.673235 0.235089
vt 0.675106 0.232370
vt 0.677057 0.229932
vt 0.679070 0.227761
vt 0.673423 0.261083
vt 0.675146 0.263482
vt 0.450294 0.699934
vt 0.666784 0.252425
vt 0.667416 0.248594
vt 0.670119 0.248381
vt 0.671172 0.244891
vt 0.672491 0.241594
vt 0.673998 0.238532
vt 0.675637 0.235726
vt 0.677369 0.233188
vt 0.679166 0.230917
vt 0.681013 0.228901
vt 0.675748 0.260075
vt 0.677233 0.262306
vt 0.669829 0.259051
vt 0.672266 0.258223
vt 0.672696 0.248196
vt 0.673697 0.244911
vt 0.674933 0.241806
vt 0.676333 0.238923
vt 0.677846 0.236282
vt 0.679436 0.233898
vt 0.681077 0.231769
vt 0.682755 0.229890
vt 0.678073 0.259150
vt 0.679289 0.261237
vt 0.674763 0.257409
vt 0.675187 0.248027
vt 0.676108 0.244925
vt 0.677244 0.241986
vt 0.678528 0.239251
vt 0.679909 0.236746
vt 0.681350 0.234487
vt 0.682828 0.232479
vt 0.684327 0.230718
vt 0.677265 0.256658
vt 0.677635 0.247866
vt 0.678458 0.244923
vt 0.679479 0.242122
vt 0.680635 0.239507
vt 0.681875 0.237109
vt 0.683161 0.234948
vt 0.684464 0.233035
vt 0.685767 0.231375
vt 0.640104 0.239915
vt 0.473139 0.684208
vt 0.564911 0.599880
vt 0.450334 0.696880
vt 0.519091 0.305234
vt 0.754756 0.767915
vt 0.829752 0.307674
vt 0.551315 0.369033
vt 0.395395 0.394700
vt 0.380285 0.398971
vt 0.294858 0.423916
vt 0.865251 0.823982
vt 0.870882 0.819765
vt 0.877830 0.814897
vt 0.443484 0.169953
vt 0.433261 0.175242
vt 0.416344 0.210729
vt 0.014723 0.347129
vt 0.233239 0.581241
vt 0.219626 0.522187
vt 0.706322 0.288915
vt 0.504203 0.681003
vt 0.610234 0.273099
vt 0.748044 0.213528
vt 0.747112 0.214333
s 1
usemtl initialShadingGroup
f 561/1/1 562/2/2 577/3/3 576/4/4
f 41/5/5 40/6/6 1450/7/7 1451/8/8
f 42/9/9 41/5/5 1451/8/8 1452/10/10
f 43/11/11 42/9/9 1452/10/10 1453/12/12
f 44/13/13 43/11/11 1453/12/12 1454/14/14
f 45/15/15 44/13/13 1454/14/14 1455/16/16
f 46/17/17 45/15/15 1455/16/16 1456/18/18
f 47/19/19 46/17/17 1456/18/18 1457/20/20
f 48/21/21 47/19/19 1457/20/20 1458/22/22
f 49/23/23 48/21/21 1458/22/22 1459/24/24
f 50/25/25 49/23/23 1459/24/24 1460/26/26
f 2/27/27 50/25/25 1460/26/26 200/28/28
f 576/4/4 577/3/3 592/29/29 591/30/30
f 51/31/31 2/27/27 291/32/32 2150/33/33
f 581/34/34 582/35/35 597/36/36 596/37/37
f 582/35/35 583/38/38 598/39/39 597/36/36
f 583/38/38 584/40/40 599/41/41 598/39/39
f 584/40/40 585/42/42 600/43/43 599/41/41
f 585/42/42 586/44/44 601/45/45 600/43/43
f 586/44/44 587/46/46 602/47/47 601/45/45
f 587/46/46 588/48/48 603/49/49 602/47/47
f 588/48/48 589/50/50 604/51/51 603/49/49
f 589/50/50 590/52/52 605/53/53 604/51/51
f 52/54/54 51/31/31 2150/33/33 2149/55/55
f 33/56/56 32/57/57 1464/58/58 1463/59/59
f 621/60/60 622/61/61 637/62/62 636/63/63
f 607/64/64 608/65/65 623/66/66 622/61/61
f 594/67/67 595/68/68 610/69/69 609/70/70
f 596/37/37 597/36/36 612/71/71 611/72/72
f 597/36/36 598/39/39 613/73/73 612/71/71
f 598/39/39 599/41/41 614/74/74 613/73/73
f 599/41/41 600/43/43 615/75/75 614/74/74
f 600/43/43 601/45/45 616/76/76 615/75/75
f 601/45/45 602/47/47 617/77/77 616/76/76
f 602/47/47 603/49/49 618/78/78 617/77/77
f 603/49/49 604/51/51 619/79/79 618/78/78
f 604/51/51 605/53/53 620/80/80 619/79/79
f 53/81/81 52/54/54 2149/55/55 2148/82/82
f 32/57/57 31/83/83 1465/84/84 1464/58/58
f 636/63/63 637/62/62 652/85/85 651/86/86
f 622/61/61 623/66/66 638/87/87 637/62/62
f 609/70/70 610/69/69 625/88/88 624/89/89
f 611/72/72 612/71/71 627/90/90 626/91/91
f 612/71/71 613/73/73 628/92/92 627/90/90
f 613/73/73 614/74/74 629/93/93 628/92/92
f 614/74/74 615/75/75 630/94/94 629/93/93
f 615/75/75 616/76/76 631/95/95 630/94/94
f 616/76/76 617/77/77 632/96/96 631/95/95
f 617/77/77 618/78/78 633/97/97 632/96/96
f 618/78/78 619/79/79 634/98/98 633/97/97
f 619/79/79 620/80/80 635/99/99 634/98/98
f 54/100/100 53/81/81 2148/82/82 2147/101/101
f 31/102/83 30/103/102 1466/104/103 1465/105/84
f 651/86/86 652/85/85 667/106/104 666/107/105
f 637/62/62 638/87/87 653/108/106 652/85/85
f 624/89/89 625/88/88 640/109/107 639/110/108
f 626/91/91 627/90/90 642/111/109 641/112/110
f 627/90/90 628/92/92 643/113/111 642/111/109
f 628/114/92 629/115/93 644/116/112 643/117/111
f 629/115/93 630/118/94 645/119/113 644/116/112
f 630/94/94 631/95/95 646/120/114 645/121/113
f 631/95/95 632/96/96 647/122/115 646/120/114
f 632/96/96 633/97/97 648/123/116 647/122/115
f 633/97/97 634/98/98 649/124/117 648/123/116
f 634/98/98 635/99/99 650/125/118 649/124/117
f 55/126/119 54/100/100 2147/101/101 2146/127/120
f 30/103/102 29/128/121 1467/129/122 1466/104/103
f 666/107/105 667/106/104 682/130/123 681/131/124
f 652/85/85 653/108/106 668/132/125 667/106/104
f 639/110/108 640/109/107 655/133/126 654/134/127
f 641/135/110 642/136/109 657/137/128 656/138/129
f 642/136/109 643/117/111 658/139/130 657/137/128
f 643/117/111 644/116/112 659/140/131 658/139/130
f 644/116/112 645/119/113 660/141/132 659/140/131
f 645/121/113 646/120/114 661/142/133 660/143/132
f 646/120/114 647/122/115 662/144/134 661/142/133
f 647/122/115 648/123/116 663/145/135 662/144/134
f 648/123/116 649/124/117 664/146/136 663/145/135
f 649/124/117 650/125/118 665/147/137 664/146/136
f 56/148/138 55/126/119 2146/127/120 2145/149/139
f 29/128/121 28/150/140 1468/151/141 1467/129/122
f 681/131/124 682/130/123 697/152/142 696/153/143
f 667/106/104 668/132/125 683/154/144 682/130/123
f 654/134/127 655/133/126 670/155/145 669/156/146
f 656/138/129 657/137/128 672/157/147 671/158/148
f 657/137/128 658/139/130 673/159/149 672/157/147
f 658/139/130 659/140/131 674/160/150 673/159/149
f 659/140/131 660/141/132 675/161/151 674/160/150
f 660/141/132 661/162/133 676/163/152 675/161/151
f 661/142/133 662/144/134 677/164/153 676/165/152
f 662/144/134 663/145/135 678/166/154 677/164/153
f 663/145/135 664/146/136 679/167/155 678/166/154
f 664/146/136 665/147/137 680/168/156 679/167/155
f 57/169/157 56/148/138 2145/149/139 2144/170/158
f 28/150/140 27/171/159 1469/172/160 1468/151/141
f 696/153/143 697/152/142 712/173/161 711/174/162
f 682/130/123 683/154/144 698/175/163 697/152/142
f 669/156/146 670/155/145 685/176/164 684/177/165
f 671/158/148 672/157/147 687/178/166 686/179/167
f 672/157/147 673/159/149 688/180/168 687/178/166
f 673/159/149 674/160/150 689/181/169 688/180/168
f 674/160/150 675/161/151 690/182/170 689/181/169
f 675/161/151 676/163/152 691/183/171 690/182/170
f 676/163/152 677/184/153 692/185/172 691/183/171
f 677/164/153 678/166/154 693/186/173 692/187/172
f 678/166/154 679/167/155 694/188/174 693/186/173
f 679/167/155 680/168/156 695/189/175 694/188/174
f 58/190/176 57/169/157 2144/170/158 2143/191/177
f 27/171/159 26/192/178 1470/193/179 1469/172/160
f 711/174/162 712/173/161 727/194/180 726/195/181
f 697/152/142 698/175/163 713/196/182 712/173/161
f 684/177/165 685/176/164 700/197/183 699/198/184
f 686/179/167 687/178/166 702/199/185 701/200/186
f 687/178/166 688/180/168 703/201/187 702/199/185
f 688/180/168 689/181/169 704/202/188 703/201/187
f 689/181/169 690/182/170 705/203/189 704/202/188
f 690/182/170 691/183/171 706/204/190 705/203/189
f 691/183/171 692/185/172 707/205/191 706/204/190
f 692/185/172 693/206/173 708/207/192 707/205/191
f 693/186/173 694/188/174 709/208/193 708/209/192
f 694/188/174 695/189/175 710/210/194 709/208/193
f 59/211/195 58/190/176 2143/191/177 2142/212/196
f 26/192/178 25/213/197 1471/214/198 1470/193/179
f 726/195/181 727/194/180 742/215/199 741/216/200
f 712/173/161 713/196/182 728/217/201 727/194/180
f 699/198/184 700/197/183 715/218/202 714/219/203
f 701/200/186 702/199/185 717/220/204 716/221/205
f 702/199/185 703/201/187 718/222/206 717/220/204
f 703/201/187 704/202/188 719/223/207 718/222/206
f 704/202/188 705/203/189 720/224/208 719/223/207
f 705/203/189 706/204/190 721/225/209 720/224/208
f 706/204/190 707/205/191 722/226/210 721/225/209
f 707/205/191 708/207/192 723/227/211 722/226/210
f 708/209/192 709/208/193 724/228/212 723/229/211
f 709/208/193 710/210/194 725/230/213 724/228/212
f 60/231/214 59/211/195 2142/212/196 2141/232/215
f 25/213/197 24/233/216 1472/234/217 1471/214/198
f 741/216/200 742/215/199 757/235/218 756/236/219
f 727/194/180 728/217/201 743/237/220 742/215/199
f 714/219/203 715/218/202 730/238/221 729/239/222
f 716/221/205 717/220/204 732/240/223 731/241/224
f 717/220/204 718/222/206 733/242/225 732/240/223
f 718/222/206 719/223/207 734/243/226 733/242/225
f 719/223/207 720/224/208 735/244/227 734/243/226
f 720/224/208 721/225/209 736/245/228 735/244/227
f 721/225/209 722/226/210 737/246/229 736/245/228
f 722/226/210 723/227/211 738/247/230 737/246/229
f 723/229/211 724/228/212 739/248/231 738/249/230
f 724/228/212 725/230/213 740/250/232 739/248/231
f 61/251/233 60/231/214 2141/232/215 2140/252/234
f 24/233/216 23/253/235 1473/254/236 1472/234/217
f 756/255/219 757/256/218 772/257/237 771/258/238
f 742/215/199 743/237/220 758/259/239 757/235/218
f 729/239/222 730/238/221 745/260/240 744/261/241
f 731/241/224 732/240/223 747/262/242 746/263/243
f 732/240/223 733/242/225 748/264/244 747/262/242
f 733/242/225 734/243/226 749/265/245 748/264/244
f 734/243/226 735/244/227 750/266/246 749/265/245
f 735/244/227 736/245/228 751/267/247 750/266/246
f 736/245/228 737/246/229 752/268/248 751/267/247
f 737/246/229 738/247/230 753/269/249 752/268/248
f 738/249/230 739/248/231 754/270/250 753/271/249
f 739/248/231 740/250/232 755/272/251 754/270/250
f 62/273/252 61/251/233 2140/252/234 2139/274/253
f 23/253/235 22/275/254 1474/276/255 1473/254/236
f 79/277/256 78/278/257 788/279/258 787/280/259
f 757/256/218 758/281/239 773/282/260 772/257/237
f 744/261/241 745/260/240 760/283/261 759/284/262
f 746/263/243 747/262/242 762/285/263 761/286/264
f 747/262/242 748/264/244 763/287/265 762/285/263
f 748/264/244 749/265/245 764/288/266 763/287/265
f 749/265/245 750/266/246 765/289/267 764/288/266
f 750/266/246 751/267/247 766/290/268 765/289/267
f 751/267/247 752/268/248 767/291/269 766/290/268
f 752/268/248 753/269/249 768/292/270 767/291/269
f 753/271/249 754/270/250 769/293/271 768/294/270
f 754/270/250 755/272/251 770/295/272 769/293/271
f 63/296/273 62/273/252 2139/274/253 2138/297/274
f 22/275/254 21/298/275 1475/299/276 1474/276/255
f 3/300/277 95/301/278 3486/302/279 381/303/280
f 78/278/257 77/304/281 789/305/282 788/279/258
f 759/306/262 760/307/261 775/308/283 774/309/284
f 761/286/264 762/285/263 777/310/285 776/311/286
f 762/285/263 763/287/265 778/312/287 777/310/285
f 763/287/265 764/288/266 779/313/288 778/312/287
f 764/288/266 765/289/267 780/314/289 779/313/288
f 765/289/267 766/290/268 781/315/290 780/314/289
f 766/290/268 767/291/269 782/316/291 781/315/290
f 767/291/269 768/292/270 783/317/292 782/316/291
f 768/294/270 769/293/271 784/318/293 783/319/292
f 769/293/271 770/295/272 785/320/294 784/318/293
f 64/321/295 63/296/273 2138/297/274 2137/322/296
f 80/323/297 79/277/256 787/280/259 786/324/298
f 21/325/275 3/300/277 381/303/280 1475/326/276
f 786/324/298 787/280/259 802/327/299 801/328/300
f 76/329/301 75/330/302 791/331/303 790/332/304
f 74/333/305 73/334/306 793/335/307 792/336/308
f 73/334/306 72/337/309 794/338/310 793/335/307
f 72/337/309 71/339/311 795/340/312 794/338/310
f 71/339/311 70/341/313 796/342/314 795/340/312
f 70/341/313 69/343/315 797/344/316 796/342/314
f 69/343/315 68/345/317 798/346/318 797/344/316
f 68/345/317 67/347/319 799/348/320 798/346/318
f 67/347/319 66/349/321 800/350/322 799/348/320
f 66/351/321 4/352/323 96/353/324 800/354/322
f 65/355/325 64/321/295 2137/322/296 2136/356/326
f 3/300/277 80/323/297 786/324/298 95/301/278
f 4/352/323 65/355/325 2136/356/326 320/357/327
f 788/279/258 789/305/282 804/358/328 803/359/329
f 787/280/259 788/279/258 803/359/329 802/327/299
f 35/360/330 1/361/331 36/362/332 561/1/1
f 36/362/332 37/363/333 562/2/2 561/1/1
f 37/364/333 38/365/334 563/366/335 562/367/2
f 38/365/334 39/368/336 564/369/337 563/366/335
f 39/368/336 40/6/6 565/370/338 564/369/337
f 40/6/6 41/5/5 566/371/339 565/370/338
f 41/5/5 42/9/9 567/372/340 566/371/339
f 42/9/9 43/11/11 568/373/341 567/372/340
f 43/11/11 44/13/13 569/374/342 568/373/341
f 44/13/13 45/15/15 570/375/343 569/374/342
f 45/15/15 46/17/17 571/376/344 570/375/343
f 46/17/17 47/19/19 572/377/345 571/376/344
f 47/19/19 48/21/21 573/378/346 572/377/345
f 48/21/21 49/23/23 574/379/347 573/378/346
f 49/23/23 50/25/25 575/380/348 574/379/347
f 50/25/25 2/27/27 51/31/31 575/380/348
f 593/381/349 594/67/67 609/70/70 608/65/65
f 2154/382/350 2155/383/351 2170/384/352 2169/385/353
f 51/31/31 52/54/54 590/52/52 575/380/348
f 2167/386/354 2168/387/355 2183/388/356 2182/389/357
f 52/54/54 53/81/81 605/53/53 590/52/52
f 2181/390/358 2182/389/357 2197/391/359 2196/392/360
f 53/81/81 54/100/100 620/80/80 605/53/53
f 319/393/361 318/394/362 2630/395/363 2615/396/364
f 54/100/100 55/126/119 635/99/99 620/80/80
f 55/126/119 56/148/138 650/125/118 635/99/99
f 56/148/138 57/169/157 665/147/137 650/125/118
f 57/169/157 58/190/176 680/168/156 665/147/137
f 58/190/176 59/211/195 695/189/175 680/168/156
f 59/211/195 60/231/214 710/210/194 695/189/175
f 60/231/214 61/251/233 725/230/213 710/210/194
f 61/251/233 62/273/252 740/250/232 725/230/213
f 62/273/252 63/296/273 755/272/251 740/250/232
f 63/296/273 64/321/295 770/295/272 755/272/251
f 64/321/295 65/355/325 785/320/294 770/295/272
f 785/320/294 65/355/325 4/352/323 66/351/321
f 804/358/328 805/397/365 820/398/366 819/399/367
f 66/351/321 67/400/319 784/318/293 785/320/294
f 817/401/368 818/402/369 833/403/370 832/404/371
f 67/347/319 68/345/317 783/317/292 784/405/293
f 831/406/372 832/404/371 847/407/373 846/408/374
f 68/345/317 69/343/315 782/316/291 783/317/292
f 94/409/375 93/410/376 3488/411/377 3487/412/378
f 69/343/315 70/341/313 781/315/290 782/316/291
f 70/341/313 71/339/311 780/314/289 781/315/290
f 71/339/311 72/337/309 779/313/288 780/314/289
f 72/337/309 73/334/306 778/312/287 779/313/288
f 73/334/306 74/333/305 777/310/285 778/312/287
f 74/333/305 75/330/302 776/311/286 777/310/285
f 75/330/302 76/329/301 775/308/283 776/311/286
f 76/329/301 77/304/281 774/309/284 775/308/283
f 77/304/281 78/278/257 773/282/260 774/309/284
f 78/278/257 79/277/256 772/257/237 773/282/260
f 79/277/256 80/323/297 771/258/238 772/257/237
f 3/300/277 21/325/275 771/258/238 80/323/297
f 1479/413/379 1480/414/380 1495/415/381 1494/416/382
f 21/298/275 22/275/254 756/236/219 771/417/238
f 1492/418/383 1493/419/384 1508/420/385 1507/421/386
f 22/275/254 23/253/235 741/216/200 756/236/219
f 1506/422/387 1507/421/386 1522/423/388 1521/424/389
f 23/253/235 24/233/216 726/195/181 741/216/200
f 409/425/390 408/426/391 3305/427/392 3290/428/393
f 24/233/216 25/213/197 711/174/162 726/195/181
f 25/213/197 26/192/178 696/153/143 711/174/162
f 26/192/178 27/171/159 681/131/124 696/153/143
f 27/171/159 28/150/140 666/107/105 681/131/124
f 28/150/140 29/128/121 651/86/86 666/107/105
f 29/128/121 30/103/102 636/63/63 651/86/86
f 30/103/102 31/102/83 621/60/60 636/63/63
f 31/102/83 32/429/57 606/430/394 621/60/60
f 32/57/57 33/56/56 591/30/30 606/431/394
f 33/56/56 34/432/395 576/4/4 591/30/30
f 34/432/395 35/360/330 561/1/1 576/4/4
f 564/369/337 565/370/338 580/433/396 579/434/397
f 801/328/300 802/327/299 817/401/368 816/435/398
f 96/353/324 4/352/323 320/357/327 2600/436/399
f 806/437/400 807/438/401 822/439/402 821/440/403
f 807/438/401 808/441/404 823/442/405 822/439/402
f 808/441/404 809/443/406 824/444/407 823/442/405
f 809/443/406 810/445/408 825/446/409 824/444/407
f 810/445/408 811/447/410 826/448/411 825/446/409
f 811/447/410 812/449/412 827/450/413 826/448/411
f 812/449/412 813/451/414 828/452/415 827/450/413
f 813/451/414 814/453/416 829/454/417 828/452/415
f 814/453/416 815/455/418 830/456/419 829/454/417
f 97/457/420 96/458/324 2600/459/399 2599/460/421
f 93/410/376 92/461/422 3489/462/423 3488/411/377
f 846/408/374 847/407/373 862/463/424 861/464/425
f 832/404/371 833/403/370 848/465/426 847/407/373
f 819/399/367 820/398/366 835/466/427 834/467/428
f 821/440/403 822/439/402 837/468/429 836/469/430
f 822/439/402 823/442/405 838/470/431 837/468/429
f 823/442/405 824/444/407 839/471/432 838/470/431
f 824/444/407 825/446/409 840/472/433 839/471/432
f 825/446/409 826/448/411 841/473/434 840/472/433
f 826/448/411 827/450/413 842/474/435 841/473/434
f 827/450/413 828/452/415 843/475/436 842/474/435
f 828/452/415 829/454/417 844/476/437 843/475/436
f 829/454/417 830/456/419 845/477/438 844/476/437
f 98/478/439 97/457/420 2599/460/421 2598/479/440
f 92/461/422 91/480/441 3490/481/442 3489/462/423
f 861/464/425 862/463/424 877/482/443 876/483/444
f 847/407/373 848/465/426 863/484/445 862/463/424
f 834/467/428 835/466/427 850/485/446 849/486/447
f 836/469/430 837/468/429 852/487/448 851/488/449
f 837/468/429 838/470/431 853/489/450 852/487/448
f 838/470/431 839/471/432 854/490/451 853/489/450
f 839/471/432 840/472/433 855/491/452 854/490/451
f 840/472/433 841/473/434 856/492/453 855/491/452
f 841/473/434 842/474/435 857/493/454 856/492/453
f 842/474/435 843/475/436 858/494/455 857/493/454
f 843/475/436 844/476/437 859/495/456 858/494/455
f 844/476/437 845/477/438 860/496/457 859/495/456
f 99/497/458 98/478/439 2598/479/440 2597/498/459
f 91/480/441 90/499/460 3491/500/461 3490/481/442
f 876/483/444 877/482/443 892/501/462 891/502/463
f 862/463/424 863/484/445 878/503/464 877/482/443
f 849/486/447 850/485/446 865/504/465 864/505/466
f 851/488/449 852/487/448 867/506/467 866/507/468
f 852/487/448 853/489/450 868/508/469 867/506/467
f 853/489/450 854/490/451 869/509/470 868/508/469
f 854/490/451 855/491/452 870/510/471 869/509/470
f 855/491/452 856/492/453 871/511/472 870/510/471
f 856/492/453 857/493/454 872/512/473 871/511/472
f 857/493/454 858/494/455 873/513/474 872/512/473
f 858/494/455 859/495/456 874/514/475 873/513/474
f 859/495/456 860/496/457 875/515/476 874/514/475
f 100/516/477 99/497/458 2597/498/459 2596/517/478
f 90/499/460 89/518/479 3492/519/480 3491/500/461
f 891/502/463 892/501/462 907/520/481 906/521/482
f 877/482/443 878/503/464 893/522/483 892/501/462
f 864/505/466 865/504/465 880/523/484 879/524/485
f 866/507/468 867/506/467 882/525/486 881/526/487
f 867/506/467 868/508/469 883/527/488 882/525/486
f 868/508/469 869/509/470 884/528/489 883/527/488
f 869/509/470 870/510/471 885/529/490 884/528/489
f 870/510/471 871/511/472 886/530/491 885/529/490
f 871/511/472 872/512/473 887/531/492 886/530/491
f 872/512/473 873/513/474 888/532/493 887/531/492
f 873/513/474 874/514/475 889/533/494 888/532/493
f 874/514/475 875/515/476 890/534/495 889/533/494
f 101/535/496 100/516/477 2596/517/478 2595/536/497
f 89/518/479 88/537/498 3493/538/499 3492/519/480
f 906/521/482 907/520/481 922/539/500 921/540/501
f 892/501/462 893/522/483 908/541/502 907/520/481
f 879/524/485 880/523/484 895/542/503 894/543/504
f 881/526/487 882/525/486 897/544/505 896/545/506
f 882/525/486 883/527/488 898/546/507 897/544/505
f 883/527/488 884/528/489 899/547/508 898/546/507
f 884/528/489 885/529/490 900/548/509 899/547/508
f 885/529/490 886/530/491 901/549/510 900/548/509
f 886/530/491 887/531/492 902/550/511 901/549/510
f 887/531/492 888/532/493 903/551/512 902/550/511
f 888/532/493 889/533/494 904/552/513 903/551/512
f 889/533/494 890/534/495 905/553/514 904/552/513
f 102/554/515 101/535/496 2595/536/497 2594/555/516
f 88/537/498 87/556/517 3494/557/518 3493/538/499
f 921/540/501 922/539/500 937/558/519 936/559/520
f 907/520/481 908/541/502 923/560/521 922/539/500
f 894/543/504 895/542/503 910/561/522 909/562/523
f 896/545/506 897/544/505 912/563/524 911/564/525
f 897/544/505 898/546/507 913/565/526 912/563/524
f 898/546/507 899/547/508 914/566/527 913/565/526
f 899/547/508 900/548/509 915/567/528 914/566/527
f 900/548/509 901/549/510 916/568/529 915/567/528
f 901/549/510 902/550/511 917/569/530 916/568/529
f 902/550/511 903/551/512 918/570/531 917/569/530
f 903/551/512 904/552/513 919/571/532 918/570/531
f 904/552/513 905/553/514 920/572/533 919/571/532
f 103/573/534 102/554/515 2594/555/516 2593/574/535
f 87/556/517 86/575/536 3495/576/537 3494/557/518
f 936/559/520 937/558/519 952/577/538 951/578/539
f 922/539/500 923/560/521 938/579/540 937/558/519
f 909/562/523 910/561/522 925/580/541 924/581/542
f 911/564/525 912/563/524 927/582/543 926/583/544
f 912/563/524 913/565/526 928/584/545 927/582/543
f 913/565/526 914/566/527 929/585/546 928/584/545
f 914/566/527 915/567/528 930/586/547 929/585/546
f 915/567/528 916/568/529 931/587/548 930/586/547
f 916/568/529 917/569/530 932/588/549 931/587/548
f 917/569/530 918/570/531 933/589/550 932/588/549
f 918/570/531 919/571/532 934/590/551 933/589/550
f 919/571/532 920/572/533 935/591/552 934/590/551
f 104/592/553 103/573/534 2593/574/535 2592/593/554
f 86/575/536 85/594/555 3496/595/556 3495/576/537
f 951/578/539 952/577/538 967/596/557 966/597/558
f 937/558/519 938/579/540 953/598/559 952/577/538
f 924/581/542 925/580/541 940/599/560 939/600/561
f 926/583/544 927/582/543 942/601/562 941/602/563
f 927/582/543 928/584/545 943/603/564 942/601/562
f 928/584/545 929/585/546 944/604/565 943/603/564
f 929/585/546 930/586/547 945/605/566 944/604/565
f 930/586/547 931/587/548 946/606/567 945/605/566
f 931/587/548 932/588/549 947/607/568 946/606/567
f 932/588/549 933/589/550 948/608/569 947/607/568
f 933/589/550 934/590/551 949/609/570 948/608/569
f 934/590/551 935/591/552 950/610/571 949/609/570
f 105/611/572 104/592/553 2592/593/554 2591/612/573
f 85/594/555 84/613/574 3497/614/575 3496/595/556
f 966/597/558 967/596/557 982/615/576 981/616/577
f 952/577/538 953/598/559 968/617/578 967/596/557
f 939/600/561 940/599/560 955/618/579 954/619/580
f 941/602/563 942/601/562 957/620/581 956/621/582
f 942/601/562 943/603/564 958/622/583 957/620/581
f 943/603/564 944/604/565 959/623/584 958/622/583
f 944/604/565 945/605/566 960/624/585 959/623/584
f 945/605/566 946/606/567 961/625/586 960/624/585
f 946/606/567 947/607/568 962/626/587 961/625/586
f 947/607/568 948/608/569 963/627/588 962/626/587
f 948/608/569 949/609/570 964/628/589 963/627/588
f 949/609/570 950/610/571 965/629/590 964/628/589
f 106/630/591 105/611/572 2591/612/573 2590/631/592
f 84/613/574 83/632/593 3498/633/594 3497/614/575
f 981/616/577 982/615/576 997/634/595 996/635/596
f 967/596/557 968/617/578 983/636/597 982/615/576
f 954/619/580 955/618/579 970/637/598 969/638/599
f 956/621/582 957/620/581 972/639/600 971/640/601
f 957/620/581 958/622/583 973/641/602 972/639/600
f 958/622/583 959/623/584 974/642/603 973/641/602
f 959/623/584 960/624/585 975/643/604 974/642/603
f 960/624/585 961/625/586 976/644/605 975/643/604
f 961/625/586 962/626/587 977/645/606 976/644/605
f 962/626/587 963/627/588 978/646/607 977/645/606
f 963/627/588 964/628/589 979/647/608 978/646/607
f 964/628/589 965/629/590 980/648/609 979/647/608
f 107/649/610 106/630/591 2590/631/592 2589/650/611
f 83/632/593 82/651/612 3499/652/613 3498/633/594
f 124/653/614 123/654/615 1013/655/616 1012/656/617
f 982/615/576 983/636/597 998/657/618 997/634/595
f 969/638/599 970/637/598 985/658/619 984/659/620
f 971/640/601 972/639/600 987/660/621 986/661/622
f 972/639/600 973/641/602 988/662/623 987/660/621
f 973/641/602 974/642/603 989/663/624 988/662/623
f 974/642/603 975/643/604 990/664/625 989/663/624
f 975/643/604 976/644/605 991/665/626 990/664/625
f 976/644/605 977/645/606 992/666/627 991/665/626
f 977/645/606 978/646/607 993/667/628 992/666/627
f 978/646/607 979/647/608 994/668/629 993/667/628
f 979/647/608 980/648/609 995/669/630 994/668/629
f 108/670/631 107/649/610 2589/650/611 2588/671/632
f 82/651/612 81/672/633 3500/673/634 3499/652/613
f 7/674/635 140/675/636 3036/676/637 440/677/638
f 123/654/615 122/678/639 1014/679/640 1013/655/616
f 984/659/620 985/658/619 1000/680/641 999/681/642
f 986/661/622 987/660/621 1002/682/643 1001/683/644
f 987/660/621 988/662/623 1003/684/645 1002/682/643
f 988/662/623 989/663/624 1004/685/646 1003/684/645
f 989/663/624 990/664/625 1005/686/647 1004/685/646
f 990/664/625 991/665/626 1006/687/648 1005/686/647
f 991/665/626 992/666/627 1007/688/649 1006/687/648
f 992/666/627 993/667/628 1008/689/650 1007/688/649
f 993/667/628 994/668/629 1009/690/651 1008/689/650
f 994/668/629 995/669/630 1010/691/652 1009/690/651
f 109/692/653 108/670/631 2588/671/632 2587/693/654
f 125/694/655 124/653/614 1012/656/617 1011/695/656
f 81/672/633 7/674/635 440/677/638 3500/673/634
f 1011/695/656 1012/656/617 1027/696/657 1026/697/658
f 121/698/659 120/699/660 1016/700/661 1015/701/662
f 119/702/663 118/703/664 1018/704/665 1017/705/666
f 118/703/664 117/706/667 1019/707/668 1018/704/665
f 117/706/667 116/708/669 1020/709/670 1019/707/668
f 116/708/669 115/710/671 1021/711/672 1020/709/670
f 115/712/671 114/713/673 1022/714/674 1021/715/672
f 114/713/673 113/716/675 1023/717/676 1022/714/674
f 113/716/675 112/718/677 1024/719/678 1023/717/676
f 112/718/677 111/720/679 1025/721/680 1024/719/678
f 111/720/679 8/722/681 141/723/682 1025/721/680
f 110/724/683 109/692/653 2587/693/654 2586/725/684
f 7/674/635 125/694/655 1011/695/656 140/675/636
f 8/722/681 110/726/683 2586/727/684 261/728/685
f 1013/655/616 1014/679/640 1029/729/686 1028/730/687
f 1012/656/617 1013/655/616 1028/730/687 1027/696/657
f 789/305/282 790/332/304 805/397/365 804/358/328
f 790/332/304 791/331/303 806/437/400 805/397/365
f 791/331/303 792/336/308 807/438/401 806/437/400
f 792/336/308 793/335/307 808/441/404 807/438/401
f 793/335/307 794/338/310 809/443/406 808/441/404
f 794/338/310 795/340/312 810/445/408 809/443/406
f 795/340/312 796/342/314 811/447/410 810/445/408
f 796/342/314 797/344/316 812/449/412 811/447/410
f 797/344/316 798/346/318 813/451/414 812/449/412
f 798/346/318 799/348/320 814/453/416 813/451/414
f 799/348/320 800/350/322 815/455/418 814/453/416
f 816/435/398 817/401/368 832/404/371 831/406/372
f 802/327/299 803/359/329 818/402/369 817/401/368
f 2604/731/688 2605/732/689 2620/733/690 2619/734/691
f 96/458/324 97/457/420 815/455/418 800/350/322
f 2617/735/692 2618/736/693 2633/737/694 2632/738/695
f 97/457/420 98/478/439 830/456/419 815/455/418
f 98/478/439 99/497/458 845/477/438 830/456/419
f 99/497/458 100/516/477 860/496/457 845/477/438
f 100/516/477 101/535/496 875/515/476 860/496/457
f 101/535/496 102/554/515 890/534/495 875/515/476
f 102/554/515 103/573/534 905/553/514 890/534/495
f 103/573/534 104/592/553 920/572/533 905/553/514
f 104/592/553 105/611/572 935/591/552 920/572/533
f 105/611/572 106/630/591 950/610/571 935/591/552
f 106/630/591 107/649/610 965/629/590 950/610/571
f 107/649/610 108/670/631 980/648/609 965/629/590
f 108/670/631 109/692/653 995/669/630 980/648/609
f 109/692/653 110/724/683 1010/691/652 995/669/630
f 1010/691/652 110/724/683 8/739/681 111/740/679
f 1029/741/686 1030/742/696 1045/743/697 1044/744/698
f 111/740/679 112/745/677 1009/690/651 1010/691/652
f 1042/746/699 1043/747/700 1058/748/701 1057/749/702
f 112/745/677 113/750/675 1008/689/650 1009/690/651
f 1056/751/703 1057/749/702 1072/752/704 1071/753/705
f 113/750/675 114/754/673 1007/688/649 1008/689/650
f 139/755/706 138/756/707 3038/757/708 3037/758/709
f 114/754/673 115/710/671 1006/687/648 1007/688/649
f 115/710/671 116/708/669 1005/686/647 1006/687/648
f 116/708/669 117/706/667 1004/685/646 1005/686/647
f 117/706/667 118/703/664 1003/684/645 1004/685/646
f 118/703/664 119/702/663 1002/682/643 1003/684/645
f 119/702/663 120/699/660 1001/683/644 1002/682/643
f 120/699/660 121/698/659 1000/680/641 1001/683/644
f 121/698/659 122/678/639 999/681/642 1000/680/641
f 122/678/639 123/654/615 998/657/618 999/681/642
f 123/654/615 124/653/614 997/634/595 998/657/618
f 124/653/614 125/694/655 996/635/596 997/634/595
f 7/674/635 81/672/633 996/635/596 125/694/655
f 3504/759/710 3505/760/711 3520/761/712 3519/762/713
f 81/672/633 82/651/612 981/616/577 996/635/596
f 3517/763/714 3518/764/715 3533/765/716 3532/766/717
f 82/651/612 83/632/593 966/597/558 981/616/577
f 83/632/593 84/613/574 951/578/539 966/597/558
f 84/613/574 85/594/555 936/559/520 951/578/539
f 85/594/555 86/575/536 921/540/501 936/559/520
f 86/575/536 87/556/517 906/521/482 921/540/501
f 87/556/517 88/537/498 891/502/463 906/521/482
f 88/537/498 89/518/479 876/483/444 891/502/463
f 89/518/479 90/499/460 861/464/425 876/483/444
f 90/499/460 91/480/441 846/408/374 861/464/425
f 91/480/441 92/461/422 831/406/372 846/408/374
f 92/461/422 93/410/376 816/435/398 831/406/372
f 93/410/376 94/409/375 801/328/300 816/435/398
f 94/409/375 95/301/278 786/324/298 801/328/300
f 803/359/329 804/358/328 819/399/367 818/402/369
f 818/402/369 819/399/367 834/467/428 833/403/370
f 1026/697/658 1027/696/657 1042/767/699 1041/768/718
f 141/723/682 8/722/681 261/728/685 1700/769/719
f 1031/770/720 1032/771/721 1047/772/722 1046/773/723
f 1032/771/721 1033/774/724 1048/775/725 1047/772/722
f 1033/774/724 1034/776/726 1049/777/727 1048/775/725
f 1034/776/726 1035/778/728 1050/779/729 1049/777/727
f 1035/778/728 1036/780/730 1051/781/731 1050/779/729
f 1036/780/730 1037/782/732 1052/783/733 1051/781/731
f 1037/782/732 1038/784/734 1053/785/735 1052/783/733
f 1038/784/734 1039/786/736 1054/787/737 1053/785/735
f 1039/786/736 1040/788/738 1055/789/739 1054/787/737
f 142/790/740 141/723/682 1700/769/719 1699/791/741
f 138/756/707 137/792/742 3039/793/743 3038/757/708
f 1071/753/705 1072/752/704 1087/794/744 1086/795/745
f 1057/749/702 1058/748/701 1073/796/746 1072/752/704
f 1044/744/698 1045/743/697 1060/797/747 1059/798/748
f 1046/773/723 1047/772/722 1062/799/749 1061/800/750
f 1047/772/722 1048/775/725 1063/801/751 1062/799/749
f 1048/775/725 1049/777/727 1064/802/752 1063/801/751
f 1049/777/727 1050/779/729 1065/803/753 1064/802/752
f 1050/779/729 1051/781/731 1066/804/754 1065/803/753
f 1051/781/731 1052/783/733 1067/805/755 1066/804/754
f 1052/783/733 1053/785/735 1068/806/756 1067/805/755
f 1053/785/735 1054/787/737 1069/807/757 1068/806/756
f 1054/787/737 1055/789/739 1070/808/758 1069/807/757
f 143/809/759 142/790/740 1699/791/741 1698/810/760
f 137/811/742 136/812/761 3040/813/762 3039/814/743
f 1086/795/745 1087/794/744 1102/815/763 1101/816/764
f 1072/752/704 1073/796/746 1088/817/765 1087/794/744
f 1059/798/748 1060/797/747 1075/818/766 1074/819/767
f 1061/800/750 1062/799/749 1077/820/768 1076/821/769
f 1062/799/749 1063/801/751 1078/822/770 1077/820/768
f 1063/801/751 1064/802/752 1079/823/771 1078/822/770
f 1064/802/752 1065/803/753 1080/824/772 1079/823/771
f 1065/803/753 1066/804/754 1081/825/773 1080/824/772
f 1066/804/754 1067/805/755 1082/826/774 1081/825/773
f 1067/805/755 1068/806/756 1083/827/775 1082/826/774
f 1068/806/756 1069/807/757 1084/828/776 1083/827/775
f 1069/807/757 1070/808/758 1085/829/777 1084/828/776
f 144/830/778 143/831/759 1698/832/760 1697/833/779
f 136/812/761 135/834/780 3041/835/781 3040/813/762
f 1101/816/764 1102/815/763 1117/836/782 1116/837/783
f 1087/794/744 1088/817/765 1103/838/784 1102/815/763
f 1074/819/767 1075/818/766 1090/839/785 1089/840/786
f 1076/821/769 1077/820/768 1092/841/787 1091/842/788
f 1077/820/768 1078/822/770 1093/843/789 1092/841/787
f 1078/822/770 1079/823/771 1094/844/790 1093/843/789
f 1079/823/771 1080/824/772 1095/845/791 1094/844/790
f 1080/824/772 1081/825/773 1096/846/792 1095/845/791
f 1081/825/773 1082/826/774 1097/847/793 1096/846/792
f 1082/826/774 1083/827/775 1098/848/794 1097/847/793
f 1083/827/775 1084/828/776 1099/849/795 1098/848/794
f 1084/828/776 1085/829/777 1100/850/796 1099/849/795
f 145/851/797 144/830/778 1697/833/779 1696/852/798
f 135/834/780 134/853/799 3042/854/800 3041/835/781
f 1116/837/783 1117/836/782 1132/855/801 1131/856/802
f 1102/815/763 1103/838/784 1118/857/803 1117/836/782
f 1089/840/786 1090/839/785 1105/858/804 1104/859/805
f 1091/842/788 1092/841/787 1107/860/806 1106/861/807
f 1092/841/787 1093/843/789 1108/862/808 1107/860/806
f 1093/843/789 1094/844/790 1109/863/809 1108/862/808
f 1094/844/790 1095/845/791 1110/864/810 1109/863/809
f 1095/845/791 1096/846/792 1111/865/811 1110/864/810
f 1096/846/792 1097/847/793 1112/866/812 1111/865/811
f 1097/847/793 1098/848/794 1113/867/813 1112/866/812
f 1098/848/794 1099/849/795 1114/868/814 1113/867/813
f 1099/849/795 1100/850/796 1115/869/815 1114/868/814
f 146/870/816 145/871/797 1696/872/798 1695/873/817
f 134/853/799 133/874/818 3043/875/819 3042/854/800
f 1131/856/802 1132/855/801 1147/876/820 1146/877/821
f 1117/836/782 1118/857/803 1133/878/822 1132/855/801
f 1104/859/805 1105/858/804 1120/879/823 1119/880/824
f 1106/861/807 1107/860/806 1122/881/825 1121/882/826
f 1107/860/806 1108/862/808 1123/883/827 1122/881/825
f 1108/862/808 1109/863/809 1124/884/828 1123/883/827
f 1109/863/809 1110/864/810 1125/885/829 1124/884/828
f 1110/864/810 1111/865/811 1126/886/830 1125/885/829
f 1111/865/811 1112/866/812 1127/887/831 1126/886/830
f 1112/866/812 1113/867/813 1128/888/832 1127/887/831
f 1113/867/813 1114/868/814 1129/889/833 1128/888/832
f 1114/868/814 1115/869/815 1130/890/834 1129/889/833
f 147/891/835 146/870/816 1695/873/817 1694/892/836
f 133/874/818 132/893/837 3044/894/838 3043/875/819
f 1146/877/821 1147/876/820 1162/895/839 1161/896/840
f 1132/855/801 1133/878/822 1148/897/841 1147/876/820
f 1119/880/824 1120/879/823 1135/898/842 1134/899/843
f 1121/882/826 1122/881/825 1137/900/844 1136/901/845
f 1122/881/825 1123/883/827 1138/902/846 1137/900/844
f 1123/883/827 1124/884/828 1139/903/847 1138/902/846
f 1124/884/828 1125/885/829 1140/904/848 1139/903/847
f 1125/885/829 1126/886/830 1141/905/849 1140/904/848
f 1126/906/830 1127/907/831 1142/908/850 1141/909/849
f 1127/907/831 1128/910/832 1143/911/851 1142/908/850
f 1128/910/832 1129/912/833 1144/913/852 1143/911/851
f 1129/889/833 1130/890/834 1145/914/853 1144/915/852
f 148/916/854 147/891/835 1694/892/836 1693/917/855
f 132/893/837 131/918/856 3045/919/857 3044/894/838
f 1161/896/840 1162/895/839 1177/920/858 1176/921/859
f 1147/876/820 1148/897/841 1163/922/860 1162/895/839
f 1134/899/843 1135/898/842 1150/923/861 1149/924/862
f 1136/901/845 1137/900/844 1152/925/863 1151/926/864
f 1137/900/844 1138/902/846 1153/927/865 1152/925/863
f 1138/902/846 1139/903/847 1154/928/866 1153/927/865
f 1139/903/847 1140/904/848 1155/929/867 1154/928/866
f 1140/930/848 1141/909/849 1156/931/868 1155/932/867
f 1141/909/849 1142/908/850 1157/933/869 1156/931/868
f 1142/908/850 1143/911/851 1158/934/870 1157/933/869
f 1143/911/851 1144/913/852 1159/935/871 1158/934/870
f 1144/915/852 1145/914/853 1160/936/872 1159/937/871
f 149/938/873 148/916/854 1693/917/855 1692/939/874
f 131/918/856 130/940/875 3046/941/876 3045/919/857
f 1176/942/859 1177/943/858 1192/944/877 1191/945/878
f 1162/895/839 1163/922/860 1178/946/879 1177/920/858
f 1149/924/862 1150/923/861 1165/947/880 1164/948/881
f 1151/926/864 1152/925/863 1167/949/882 1166/950/883
f 1152/925/863 1153/927/865 1168/951/884 1167/949/882
f 1153/927/865 1154/928/866 1169/952/885 1168/951/884
f 1154/928/866 1155/929/867 1170/953/886 1169/952/885
f 1155/932/867 1156/931/868 1171/954/887 1170/955/886
f 1156/931/868 1157/933/869 1172/956/888 1171/954/887
f 1157/933/869 1158/934/870 1173/957/889 1172/956/888
f 1158/934/870 1159/935/871 1174/958/890 1173/957/889
f 1159/937/871 1160/936/872 1175/959/891 1174/960/890
f 150/961/892 149/938/873 1692/939/874 1691/962/893
f 130/963/875 129/964/894 3047/965/895 3046/966/876
f 1191/945/878 1192/944/877 1207/967/896 1206/968/897
f 1177/943/858 1178/969/879 1193/970/898 1192/944/877
f 1164/948/881 1165/947/880 1180/971/899 1179/972/900
f 1166/950/883 1167/949/882 1182/973/901 1181/974/902
f 1167/949/882 1168/951/884 1183/975/903 1182/973/901
f 1168/951/884 1169/952/885 1184/976/904 1183/975/903
f 1169/952/885 1170/953/886 1185/977/905 1184/976/904
f 1170/955/886 1171/954/887 1186/978/906 1185/979/905
f 1171/954/887 1172/956/888 1187/980/907 1186/978/906
f 1172/956/888 1173/957/889 1188/981/908 1187/980/907
f 1173/957/889 1174/958/890 1189/982/909 1188/981/908
f 1174/960/890 1175/959/891 1190/983/910 1189/984/909
f 151/985/911 150/961/892 1691/962/893 1690/986/912
f 129/964/894 128/987/913 3048/988/914 3047/965/895
f 1206/968/897 1207/967/896 1222/989/915 1221/990/916
f 1192/944/877 1193/970/898 1208/991/917 1207/967/896
f 1179/972/900 1180/971/899 1195/992/918 1194/993/919
f 1181/974/902 1182/973/901 1197/994/920 1196/995/921
f 1182/973/901 1183/975/903 1198/996/922 1197/994/920
f 1183/975/903 1184/976/904 1199/997/923 1198/996/922
f 1184/976/904 1185/977/905 1200/998/924 1199/997/923
f 1185/979/905 1186/978/906 1201/999/925 1200/1000/924
f 1186/978/906 1187/980/907 1202/1001/926 1201/999/925
f 1187/980/907 1188/981/908 1203/1002/927 1202/1001/926
f 1188/981/908 1189/982/909 1204/1003/928 1203/1002/927
f 1189/984/909 1190/983/910 1205/1004/929 1204/1005/928
f 152/1006/930 151/985/911 1690/986/912 1689/1007/931
f 128/987/913 127/1008/932 3049/1009/933 3048/988/914
f 169/1010/934 168/1011/935 1238/1012/936 1237/1013/937
f 1207/967/896 1208/991/917 1223/1014/938 1222/989/915
f 1194/993/919 1195/992/918 1210/1015/939 1209/1016/940
f 1196/995/921 1197/994/920 1212/1017/941 1211/1018/942
f 1197/994/920 1198/996/922 1213/1019/943 1212/1017/941
f 1198/996/922 1199/997/923 1214/1020/944 1213/1019/943
f 1199/1021/923 1200/1000/924 1215/1022/945 1214/1023/944
f 1200/1000/924 1201/999/925 1216/1024/946 1215/1022/945
f 1201/999/925 1202/1001/926 1217/1025/947 1216/1024/946
f 1202/1001/926 1203/1002/927 1218/1026/948 1217/1025/947
f 1203/1002/927 1204/1003/928 1219/1027/949 1218/1026/948
f 1204/1005/928 1205/1004/929 1220/1028/950 1219/1029/949
f 153/1030/951 152/1006/930 1689/1007/931 1688/1031/952
f 127/1008/932 126/1032/953 3050/1033/954 3049/1009/933
f 5/1034/955 185/1035/956 3261/1036/957 411/1037/958
f 168/1011/935 167/1038/959 1239/1039/960 1238/1012/936
f 1209/1040/940 1210/1041/939 1225/1042/961 1224/1043/962
f 1211/1018/942 1212/1017/941 1227/1044/963 1226/1045/964
f 1212/1017/941 1213/1019/943 1228/1046/965 1227/1044/963
f 1213/1019/943 1214/1020/944 1229/1047/966 1228/1046/965
f 1214/1023/944 1215/1022/945 1230/1048/967 1229/1049/966
f 1215/1022/945 1216/1024/946 1231/1050/968 1230/1048/967
f 1216/1024/946 1217/1025/947 1232/1051/969 1231/1050/968
f 1217/1025/947 1218/1026/948 1233/1052/970 1232/1051/969
f 1218/1026/948 1219/1027/949 1234/1053/971 1233/1052/970
f 1219/1027/949 1220/1054/950 1235/1055/972 1234/1053/971
f 154/1056/973 153/1030/951 1688/1031/952 1687/1057/974
f 170/1058/975 169/1010/934 1237/1013/937 1236/1059/976
f 126/1032/953 5/1034/955 411/1037/958 3050/1033/954
f 1236/1059/976 1237/1013/937 1252/1060/977 1251/1061/978
f 166/1062/979 165/1063/980 1241/1064/981 1240/1065/982
f 164/1066/983 163/1067/984 1243/1068/985 1242/1069/986
f 163/1067/984 162/1070/987 1244/1071/988 1243/1068/985
f 162/1070/987 161/1072/989 1245/1073/990 1244/1071/988
f 161/1072/989 160/1074/991 1246/1075/992 1245/1073/990
f 160/1074/991 159/1076/993 1247/1077/994 1246/1075/992
f 159/1076/993 158/1078/995 1248/1079/996 1247/1077/994
f 158/1078/995 157/1080/997 1249/1081/998 1248/1079/996
f 157/1080/997 156/1082/999 1250/1083/1000 1249/1081/998
f 156/1082/999 6/1084/1001 186/1085/1002 1250/1083/1000
f 155/1086/1003 154/1056/973 1687/1057/974 1686/1087/1004
f 5/1034/955 170/1058/975 1236/1059/976 185/1035/956
f 6/1084/1001 155/1088/1003 1686/1089/1004 290/1090/1005
f 1238/1012/936 1239/1039/960 1254/1091/1006 1253/1092/1007
f 1237/1013/937 1238/1012/936 1253/1092/1007 1252/1060/977
f 440/677/638 439/1093/1008 3515/1094/1009 3500/673/634
f 1014/679/640 1015/701/662 1030/1095/696 1029/729/686
f 1015/701/662 1016/700/661 1031/1096/720 1030/1095/696
f 1016/700/661 1017/705/666 1032/1097/721 1031/1096/720
f 1017/1098/666 1018/1099/665 1033/774/724 1032/771/721
f 1018/1099/665 1019/1100/668 1034/776/726 1033/774/724
f 1019/1100/668 1020/1101/670 1035/778/728 1034/776/726
f 1020/1101/670 1021/715/672 1036/780/730 1035/778/728
f 1021/715/672 1022/714/674 1037/782/732 1036/780/730
f 1022/714/674 1023/717/676 1038/784/734 1037/782/732
f 1023/717/676 1024/719/678 1039/786/736 1038/784/734
f 1024/719/678 1025/721/680 1040/788/738 1039/786/736
f 1041/1102/718 1042/746/699 1057/749/702 1056/751/703
f 1027/1103/657 1028/1104/687 1043/747/700 1042/746/699
f 1704/1105/1010 1705/1106/1011 1720/1107/1012 1719/1108/1013
f 141/723/682 142/790/740 1040/788/738 1025/721/680
f 1717/1109/1014 1718/1110/1015 1733/1111/1016 1732/1112/1017
f 142/790/740 143/809/759 1055/789/739 1040/788/738
f 1731/1113/1018 1732/1112/1017 1747/1114/1019 1746/1115/1020
f 143/809/759 144/1116/778 1070/808/758 1055/789/739
f 289/1117/1021 288/1118/1022 2405/1119/1023 2390/1120/1024
f 144/1116/778 145/871/797 1085/829/777 1070/808/758
f 145/871/797 146/870/816 1100/850/796 1085/829/777
f 146/870/816 147/891/835 1115/869/815 1100/850/796
f 147/891/835 148/916/854 1130/890/834 1115/869/815
f 148/916/854 149/938/873 1145/914/853 1130/890/834
f 149/938/873 150/961/892 1160/936/872 1145/914/853
f 150/961/892 151/985/911 1175/959/891 1160/936/872
f 151/985/911 152/1006/930 1190/983/910 1175/959/891
f 152/1006/930 153/1030/951 1205/1004/929 1190/983/910
f 153/1030/951 154/1056/973 1220/1028/950 1205/1004/929
f 154/1056/973 155/1086/1003 1235/1121/972 1220/1028/950
f 1235/1055/972 155/1088/1003 6/1084/1001 156/1082/999
f 1254/1091/1006 1255/1122/1025 1270/1123/1026 1269/1124/1027
f 156/1082/999 157/1080/997 1234/1053/971 1235/1055/972
f 1267/1125/1028 1268/1126/1029 1283/1127/1030 1282/1128/1031
f 157/1080/997 158/1078/995 1233/1052/970 1234/1053/971
f 1281/1129/1032 1282/1128/1031 1297/1130/1033 1296/1131/1034
f 158/1078/995 159/1076/993 1232/1051/969 1233/1052/970
f 184/1132/1035 183/1133/1036 3263/1134/1037 3262/1135/1038
f 159/1076/993 160/1074/991 1231/1050/968 1232/1051/969
f 160/1074/991 161/1072/989 1230/1048/967 1231/1050/968
f 161/1072/989 162/1070/987 1229/1049/966 1230/1048/967
f 162/1070/987 163/1067/984 1228/1136/965 1229/1049/966
f 163/1067/984 164/1066/983 1227/1137/963 1228/1136/965
f 164/1066/983 165/1063/980 1226/1138/964 1227/1137/963
f 165/1063/980 166/1062/979 1225/1042/961 1226/1138/964
f 166/1062/979 167/1038/959 1224/1043/962 1225/1042/961
f 167/1038/959 168/1011/935 1223/1014/938 1224/1043/962
f 168/1011/935 169/1010/934 1222/989/915 1223/1014/938
f 169/1010/934 170/1058/975 1221/990/916 1222/989/915
f 5/1034/955 126/1032/953 1221/990/916 170/1058/975
f 3054/1139/1039 3055/1140/1040 3070/1141/1041 3069/1142/1042
f 126/1032/953 127/1008/932 1206/968/897 1221/990/916
f 3067/1143/1043 3068/1144/1044 3083/1145/1045 3082/1146/1046
f 127/1008/932 128/987/913 1191/945/878 1206/968/897
f 3081/1147/1047 3082/1146/1046 3097/1148/1048 3096/1149/1049
f 128/987/913 129/964/894 1176/942/859 1191/945/878
f 439/1093/1008 438/1150/1050 3530/1151/1051 3515/1094/1009
f 129/964/894 130/963/875 1161/1152/840 1176/942/859
f 130/940/875 131/918/856 1146/877/821 1161/896/840
f 131/918/856 132/893/837 1131/856/802 1146/877/821
f 132/893/837 133/874/818 1116/837/783 1131/856/802
f 133/874/818 134/853/799 1101/816/764 1116/837/783
f 134/853/799 135/834/780 1086/795/745 1101/816/764
f 135/834/780 136/812/761 1071/753/705 1086/795/745
f 136/812/761 137/811/742 1056/751/703 1071/753/705
f 137/811/742 138/1153/707 1041/1102/718 1056/751/703
f 138/756/707 139/755/706 1026/697/658 1041/768/718
f 139/755/706 140/675/636 1011/695/656 1026/697/658
f 1028/1104/687 1029/741/686 1044/744/698 1043/747/700
f 1043/747/700 1044/744/698 1059/798/748 1058/748/701
f 1251/1061/978 1252/1060/977 1267/1125/1028 1266/1154/1052
f 186/1085/1002 6/1084/1001 290/1090/1005 2375/1155/1053
f 1256/1156/1054 1257/1157/1055 1272/1158/1056 1271/1159/1057
f 1257/1157/1055 1258/1160/1058 1273/1161/1059 1272/1158/1056
f 1258/1160/1058 1259/1162/1060 1274/1163/1061 1273/1161/1059
f 1259/1162/1060 1260/1164/1062 1275/1165/1063 1274/1163/1061
f 1260/1164/1062 1261/1166/1064 1276/1167/1065 1275/1165/1063
f 1261/1166/1064 1262/1168/1066 1277/1169/1067 1276/1167/1065
f 1262/1168/1066 1263/1170/1068 1278/1171/1069 1277/1169/1067
f 1263/1170/1068 1264/1172/1070 1279/1173/1071 1278/1171/1069
f 1264/1172/1070 1265/1174/1072 1280/1175/1073 1279/1173/1071
f 187/1176/1074 186/1085/1002 2375/1155/1053 2374/1177/1075
f 183/1133/1036 182/1178/1076 3264/1179/1077 3263/1134/1037
f 1296/1131/1034 1297/1130/1033 1312/1180/1078 1311/1181/1079
f 1282/1128/1031 1283/1127/1030 1298/1182/1080 1297/1130/1033
f 1269/1124/1027 1270/1123/1026 1285/1183/1081 1284/1184/1082
f 1271/1159/1057 1272/1158/1056 1287/1185/1083 1286/1186/1084
f 1272/1158/1056 1273/1161/1059 1288/1187/1085 1287/1185/1083
f 1273/1161/1059 1274/1163/1061 1289/1188/1086 1288/1187/1085
f 1274/1163/1061 1275/1165/1063 1290/1189/1087 1289/1188/1086
f 1275/1165/1063 1276/1167/1065 1291/1190/1088 1290/1189/1087
f 1276/1167/1065 1277/1169/1067 1292/1191/1089 1291/1190/1088
f 1277/1169/1067 1278/1171/1069 1293/1192/1090 1292/1191/1089
f 1278/1171/1069 1279/1173/1071 1294/1193/1091 1293/1192/1090
f 1279/1173/1071 1280/1175/1073 1295/1194/1092 1294/1193/1091
f 188/1195/1093 187/1176/1074 2374/1177/1075 2373/1196/1094
f 182/1178/1076 181/1197/1095 3265/1198/1096 3264/1179/1077
f 1311/1181/1079 1312/1180/1078 1327/1199/1097 1326/1200/1098
f 1297/1130/1033 1298/1182/1080 1313/1201/1099 1312/1180/1078
f 1284/1184/1082 1285/1183/1081 1300/1202/1100 1299/1203/1101
f 1286/1186/1084 1287/1185/1083 1302/1204/1102 1301/1205/1103
f 1287/1185/1083 1288/1187/1085 1303/1206/1104 1302/1204/1102
f 1288/1187/1085 1289/1188/1086 1304/1207/1105 1303/1206/1104
f 1289/1188/1086 1290/1189/1087 1305/1208/1106 1304/1207/1105
f 1290/1189/1087 1291/1190/1088 1306/1209/1107 1305/1208/1106
f 1291/1190/1088 1292/1191/1089 1307/1210/1108 1306/1209/1107
f 1292/1191/1089 1293/1192/1090 1308/1211/1109 1307/1210/1108
f 1293/1192/1090 1294/1193/1091 1309/1212/1110 1308/1211/1109
f 1294/1193/1091 1295/1194/1092 1310/1213/1111 1309/1212/1110
f 189/1214/1112 188/1195/1093 2373/1196/1094 2372/1215/1113
f 181/1197/1095 180/1216/1114 3266/1217/1115 3265/1198/1096
f 1326/1200/1098 1327/1199/1097 1342/1218/1116 1341/1219/1117
f 1312/1180/1078 1313/1201/1099 1328/1220/1118 1327/1199/1097
f 1299/1203/1101 1300/1202/1100 1315/1221/1119 1314/1222/1120
f 1301/1205/1103 1302/1204/1102 1317/1223/1121 1316/1224/1122
f 1302/1204/1102 1303/1206/1104 1318/1225/1123 1317/1223/1121
f 1303/1206/1104 1304/1207/1105 1319/1226/1124 1318/1225/1123
f 1304/1207/1105 1305/1208/1106 1320/1227/1125 1319/1226/1124
f 1305/1208/1106 1306/1209/1107 1321/1228/1126 1320/1227/1125
f 1306/1209/1107 1307/1210/1108 1322/1229/1127 1321/1228/1126
f 1307/1210/1108 1308/1211/1109 1323/1230/1128 1322/1229/1127
f 1308/1211/1109 1309/1212/1110 1324/1231/1129 1323/1230/1128
f 1309/1212/1110 1310/1213/1111 1325/1232/1130 1324/1231/1129
f 190/1233/1131 189/1214/1112 2372/1215/1113 2371/1234/1132
f 180/1216/1114 179/1235/1133 3267/1236/1134 3266/1217/1115
f 1341/1219/1117 1342/1218/1116 1357/1237/1135 1356/1238/1136
f 1327/1199/1097 1328/1220/1118 1343/1239/1137 1342/1218/1116
f 1314/1222/1120 1315/1221/1119 1330/1240/1138 1329/1241/1139
f 1316/1224/1122 1317/1223/1121 1332/1242/1140 1331/1243/1141
f 1317/1223/1121 1318/1225/1123 1333/1244/1142 1332/1242/1140
f 1318/1225/1123 1319/1226/1124 1334/1245/1143 1333/1244/1142
f 1319/1226/1124 1320/1227/1125 1335/1246/1144 1334/1245/1143
f 1320/1227/1125 1321/1228/1126 1336/1247/1145 1335/1246/1144
f 1321/1228/1126 1322/1229/1127 1337/1248/1146 1336/1247/1145
f 1322/1229/1127 1323/1230/1128 1338/1249/1147 1337/1248/1146
f 1323/1230/1128 1324/1231/1129 1339/1250/1148 1338/1249/1147
f 1324/1231/1129 1325/1232/1130 1340/1251/1149 1339/1250/1148
f 191/1252/1150 190/1233/1131 2371/1234/1132 2370/1253/1151
f 179/1235/1133 178/1254/1152 3268/1255/1153 3267/1236/1134
f 1356/1238/1136 1357/1237/1135 1372/1256/1154 1371/1257/1155
f 1342/1218/1116 1343/1239/1137 1358/1258/1156 1357/1237/1135
f 1329/1241/1139 1330/1240/1138 1345/1259/1157 1344/1260/1158
f 1331/1243/1141 1332/1242/1140 1347/1261/1159 1346/1262/1160
f 1332/1242/1140 1333/1244/1142 1348/1263/1161 1347/1261/1159
f 1333/1244/1142 1334/1245/1143 1349/1264/1162 1348/1263/1161
f 1334/1245/1143 1335/1246/1144 1350/1265/1163 1349/1264/1162
f 1335/1246/1144 1336/1247/1145 1351/1266/1164 1350/1265/1163
f 1336/1247/1145 1337/1248/1146 1352/1267/1165 1351/1266/1164
f 1337/1248/1146 1338/1249/1147 1353/1268/1166 1352/1267/1165
f 1338/1249/1147 1339/1250/1148 1354/1269/1167 1353/1268/1166
f 1339/1250/1148 1340/1251/1149 1355/1270/1168 1354/1269/1167
f 192/1271/1169 191/1252/1150 2370/1253/1151 2369/1272/1170
f 178/1254/1152 177/1273/1171 3269/1274/1172 3268/1255/1153
f 1371/1257/1155 1372/1256/1154 1387/1275/1173 1386/1276/1174
f 1357/1237/1135 1358/1258/1156 1373/1277/1175 1372/1256/1154
f 1344/1260/1158 1345/1259/1157 1360/1278/1176 1359/1279/1177
f 1346/1262/1160 1347/1261/1159 1362/1280/1178 1361/1281/1179
f 1347/1261/1159 1348/1263/1161 1363/1282/1180 1362/1280/1178
f 1348/1263/1161 1349/1264/1162 1364/1283/1181 1363/1282/1180
f 1349/1264/1162 1350/1265/1163 1365/1284/1182 1364/1283/1181
f 1350/1265/1163 1351/1266/1164 1366/1285/1183 1365/1284/1182
f 1351/1266/1164 1352/1267/1165 1367/1286/1184 1366/1285/1183
f 1352/1267/1165 1353/1268/1166 1368/1287/1185 1367/1286/1184
f 1353/1268/1166 1354/1269/1167 1369/1288/1186 1368/1287/1185
f 1354/1269/1167 1355/1270/1168 1370/1289/1187 1369/1288/1186
f 193/1290/1188 192/1271/1169 2369/1272/1170 2368/1291/1189
f 177/1273/1171 176/1292/1190 3270/1293/1191 3269/1274/1172
f 1386/1276/1174 1387/1275/1173 1402/1294/1192 1401/1295/1193
f 1372/1256/1154 1373/1277/1175 1388/1296/1194 1387/1275/1173
f 1359/1279/1177 1360/1278/1176 1375/1297/1195 1374/1298/1196
f 1361/1281/1179 1362/1280/1178 1377/1299/1197 1376/1300/1198
f 1362/1280/1178 1363/1282/1180 1378/1301/1199 1377/1299/1197
f 1363/1282/1180 1364/1283/1181 1379/1302/1200 1378/1301/1199
f 1364/1283/1181 1365/1284/1182 1380/1303/1201 1379/1302/1200
f 1365/1284/1182 1366/1285/1183 1381/1304/1202 1380/1303/1201
f 1366/1285/1183 1367/1286/1184 1382/1305/1203 1381/1304/1202
f 1367/1286/1184 1368/1287/1185 1383/1306/1204 1382/1305/1203
f 1368/1287/1185 1369/1288/1186 1384/1307/1205 1383/1306/1204
f 1369/1288/1186 1370/1289/1187 1385/1308/1206 1384/1307/1205
f 194/1309/1207 193/1290/1188 2368/1291/1189 2367/1310/1208
f 176/1292/1190 175/1311/1209 3271/1312/1210 3270/1293/1191
f 1401/1295/1193 1402/1294/1192 1417/1313/1211 1416/1314/1212
f 1387/1275/1173 1388/1296/1194 1403/1315/1213 1402/1294/1192
f 1374/1298/1196 1375/1297/1195 1390/1316/1214 1389/1317/1215
f 1376/1300/1198 1377/1299/1197 1392/1318/1216 1391/1319/1217
f 1377/1299/1197 1378/1301/1199 1393/1320/1218 1392/1318/1216
f 1378/1301/1199 1379/1302/1200 1394/1321/1219 1393/1320/1218
f 1379/1302/1200 1380/1303/1201 1395/1322/1220 1394/1321/1219
f 1380/1303/1201 1381/1304/1202 1396/1323/1221 1395/1322/1220
f 1381/1304/1202 1382/1305/1203 1397/1324/1222 1396/1323/1221
f 1382/1305/1203 1383/1306/1204 1398/1325/1223 1397/1324/1222
f 1383/1306/1204 1384/1307/1205 1399/1326/1224 1398/1325/1223
f 1384/1307/1205 1385/1308/1206 1400/1327/1225 1399/1326/1224
f 195/1328/1226 194/1309/1207 2367/1310/1208 2366/1329/1227
f 175/1311/1209 174/1330/1228 3272/1331/1229 3271/1312/1210
f 1416/1314/1212 1417/1313/1211 1432/1332/1230 1431/1333/1231
f 1402/1294/1192 1403/1315/1213 1418/1334/1232 1417/1313/1211
f 1389/1317/1215 1390/1316/1214 1405/1335/1233 1404/1336/1234
f 1391/1319/1217 1392/1318/1216 1407/1337/1235 1406/1338/1236
f 1392/1318/1216 1393/1320/1218 1408/1339/1237 1407/1337/1235
f 1393/1320/1218 1394/1321/1219 1409/1340/1238 1408/1339/1237
f 1394/1321/1219 1395/1322/1220 1410/1341/1239 1409/1340/1238
f 1395/1322/1220 1396/1323/1221 1411/1342/1240 1410/1341/1239
f 1396/1323/1221 1397/1324/1222 1412/1343/1241 1411/1342/1240
f 1397/1324/1222 1398/1325/1223 1413/1344/1242 1412/1343/1241
f 1398/1325/1223 1399/1326/1224 1414/1345/1243 1413/1344/1242
f 1399/1326/1224 1400/1327/1225 1415/1346/1244 1414/1345/1243
f 196/1347/1245 195/1328/1226 2366/1329/1227 2365/1348/1246
f 174/1330/1228 173/1349/1247 3273/1350/1248 3272/1331/1229
f 1431/1333/1231 1432/1332/1230 1447/1351/1249 1446/1352/1250
f 1417/1313/1211 1418/1334/1232 1433/1353/1251 1432/1332/1230
f 1404/1336/1234 1405/1335/1233 1420/1354/1252 1419/1355/1253
f 1406/1338/1236 1407/1337/1235 1422/1356/1254 1421/1357/1255
f 1407/1337/1235 1408/1339/1237 1423/1358/1256 1422/1356/1254
f 1408/1339/1237 1409/1340/1238 1424/1359/1257 1423/1358/1256
f 1409/1340/1238 1410/1341/1239 1425/1360/1258 1424/1359/1257
f 1410/1341/1239 1411/1342/1240 1426/1361/1259 1425/1360/1258
f 1411/1342/1240 1412/1343/1241 1427/1362/1260 1426/1361/1259
f 1412/1343/1241 1413/1344/1242 1428/1363/1261 1427/1362/1260
f 1413/1344/1242 1414/1345/1243 1429/1364/1262 1428/1363/1261
f 1414/1345/1243 1415/1346/1244 1430/1365/1263 1429/1364/1262
f 197/1366/1264 196/1347/1245 2365/1348/1246 2364/1367/1265
f 173/1349/1247 172/1368/1266 3274/1369/1267 3273/1350/1248
f 1432/1332/1230 1433/1353/1251 1448/1370/1268 1447/1351/1249
f 1419/1355/1253 1420/1354/1252 1435/1371/1269 1434/1372/1270
f 1421/1357/1255 1422/1356/1254 1437/1373/1271 1436/1374/1272
f 1422/1356/1254 1423/1358/1256 1438/1375/1273 1437/1373/1271
f 1423/1358/1256 1424/1359/1257 1439/1376/1274 1438/1375/1273
f 1424/1359/1257 1425/1360/1258 1440/1377/1275 1439/1376/1274
f 1425/1360/1258 1426/1361/1259 1441/1378/1276 1440/1377/1275
f 1426/1361/1259 1427/1362/1260 1442/1379/1277 1441/1378/1276
f 1427/1362/1260 1428/1363/1261 1443/1380/1278 1442/1379/1277
f 1428/1363/1261 1429/1364/1262 1444/1381/1279 1443/1380/1278
f 1429/1364/1262 1430/1365/1263 1445/1382/1280 1444/1381/1279
f 198/1383/1281 197/1366/1264 2364/1367/1265 2363/1384/1282
f 172/1368/1266 171/1385/1283 3275/1386/1284 3274/1369/1267
f 1434/1387/1270 1435/1388/1269 1450/7/7 1449/1389/1285
f 1436/1390/1272 1437/1391/1271 1452/10/10 1451/8/8
f 1437/1391/1271 1438/1392/1273 1453/12/12 1452/10/10
f 1438/1375/1273 1439/1376/1274 1454/1393/14 1453/1394/12
f 1439/1376/1274 1440/1377/1275 1455/1395/16 1454/1393/14
f 1440/1396/1275 1441/1397/1276 1456/18/18 1455/16/16
f 1441/1397/1276 1442/1398/1277 1457/20/20 1456/18/18
f 1442/1398/1277 1443/1399/1278 1458/22/22 1457/20/20
f 1443/1399/1278 1444/1400/1279 1459/24/24 1458/22/22
f 1444/1400/1279 1445/1401/1280 1460/26/26 1459/24/24
f 199/1402/1286 198/1383/1281 2363/1384/1282 2362/1403/1287
f 171/1385/1283 1/361/331 410/1404/1288 3275/1386/1284
f 2/27/27 200/28/28 2361/1405/1289 291/32/32
f 200/28/28 199/1406/1286 2362/1407/1287 2361/1405/1289
f 1463/59/59 1464/58/58 1479/413/379 1478/1408/1290
f 1462/1409/1291 1463/59/59 1478/1408/1290 1477/1410/1292
f 3053/1411/1293 3054/1139/1039 3069/1142/1042 3068/1144/1044
f 1239/1039/960 1240/1065/982 1255/1122/1025 1254/1091/1006
f 1240/1065/982 1241/1064/981 1256/1156/1054 1255/1122/1025
f 1241/1064/981 1242/1069/986 1257/1157/1055 1256/1156/1054
f 1242/1069/986 1243/1068/985 1258/1160/1058 1257/1157/1055
f 1243/1068/985 1244/1071/988 1259/1162/1060 1258/1160/1058
f 1244/1071/988 1245/1073/990 1260/1164/1062 1259/1162/1060
f 1245/1073/990 1246/1075/992 1261/1166/1064 1260/1164/1062
f 1246/1075/992 1247/1077/994 1262/1168/1066 1261/1166/1064
f 1247/1077/994 1248/1079/996 1263/1170/1068 1262/1168/1066
f 1248/1079/996 1249/1081/998 1264/1172/1070 1263/1170/1068
f 1249/1081/998 1250/1083/1000 1265/1174/1072 1264/1172/1070
f 1266/1154/1052 1267/1125/1028 1282/1128/1031 1281/1129/1032
f 1252/1060/977 1253/1092/1007 1268/1126/1029 1267/1125/1028
f 2379/1412/1294 2380/1413/1295 2395/1414/1296 2394/1415/1297
f 186/1085/1002 187/1176/1074 1265/1174/1072 1250/1083/1000
f 2392/1416/1298 2393/1417/1299 2408/1418/1300 2407/1419/1301
f 187/1176/1074 188/1195/1093 1280/1175/1073 1265/1174/1072
f 188/1195/1093 189/1214/1112 1295/1194/1092 1280/1175/1073
f 189/1214/1112 190/1233/1131 1310/1213/1111 1295/1194/1092
f 190/1233/1131 191/1252/1150 1325/1232/1130 1310/1213/1111
f 191/1252/1150 192/1271/1169 1340/1251/1149 1325/1232/1130
f 192/1271/1169 193/1290/1188 1355/1270/1168 1340/1251/1149
f 193/1290/1188 194/1309/1207 1370/1289/1187 1355/1270/1168
f 194/1309/1207 195/1328/1226 1385/1308/1206 1370/1289/1187
f 195/1328/1226 196/1347/1245 1400/1327/1225 1385/1308/1206
f 196/1347/1245 197/1366/1264 1415/1346/1244 1400/1327/1225
f 197/1366/1264 198/1383/1281 1430/1365/1263 1415/1346/1244
f 198/1383/1281 199/1402/1286 1445/1382/1280 1430/1365/1263
f 199/1406/1286 200/28/28 1460/26/26 1445/1401/1280
f 1461/1420/1302 1462/1409/1291 1477/1410/1292 1476/1421/1303
f 320/357/327 319/393/361 2615/396/364 2600/436/399
f 579/434/397 580/433/396 595/68/68 594/67/67
f 592/1422/29 593/381/349 608/65/65 607/64/64
f 606/430/394 607/64/64 622/61/61 621/60/60
f 34/432/395 33/56/56 1463/59/59 1462/1409/1291
f 3279/1423/1304 3280/1424/1305 3295/1425/1306 3294/1426/1307
f 171/1385/1283 172/1368/1266 1431/1333/1231 1446/1352/1250
f 3292/1427/1308 3293/1428/1309 3308/1429/1310 3307/1430/1311
f 172/1368/1266 173/1349/1247 1416/1314/1212 1431/1333/1231
f 173/1349/1247 174/1330/1228 1401/1295/1193 1416/1314/1212
f 174/1330/1228 175/1311/1209 1386/1276/1174 1401/1295/1193
f 175/1311/1209 176/1292/1190 1371/1257/1155 1386/1276/1174
f 176/1292/1190 177/1273/1171 1356/1238/1136 1371/1257/1155
f 177/1273/1171 178/1254/1152 1341/1219/1117 1356/1238/1136
f 178/1254/1152 179/1235/1133 1326/1200/1098 1341/1219/1117
f 179/1235/1133 180/1216/1114 1311/1181/1079 1326/1200/1098
f 180/1216/1114 181/1197/1095 1296/1131/1034 1311/1181/1079
f 181/1197/1095 182/1178/1076 1281/1129/1032 1296/1131/1034
f 182/1178/1076 183/1133/1036 1266/1154/1052 1281/1129/1032
f 183/1133/1036 184/1132/1035 1251/1061/978 1266/1154/1052
f 184/1132/1035 185/1035/956 1236/1059/976 1251/1061/978
f 1253/1092/1007 1254/1091/1006 1269/1124/1027 1268/1126/1029
f 1268/1126/1029 1269/1124/1027 1284/1184/1082 1283/1127/1030
f 1476/1421/1303 1477/1410/1292 1492/418/383 1491/1431/1312
f 1481/1432/1313 1482/1433/1314 1497/1434/1315 1496/1435/1316
f 1482/1436/1314 1483/1437/1317 1498/1438/1318 1497/1439/1315
f 1483/1437/1317 1484/1440/1319 1499/1441/1320 1498/1438/1318
f 1484/1440/1319 1485/1442/1321 1500/1443/1322 1499/1441/1320
f 1485/1442/1321 1486/1444/1323 1501/1445/1324 1500/1443/1322
f 1486/1444/1323 1487/1446/1325 1502/1447/1326 1501/1445/1324
f 1487/1446/1325 1488/1448/1327 1503/1449/1328 1502/1447/1326
f 1488/1448/1327 1489/1450/1329 1504/1451/1330 1503/1449/1328
f 1489/1452/1329 1490/1453/1331 1505/1454/1332 1504/1455/1330
f 382/1456/1333 381/303/280 3486/302/279 3501/1457/1334
f 408/426/391 407/1458/1335 3320/1459/1336 3305/427/392
f 1521/424/389 1522/423/388 1537/1460/1337 1536/1461/1338
f 1507/421/386 1508/420/385 1523/1462/1339 1522/423/388
f 1494/416/382 1495/415/381 1510/1463/1340 1509/1464/1341
f 1496/1435/1316 1497/1434/1315 1512/1465/1342 1511/1466/1343
f 1497/1434/1315 1498/1467/1318 1513/1468/1344 1512/1465/1342
f 1498/1438/1318 1499/1441/1320 1514/1469/1345 1513/1470/1344
f 1499/1441/1320 1500/1443/1322 1515/1471/1346 1514/1469/1345
f 1500/1443/1322 1501/1445/1324 1516/1472/1347 1515/1471/1346
f 1501/1445/1324 1502/1447/1326 1517/1473/1348 1516/1472/1347
f 1502/1447/1326 1503/1449/1328 1518/1474/1349 1517/1473/1348
f 1503/1475/1328 1504/1455/1330 1519/1476/1350 1518/1477/1349
f 1504/1455/1330 1505/1454/1332 1520/1478/1351 1519/1476/1350
f 383/1479/1352 382/1456/1333 3501/1457/1334 3516/1480/1353
f 407/1458/1335 406/1481/1354 3335/1482/1355 3320/1459/1336
f 1536/1461/1338 1537/1460/1337 1552/1483/1356 1551/1484/1357
f 1522/423/388 1523/1462/1339 1538/1485/1358 1537/1460/1337
f 1509/1464/1341 1510/1463/1340 1525/1486/1359 1524/1487/1360
f 1511/1466/1343 1512/1465/1342 1527/1488/1361 1526/1489/1362
f 1512/1465/1342 1513/1468/1344 1528/1490/1363 1527/1488/1361
f 1513/1470/1344 1514/1469/1345 1529/1491/1364 1528/1492/1363
f 1514/1469/1345 1515/1471/1346 1530/1493/1365 1529/1491/1364
f 1515/1471/1346 1516/1472/1347 1531/1494/1366 1530/1493/1365
f 1516/1472/1347 1517/1473/1348 1532/1495/1367 1531/1494/1366
f 1517/1473/1348 1518/1474/1349 1533/1496/1368 1532/1495/1367
f 1518/1477/1349 1519/1476/1350 1534/1497/1369 1533/1498/1368
f 1519/1476/1350 1520/1478/1351 1535/1499/1370 1534/1497/1369
f 384/1500/1371 383/1479/1352 3516/1480/1353 3531/1501/1372
f 406/1481/1354 405/1502/1373 3350/1503/1374 3335/1482/1355
f 1551/1504/1357 1552/1505/1356 1567/1506/1375 1566/1507/1376
f 1537/1460/1337 1538/1485/1358 1553/1508/1377 1552/1483/1356
f 1524/1487/1360 1525/1486/1359 1540/1509/1378 1539/1510/1379
f 1526/1489/1362 1527/1488/1361 1542/1511/1380 1541/1512/1381
f 1527/1513/1361 1528/1492/1363 1543/1514/1382 1542/1515/1380
f 1528/1492/1363 1529/1491/1364 1544/1516/1383 1543/1514/1382
f 1529/1491/1364 1530/1493/1365 1545/1517/1384 1544/1516/1383
f 1530/1493/1365 1531/1494/1366 1546/1518/1385 1545/1517/1384
f 1531/1494/1366 1532/1495/1367 1547/1519/1386 1546/1518/1385
f 1532/1495/1367 1533/1496/1368 1548/1520/1387 1547/1519/1386
f 1533/1498/1368 1534/1497/1369 1549/1521/1388 1548/1522/1387
f 1534/1497/1369 1535/1499/1370 1550/1523/1389 1549/1521/1388
f 385/1524/1390 384/1500/1371 3531/1501/1372 3546/1525/1391
f 405/1502/1373 404/1526/1392 3365/1527/1393 3350/1503/1374
f 1566/1507/1376 1567/1506/1375 1582/1528/1394 1581/1529/1395
f 1552/1505/1356 1553/1530/1377 1568/1531/1396 1567/1506/1375
f 1539/1510/1379 1540/1509/1378 1555/1532/1397 1554/1533/1398
f 1541/1534/1381 1542/1515/1380 1557/1535/1399 1556/1536/1400
f 1542/1515/1380 1543/1514/1382 1558/1537/1401 1557/1535/1399
f 1543/1514/1382 1544/1516/1383 1559/1538/1402 1558/1537/1401
f 1544/1516/1383 1545/1517/1384 1560/1539/1403 1559/1538/1402
f 1545/1517/1384 1546/1518/1385 1561/1540/1404 1560/1539/1403
f 1546/1518/1385 1547/1519/1386 1562/1541/1405 1561/1540/1404
f 1547/1519/1386 1548/1520/1387 1563/1542/1406 1562/1541/1405
f 1548/1522/1387 1549/1521/1388 1564/1543/1407 1563/1544/1406
f 1549/1521/1388 1550/1523/1389 1565/1545/1408 1564/1543/1407
f 386/1546/1409 385/1524/1390 3546/1525/1391 3561/1547/1410
f 404/1526/1392 403/1548/1411 3380/1549/1412 3365/1527/1393
f 1581/1550/1395 1582/1551/1394 1597/1552/1413 1596/1553/1414
f 1567/1506/1375 1568/1531/1396 1583/1554/1415 1582/1528/1394
f 1554/1555/1398 1555/1556/1397 1570/1557/1416 1569/1558/1417
f 1556/1536/1400 1557/1535/1399 1572/1559/1418 1571/1560/1419
f 1557/1535/1399 1558/1537/1401 1573/1561/1420 1572/1559/1418
f 1558/1537/1401 1559/1538/1402 1574/1562/1421 1573/1561/1420
f 1559/1538/1402 1560/1539/1403 1575/1563/1422 1574/1562/1421
f 1560/1539/1403 1561/1540/1404 1576/1564/1423 1575/1563/1422
f 1561/1540/1404 1562/1541/1405 1577/1565/1424 1576/1564/1423
f 1562/1541/1405 1563/1542/1406 1578/1566/1425 1577/1565/1424
f 1563/1544/1406 1564/1543/1407 1579/1567/1426 1578/1568/1425
f 1564/1543/1407 1565/1545/1408 1580/1569/1427 1579/1567/1426
f 387/1570/1428 386/1546/1409 3561/1547/1410 3576/1571/1429
f 403/1548/1411 402/1572/1430 3395/1573/1431 3380/1549/1412
f 1596/1553/1414 1597/1552/1413 1612/1574/1432 1611/1575/1433
f 1582/1528/1394 1583/1554/1415 1598/1576/1434 1597/1577/1413
f 1569/1558/1417 1570/1557/1416 1585/1578/1435 1584/1579/1436
f 1571/1560/1419 1572/1559/1418 1587/1580/1437 1586/1581/1438
f 1572/1559/1418 1573/1561/1420 1588/1582/1439 1587/1580/1437
f 1573/1561/1420 1574/1562/1421 1589/1583/1440 1588/1582/1439
f 1574/1562/1421 1575/1563/1422 1590/1584/1441 1589/1583/1440
f 1575/1563/1422 1576/1564/1423 1591/1585/1442 1590/1584/1441
f 1576/1564/1423 1577/1565/1424 1592/1586/1443 1591/1585/1442
f 1577/1565/1424 1578/1566/1425 1593/1587/1444 1592/1586/1443
f 1578/1568/1425 1579/1567/1426 1594/1588/1445 1593/1589/1444
f 1579/1567/1426 1580/1569/1427 1595/1590/1446 1594/1588/1445
f 388/1591/1447 387/1570/1428 3576/1571/1429 3591/1592/1448
f 402/1572/1430 401/1593/1449 3410/1594/1450 3395/1573/1431
f 1611/1575/1433 1612/1574/1432 1627/1595/1451 1626/1596/1452
f 1597/1552/1413 1598/1597/1434 1613/1598/1453 1612/1574/1432
f 1584/1579/1436 1585/1578/1435 1600/1599/1454 1599/1600/1455
f 1586/1581/1438 1587/1580/1437 1602/1601/1456 1601/1602/1457
f 1587/1580/1437 1588/1582/1439 1603/1603/1458 1602/1601/1456
f 1588/1582/1439 1589/1583/1440 1604/1604/1459 1603/1603/1458
f 1589/1583/1440 1590/1584/1441 1605/1605/1460 1604/1604/1459
f 1590/1584/1441 1591/1585/1442 1606/1606/1461 1605/1605/1460
f 1591/1585/1442 1592/1586/1443 1607/1607/1462 1606/1606/1461
f 1592/1586/1443 1593/1587/1444 1608/1608/1463 1607/1607/1462
f 1593/1589/1444 1594/1588/1445 1609/1609/1464 1608/1610/1463
f 1594/1588/1445 1595/1590/1446 1610/1611/1465 1609/1609/1464
f 389/1612/1466 388/1591/1447 3591/1592/1448 3606/1613/1467
f 401/1593/1449 400/1614/1468 3425/1615/1469 3410/1594/1450
f 1626/1596/1452 1627/1595/1451 1642/1616/1470 1641/1617/1471
f 1612/1574/1432 1613/1598/1453 1628/1618/1472 1627/1595/1451
f 1599/1600/1455 1600/1599/1454 1615/1619/1473 1614/1620/1474
f 1601/1602/1457 1602/1601/1456 1617/1621/1475 1616/1622/1476
f 1602/1601/1456 1603/1603/1458 1618/1623/1477 1617/1621/1475
f 1603/1603/1458 1604/1604/1459 1619/1624/1478 1618/1623/1477
f 1604/1604/1459 1605/1605/1460 1620/1625/1479 1619/1624/1478
f 1605/1605/1460 1606/1606/1461 1621/1626/1480 1620/1625/1479
f 1606/1606/1461 1607/1607/1462 1622/1627/1481 1621/1626/1480
f 1607/1628/1462 1608/1610/1463 1623/1629/1482 1622/1630/1481
f 1608/1610/1463 1609/1609/1464 1624/1631/1483 1623/1629/1482
f 1609/1609/1464 1610/1611/1465 1625/1632/1484 1624/1631/1483
f 390/1633/1485 389/1612/1466 3606/1613/1467 3621/1634/1486
f 400/1614/1468 399/1635/1487 3440/1636/1488 3425/1615/1469
f 1641/1617/1471 1642/1616/1470 1657/1637/1489 1656/1638/1490
f 1627/1595/1451 1628/1618/1472 1643/1639/1491 1642/1616/1470
f 1614/1620/1474 1615/1619/1473 1630/1640/1492 1629/1641/1493
f 1616/1622/1476 1617/1621/1475 1632/1642/1494 1631/1643/1495
f 1617/1621/1475 1618/1623/1477 1633/1644/1496 1632/1642/1494
f 1618/1623/1477 1619/1624/1478 1634/1645/1497 1633/1644/1496
f 1619/1624/1478 1620/1625/1479 1635/1646/1498 1634/1645/1497
f 1620/1625/1479 1621/1626/1480 1636/1647/1499 1635/1646/1498
f 1621/1648/1480 1622/1630/1481 1637/1649/1500 1636/1650/1499
f 1622/1630/1481 1623/1629/1482 1638/1651/1501 1637/1649/1500
f 1623/1629/1482 1624/1631/1483 1639/1652/1502 1638/1651/1501
f 1624/1631/1483 1625/1632/1484 1640/1653/1503 1639/1652/1502
f 391/1654/1504 390/1633/1485 3621/1634/1486 3636/1655/1505
f 399/1635/1487 398/1656/1506 3455/1657/1507 3440/1636/1488
f 1656/1638/1490 1657/1637/1489 1672/1658/1508 1671/1659/1509
f 1642/1616/1470 1643/1639/1491 1658/1660/1510 1657/1637/1489
f 1629/1661/1493 1630/1662/1492 1645/1663/1511 1644/1664/1512
f 1631/1643/1495 1632/1642/1494 1647/1665/1513 1646/1666/1514
f 1632/1642/1494 1633/1644/1496 1648/1667/1515 1647/1665/1513
f 1633/1644/1496 1634/1645/1497 1649/1668/1516 1648/1667/1515
f 1634/1645/1497 1635/1646/1498 1650/1669/1517 1649/1668/1516
f 1635/1646/1498 1636/1647/1499 1651/1670/1518 1650/1669/1517
f 1636/1650/1499 1637/1649/1500 1652/1671/1519 1651/1672/1518
f 1637/1649/1500 1638/1651/1501 1653/1673/1520 1652/1671/1519
f 1638/1651/1501 1639/1652/1502 1654/1674/1521 1653/1673/1520
f 1639/1652/1502 1640/1653/1503 1655/1675/1522 1654/1674/1521
f 392/1676/1523 391/1654/1504 3636/1655/1505 3651/1677/1524
f 398/1678/1506 397/1679/1525 3470/1680/1526 3455/1681/1507
f 334/1682/1527 333/1683/1528 4388/1684/1529 4387/1685/1530
f 1657/1637/1489 1658/1660/1510 1673/1686/1531 1672/1658/1508
f 1644/1664/1512 1645/1663/1511 1660/1687/1532 1659/1688/1533
f 1646/1666/1514 1647/1665/1513 1662/1689/1534 1661/1690/1535
f 1647/1665/1513 1648/1667/1515 1663/1691/1536 1662/1689/1534
f 1648/1667/1515 1649/1668/1516 1664/1692/1537 1663/1691/1536
f 1649/1668/1516 1650/1669/1517 1665/1693/1538 1664/1692/1537
f 1650/1669/1517 1651/1670/1518 1666/1694/1539 1665/1693/1538
f 1651/1672/1518 1652/1671/1519 1667/1695/1540 1666/1696/1539
f 1652/1671/1519 1653/1673/1520 1668/1697/1541 1667/1695/1540
f 1653/1673/1520 1654/1674/1521 1669/1698/1542 1668/1697/1541
f 1654/1674/1521 1655/1675/1522 1670/1699/1543 1669/1698/1542
f 393/1700/1544 392/1676/1523 3651/1677/1524 3666/1701/1545
f 397/1679/1525 396/1702/1546 3485/1703/1547 3470/1680/1526
f 333/1704/1528 332/1705/1548 4389/1706/1549 4388/1707/1529
f 1659/1688/1533 1660/1687/1532 1675/1708/1550 1674/1709/1551
f 1661/1690/1535 1662/1689/1534 1677/1710/1552 1676/1711/1553
f 1662/1689/1534 1663/1691/1536 1678/1712/1554 1677/1710/1552
f 1663/1691/1536 1664/1692/1537 1679/1713/1555 1678/1712/1554
f 1664/1692/1537 1665/1693/1538 1680/1714/1556 1679/1713/1555
f 1665/1715/1538 1666/1696/1539 1681/1716/1557 1680/1717/1556
f 1666/1696/1539 1667/1695/1540 1682/1718/1558 1681/1716/1557
f 1667/1695/1540 1668/1697/1541 1683/1719/1559 1682/1718/1558
f 1668/1697/1541 1669/1698/1542 1684/1720/1560 1683/1719/1559
f 1669/1698/1542 1670/1699/1543 1685/1721/1561 1684/1720/1560
f 394/1722/1562 393/1700/1544 3666/1701/1545 3681/1723/1563
f 331/1724/1564 330/1725/1565 4391/1726/1566 4390/1727/1567
f 329/1728/1568 328/1729/1569 4393/1730/1570 4392/1731/1571
f 328/1729/1569 327/1732/1572 4394/1733/1573 4393/1730/1570
f 327/1734/1572 326/1735/1574 4395/1736/1575 4394/1737/1573
f 326/1735/1574 325/1738/1576 4396/1739/1577 4395/1736/1575
f 325/1738/1576 324/1740/1578 4397/1741/1579 4396/1739/1577
f 324/1740/1578 323/1742/1580 4398/1743/1581 4397/1741/1579
f 323/1742/1580 322/1744/1582 4399/1745/1583 4398/1743/1581
f 322/1744/1582 321/1746/1584 4400/1747/1585 4399/1745/1583
f 321/1746/1584 13/1748/1586 560/1749/1587 4400/1747/1585
f 395/1750/1588 394/1722/1562 3681/1723/1563 3696/1751/1589
f 14/1752/1590 335/1753/1591 4386/1754/1592 501/1755/1593
f 350/1756/1594 349/1757/1595 3937/1758/1596 3936/1759/1597
f 1688/1031/952 1689/1007/931 1704/1105/1010 1703/1760/1598
f 1687/1057/974 1688/1031/952 1703/1760/1598 1702/1761/1599
f 1464/58/58 1465/84/84 1480/414/380 1479/413/379
f 580/433/396 581/34/34 596/37/37 595/68/68
f 1465/84/84 1466/1762/103 1481/1432/1313 1480/414/380
f 595/68/68 596/37/37 611/72/72 610/69/69
f 1466/104/103 1467/129/122 1482/1436/1314 1481/1763/1313
f 610/69/69 611/72/72 626/91/91 625/88/88
f 1467/129/122 1468/151/141 1483/1437/1317 1482/1436/1314
f 625/88/88 626/91/91 641/112/110 640/109/107
f 1468/151/141 1469/172/160 1484/1440/1319 1483/1437/1317
f 640/109/107 641/112/110 656/1764/129 655/133/126
f 1469/172/160 1470/193/179 1485/1442/1321 1484/1440/1319
f 655/1765/126 656/138/129 671/158/148 670/1766/145
f 1470/193/179 1471/214/198 1486/1444/1323 1485/1442/1321
f 670/1766/145 671/158/148 686/179/167 685/1767/164
f 1471/214/198 1472/234/217 1487/1446/1325 1486/1444/1323
f 685/1767/164 686/179/167 701/200/186 700/1768/183
f 1472/234/217 1473/254/236 1488/1448/1327 1487/1446/1325
f 700/197/183 701/1769/186 716/1770/205 715/218/202
f 1473/254/236 1474/276/255 1489/1450/1329 1488/1448/1327
f 715/218/202 716/1770/205 731/1771/224 730/238/221
f 1474/276/255 1475/299/276 1490/1772/1331 1489/1450/1329
f 730/238/221 731/1771/224 746/1773/243 745/260/240
f 1491/1431/1312 1492/418/383 1507/421/386 1506/422/387
f 745/1774/240 746/263/243 761/286/264 760/307/261
f 760/307/261 761/286/264 776/311/286 775/308/283
f 75/330/302 74/333/305 792/336/308 791/331/303
f 1477/1410/1292 1478/1408/1290 1493/419/384 1492/418/383
f 3520/761/712 3521/1775/1600 3536/1776/1601 3535/1777/1602
f 381/303/280 382/1456/1333 1490/1453/1331 1475/326/276
f 3535/1777/1602 3536/1776/1601 3551/1778/1603 3550/1779/1604
f 382/1456/1333 383/1479/1352 1505/1454/1332 1490/1453/1331
f 3550/1779/1604 3551/1778/1603 3566/1780/1605 3565/1781/1606
f 383/1479/1352 384/1500/1371 1520/1478/1351 1505/1454/1332
f 3565/1781/1606 3566/1780/1605 3581/1782/1607 3580/1783/1608
f 384/1500/1371 385/1524/1390 1535/1499/1370 1520/1478/1351
f 3580/1783/1608 3581/1782/1607 3596/1784/1609 3595/1785/1610
f 385/1524/1390 386/1546/1409 1550/1523/1389 1535/1499/1370
f 3595/1785/1610 3596/1784/1609 3611/1786/1611 3610/1787/1612
f 386/1546/1409 387/1570/1428 1565/1545/1408 1550/1523/1389
f 3610/1787/1612 3611/1786/1611 3626/1788/1613 3625/1789/1614
f 387/1570/1428 388/1591/1447 1580/1569/1427 1565/1545/1408
f 3625/1789/1614 3626/1788/1613 3641/1790/1615 3640/1791/1616
f 388/1591/1447 389/1612/1466 1595/1590/1446 1580/1569/1427
f 3640/1791/1616 3641/1790/1615 3656/1792/1617 3655/1793/1618
f 389/1612/1466 390/1633/1485 1610/1611/1465 1595/1590/1446
f 3655/1793/1618 3656/1792/1617 3671/1794/1619 3670/1795/1620
f 390/1633/1485 391/1654/1504 1625/1632/1484 1610/1611/1465
f 3670/1795/1620 3671/1794/1619 3686/1796/1621 3685/1797/1622
f 391/1654/1504 392/1676/1523 1640/1653/1503 1625/1632/1484
f 3685/1797/1622 3686/1796/1621 3701/1798/1623 3700/1799/1624
f 392/1676/1523 393/1700/1544 1655/1675/1522 1640/1653/1503
f 345/1800/1625 344/1801/1626 3942/1802/1627 3941/1803/1628
f 393/1700/1544 394/1722/1562 1670/1699/1543 1655/1675/1522
f 394/1722/1562 395/1750/1588 1685/1721/1561 1670/1699/1543
f 1686/1087/1004 1687/1057/974 1702/1761/1599 1701/1804/1629
f 13/1748/1586 321/1746/1584 1685/1721/1561 395/1750/1588
f 4404/1805/1630 4405/1806/1631 4420/1807/1632 4419/1808/1633
f 321/1746/1584 322/1744/1582 1684/1720/1560 1685/1721/1561
f 4417/1809/1634 4418/1810/1635 4433/1811/1636 4432/1812/1637
f 322/1744/1582 323/1742/1580 1683/1719/1559 1684/1720/1560
f 323/1742/1580 324/1740/1578 1682/1718/1558 1683/1719/1559
f 324/1740/1578 325/1738/1576 1681/1716/1557 1682/1718/1558
f 325/1738/1576 326/1735/1574 1680/1717/1556 1681/1716/1557
f 326/1813/1574 327/1732/1572 1679/1713/1555 1680/1714/1556
f 327/1732/1572 328/1729/1569 1678/1712/1554 1679/1713/1555
f 328/1729/1569 329/1728/1568 1677/1710/1552 1678/1712/1554
f 329/1728/1568 330/1725/1565 1676/1711/1553 1677/1710/1552
f 330/1725/1565 331/1724/1564 1675/1814/1550 1676/1711/1553
f 331/1724/1564 332/1705/1548 1674/1815/1551 1675/1814/1550
f 332/1816/1548 333/1683/1528 1673/1686/1531 1674/1709/1551
f 333/1683/1528 334/1682/1527 1672/1658/1508 1673/1686/1531
f 334/1682/1527 335/1817/1591 1671/1659/1509 1672/1658/1508
f 1671/1818/1509 335/1753/1591 14/1752/1590 396/1702/1546
f 396/1702/1546 397/1679/1525 1656/1819/1490 1671/1818/1509
f 397/1820/1525 398/1656/1506 1641/1617/1471 1656/1638/1490
f 398/1656/1506 399/1635/1487 1626/1596/1452 1641/1617/1471
f 399/1635/1487 400/1614/1468 1611/1575/1433 1626/1596/1452
f 400/1614/1468 401/1593/1449 1596/1553/1414 1611/1575/1433
f 401/1593/1449 402/1572/1430 1581/1550/1395 1596/1553/1414
f 402/1572/1430 403/1548/1411 1566/1821/1376 1581/1550/1395
f 403/1822/1411 404/1823/1392 1551/1504/1357 1566/1507/1376
f 404/1526/1392 405/1502/1373 1536/1461/1338 1551/1484/1357
f 405/1502/1373 406/1481/1354 1521/424/389 1536/1461/1338
f 406/1481/1354 407/1458/1335 1506/422/387 1521/424/389
f 407/1458/1335 408/426/391 1491/1431/1312 1506/422/387
f 408/426/391 409/425/390 1476/1421/1303 1491/1431/1312
f 409/425/390 410/1404/1288 1461/1420/1302 1476/1421/1303
f 3098/1824/1638 3099/1825/1639 3114/1826/1640 3113/1827/1641
f 3083/1145/1045 3084/1828/1642 3099/1825/1639 3098/1824/1638
f 1701/1804/1629 1702/1761/1599 1717/1109/1014 1716/1829/1643
f 1706/1830/1644 1707/1831/1645 1722/1832/1646 1721/1833/1647
f 1707/1831/1645 1708/1834/1648 1723/1835/1649 1722/1832/1646
f 1708/1834/1648 1709/1836/1650 1724/1837/1651 1723/1835/1649
f 1709/1836/1650 1710/1838/1652 1725/1839/1653 1724/1837/1651
f 1710/1838/1652 1711/1840/1654 1726/1841/1655 1725/1839/1653
f 1711/1842/1654 1712/1843/1656 1727/1844/1657 1726/1845/1655
f 1712/1843/1656 1713/1846/1658 1728/1847/1659 1727/1844/1657
f 1713/1848/1658 1714/1849/1660 1729/1850/1661 1728/1851/1659
f 1714/1849/1660 1715/1852/1662 1730/1853/1663 1729/1850/1661
f 262/1854/1664 261/728/685 2586/727/684 2601/1855/1665
f 288/1856/1022 287/1857/1666 2420/1858/1667 2405/1859/1023
f 1746/1115/1020 1747/1114/1019 1762/1860/1668 1761/1861/1669
f 1732/1112/1017 1733/1111/1016 1748/1862/1670 1747/1114/1019
f 1719/1108/1013 1720/1107/1012 1735/1863/1671 1734/1864/1672
f 1721/1833/1647 1722/1832/1646 1737/1865/1673 1736/1866/1674
f 1722/1832/1646 1723/1835/1649 1738/1867/1675 1737/1865/1673
f 1723/1835/1649 1724/1837/1651 1739/1868/1676 1738/1867/1675
f 1724/1837/1651 1725/1839/1653 1740/1869/1677 1739/1868/1676
f 1725/1839/1653 1726/1841/1655 1741/1870/1678 1740/1869/1677
f 1726/1841/1655 1727/1871/1657 1742/1872/1679 1741/1870/1678
f 1727/1871/1657 1728/1851/1659 1743/1873/1680 1742/1872/1679
f 1728/1851/1659 1729/1850/1661 1744/1874/1681 1743/1873/1680
f 1729/1850/1661 1730/1853/1663 1745/1875/1682 1744/1874/1681
f 263/1876/1683 262/1854/1664 2601/1855/1665 2616/1877/1684
f 287/1857/1666 286/1878/1685 2435/1879/1686 2420/1858/1667
f 1761/1861/1669 1762/1860/1668 1777/1880/1687 1776/1881/1688
f 1747/1114/1019 1748/1862/1670 1763/1882/1689 1762/1860/1668
f 1734/1864/1672 1735/1863/1671 1750/1883/1690 1749/1884/1691
f 1736/1866/1674 1737/1865/1673 1752/1885/1692 1751/1886/1693
f 1737/1865/1673 1738/1867/1675 1753/1887/1694 1752/1885/1692
f 1738/1867/1675 1739/1868/1676 1754/1888/1695 1753/1887/1694
f 1739/1868/1676 1740/1869/1677 1755/1889/1696 1754/1888/1695
f 1740/1869/1677 1741/1870/1678 1756/1890/1697 1755/1889/1696
f 1741/1870/1678 1742/1872/1679 1757/1891/1698 1756/1890/1697
f 1742/1872/1679 1743/1873/1680 1758/1892/1699 1757/1891/1698
f 1743/1873/1680 1744/1874/1681 1759/1893/1700 1758/1892/1699
f 1744/1874/1681 1745/1875/1682 1760/1894/1701 1759/1893/1700
f 264/1895/1702 263/1876/1683 2616/1877/1684 2631/1896/1703
f 286/1878/1685 285/1897/1704 2450/1898/1705 2435/1879/1686
f 1776/1881/1688 1777/1880/1687 1792/1899/1706 1791/1900/1707
f 1762/1860/1668 1763/1882/1689 1778/1901/1708 1777/1880/1687
f 1749/1884/1691 1750/1883/1690 1765/1902/1709 1764/1903/1710
f 1751/1886/1693 1752/1885/1692 1767/1904/1711 1766/1905/1712
f 1752/1885/1692 1753/1887/1694 1768/1906/1713 1767/1904/1711
f 1753/1887/1694 1754/1888/1695 1769/1907/1714 1768/1906/1713
f 1754/1888/1695 1755/1889/1696 1770/1908/1715 1769/1907/1714
f 1755/1889/1696 1756/1890/1697 1771/1909/1716 1770/1908/1715
f 1756/1890/1697 1757/1891/1698 1772/1910/1717 1771/1909/1716
f 1757/1891/1698 1758/1892/1699 1773/1911/1718 1772/1910/1717
f 1758/1892/1699 1759/1893/1700 1774/1912/1719 1773/1911/1718
f 1759/1893/1700 1760/1894/1701 1775/1913/1720 1774/1912/1719
f 265/1914/1721 264/1895/1702 2631/1896/1703 2646/1915/1722
f 285/1897/1704 284/1916/1723 2465/1917/1724 2450/1898/1705
f 1791/1900/1707 1792/1899/1706 1807/1918/1725 1806/1919/1726
f 1777/1880/1687 1778/1901/1708 1793/1920/1727 1792/1899/1706
f 1764/1903/1710 1765/1902/1709 1780/1921/1728 1779/1922/1729
f 1766/1905/1712 1767/1904/1711 1782/1923/1730 1781/1924/1731
f 1767/1904/1711 1768/1906/1713 1783/1925/1732 1782/1923/1730
f 1768/1906/1713 1769/1907/1714 1784/1926/1733 1783/1925/1732
f 1769/1907/1714 1770/1908/1715 1785/1927/1734 1784/1926/1733
f 1770/1908/1715 1771/1909/1716 1786/1928/1735 1785/1927/1734
f 1771/1909/1716 1772/1910/1717 1787/1929/1736 1786/1928/1735
f 1772/1910/1717 1773/1911/1718 1788/1930/1737 1787/1929/1736
f 1773/1911/1718 1774/1912/1719 1789/1931/1738 1788/1930/1737
f 1774/1912/1719 1775/1913/1720 1790/1932/1739 1789/1931/1738
f 266/1933/1740 265/1914/1721 2646/1915/1722 2661/1934/1741
f 284/1916/1723 283/1935/1742 2480/1936/1743 2465/1917/1724
f 1806/1937/1726 1807/1938/1725 1822/1939/1744 1821/1940/1745
f 1792/1899/1706 1793/1920/1727 1808/1941/1746 1807/1918/1725
f 1779/1922/1729 1780/1921/1728 1795/1942/1747 1794/1943/1748
f 1781/1924/1731 1782/1923/1730 1797/1944/1749 1796/1945/1750
f 1782/1923/1730 1783/1925/1732 1798/1946/1751 1797/1944/1749
f 1783/1925/1732 1784/1926/1733 1799/1947/1752 1798/1946/1751
f 1784/1926/1733 1785/1927/1734 1800/1948/1753 1799/1947/1752
f 1785/1927/1734 1786/1928/1735 1801/1949/1754 1800/1948/1753
f 1786/1928/1735 1787/1929/1736 1802/1950/1755 1801/1949/1754
f 1787/1929/1736 1788/1930/1737 1803/1951/1756 1802/1950/1755
f 1788/1930/1737 1789/1931/1738 1804/1952/1757 1803/1951/1756
f 1789/1931/1738 1790/1932/1739 1805/1953/1758 1804/1952/1757
f 267/1954/1759 266/1933/1740 2661/1934/1741 2676/1955/1760
f 283/1956/1742 282/1957/1761 2495/1958/1762 2480/1959/1743
f 1821/1940/1745 1822/1939/1744 1837/1960/1763 1836/1961/1764
f 1807/1918/1725 1808/1941/1746 1823/1962/1765 1822/1963/1744
f 1794/1943/1748 1795/1942/1747 1810/1964/1766 1809/1965/1767
f 1796/1945/1750 1797/1944/1749 1812/1966/1768 1811/1967/1769
f 1797/1944/1749 1798/1946/1751 1813/1968/1770 1812/1966/1768
f 1798/1946/1751 1799/1947/1752 1814/1969/1771 1813/1968/1770
f 1799/1947/1752 1800/1948/1753 1815/1970/1772 1814/1969/1771
f 1800/1948/1753 1801/1949/1754 1816/1971/1773 1815/1970/1772
f 1801/1949/1754 1802/1950/1755 1817/1972/1774 1816/1971/1773
f 1802/1950/1755 1803/1951/1756 1818/1973/1775 1817/1972/1774
f 1803/1951/1756 1804/1952/1757 1819/1974/1776 1818/1973/1775
f 1804/1952/1757 1805/1953/1758 1820/1975/1777 1819/1974/1776
f 268/1976/1778 267/1954/1759 2676/1955/1760 2691/1977/1779
f 282/1957/1761 281/1978/1780 2510/1979/1781 2495/1958/1762
f 1836/1961/1764 1837/1960/1763 1852/1980/1782 1851/1981/1783
f 1822/1939/1744 1823/1982/1765 1838/1983/1784 1837/1960/1763
f 1809/1965/1767 1810/1964/1766 1825/1984/1785 1824/1985/1786
f 1811/1967/1769 1812/1966/1768 1827/1986/1787 1826/1987/1788
f 1812/1966/1768 1813/1968/1770 1828/1988/1789 1827/1986/1787
f 1813/1968/1770 1814/1969/1771 1829/1989/1790 1828/1988/1789
f 1814/1969/1771 1815/1970/1772 1830/1990/1791 1829/1989/1790
f 1815/1970/1772 1816/1971/1773 1831/1991/1792 1830/1990/1791
f 1816/1971/1773 1817/1972/1774 1832/1992/1793 1831/1991/1792
f 1817/1972/1774 1818/1973/1775 1833/1993/1794 1832/1992/1793
f 1818/1973/1775 1819/1974/1776 1834/1994/1795 1833/1993/1794
f 1819/1974/1776 1820/1975/1777 1835/1995/1796 1834/1994/1795
f 269/1996/1797 268/1997/1778 2691/1998/1779 2706/1999/1798
f 281/1978/1780 280/2000/1799 2525/2001/1800 2510/1979/1781
f 1851/1981/1783 1852/1980/1782 1867/2002/1801 1866/2003/1802
f 1837/1960/1763 1838/1983/1784 1853/2004/1803 1852/1980/1782
f 1824/1985/1786 1825/1984/1785 1840/2005/1804 1839/2006/1805
f 1826/1987/1788 1827/1986/1787 1842/2007/1806 1841/2008/1807
f 1827/1986/1787 1828/1988/1789 1843/2009/1808 1842/2007/1806
f 1828/1988/1789 1829/1989/1790 1844/2010/1809 1843/2009/1808
f 1829/1989/1790 1830/1990/1791 1845/2011/1810 1844/2010/1809
f 1830/1990/1791 1831/1991/1792 1846/2012/1811 1845/2011/1810
f 1831/1991/1792 1832/1992/1793 1847/2013/1812 1846/2012/1811
f 1832/1992/1793 1833/1993/1794 1848/2014/1813 1847/2013/1812
f 1833/1993/1794 1834/1994/1795 1849/2015/1814 1848/2014/1813
f 1834/1994/1795 1835/1995/1796 1850/2016/1815 1849/2015/1814
f 270/2017/1816 269/1996/1797 2706/1999/1798 2721/2018/1817
f 280/2000/1799 279/2019/1818 2540/2020/1819 2525/2001/1800
f 1866/2003/1802 1867/2002/1801 1882/2021/1820 1881/2022/1821
f 1852/1980/1782 1853/2004/1803 1868/2023/1822 1867/2002/1801
f 1839/2006/1805 1840/2005/1804 1855/2024/1823 1854/2025/1824
f 1841/2008/1807 1842/2007/1806 1857/2026/1825 1856/2027/1826
f 1842/2007/1806 1843/2009/1808 1858/2028/1827 1857/2026/1825
f 1843/2009/1808 1844/2010/1809 1859/2029/1828 1858/2028/1827
f 1844/2010/1809 1845/2011/1810 1860/2030/1829 1859/2029/1828
f 1845/2011/1810 1846/2012/1811 1861/2031/1830 1860/2030/1829
f 1846/2012/1811 1847/2013/1812 1862/2032/1831 1861/2031/1830
f 1847/2013/1812 1848/2014/1813 1863/2033/1832 1862/2032/1831
f 1848/2014/1813 1849/2015/1814 1864/2034/1833 1863/2033/1832
f 1849/2015/1814 1850/2016/1815 1865/2035/1834 1864/2034/1833
f 271/2036/1835 270/2017/1816 2721/2018/1817 2736/2037/1836
f 279/2019/1818 278/2038/1837 2555/2039/1838 2540/2020/1819
f 1881/2022/1821 1882/2021/1820 1897/2040/1839 1896/2041/1840
f 1867/2002/1801 1868/2023/1822 1883/2042/1841 1882/2021/1820
f 1854/2025/1824 1855/2024/1823 1870/2043/1842 1869/2044/1843
f 1856/2027/1826 1857/2026/1825 1872/2045/1844 1871/2046/1845
f 1857/2026/1825 1858/2028/1827 1873/2047/1846 1872/2045/1844
f 1858/2028/1827 1859/2029/1828 1874/2048/1847 1873/2047/1846
f 1859/2029/1828 1860/2030/1829 1875/2049/1848 1874/2048/1847
f 1860/2030/1829 1861/2031/1830 1876/2050/1849 1875/2049/1848
f 1861/2031/1830 1862/2032/1831 1877/2051/1850 1876/2050/1849
f 1862/2032/1831 1863/2033/1832 1878/2052/1851 1877/2051/1850
f 1863/2033/1832 1864/2034/1833 1879/2053/1852 1878/2052/1851
f 1864/2034/1833 1865/2035/1834 1880/2054/1853 1879/2053/1852
f 272/2055/1854 271/2036/1835 2736/2037/1836 2751/2056/1855
f 278/2038/1837 277/2057/1856 2570/2058/1857 2555/2039/1838
f 244/2059/1858 243/2060/1859 2091/2061/1860 2106/2062/1861
f 1882/2021/1820 1883/2042/1841 1898/2063/1862 1897/2040/1839
f 1869/2044/1843 1870/2043/1842 1885/2064/1863 1884/2065/1864
f 1871/2046/1845 1872/2045/1844 1887/2066/1865 1886/2067/1866
f 1872/2045/1844 1873/2047/1846 1888/2068/1867 1887/2066/1865
f 1873/2047/1846 1874/2048/1847 1889/2069/1868 1888/2068/1867
f 1874/2048/1847 1875/2049/1848 1890/2070/1869 1889/2069/1868
f 1875/2049/1848 1876/2050/1849 1891/2071/1870 1890/2070/1869
f 1876/2050/1849 1877/2051/1850 1892/2072/1871 1891/2071/1870
f 1877/2051/1850 1878/2052/1851 1893/2073/1872 1892/2072/1871
f 1878/2052/1851 1879/2053/1852 1894/2074/1873 1893/2073/1872
f 1879/2053/1852 1880/2054/1853 1895/2075/1874 1894/2074/1873
f 273/2076/1875 272/2055/1854 2751/2056/1855 2766/2077/1876
f 277/2057/1856 276/2078/1877 2585/2079/1878 2570/2058/1857
f 275/2080/1879 2796/2081/1880 230/2082/1881 12/2083/1882
f 243/2060/1859 242/2084/1883 2076/2085/1884 2091/2061/1860
f 1884/2065/1864 1885/2064/1863 1900/2086/1885 1899/2087/1886
f 1886/2067/1866 1887/2066/1865 1902/2088/1887 1901/2089/1888
f 1887/2066/1865 1888/2068/1867 1903/2090/1889 1902/2088/1887
f 1888/2068/1867 1889/2069/1868 1904/2091/1890 1903/2090/1889
f 1889/2069/1868 1890/2070/1869 1905/2092/1891 1904/2091/1890
f 1890/2070/1869 1891/2071/1870 1906/2093/1892 1905/2092/1891
f 1891/2071/1870 1892/2072/1871 1907/2094/1893 1906/2093/1892
f 1892/2072/1871 1893/2073/1872 1908/2095/1894 1907/2094/1893
f 1893/2073/1872 1894/2074/1873 1909/2096/1895 1908/2095/1894
f 1894/2074/1873 1895/2075/1874 1910/2097/1896 1909/2096/1895
f 274/2098/1897 273/2076/1875 2766/2077/1876 2781/2099/1898
f 2798/2100/1899 2799/2101/1900 227/2102/1901 228/2103/1902
f 241/2104/1903 240/2105/1904 2046/2106/1905 2061/2107/1906
f 239/2108/1907 238/2109/1908 2016/2110/1909 2031/2111/1910
f 238/2109/1908 237/2112/1911 2001/2113/1912 2016/2110/1909
f 237/2112/1911 236/2114/1913 1986/2115/1914 2001/2113/1912
f 236/2114/1913 235/2116/1915 1971/2117/1916 1986/2115/1914
f 235/2116/1915 234/2118/1917 1956/2119/1918 1971/2117/1916
f 234/2118/1917 233/2120/1919 1941/2121/1920 1956/2119/1918
f 233/2122/1919 232/2123/1921 1926/2124/1922 1941/2125/1920
f 232/2123/1921 231/2126/1923 1911/2127/1924 1926/2124/1922
f 2797/2128/1925 2798/2100/1899 228/2103/1902 229/2129/1926
f 275/2080/1879 274/2130/1897 2781/2131/1898 2796/2081/1880
f 11/2132/1927 245/2133/1928 2121/2134/1929 246/2135/1930
f 1912/2136/1931 1913/2137/1932 1928/2138/1933 1927/2139/1934
f 1911/2127/1924 1912/2136/1931 1927/2139/1934 1926/2124/1922
f 185/1035/956 184/1132/1035 3262/1135/1038 3261/1036/957
f 1689/1007/931 1690/986/912 1705/1106/1011 1704/1105/1010
f 1690/986/912 1691/962/893 1706/1830/1644 1705/1106/1011
f 1691/962/893 1692/939/874 1707/1831/1645 1706/1830/1644
f 1692/939/874 1693/917/855 1708/1834/1648 1707/1831/1645
f 1693/917/855 1694/892/836 1709/1836/1650 1708/1834/1648
f 1694/892/836 1695/873/817 1710/1838/1652 1709/1836/1650
f 1695/873/817 1696/872/798 1711/1840/1654 1710/1838/1652
f 1696/852/798 1697/833/779 1712/1843/1656 1711/1842/1654
f 1697/833/779 1698/832/760 1713/1846/1658 1712/1843/1656
f 1698/810/760 1699/791/741 1714/1849/1660 1713/1848/1658
f 1699/791/741 1700/769/719 1715/1852/1662 1714/1849/1660
f 1716/1829/1643 1717/1109/1014 1732/1112/1017 1731/1113/1018
f 1702/1761/1599 1703/1760/1598 1718/1110/1015 1717/1109/1014
f 2620/733/690 2621/2140/1935 2636/2141/1936 2635/2142/1937
f 261/728/685 262/1854/1664 1715/1852/1662 1700/769/719
f 2635/2142/1937 2636/2141/1936 2651/2143/1938 2650/2144/1939
f 262/1854/1664 263/1876/1683 1730/1853/1663 1715/1852/1662
f 2650/2145/1939 2651/2146/1938 2666/2147/1940 2665/2148/1941
f 263/1876/1683 264/1895/1702 1745/1875/1682 1730/1853/1663
f 2665/2148/1941 2666/2147/1940 2681/2149/1942 2680/2150/1943
f 264/1895/1702 265/1914/1721 1760/1894/1701 1745/1875/1682
f 2680/2150/1943 2681/2149/1942 2696/2151/1944 2695/2152/1945
f 265/1914/1721 266/1933/1740 1775/1913/1720 1760/1894/1701
f 2695/2153/1945 2696/2154/1944 2711/2155/1946 2710/2156/1947
f 266/1933/1740 267/1954/1759 1790/1932/1739 1775/1913/1720
f 2710/2156/1947 2711/2155/1946 2726/2157/1948 2725/2158/1949
f 267/1954/1759 268/1976/1778 1805/1953/1758 1790/1932/1739
f 2725/2158/1949 2726/2157/1948 2741/2159/1950 2740/2160/1951
f 268/1976/1778 269/2161/1797 1820/1975/1777 1805/1953/1758
f 2740/2160/1951 2741/2159/1950 2756/2162/1952 2755/2163/1953
f 269/2161/1797 270/2164/1816 1835/1995/1796 1820/1975/1777
f 2755/2163/1953 2756/2162/1952 2771/2165/1954 2770/2166/1955
f 270/2164/1816 271/2167/1835 1850/2016/1815 1835/1995/1796
f 2770/2166/1955 2771/2165/1954 2786/2168/1956 2785/2169/1957
f 271/2167/1835 272/2170/1854 1865/2035/1834 1850/2016/1815
f 2785/2169/1957 2786/2168/1956 2801/2171/1958 2800/2172/1959
f 272/2170/1854 273/2173/1875 1880/2054/1853 1865/2035/1834
f 273/2174/1875 274/2130/1897 1895/2175/1874 1880/2176/1853
f 274/2130/1897 275/2080/1879 1910/2177/1896 1895/2175/1874
f 2796/2081/1880 2797/2128/1925 229/2129/1926 230/2082/1881
f 12/2083/1882 231/2126/1923 1910/2177/1896 275/2080/1879
f 1945/2178/1960 1946/2179/1961 1961/2180/1962 1960/2181/1963
f 231/2182/1923 232/2183/1921 1909/2096/1895 1910/2097/1896
f 1960/2181/1963 1961/2180/1962 1976/2184/1964 1975/2185/1965
f 232/2183/1921 233/2120/1919 1908/2095/1894 1909/2096/1895
f 1975/2185/1965 1976/2184/1964 1991/2186/1966 1990/2187/1967
f 233/2120/1919 234/2118/1917 1907/2094/1893 1908/2095/1894
f 1990/2187/1967 1991/2186/1966 2006/2188/1968 2005/2189/1969
f 234/2118/1917 235/2116/1915 1906/2093/1892 1907/2094/1893
f 2005/2189/1969 2006/2188/1968 2021/2190/1970 2020/2191/1971
f 235/2116/1915 236/2114/1913 1905/2092/1891 1906/2093/1892
f 2020/2191/1971 2021/2190/1970 2036/2192/1972 2035/2193/1973
f 236/2114/1913 237/2112/1911 1904/2091/1890 1905/2092/1891
f 2035/2193/1973 2036/2192/1972 2051/2194/1974 2050/2195/1975
f 237/2112/1911 238/2109/1908 1903/2090/1889 1904/2091/1890
f 2050/2195/1975 2051/2194/1974 2066/2196/1976 2065/2197/1977
f 238/2109/1908 239/2108/1907 1902/2088/1887 1903/2090/1889
f 2065/2197/1977 2066/2196/1976 2081/2198/1978 2080/2199/1979
f 239/2108/1907 240/2105/1904 1901/2089/1888 1902/2088/1887
f 2080/2199/1979 2081/2198/1978 2096/2200/1980 2095/2201/1981
f 240/2105/1904 241/2104/1903 1900/2086/1885 1901/2089/1888
f 2095/2201/1981 2096/2200/1980 2111/2202/1982 2110/2203/1983
f 241/2104/1903 242/2204/1883 1899/2087/1886 1900/2086/1885
f 2110/2203/1983 2111/2202/1982 2126/2205/1984 2125/2206/1985
f 242/2084/1883 243/2060/1859 1898/2063/1862 1899/2207/1886
f 2579/2208/1986 2580/2209/1987 251/2210/1988 252/2211/1989
f 243/2060/1859 244/2059/1858 1897/2040/1839 1898/2063/1862
f 244/2059/1858 245/2133/1928 1896/2041/1840 1897/2040/1839
f 1896/2041/1840 245/2133/1928 11/2132/1927 276/2078/1877
f 276/2078/1877 277/2057/1856 1881/2022/1821 1896/2041/1840
f 277/2057/1856 278/2038/1837 1866/2003/1802 1881/2022/1821
f 278/2038/1837 279/2019/1818 1851/1981/1783 1866/2003/1802
f 279/2019/1818 280/2000/1799 1836/1961/1764 1851/1981/1783
f 280/2000/1799 281/1978/1780 1821/1940/1745 1836/1961/1764
f 281/1978/1780 282/1957/1761 1806/1937/1726 1821/1940/1745
f 282/2212/1761 283/1935/1742 1791/1900/1707 1806/1919/1726
f 283/1935/1742 284/1916/1723 1776/1881/1688 1791/1900/1707
f 284/1916/1723 285/1897/1704 1761/1861/1669 1776/1881/1688
f 285/1897/1704 286/1878/1685 1746/1115/1020 1761/1861/1669
f 286/1878/1685 287/1857/1666 1731/1113/1018 1746/1115/1020
f 287/1857/1666 288/1856/1022 1716/1829/1643 1731/1113/1018
f 288/1856/1022 289/2213/1021 1701/1804/1629 1716/1829/1643
f 289/2213/1021 290/2214/1005 1686/1087/1004 1701/1804/1629
f 2198/2215/1990 2199/2216/1991 2214/2217/1992 2213/2218/1993
f 2183/388/356 2184/2219/1994 2199/2216/1991 2198/2215/1990
f 2799/2101/1900 2800/2220/1959 226/2221/1995 227/2102/1901
f 2800/2220/1959 2801/2222/1958 225/2223/1996 226/2221/1995
f 2801/2222/1958 2802/2224/1997 224/2225/1998 225/2223/1996
f 2802/2224/1997 2803/2226/1999 223/2227/2000 224/2225/1998
f 2803/2228/1999 2804/2229/2001 222/2230/2002 223/2231/2000
f 2804/2229/2001 2805/2232/2003 221/2233/2004 222/2230/2002
f 2805/2232/2003 2806/2234/2005 220/2235/2006 221/2233/2004
f 2806/2234/2005 2807/2236/2007 219/2237/2008 220/2235/2006
f 2807/2236/2007 2808/2238/2009 218/2239/2010 219/2237/2008
f 2808/2238/2009 2809/2240/2011 217/2241/2012 218/2239/2010
f 2809/2240/2011 2810/2242/2013 216/2243/2014 217/2241/2012
f 306/2244/2015 2346/2245/2016 215/2246/2017 10/2247/2018
f 1931/2248/2019 1932/2249/2020 1947/2250/2021 1946/2179/1961
f 1932/2249/2020 1933/2251/2022 1948/2252/2023 1947/2250/2021
f 1933/2251/2022 1934/2253/2024 1949/2254/2025 1948/2252/2023
f 1934/2253/2024 1935/2255/2026 1950/2256/2027 1949/2254/2025
f 1935/2255/2026 1936/2257/2028 1951/2258/2029 1950/2256/2027
f 1936/2257/2028 1937/2259/2030 1952/2260/2031 1951/2258/2029
f 1937/2259/2030 1938/2261/2032 1953/2262/2033 1952/2260/2031
f 1938/2261/2032 1939/2263/2034 1954/2264/2035 1953/2262/2033
f 1939/2263/2034 1940/2265/2036 1955/2266/2037 1954/2264/2035
f 2346/2245/2016 2347/2267/2038 214/2268/2039 215/2246/2017
f 1941/2269/1920 1942/2270/2040 1957/2271/2041 1956/2272/1918
f 1957/2271/2041 1958/2273/2042 1973/2274/2043 1972/2275/2044
f 1944/2276/2045 1945/2178/1960 1960/2181/1963 1959/2277/2046
f 1946/2179/1961 1947/2250/2021 1962/2278/2047 1961/2180/1962
f 1947/2250/2021 1948/2252/2023 1963/2279/2048 1962/2278/2047
f 1948/2252/2023 1949/2254/2025 1964/2280/2049 1963/2279/2048
f 1949/2254/2025 1950/2256/2027 1965/2281/2050 1964/2280/2049
f 1950/2256/2027 1951/2258/2029 1966/2282/2051 1965/2281/2050
f 1951/2258/2029 1952/2260/2031 1967/2283/2052 1966/2282/2051
f 1952/2260/2031 1953/2262/2033 1968/2284/2053 1967/2283/2052
f 1953/2262/2033 1954/2264/2035 1969/2285/2054 1968/2284/2053
f 1954/2264/2035 1955/2266/2037 1970/2286/2055 1969/2285/2054
f 2347/2267/2038 2348/2287/2056 213/2288/2057 214/2268/2039
f 1956/2119/1918 1957/2289/2041 1972/2290/2044 1971/2117/1916
f 1972/2290/2044 1973/2291/2043 1988/2292/2058 1987/2293/2059
f 1959/2277/2046 1960/2181/1963 1975/2185/1965 1974/2294/2060
f 1961/2180/1962 1962/2278/2047 1977/2295/2061 1976/2184/1964
f 1962/2278/2047 1963/2279/2048 1978/2296/2062 1977/2295/2061
f 1963/2279/2048 1964/2280/2049 1979/2297/2063 1978/2296/2062
f 1964/2280/2049 1965/2281/2050 1980/2298/2064 1979/2297/2063
f 1965/2281/2050 1966/2282/2051 1981/2299/2065 1980/2298/2064
f 1966/2282/2051 1967/2283/2052 1982/2300/2066 1981/2299/2065
f 1967/2283/2052 1968/2284/2053 1983/2301/2067 1982/2300/2066
f 1968/2284/2053 1969/2285/2054 1984/2302/2068 1983/2301/2067
f 1969/2285/2054 1970/2286/2055 1985/2303/2069 1984/2302/2068
f 2348/2287/2056 2349/2304/2070 212/2305/2071 213/2288/2057
f 1971/2117/1916 1972/2290/2044 1987/2293/2059 1986/2115/1914
f 1987/2306/2059 1988/2307/2058 2003/2308/2072 2002/2309/2073
f 1974/2294/2060 1975/2185/1965 1990/2187/1967 1989/2310/2074
f 1976/2184/1964 1977/2295/2061 1992/2311/2075 1991/2186/1966
f 1977/2295/2061 1978/2296/2062 1993/2312/2076 1992/2311/2075
f 1978/2296/2062 1979/2297/2063 1994/2313/2077 1993/2312/2076
f 1979/2297/2063 1980/2298/2064 1995/2314/2078 1994/2313/2077
f 1980/2298/2064 1981/2299/2065 1996/2315/2079 1995/2314/2078
f 1981/2299/2065 1982/2300/2066 1997/2316/2080 1996/2315/2079
f 1982/2300/2066 1983/2301/2067 1998/2317/2081 1997/2316/2080
f 1983/2301/2067 1984/2302/2068 1999/2318/2082 1998/2317/2081
f 1984/2302/2068 1985/2303/2069 2000/2319/2083 1999/2318/2082
f 2349/2304/2070 2350/2320/2084 211/2321/2085 212/2305/2071
f 1986/2115/1914 1987/2293/2059 2002/2322/2073 2001/2113/1912
f 2002/2309/2073 2003/2308/2072 2018/2323/2086 2017/2324/2087
f 1989/2310/2074 1990/2187/1967 2005/2189/1969 2004/2325/2088
f 1991/2186/1966 1992/2311/2075 2007/2326/2089 2006/2188/1968
f 1992/2311/2075 1993/2312/2076 2008/2327/2090 2007/2326/2089
f 1993/2312/2076 1994/2313/2077 2009/2328/2091 2008/2327/2090
f 1994/2313/2077 1995/2314/2078 2010/2329/2092 2009/2328/2091
f 1995/2314/2078 1996/2315/2079 2011/2330/2093 2010/2329/2092
f 1996/2315/2079 1997/2316/2080 2012/2331/2094 2011/2330/2093
f 1997/2316/2080 1998/2317/2081 2013/2332/2095 2012/2331/2094
f 1998/2317/2081 1999/2318/2082 2014/2333/2096 2013/2332/2095
f 1999/2318/2082 2000/2319/2083 2015/2334/2097 2014/2333/2096
f 2350/2320/2084 2351/2335/2098 210/2336/2099 211/2321/2085
f 2001/2113/1912 2002/2322/2073 2017/2337/2087 2016/2110/1909
f 2017/2324/2087 2018/2323/2086 2033/2338/2100 2032/2339/2101
f 2004/2325/2088 2005/2189/1969 2020/2191/1971 2019/2340/2102
f 2006/2188/1968 2007/2326/2089 2022/2341/2103 2021/2190/1970
f 2007/2326/2089 2008/2327/2090 2023/2342/2104 2022/2341/2103
f 2008/2327/2090 2009/2328/2091 2024/2343/2105 2023/2342/2104
f 2009/2328/2091 2010/2329/2092 2025/2344/2106 2024/2343/2105
f 2010/2329/2092 2011/2330/2093 2026/2345/2107 2025/2344/2106
f 2011/2330/2093 2012/2331/2094 2027/2346/2108 2026/2345/2107
f 2012/2331/2094 2013/2332/2095 2028/2347/2109 2027/2346/2108
f 2013/2332/2095 2014/2333/2096 2029/2348/2110 2028/2347/2109
f 2014/2333/2096 2015/2334/2097 2030/2349/2111 2029/2348/2110
f 2351/2335/2098 2352/2350/2112 209/2351/2113 210/2336/2099
f 2016/2352/1909 2017/2324/2087 2032/2339/2101 2031/2353/1910
f 2032/2339/2101 2033/2338/2100 2048/2354/2114 2047/2355/2115
f 2019/2340/2102 2020/2191/1971 2035/2193/1973 2034/2356/2116
f 2021/2190/1970 2022/2341/2103 2037/2357/2117 2036/2192/1972
f 2022/2341/2103 2023/2342/2104 2038/2358/2118 2037/2357/2117
f 2023/2342/2104 2024/2343/2105 2039/2359/2119 2038/2358/2118
f 2024/2343/2105 2025/2344/2106 2040/2360/2120 2039/2359/2119
f 2025/2344/2106 2026/2345/2107 2041/2361/2121 2040/2360/2120
f 2026/2345/2107 2027/2346/2108 2042/2362/2122 2041/2361/2121
f 2027/2346/2108 2028/2347/2109 2043/2363/2123 2042/2362/2122
f 2028/2347/2109 2029/2348/2110 2044/2364/2124 2043/2363/2123
f 2029/2348/2110 2030/2349/2111 2045/2365/2125 2044/2364/2124
f 2352/2350/2112 2353/2366/2126 208/2367/2127 209/2351/2113
f 2031/2353/1910 2032/2339/2101 2047/2355/2115 2046/2368/1905
f 2047/2355/2115 2048/2354/2114 2063/2369/2128 2062/2370/2129
f 2034/2356/2116 2035/2193/1973 2050/2195/1975 2049/2371/2130
f 2036/2192/1972 2037/2357/2117 2052/2372/2131 2051/2194/1974
f 2037/2357/2117 2038/2358/2118 2053/2373/2132 2052/2372/2131
f 2038/2358/2118 2039/2359/2119 2054/2374/2133 2053/2373/2132
f 2039/2359/2119 2040/2360/2120 2055/2375/2134 2054/2374/2133
f 2040/2360/2120 2041/2361/2121 2056/2376/2135 2055/2375/2134
f 2041/2361/2121 2042/2362/2122 2057/2377/2136 2056/2376/2135
f 2042/2362/2122 2043/2363/2123 2058/2378/2137 2057/2377/2136
f 2043/2363/2123 2044/2364/2124 2059/2379/2138 2058/2378/2137
f 2044/2364/2124 2045/2365/2125 2060/2380/2139 2059/2379/2138
f 2353/2366/2126 2354/2381/2140 207/2382/2141 208/2367/2127
f 2046/2368/1905 2047/2355/2115 2062/2370/2129 2061/2383/1906
f 2062/2370/2129 2063/2369/2128 2078/2384/2142 2077/2385/2143
f 2049/2371/2130 2050/2195/1975 2065/2197/1977 2064/2386/2144
f 2051/2194/1974 2052/2372/2131 2067/2387/2145 2066/2196/1976
f 2052/2372/2131 2053/2373/2132 2068/2388/2146 2067/2387/2145
f 2053/2373/2132 2054/2374/2133 2069/2389/2147 2068/2388/2146
f 2054/2374/2133 2055/2375/2134 2070/2390/2148 2069/2389/2147
f 2055/2375/2134 2056/2376/2135 2071/2391/2149 2070/2390/2148
f 2056/2376/2135 2057/2377/2136 2072/2392/2150 2071/2391/2149
f 2057/2377/2136 2058/2378/2137 2073/2393/2151 2072/2392/2150
f 2058/2378/2137 2059/2379/2138 2074/2394/2152 2073/2393/2151
f 2059/2379/2138 2060/2380/2139 2075/2395/2153 2074/2394/2152
f 2354/2381/2140 2355/2396/2154 206/2397/2155 207/2382/2141
f 2061/2383/1906 2062/2370/2129 2077/2385/2143 2076/2085/1884
f 2077/2385/2143 2078/2384/2142 2093/2398/2156 2092/2399/2157
f 2064/2386/2144 2065/2197/1977 2080/2199/1979 2079/2400/2158
f 2066/2196/1976 2067/2387/2145 2082/2401/2159 2081/2198/1978
f 2067/2387/2145 2068/2388/2146 2083/2402/2160 2082/2401/2159
f 2068/2388/2146 2069/2389/2147 2084/2403/2161 2083/2402/2160
f 2069/2389/2147 2070/2390/2148 2085/2404/2162 2084/2403/2161
f 2070/2390/2148 2071/2391/2149 2086/2405/2163 2085/2404/2162
f 2071/2391/2149 2072/2392/2150 2087/2406/2164 2086/2405/2163
f 2072/2392/2150 2073/2393/2151 2088/2407/2165 2087/2406/2164
f 2073/2393/2151 2074/2394/2152 2089/2408/2166 2088/2407/2165
f 2074/2394/2152 2075/2395/2153 2090/2409/2167 2089/2408/2166
f 2355/2396/2154 2356/2410/2168 205/2411/2169 206/2397/2155
f 2076/2085/1884 2077/2385/2143 2092/2399/2157 2091/2061/1860
f 2092/2399/2157 2093/2398/2156 2108/2412/2170 2107/2413/2171
f 2079/2400/2158 2080/2199/1979 2095/2201/1981 2094/2414/2172
f 2081/2198/1978 2082/2401/2159 2097/2415/2173 2096/2200/1980
f 2082/2401/2159 2083/2402/2160 2098/2416/2174 2097/2415/2173
f 2083/2402/2160 2084/2403/2161 2099/2417/2175 2098/2416/2174
f 2084/2403/2161 2085/2404/2162 2100/2418/2176 2099/2417/2175
f 2085/2404/2162 2086/2405/2163 2101/2419/2177 2100/2418/2176
f 2086/2405/2163 2087/2406/2164 2102/2420/2178 2101/2419/2177
f 2087/2406/2164 2088/2407/2165 2103/2421/2179 2102/2420/2178
f 2088/2407/2165 2089/2408/2166 2104/2422/2180 2103/2421/2179
f 2089/2408/2166 2090/2409/2167 2105/2423/2181 2104/2422/2180
f 2356/2410/2168 2357/2424/2182 204/2425/2183 205/2411/2169
f 2091/2061/1860 2092/2399/2157 2107/2413/2171 2106/2062/1861
f 2107/2413/2171 2108/2412/2170 2123/2426/2184 2122/2427/2185
f 2094/2414/2172 2095/2201/1981 2110/2203/1983 2109/2428/2186
f 2096/2200/1980 2097/2415/2173 2112/2429/2187 2111/2202/1982
f 2097/2415/2173 2098/2416/2174 2113/2430/2188 2112/2429/2187
f 2098/2416/2174 2099/2417/2175 2114/2431/2189 2113/2430/2188
f 2099/2417/2175 2100/2418/2176 2115/2432/2190 2114/2431/2189
f 2100/2418/2176 2101/2419/2177 2116/2433/2191 2115/2432/2190
f 2101/2419/2177 2102/2420/2178 2117/2434/2192 2116/2433/2191
f 2102/2420/2178 2103/2421/2179 2118/2435/2193 2117/2434/2192
f 2103/2421/2179 2104/2422/2180 2119/2436/2194 2118/2435/2193
f 2104/2422/2180 2105/2423/2181 2120/2437/2195 2119/2436/2194
f 2357/2424/2182 2358/2438/2196 203/2439/2197 204/2425/2183
f 2106/2062/1861 2107/2413/2171 2122/2427/2185 2121/2134/1929
f 2582/2440/2198 2583/2441/2199 248/2442/2200 249/2443/2201
f 2109/2428/2186 2110/2203/1983 2125/2206/1985 2124/2444/2202
f 2111/2202/1982 2112/2429/2187 2127/2445/2203 2126/2205/1984
f 2112/2429/2187 2113/2430/2188 2128/2446/2204 2127/2445/2203
f 2113/2430/2188 2114/2431/2189 2129/2447/2205 2128/2446/2204
f 2114/2431/2189 2115/2432/2190 2130/2448/2206 2129/2447/2205
f 2115/2432/2190 2116/2433/2191 2131/2449/2207 2130/2448/2206
f 2116/2433/2191 2117/2434/2192 2132/2450/2208 2131/2449/2207
f 2117/2434/2192 2118/2435/2193 2133/2451/2209 2132/2450/2208
f 2118/2435/2193 2119/2436/2194 2134/2452/2210 2133/2451/2209
f 2119/2436/2194 2120/2437/2195 2135/2453/2211 2134/2452/2210
f 2358/2438/2196 2359/2454/2212 202/2455/2213 203/2439/2197
f 2584/2456/2214 2585/2079/1878 246/2135/1930 247/2457/2215
f 2583/2441/2199 2584/2456/2214 247/2457/2215 248/2442/2200
f 2585/2079/1878 276/2078/1877 11/2132/1927 246/2135/1930
f 2136/356/326 2137/322/296 2152/2458/2216 2151/2459/2217
f 2580/2209/1987 2581/2460/2218 250/2461/2219 251/2210/1988
f 2578/2462/2220 2579/2208/1986 252/2211/1989 253/2463/2221
f 2577/2464/2222 2578/2462/2220 253/2463/2221 254/2465/2223
f 2576/2466/2224 2577/2464/2222 254/2465/2223 255/2467/2225
f 2575/2468/2226 2576/2466/2224 255/2467/2225 256/2469/2227
f 2574/2470/2228 2575/2468/2226 256/2469/2227 257/2471/2229
f 2573/2472/2230 2574/2470/2228 257/2471/2229 258/2473/2231
f 2572/2474/2232 2573/2472/2230 258/2473/2231 259/2475/2233
f 2571/2476/2234 2572/2474/2232 259/2475/2233 260/2477/2235
f 305/2478/2236 2571/2476/2234 260/2477/2235 9/2479/2237
f 2359/2454/2212 2360/2480/2238 201/2481/2239 202/2455/2213
f 2360/2480/2238 305/2478/2236 9/2479/2237 201/2481/2239
f 2138/297/274 2139/274/253 2154/382/350 2153/2482/2240
f 2137/322/296 2138/297/274 2153/2482/2240 2152/2458/2216
f 12/2083/1882 230/2082/1881 1911/2127/1924 231/2126/1923
f 230/2082/1881 229/2129/1926 1912/2136/1931 1911/2127/1924
f 229/2129/1926 228/2103/1902 1913/2137/1932 1912/2136/1931
f 228/2103/1902 227/2102/1901 1914/2483/2241 1913/2137/1932
f 227/2102/1901 226/2221/1995 1915/2484/2242 1914/2483/2241
f 226/2221/1995 225/2223/1996 1916/2485/2243 1915/2484/2242
f 225/2223/1996 224/2225/1998 1917/2486/2244 1916/2485/2243
f 224/2487/1998 223/2231/2000 1918/2488/2245 1917/2489/2244
f 223/2231/2000 222/2230/2002 1919/2490/2246 1918/2488/2245
f 222/2230/2002 221/2233/2004 1920/2491/2247 1919/2490/2246
f 221/2233/2004 220/2235/2006 1921/2492/2248 1920/2491/2247
f 220/2235/2006 219/2237/2008 1922/2493/2249 1921/2492/2248
f 219/2237/2008 218/2239/2010 1923/2494/2250 1922/2493/2249
f 218/2239/2010 217/2241/2012 1924/2495/2251 1923/2494/2250
f 217/2241/2012 216/2243/2014 1925/2496/2252 1924/2495/2251
f 1942/2270/2040 1943/2497/2253 1958/2273/2042 1957/2271/2041
f 10/2247/2018 215/2246/2017 1925/2496/2252 216/2243/2014
f 1927/2139/1934 1928/2138/1933 1943/2498/2253 1942/2499/2040
f 215/2246/2017 214/2268/2039 1940/2265/2036 1925/2496/2252
f 1929/2500/2254 1930/2501/2255 1945/2502/1960 1944/2503/2045
f 214/2268/2039 213/2288/2057 1955/2266/2037 1940/2265/2036
f 213/2288/2057 212/2305/2071 1970/2286/2055 1955/2266/2037
f 212/2305/2071 211/2321/2085 1985/2303/2069 1970/2286/2055
f 211/2321/2085 210/2336/2099 2000/2319/2083 1985/2303/2069
f 210/2336/2099 209/2351/2113 2015/2334/2097 2000/2319/2083
f 209/2351/2113 208/2367/2127 2030/2349/2111 2015/2334/2097
f 208/2367/2127 207/2382/2141 2045/2365/2125 2030/2349/2111
f 207/2382/2141 206/2397/2155 2060/2380/2139 2045/2365/2125
f 206/2397/2155 205/2411/2169 2075/2395/2153 2060/2380/2139
f 205/2411/2169 204/2425/2183 2090/2409/2167 2075/2395/2153
f 204/2425/2183 203/2439/2197 2105/2423/2181 2090/2409/2167
f 203/2439/2197 202/2455/2213 2120/2437/2195 2105/2423/2181
f 202/2455/2213 201/2481/2239 2135/2453/2211 2120/2437/2195
f 2135/2453/2211 201/2481/2239 9/2479/2237 260/2477/2235
f 1733/1111/1016 1734/1864/1672 1749/1884/1691 1748/1862/1670
f 260/2477/2235 259/2475/2233 2134/2452/2210 2135/2453/2211
f 2605/732/689 2606/2504/2256 2621/2140/1935 2620/733/690
f 259/2475/2233 258/2473/2231 2133/2451/2209 2134/2452/2210
f 258/2473/2231 257/2471/2229 2132/2450/2208 2133/2451/2209
f 257/2471/2229 256/2469/2227 2131/2449/2207 2132/2450/2208
f 256/2469/2227 255/2467/2225 2130/2448/2206 2131/2449/2207
f 255/2467/2225 254/2465/2223 2129/2447/2205 2130/2448/2206
f 254/2465/2223 253/2463/2221 2128/2446/2204 2129/2447/2205
f 253/2463/2221 252/2211/1989 2127/2445/2203 2128/2446/2204
f 252/2211/1989 251/2210/1988 2126/2205/1984 2127/2445/2203
f 251/2210/1988 250/2461/2219 2125/2206/1985 2126/2205/1984
f 250/2461/2219 249/2443/2201 2124/2444/2202 2125/2206/1985
f 249/2443/2201 248/2442/2200 2123/2426/2184 2124/2444/2202
f 248/2442/2200 247/2457/2215 2122/2427/2185 2123/2426/2184
f 247/2457/2215 246/2135/1930 2121/2134/1929 2122/2427/2185
f 2151/2459/2217 2152/2458/2216 2167/386/354 2166/2505/2257
f 2156/2506/2258 2157/2507/2259 2172/2508/2260 2171/2509/2261
f 2157/2507/2259 2158/2510/2262 2173/2511/2263 2172/2508/2260
f 2158/2510/2262 2159/2512/2264 2174/2513/2265 2173/2511/2263
f 2159/2512/2264 2160/2514/2266 2175/2515/2267 2174/2513/2265
f 2160/2514/2266 2161/2516/2268 2176/2517/2269 2175/2515/2267
f 2161/2516/2268 2162/2518/2270 2177/2519/2271 2176/2517/2269
f 2162/2518/2270 2163/2520/2272 2178/2521/2273 2177/2519/2271
f 2163/2520/2272 2164/2522/2274 2179/2523/2275 2178/2521/2273
f 2164/2522/2274 2165/2524/2276 2180/2525/2277 2179/2523/2275
f 292/2526/2278 291/32/32 2361/1405/1289 2376/2527/2279
f 318/394/362 317/2528/2280 2645/2529/2281 2630/395/363
f 2196/392/360 2197/391/359 2212/2530/2282 2211/2531/2283
f 2182/389/357 2183/388/356 2198/2215/1990 2197/391/359
f 2169/385/353 2170/384/352 2185/2532/2284 2184/2219/1994
f 2171/2509/2261 2172/2508/2260 2187/2533/2285 2186/2534/2286
f 2172/2508/2260 2173/2511/2263 2188/2535/2287 2187/2533/2285
f 2173/2511/2263 2174/2513/2265 2189/2536/2288 2188/2535/2287
f 2174/2513/2265 2175/2515/2267 2190/2537/2289 2189/2536/2288
f 2175/2515/2267 2176/2517/2269 2191/2538/2290 2190/2537/2289
f 2176/2517/2269 2177/2519/2271 2192/2539/2291 2191/2538/2290
f 2177/2519/2271 2178/2521/2273 2193/2540/2292 2192/2539/2291
f 2178/2521/2273 2179/2523/2275 2194/2541/2293 2193/2540/2292
f 2179/2523/2275 2180/2525/2277 2195/2542/2294 2194/2541/2293
f 293/2543/2295 292/2526/2278 2376/2527/2279 2391/2544/2296
f 317/2528/2280 316/2545/2297 2660/2546/2298 2645/2529/2281
f 2211/2531/2283 2212/2530/2282 2227/2547/2299 2226/2548/2300
f 2197/391/359 2198/2215/1990 2213/2218/1993 2212/2530/2282
f 2184/2219/1994 2185/2532/2284 2200/2549/2301 2199/2216/1991
f 2186/2534/2286 2187/2533/2285 2202/2550/2302 2201/2551/2303
f 2187/2533/2285 2188/2535/2287 2203/2552/2304 2202/2550/2302
f 2188/2553/2287 2189/2554/2288 2204/2555/2305 2203/2556/2304
f 2189/2557/2288 2190/2558/2289 2205/2559/2306 2204/2560/2305
f 2190/2558/2289 2191/2561/2290 2206/2562/2307 2205/2559/2306
f 2191/2563/2290 2192/2564/2291 2207/2565/2308 2206/2566/2307
f 2192/2539/2291 2193/2540/2292 2208/2567/2309 2207/2568/2308
f 2193/2540/2292 2194/2541/2293 2209/2569/2310 2208/2567/2309
f 2194/2541/2293 2195/2542/2294 2210/2570/2311 2209/2569/2310
f 294/2571/2312 293/2543/2295 2391/2544/2296 2406/2572/2313
f 316/2545/2297 315/2573/2314 2675/2574/2315 2660/2546/2298
f 2226/2575/2300 2227/2576/2299 2242/2577/2316 2241/2578/2317
f 2212/2530/2282 2213/2218/1993 2228/2579/2318 2227/2547/2299
f 2199/2216/1991 2200/2549/2301 2215/2580/2319 2214/2217/1992
f 2201/2551/2303 2202/2550/2302 2217/2581/2320 2216/2582/2321
f 2202/2550/2302 2203/2552/2304 2218/2583/2322 2217/2581/2320
f 2203/2584/2304 2204/2560/2305 2219/2585/2323 2218/2586/2322
f 2204/2560/2305 2205/2559/2306 2220/2587/2324 2219/2585/2323
f 2205/2559/2306 2206/2562/2307 2221/2588/2325 2220/2587/2324
f 2206/2562/2307 2207/2589/2308 2222/2590/2326 2221/2588/2325
f 2207/2568/2308 2208/2567/2309 2223/2591/2327 2222/2592/2326
f 2208/2567/2309 2209/2569/2310 2224/2593/2328 2223/2591/2327
f 2209/2569/2310 2210/2570/2311 2225/2594/2329 2224/2593/2328
f 295/2595/2330 294/2571/2312 2406/2572/2313 2421/2596/2331
f 315/2573/2314 314/2597/2332 2690/2598/2333 2675/2574/2315
f 2241/2578/2317 2242/2577/2316 2257/2599/2334 2256/2600/2335
f 2227/2576/2299 2228/2601/2318 2243/2602/2336 2242/2577/2316
f 2214/2217/1992 2215/2580/2319 2230/2603/2337 2229/2604/2338
f 2216/2582/2321 2217/2581/2320 2232/2605/2339 2231/2606/2340
f 2217/2581/2320 2218/2583/2322 2233/2607/2341 2232/2605/2339
f 2218/2608/2322 2219/2609/2323 2234/2610/2342 2233/2611/2341
f 2219/2585/2323 2220/2587/2324 2235/2612/2343 2234/2613/2342
f 2220/2587/2324 2221/2588/2325 2236/2614/2344 2235/2612/2343
f 2221/2615/2325 2222/2616/2326 2237/2617/2345 2236/2618/2344
f 2222/2592/2326 2223/2591/2327 2238/2619/2346 2237/2620/2345
f 2223/2591/2327 2224/2593/2328 2239/2621/2347 2238/2619/2346
f 2224/2593/2328 2225/2594/2329 2240/2622/2348 2239/2621/2347
f 296/2623/2349 295/2595/2330 2421/2596/2331 2436/2624/2350
f 314/2597/2332 313/2625/2351 2705/2626/2352 2690/2598/2333
f 2256/2600/2335 2257/2599/2334 2272/2627/2353 2271/2628/2354
f 2242/2577/2316 2243/2602/2336 2258/2629/2355 2257/2599/2334
f 2229/2604/2338 2230/2603/2337 2245/2630/2356 2244/2631/2357
f 2231/2606/2340 2232/2605/2339 2247/2632/2358 2246/2633/2359
f 2232/2634/2339 2233/2611/2341 2248/2635/2360 2247/2636/2358
f 2233/2611/2341 2234/2610/2342 2249/2637/2361 2248/2635/2360
f 2234/2613/2342 2235/2612/2343 2250/2638/2362 2249/2639/2361
f 2235/2612/2343 2236/2614/2344 2251/2640/2363 2250/2638/2362
f 2236/2618/2344 2237/2617/2345 2252/2641/2364 2251/2642/2363
f 2237/2617/2345 2238/2643/2346 2253/2644/2365 2252/2641/2364
f 2238/2619/2346 2239/2621/2347 2254/2645/2366 2253/2646/2365
f 2239/2621/2347 2240/2622/2348 2255/2647/2367 2254/2645/2366
f 297/2648/2368 296/2623/2349 2436/2624/2350 2451/2649/2369
f 313/2650/2351 312/2651/2370 2720/2652/2371 2705/2653/2352
f 2271/2628/2354 2272/2627/2353 2287/2654/2372 2286/2655/2373
f 2257/2599/2334 2258/2629/2355 2273/2656/2374 2272/2627/2353
f 2244/2657/2357 2245/2658/2356 2260/2659/2375 2259/2660/2376
f 2246/2661/2359 2247/2636/2358 2262/2662/2377 2261/2663/2378
f 2247/2636/2358 2248/2635/2360 2263/2664/2379 2262/2662/2377
f 2248/2635/2360 2249/2637/2361 2264/2665/2380 2263/2664/2379
f 2249/2637/2361 2250/2666/2362 2265/2667/2381 2264/2665/2380
f 2250/2666/2362 2251/2642/2363 2266/2668/2382 2265/2667/2381
f 2251/2642/2363 2252/2641/2364 2267/2669/2383 2266/2668/2382
f 2252/2641/2364 2253/2644/2365 2268/2670/2384 2267/2669/2383
f 2253/2646/2365 2254/2645/2366 2269/2671/2385 2268/2672/2384
f 2254/2645/2366 2255/2647/2367 2270/2673/2386 2269/2671/2385
f 298/2674/2387 297/2648/2368 2451/2649/2369 2466/2675/2388
f 312/2651/2370 311/2676/2389 2735/2677/2390 2720/2652/2371
f 2286/2655/2373 2287/2654/2372 2302/2678/2391 2301/2679/2392
f 2272/2627/2353 2273/2656/2374 2288/2680/2393 2287/2654/2372
f 2259/2660/2376 2260/2659/2375 2275/2681/2394 2274/2682/2395
f 2261/2663/2378 2262/2662/2377 2277/2683/2396 2276/2684/2397
f 2262/2662/2377 2263/2664/2379 2278/2685/2398 2277/2683/2396
f 2263/2664/2379 2264/2665/2380 2279/2686/2399 2278/2685/2398
f 2264/2665/2380 2265/2667/2381 2280/2687/2400 2279/2686/2399
f 2265/2667/2381 2266/2668/2382 2281/2688/2401 2280/2687/2400
f 2266/2668/2382 2267/2669/2383 2282/2689/2402 2281/2688/2401
f 2267/2669/2383 2268/2670/2384 2283/2690/2403 2282/2689/2402
f 2268/2670/2384 2269/2691/2385 2284/2692/2404 2283/2690/2403
f 2269/2671/2385 2270/2673/2386 2285/2693/2405 2284/2694/2404
f 299/2695/2406 298/2674/2387 2466/2675/2388 2481/2696/2407
f 311/2676/2389 310/2697/2408 2750/2698/2409 2735/2677/2390
f 2301/2679/2392 2302/2678/2391 2317/2699/2410 2316/2700/2411
f 2287/2654/2372 2288/2680/2393 2303/2701/2412 2302/2678/2391
f 2274/2682/2395 2275/2681/2394 2290/2702/2413 2289/2703/2414
f 2276/2684/2397 2277/2683/2396 2292/2704/2415 2291/2705/2416
f 2277/2683/2396 2278/2685/2398 2293/2706/2417 2292/2704/2415
f 2278/2685/2398 2279/2686/2399 2294/2707/2418 2293/2706/2417
f 2279/2686/2399 2280/2687/2400 2295/2708/2419 2294/2707/2418
f 2280/2687/2400 2281/2688/2401 2296/2709/2420 2295/2708/2419
f 2281/2688/2401 2282/2689/2402 2297/2710/2421 2296/2709/2420
f 2282/2689/2402 2283/2690/2403 2298/2711/2422 2297/2710/2421
f 2283/2690/2403 2284/2692/2404 2299/2712/2423 2298/2711/2422
f 2284/2692/2404 2285/2713/2405 2300/2714/2424 2299/2712/2423
f 300/2715/2425 299/2695/2406 2481/2696/2407 2496/2716/2426
f 310/2697/2408 309/2717/2427 2765/2718/2428 2750/2698/2409
f 2316/2700/2411 2317/2699/2410 2332/2719/2429 2331/2720/2430
f 2302/2678/2391 2303/2701/2412 2318/2721/2431 2317/2699/2410
f 2289/2703/2414 2290/2702/2413 2305/2722/2432 2304/2723/2433
f 2291/2705/2416 2292/2704/2415 2307/2724/2434 2306/2725/2435
f 2292/2704/2415 2293/2706/2417 2308/2726/2436 2307/2724/2434
f 2293/2706/2417 2294/2707/2418 2309/2727/2437 2308/2726/2436
f 2294/2707/2418 2295/2708/2419 2310/2728/2438 2309/2727/2437
f 2295/2708/2419 2296/2709/2420 2311/2729/2439 2310/2728/2438
f 2296/2709/2420 2297/2710/2421 2312/2730/2440 2311/2729/2439
f 2297/2710/2421 2298/2711/2422 2313/2731/2441 2312/2730/2440
f 2298/2711/2422 2299/2712/2423 2314/2732/2442 2313/2731/2441
f 2299/2712/2423 2300/2714/2424 2315/2733/2443 2314/2732/2442
f 301/2734/2444 300/2715/2425 2496/2716/2426 2511/2735/2445
f 309/2717/2427 308/2736/2446 2780/2737/2447 2765/2718/2428
f 2331/2720/2430 2332/2719/2429 2347/2267/2038 2346/2245/2016
f 2317/2699/2410 2318/2721/2431 2333/2738/2448 2332/2719/2429
f 2304/2723/2433 2305/2722/2432 2320/2739/2449 2319/2740/2450
f 2306/2725/2435 2307/2724/2434 2322/2741/2451 2321/2742/2452
f 2307/2724/2434 2308/2726/2436 2323/2743/2453 2322/2741/2451
f 2308/2726/2436 2309/2727/2437 2324/2744/2454 2323/2743/2453
f 2309/2727/2437 2310/2728/2438 2325/2745/2455 2324/2744/2454
f 2310/2728/2438 2311/2729/2439 2326/2746/2456 2325/2745/2455
f 2311/2729/2439 2312/2730/2440 2327/2747/2457 2326/2746/2456
f 2312/2730/2440 2313/2731/2441 2328/2748/2458 2327/2747/2457
f 2313/2731/2441 2314/2732/2442 2329/2749/2459 2328/2748/2458
f 2314/2732/2442 2315/2733/2443 2330/2750/2460 2329/2749/2459
f 302/2751/2461 301/2734/2444 2511/2735/2445 2526/2752/2462
f 308/2736/2446 307/2753/2463 2795/2754/2464 2780/2737/2447
f 2332/2719/2429 2333/2738/2448 2348/2287/2056 2347/2267/2038
f 2319/2740/2450 2320/2739/2449 2335/2755/2465 2334/2756/2466
f 2321/2742/2452 2322/2741/2451 2337/2757/2467 2336/2758/2468
f 2322/2741/2451 2323/2743/2453 2338/2759/2469 2337/2757/2467
f 2323/2743/2453 2324/2744/2454 2339/2760/2470 2338/2759/2469
f 2324/2744/2454 2325/2745/2455 2340/2761/2471 2339/2760/2470
f 2325/2745/2455 2326/2746/2456 2341/2762/2472 2340/2761/2471
f 2326/2746/2456 2327/2747/2457 2342/2763/2473 2341/2762/2472
f 2327/2747/2457 2328/2748/2458 2343/2764/2474 2342/2763/2473
f 2328/2748/2458 2329/2749/2459 2344/2765/2475 2343/2764/2474
f 2329/2749/2459 2330/2750/2460 2345/2766/2476 2344/2765/2475
f 303/2767/2477 302/2768/2461 2526/2769/2462 2541/2770/2478
f 307/2753/2463 306/2244/2015 2810/2242/2013 2795/2754/2464
f 2334/2756/2466 2335/2755/2465 2350/2320/2084 2349/2304/2070
f 2336/2758/2468 2337/2757/2467 2352/2350/2112 2351/2335/2098
f 2337/2757/2467 2338/2759/2469 2353/2366/2126 2352/2350/2112
f 2338/2759/2469 2339/2760/2470 2354/2381/2140 2353/2366/2126
f 2339/2760/2470 2340/2761/2471 2355/2396/2154 2354/2381/2140
f 2340/2761/2471 2341/2762/2472 2356/2410/2168 2355/2396/2154
f 2341/2762/2472 2342/2763/2473 2357/2424/2182 2356/2410/2168
f 2342/2763/2473 2343/2764/2474 2358/2438/2196 2357/2424/2182
f 2343/2764/2474 2344/2765/2475 2359/2454/2212 2358/2438/2196
f 2344/2765/2475 2345/2766/2476 2360/2480/2238 2359/2454/2212
f 304/2771/2479 303/2767/2477 2541/2770/2478 2556/2772/2480
f 2361/1405/1289 2362/1407/1287 2377/2773/2481 2376/2527/2279
f 305/2478/2236 304/2771/2479 2556/2772/2480 2571/2476/2234
f 3473/2774/2482 3474/2775/2483 377/2776/2484 378/2777/2485
f 2363/1384/1282 2364/1367/1265 2379/2778/1294 2378/2779/2486
f 2362/1403/1287 2363/1384/1282 2378/2779/2486 2377/2780/2481
f 95/301/278 94/409/375 3487/412/378 3486/302/279
f 2139/274/253 2140/252/234 2155/383/351 2154/382/350
f 2140/252/234 2141/232/215 2156/2506/2258 2155/383/351
f 2141/232/215 2142/212/196 2157/2507/2259 2156/2506/2258
f 2142/212/196 2143/191/177 2158/2510/2262 2157/2507/2259
f 2143/191/177 2144/170/158 2159/2512/2264 2158/2510/2262
f 2144/170/158 2145/149/139 2160/2514/2266 2159/2512/2264
f 2145/149/139 2146/127/120 2161/2516/2268 2160/2514/2266
f 2146/127/120 2147/101/101 2162/2518/2270 2161/2516/2268
f 2147/101/101 2148/82/82 2163/2520/2272 2162/2518/2270
f 2148/82/82 2149/55/55 2164/2522/2274 2163/2520/2272
f 2149/55/55 2150/33/33 2165/2524/2276 2164/2522/2274
f 2166/2505/2257 2167/386/354 2182/389/357 2181/390/358
f 2152/2458/2216 2153/2482/2240 2168/387/355 2167/386/354
f 2395/1414/1296 2396/2781/2487 2411/2782/2488 2410/2783/2489
f 291/32/32 292/2526/2278 2165/2524/2276 2150/33/33
f 2410/2783/2489 2411/2782/2488 2426/2784/2490 2425/2785/2491
f 292/2526/2278 293/2543/2295 2180/2525/2277 2165/2524/2276
f 2425/2785/2491 2426/2784/2490 2441/2786/2492 2440/2787/2493
f 293/2543/2295 294/2571/2312 2195/2542/2294 2180/2525/2277
f 2440/2788/2493 2441/2789/2492 2456/2790/2494 2455/2791/2495
f 294/2571/2312 295/2595/2330 2210/2570/2311 2195/2542/2294
f 2455/2791/2495 2456/2790/2494 2471/2792/2496 2470/2793/2497
f 295/2595/2330 296/2623/2349 2225/2594/2329 2210/2570/2311
f 2470/2793/2497 2471/2792/2496 2486/2794/2498 2485/2795/2499
f 296/2623/2349 297/2648/2368 2240/2622/2348 2225/2594/2329
f 2485/2795/2499 2486/2794/2498 2501/2796/2500 2500/2797/2501
f 297/2648/2368 298/2674/2387 2255/2647/2367 2240/2622/2348
f 2500/2797/2501 2501/2796/2500 2516/2798/2502 2515/2799/2503
f 298/2674/2387 299/2695/2406 2270/2673/2386 2255/2647/2367
f 2515/2799/2503 2516/2798/2502 2531/2800/2504 2530/2801/2505
f 299/2695/2406 300/2715/2425 2285/2693/2405 2270/2673/2386
f 2530/2801/2505 2531/2800/2504 2546/2802/2506 2545/2803/2507
f 300/2715/2425 301/2734/2444 2300/2804/2424 2285/2693/2405
f 2545/2803/2507 2546/2802/2506 2561/2805/2508 2560/2806/2509
f 301/2807/2444 302/2768/2461 2315/2733/2443 2300/2714/2424
f 2560/2806/2509 2561/2805/2508 2576/2466/2224 2575/2468/2226
f 302/2768/2461 303/2767/2477 2330/2750/2460 2315/2733/2443
f 303/2767/2477 304/2771/2479 2345/2766/2476 2330/2750/2460
f 304/2771/2479 305/2478/2236 2360/2480/2238 2345/2766/2476
f 306/2244/2015 307/2753/2463 2331/2720/2430 2346/2245/2016
f 307/2753/2463 308/2736/2446 2316/2700/2411 2331/2720/2430
f 308/2736/2446 309/2717/2427 2301/2679/2392 2316/2700/2411
f 309/2717/2427 310/2697/2408 2286/2655/2373 2301/2679/2392
f 310/2697/2408 311/2676/2389 2271/2628/2354 2286/2655/2373
f 311/2676/2389 312/2651/2370 2256/2600/2335 2271/2628/2354
f 312/2651/2370 313/2650/2351 2241/2578/2317 2256/2600/2335
f 313/2625/2351 314/2597/2332 2226/2548/2300 2241/2808/2317
f 314/2597/2332 315/2573/2314 2211/2531/2283 2226/2548/2300
f 315/2573/2314 316/2545/2297 2196/392/360 2211/2531/2283
f 316/2545/2297 317/2528/2280 2181/390/358 2196/392/360
f 317/2528/2280 318/394/362 2166/2505/2257 2181/390/358
f 318/394/362 319/393/361 2151/2459/2217 2166/2505/2257
f 319/393/361 320/357/327 2136/356/326 2151/2459/2217
f 2381/2809/2510 2382/2810/2511 2397/2811/2512 2396/2812/2487
f 2382/2810/2511 2383/2813/2513 2398/2814/2514 2397/2811/2512
f 2383/2813/2513 2384/2815/2515 2399/2816/2516 2398/2814/2514
f 2384/2815/2515 2385/2817/2517 2400/2818/2518 2399/2816/2516
f 2385/2817/2517 2386/2819/2519 2401/2820/2520 2400/2818/2518
f 2386/2819/2519 2387/2821/2521 2402/2822/2522 2401/2820/2520
f 2387/2821/2521 2388/2823/2523 2403/2824/2524 2402/2822/2522
f 2388/2823/2523 2389/2825/2525 2404/2826/2526 2403/2824/2524
f 2389/2825/2525 2390/1120/1024 2405/1119/1023 2404/2826/2526
f 2391/2544/2296 2392/2827/1298 2407/2828/1301 2406/2572/2313
f 2407/1419/1301 2408/1418/1300 2423/2829/2527 2422/2830/2528
f 2394/1415/1297 2395/1414/1296 2410/2783/2489 2409/2831/2529
f 2396/2781/2487 2397/2832/2512 2412/2833/2530 2411/2782/2488
f 2397/2832/2512 2398/2834/2514 2413/2835/2531 2412/2833/2530
f 2398/2834/2514 2399/2836/2516 2414/2837/2532 2413/2835/2531
f 2399/2836/2516 2400/2838/2518 2415/2839/2533 2414/2837/2532
f 2400/2838/2518 2401/2840/2520 2416/2841/2534 2415/2839/2533
f 2401/2820/2520 2402/2822/2522 2417/2842/2535 2416/2843/2534
f 2402/2822/2522 2403/2824/2524 2418/2844/2536 2417/2842/2535
f 2403/2824/2524 2404/2826/2526 2419/2845/2537 2418/2844/2536
f 2404/2826/2526 2405/1119/1023 2420/2846/1667 2419/2845/2537
f 2406/2572/2313 2407/2828/1301 2422/2847/2528 2421/2596/2331
f 2422/2830/2528 2423/2829/2527 2438/2848/2538 2437/2849/2539
f 2409/2831/2529 2410/2783/2489 2425/2785/2491 2424/2850/2540
f 2411/2782/2488 2412/2833/2530 2427/2851/2541 2426/2784/2490
f 2412/2833/2530 2413/2835/2531 2428/2852/2542 2427/2851/2541
f 2413/2835/2531 2414/2837/2532 2429/2853/2543 2428/2852/2542
f 2414/2837/2532 2415/2839/2533 2430/2854/2544 2429/2853/2543
f 2415/2839/2533 2416/2841/2534 2431/2855/2545 2430/2854/2544
f 2416/2841/2534 2417/2856/2535 2432/2857/2546 2431/2855/2545
f 2417/2856/2535 2418/2858/2536 2433/2859/2547 2432/2857/2546
f 2418/2858/2536 2419/2860/2537 2434/2861/2548 2433/2859/2547
f 2419/2862/2537 2420/1858/1667 2435/1879/1686 2434/2863/2548
f 2421/2596/2331 2422/2847/2528 2437/2864/2539 2436/2624/2350
f 2437/2849/2539 2438/2848/2538 2453/2865/2549 2452/2866/2550
f 2424/2850/2540 2425/2785/2491 2440/2787/2493 2439/2867/2551
f 2426/2784/2490 2427/2851/2541 2442/2868/2552 2441/2786/2492
f 2427/2851/2541 2428/2852/2542 2443/2869/2553 2442/2868/2552
f 2428/2852/2542 2429/2853/2543 2444/2870/2554 2443/2869/2553
f 2429/2853/2543 2430/2854/2544 2445/2871/2555 2444/2870/2554
f 2430/2854/2544 2431/2855/2545 2446/2872/2556 2445/2871/2555
f 2431/2855/2545 2432/2857/2546 2447/2873/2557 2446/2872/2556
f 2432/2857/2546 2433/2859/2547 2448/2874/2558 2447/2873/2557
f 2433/2859/2547 2434/2861/2548 2449/2875/2559 2448/2874/2558
f 2434/2863/2548 2435/1879/1686 2450/1898/1705 2449/2876/2559
f 2436/2624/2350 2437/2864/2539 2452/2877/2550 2451/2649/2369
f 2452/2878/2550 2453/2879/2549 2468/2880/2560 2467/2881/2561
f 2439/2867/2551 2440/2787/2493 2455/2882/2495 2454/2883/2562
f 2441/2786/2492 2442/2868/2552 2457/2884/2563 2456/2885/2494
f 2442/2868/2552 2443/2869/2553 2458/2886/2564 2457/2884/2563
f 2443/2869/2553 2444/2870/2554 2459/2887/2565 2458/2886/2564
f 2444/2870/2554 2445/2871/2555 2460/2888/2566 2459/2887/2565
f 2445/2871/2555 2446/2872/2556 2461/2889/2567 2460/2888/2566
f 2446/2872/2556 2447/2873/2557 2462/2890/2568 2461/2889/2567
f 2447/2873/2557 2448/2874/2558 2463/2891/2569 2462/2890/2568
f 2448/2874/2558 2449/2875/2559 2464/2892/2570 2463/2891/2569
f 2449/2876/2559 2450/1898/1705 2465/1917/1724 2464/2893/2570
f 2451/2649/2369 2452/2877/2550 2467/2894/2561 2466/2675/2388
f 2467/2881/2561 2468/2880/2560 2483/2895/2571 2482/2896/2572
f 2454/2897/2562 2455/2791/2495 2470/2793/2497 2469/2898/2573
f 2456/2790/2494 2457/2899/2563 2472/2900/2574 2471/2792/2496
f 2457/2899/2563 2458/2901/2564 2473/2902/2575 2472/2900/2574
f 2458/2901/2564 2459/2903/2565 2474/2904/2576 2473/2902/2575
f 2459/2903/2565 2460/2905/2566 2475/2906/2577 2474/2904/2576
f 2460/2905/2566 2461/2907/2567 2476/2908/2578 2475/2906/2577
f 2461/2907/2567 2462/2909/2568 2477/2910/2579 2476/2908/2578
f 2462/2909/2568 2463/2911/2569 2478/2912/2580 2477/2910/2579
f 2463/2911/2569 2464/2913/2570 2479/2914/2581 2478/2912/2580
f 2464/2913/2570 2465/2915/1724 2480/1959/1743 2479/2914/2581
f 2466/2675/2388 2467/2894/2561 2482/2916/2572 2481/2696/2407
f 2482/2896/2572 2483/2895/2571 2498/2917/2582 2497/2918/2583
f 2469/2898/2573 2470/2793/2497 2485/2795/2499 2484/2919/2584
f 2471/2792/2496 2472/2900/2574 2487/2920/2585 2486/2794/2498
f 2472/2900/2574 2473/2902/2575 2488/2921/2586 2487/2920/2585
f 2473/2902/2575 2474/2904/2576 2489/2922/2587 2488/2921/2586
f 2474/2904/2576 2475/2906/2577 2490/2923/2588 2489/2922/2587
f 2475/2906/2577 2476/2908/2578 2491/2924/2589 2490/2923/2588
f 2476/2908/2578 2477/2910/2579 2492/2925/2590 2491/2924/2589
f 2477/2910/2579 2478/2912/2580 2493/2926/2591 2492/2925/2590
f 2478/2912/2580 2479/2914/2581 2494/2927/2592 2493/2926/2591
f 2479/2914/2581 2480/1959/1743 2495/1958/1762 2494/2927/2592
f 2481/2928/2407 2482/2896/2572 2497/2918/2583 2496/2929/2426
f 2497/2918/2583 2498/2917/2582 2513/2930/2593 2512/2931/2594
f 2484/2919/2584 2485/2795/2499 2500/2797/2501 2499/2932/2595
f 2486/2794/2498 2487/2920/2585 2502/2933/2596 2501/2796/2500
f 2487/2920/2585 2488/2921/2586 2503/2934/2597 2502/2933/2596
f 2488/2921/2586 2489/2922/2587 2504/2935/2598 2503/2934/2597
f 2489/2922/2587 2490/2923/2588 2505/2936/2599 2504/2935/2598
f 2490/2923/2588 2491/2924/2589 2506/2937/2600 2505/2936/2599
f 2491/2924/2589 2492/2925/2590 2507/2938/2601 2506/2937/2600
f 2492/2925/2590 2493/2926/2591 2508/2939/2602 2507/2938/2601
f 2493/2926/2591 2494/2927/2592 2509/2940/2603 2508/2939/2602
f 2494/2927/2592 2495/1958/1762 2510/1979/1781 2509/2940/2603
f 2496/2929/2426 2497/2918/2583 2512/2931/2594 2511/2941/2445
f 2512/2931/2594 2513/2930/2593 2528/2942/2604 2527/2943/2605
f 2499/2932/2595 2500/2797/2501 2515/2799/2503 2514/2944/2606
f 2501/2796/2500 2502/2933/2596 2517/2945/2607 2516/2798/2502
f 2502/2933/2596 2503/2934/2597 2518/2946/2608 2517/2945/2607
f 2503/2934/2597 2504/2935/2598 2519/2947/2609 2518/2946/2608
f 2504/2935/2598 2505/2936/2599 2520/2948/2610 2519/2947/2609
f 2505/2936/2599 2506/2937/2600 2521/2949/2611 2520/2948/2610
f 2506/2937/2600 2507/2938/2601 2522/2950/2612 2521/2949/2611
f 2507/2938/2601 2508/2939/2602 2523/2951/2613 2522/2950/2612
f 2508/2939/2602 2509/2940/2603 2524/2952/2614 2523/2951/2613
f 2509/2940/2603 2510/1979/1781 2525/2001/1800 2524/2952/2614
f 2511/2941/2445 2512/2931/2594 2527/2943/2605 2526/2769/2462
f 2527/2943/2605 2528/2942/2604 2543/2953/2615 2542/2954/2616
f 2514/2944/2606 2515/2799/2503 2530/2801/2505 2529/2955/2617
f 2516/2798/2502 2517/2945/2607 2532/2956/2618 2531/2800/2504
f 2517/2945/2607 2518/2946/2608 2533/2957/2619 2532/2956/2618
f 2518/2946/2608 2519/2947/2609 2534/2958/2620 2533/2957/2619
f 2519/2947/2609 2520/2948/2610 2535/2959/2621 2534/2958/2620
f 2520/2948/2610 2521/2949/2611 2536/2960/2622 2535/2959/2621
f 2521/2949/2611 2522/2950/2612 2537/2961/2623 2536/2960/2622
f 2522/2950/2612 2523/2951/2613 2538/2962/2624 2537/2961/2623
f 2523/2951/2613 2524/2952/2614 2539/2963/2625 2538/2962/2624
f 2524/2952/2614 2525/2001/1800 2540/2020/1819 2539/2963/2625
f 2526/2769/2462 2527/2943/2605 2542/2954/2616 2541/2770/2478
f 2542/2954/2616 2543/2953/2615 2558/2964/2626 2557/2965/2627
f 2529/2955/2617 2530/2801/2505 2545/2803/2507 2544/2966/2628
f 2531/2800/2504 2532/2956/2618 2547/2967/2629 2546/2802/2506
f 2532/2956/2618 2533/2957/2619 2548/2968/2630 2547/2967/2629
f 2533/2957/2619 2534/2958/2620 2549/2969/2631 2548/2968/2630
f 2534/2958/2620 2535/2959/2621 2550/2970/2632 2549/2969/2631
f 2535/2959/2621 2536/2960/2622 2551/2971/2633 2550/2970/2632
f 2536/2960/2622 2537/2961/2623 2552/2972/2634 2551/2971/2633
f 2537/2961/2623 2538/2962/2624 2553/2973/2635 2552/2972/2634
f 2538/2962/2624 2539/2963/2625 2554/2974/2636 2553/2973/2635
f 2539/2963/2625 2540/2020/1819 2555/2039/1838 2554/2974/2636
f 2541/2770/2478 2542/2954/2616 2557/2965/2627 2556/2772/2480
f 2557/2965/2627 2558/2964/2626 2573/2472/2230 2572/2474/2232
f 2544/2966/2628 2545/2803/2507 2560/2806/2509 2559/2975/2637
f 2546/2802/2506 2547/2967/2629 2562/2976/2638 2561/2805/2508
f 2547/2967/2629 2548/2968/2630 2563/2977/2639 2562/2976/2638
f 2548/2968/2630 2549/2969/2631 2564/2978/2640 2563/2977/2639
f 2549/2969/2631 2550/2970/2632 2565/2979/2641 2564/2978/2640
f 2550/2970/2632 2551/2971/2633 2566/2980/2642 2565/2979/2641
f 2551/2971/2633 2552/2972/2634 2567/2981/2643 2566/2980/2642
f 2552/2972/2634 2553/2973/2635 2568/2982/2644 2567/2981/2643
f 2553/2973/2635 2554/2974/2636 2569/2983/2645 2568/2982/2644
f 2554/2974/2636 2555/2039/1838 2570/2058/1857 2569/2983/2645
f 2556/2772/2480 2557/2965/2627 2572/2474/2232 2571/2476/2234
f 2559/2975/2637 2560/2806/2509 2575/2468/2226 2574/2470/2228
f 2561/2805/2508 2562/2976/2638 2577/2464/2222 2576/2466/2224
f 2562/2976/2638 2563/2977/2639 2578/2462/2220 2577/2464/2222
f 2563/2977/2639 2564/2978/2640 2579/2208/1986 2578/2462/2220
f 2564/2978/2640 2565/2979/2641 2580/2209/1987 2579/2208/1986
f 2565/2979/2641 2566/2980/2642 2581/2460/2218 2580/2209/1987
f 2566/2980/2642 2567/2981/2643 2582/2440/2198 2581/2460/2218
f 2567/2981/2643 2568/2982/2644 2583/2441/2199 2582/2440/2198
f 2568/2982/2644 2569/2983/2645 2584/2456/2214 2583/2441/2199
f 2569/2983/2645 2570/2058/1857 2585/2079/1878 2584/2456/2214
f 2586/725/684 2587/693/654 2602/2984/2646 2601/2985/1665
f 2588/671/632 2589/650/611 2604/731/688 2603/2986/2647
f 2587/693/654 2588/671/632 2603/2986/2647 2602/2984/2646
f 2364/1367/1265 2365/1348/1246 2380/2987/1295 2379/2778/1294
f 2365/1348/1246 2366/1329/1227 2381/2809/2510 2380/2987/1295
f 2366/1329/1227 2367/1310/1208 2382/2810/2511 2381/2809/2510
f 2367/1310/1208 2368/1291/1189 2383/2813/2513 2382/2810/2511
f 2368/1291/1189 2369/1272/1170 2384/2815/2515 2383/2813/2513
f 2369/1272/1170 2370/1253/1151 2385/2817/2517 2384/2815/2515
f 2370/1253/1151 2371/1234/1132 2386/2819/2519 2385/2817/2517
f 2371/1234/1132 2372/1215/1113 2387/2821/2521 2386/2819/2519
f 2372/1215/1113 2373/1196/1094 2388/2823/2523 2387/2821/2521
f 2373/1196/1094 2374/1177/1075 2389/2825/2525 2388/2823/2523
f 2374/1177/1075 2375/1155/1053 2390/1120/1024 2389/2825/2525
f 2376/2527/2279 2377/2773/2481 2392/2827/1298 2391/2544/2296
f 2377/2988/2481 2378/2989/2486 2393/1417/1299 2392/1416/1298
f 2168/387/355 2169/385/353 2184/2219/1994 2183/388/356
f 2378/2989/2486 2379/1412/1294 2394/1415/1297 2393/1417/1299
f 2380/2987/1295 2381/2809/2510 2396/2812/2487 2395/2990/1296
f 2393/1417/1299 2394/1415/1297 2409/2831/2529 2408/1418/1300
f 1720/1107/1012 1721/1833/1647 1736/1866/1674 1735/1863/1671
f 2408/1418/1300 2409/2831/2529 2424/2850/2540 2423/2829/2527
f 1735/1863/1671 1736/1866/1674 1751/1886/1693 1750/1883/1690
f 2423/2829/2527 2424/2850/2540 2439/2867/2551 2438/2848/2538
f 1750/1883/1690 1751/1886/1693 1766/1905/1712 1765/1902/1709
f 2438/2848/2538 2439/2867/2551 2454/2883/2562 2453/2865/2549
f 1765/1902/1709 1766/1905/1712 1781/1924/1731 1780/1921/1728
f 2453/2879/2549 2454/2897/2562 2469/2898/2573 2468/2880/2560
f 1780/1921/1728 1781/1924/1731 1796/1945/1750 1795/1942/1747
f 2468/2880/2560 2469/2898/2573 2484/2919/2584 2483/2895/2571
f 1795/1942/1747 1796/1945/1750 1811/1967/1769 1810/1964/1766
f 2483/2895/2571 2484/2919/2584 2499/2932/2595 2498/2917/2582
f 1810/1964/1766 1811/1967/1769 1826/1987/1788 1825/1984/1785
f 2498/2917/2582 2499/2932/2595 2514/2944/2606 2513/2930/2593
f 1825/1984/1785 1826/1987/1788 1841/2008/1807 1840/2005/1804
f 2513/2930/2593 2514/2944/2606 2529/2955/2617 2528/2942/2604
f 1840/2005/1804 1841/2008/1807 1856/2027/1826 1855/2024/1823
f 2528/2942/2604 2529/2955/2617 2544/2966/2628 2543/2953/2615
f 1855/2024/1823 1856/2027/1826 1871/2046/1845 1870/2043/1842
f 2543/2953/2615 2544/2966/2628 2559/2975/2637 2558/2964/2626
f 1870/2043/1842 1871/2046/1845 1886/2067/1866 1885/2064/1863
f 2558/2964/2626 2559/2975/2637 2574/2470/2228 2573/2472/2230
f 1885/2064/1863 1886/2067/1866 1901/2089/1888 1900/2086/1885
f 240/2105/1904 239/2108/1907 2031/2111/1910 2046/2106/1905
f 1703/1760/1598 1704/1105/1010 1719/1108/1013 1718/1110/1015
f 1718/1110/1015 1719/1108/1013 1734/1864/1672 1733/1111/1016
f 2606/2504/2256 2607/2991/2648 2622/2992/2649 2621/2140/1935
f 2607/2991/2648 2608/2993/2650 2623/2994/2651 2622/2992/2649
f 2608/2993/2650 2609/2995/2652 2624/2996/2653 2623/2994/2651
f 2609/2995/2652 2610/2997/2654 2625/2998/2655 2624/2996/2653
f 2610/2999/2654 2611/3000/2656 2626/3001/2657 2625/3002/2655
f 2611/3000/2656 2612/3003/2658 2627/3004/2659 2626/3001/2657
f 2612/3003/2658 2613/3005/2660 2628/3006/2661 2627/3004/2659
f 2613/3005/2660 2614/3007/2662 2629/3008/2663 2628/3006/2661
f 2614/3007/2662 2615/3009/364 2630/3010/363 2629/3008/2663
f 2616/1877/1684 2617/3011/692 2632/3012/695 2631/1896/1703
f 2632/3013/695 2633/3014/694 2648/3015/2664 2647/3016/2665
f 2619/734/691 2620/733/690 2635/2142/1937 2634/3017/2666
f 2621/2140/1935 2622/2992/2649 2637/3018/2667 2636/2141/1936
f 2622/2992/2649 2623/2994/2651 2638/3019/2668 2637/3018/2667
f 2623/2994/2651 2624/2996/2653 2639/3020/2669 2638/3019/2668
f 2624/3021/2653 2625/3002/2655 2640/3022/2670 2639/3023/2669
f 2625/3002/2655 2626/3001/2657 2641/3024/2671 2640/3022/2670
f 2626/3001/2657 2627/3004/2659 2642/3025/2672 2641/3024/2671
f 2627/3004/2659 2628/3006/2661 2643/3026/2673 2642/3025/2672
f 2628/3006/2661 2629/3008/2663 2644/3027/2674 2643/3026/2673
f 2629/3008/2663 2630/3010/363 2645/3028/2281 2644/3027/2674
f 2631/1896/1703 2632/3012/695 2647/3029/2665 2646/1915/1722
f 2647/3016/2665 2648/3015/2664 2663/3030/2675 2662/3031/2676
f 2634/3017/2666 2635/2142/1937 2650/2144/1939 2649/3032/2677
f 2636/2141/1936 2637/3018/2667 2652/3033/2678 2651/2143/1938
f 2637/3018/2667 2638/3019/2668 2653/3034/2679 2652/3033/2678
f 2638/3035/2668 2639/3023/2669 2654/3036/2680 2653/3037/2679
f 2639/3023/2669 2640/3022/2670 2655/3038/2681 2654/3036/2680
f 2640/3022/2670 2641/3024/2671 2656/3039/2682 2655/3038/2681
f 2641/3024/2671 2642/3025/2672 2657/3040/2683 2656/3039/2682
f 2642/3025/2672 2643/3026/2673 2658/3041/2684 2657/3040/2683
f 2643/3026/2673 2644/3027/2674 2659/3042/2685 2658/3041/2684
f 2644/3027/2674 2645/3028/2281 2660/3043/2298 2659/3042/2685
f 2646/1915/1722 2647/3029/2665 2662/3044/2676 2661/1934/1741
f 2662/3031/2676 2663/3030/2675 2678/3045/2686 2677/3046/2687
f 2649/3047/2677 2650/2145/1939 2665/2148/1941 2664/3048/2688
f 2651/2146/1938 2652/3049/2678 2667/3050/2689 2666/2147/1940
f 2652/3049/2678 2653/3037/2679 2668/3051/2690 2667/3050/2689
f 2653/3037/2679 2654/3036/2680 2669/3052/2691 2668/3051/2690
f 2654/3036/2680 2655/3038/2681 2670/3053/2692 2669/3052/2691
f 2655/3038/2681 2656/3039/2682 2671/3054/2693 2670/3053/2692
f 2656/3039/2682 2657/3040/2683 2672/3055/2694 2671/3054/2693
f 2657/3040/2683 2658/3041/2684 2673/3056/2695 2672/3055/2694
f 2658/3041/2684 2659/3042/2685 2674/3057/2696 2673/3056/2695
f 2659/3042/2685 2660/3043/2298 2675/3058/2315 2674/3057/2696
f 2661/1934/1741 2662/3044/2676 2677/3059/2687 2676/1955/1760
f 2677/3046/2687 2678/3045/2686 2693/3060/2697 2692/3061/2698
f 2664/3048/2688 2665/2148/1941 2680/2150/1943 2679/3062/2699
f 2666/2147/1940 2667/3050/2689 2682/3063/2700 2681/2149/1942
f 2667/3050/2689 2668/3051/2690 2683/3064/2701 2682/3063/2700
f 2668/3051/2690 2669/3052/2691 2684/3065/2702 2683/3064/2701
f 2669/3052/2691 2670/3053/2692 2685/3066/2703 2684/3065/2702
f 2670/3053/2692 2671/3054/2693 2686/3067/2704 2685/3066/2703
f 2671/3054/2693 2672/3055/2694 2687/3068/2705 2686/3067/2704
f 2672/3055/2694 2673/3056/2695 2688/3069/2706 2687/3068/2705
f 2673/3056/2695 2674/3057/2696 2689/3070/2707 2688/3069/2706
f 2674/3057/2696 2675/3058/2315 2690/3071/2333 2689/3070/2707
f 2676/3072/1760 2677/3046/2687 2692/3061/2698 2691/3073/1779
f 2692/3074/2698 2693/3075/2697 2708/3076/2708 2707/3077/2709
f 2679/3062/2699 2680/2150/1943 2695/2152/1945 2694/3078/2710
f 2681/2149/1942 2682/3063/2700 2697/3079/2711 2696/2151/1944
f 2682/3080/2700 2683/3081/2701 2698/3082/2712 2697/3083/2711
f 2683/3081/2701 2684/3084/2702 2699/3085/2713 2698/3082/2712
f 2684/3084/2702 2685/3086/2703 2700/3087/2714 2699/3085/2713
f 2685/3086/2703 2686/3088/2704 2701/3089/2715 2700/3087/2714
f 2686/3088/2704 2687/3090/2705 2702/3091/2716 2701/3089/2715
f 2687/3068/2705 2688/3069/2706 2703/3092/2717 2702/3093/2716
f 2688/3069/2706 2689/3070/2707 2704/3094/2718 2703/3092/2717
f 2689/3095/2707 2690/3096/2333 2705/2653/2352 2704/3097/2718
f 2691/1998/1779 2692/3074/2698 2707/3077/2709 2706/1999/1798
f 2707/3077/2709 2708/3076/2708 2723/3098/2719 2722/3099/2720
f 2694/3100/2710 2695/2153/1945 2710/2156/1947 2709/3101/2721
f 2696/2154/1944 2697/3083/2711 2712/3102/2722 2711/2155/1946
f 2697/3083/2711 2698/3082/2712 2713/3103/2723 2712/3102/2722
f 2698/3082/2712 2699/3085/2713 2714/3104/2724 2713/3103/2723
f 2699/3085/2713 2700/3087/2714 2715/3105/2725 2714/3104/2724
f 2700/3087/2714 2701/3089/2715 2716/3106/2726 2715/3105/2725
f 2701/3089/2715 2702/3091/2716 2717/3107/2727 2716/3106/2726
f 2702/3091/2716 2703/3108/2717 2718/3109/2728 2717/3107/2727
f 2703/3108/2717 2704/3097/2718 2719/3110/2729 2718/3109/2728
f 2704/3097/2718 2705/2653/2352 2720/2652/2371 2719/3110/2729
f 2706/1999/1798 2707/3077/2709 2722/3099/2720 2721/2018/1817
f 2722/3099/2720 2723/3098/2719 2738/3111/2730 2737/3112/2731
f 2709/3101/2721 2710/2156/1947 2725/2158/1949 2724/3113/2732
f 2711/2155/1946 2712/3102/2722 2727/3114/2733 2726/2157/1948
f 2712/3102/2722 2713/3103/2723 2728/3115/2734 2727/3114/2733
f 2713/3103/2723 2714/3104/2724 2729/3116/2735 2728/3115/2734
f 2714/3104/2724 2715/3105/2725 2730/3117/2736 2729/3116/2735
f 2715/3105/2725 2716/3106/2726 2731/3118/2737 2730/3117/2736
f 2716/3106/2726 2717/3107/2727 2732/3119/2738 2731/3118/2737
f 2717/3107/2727 2718/3109/2728 2733/3120/2739 2732/3119/2738
f 2718/3109/2728 2719/3110/2729 2734/3121/2740 2733/3120/2739
f 2719/3110/2729 2720/2652/2371 2735/2677/2390 2734/3121/2740
f 2721/2018/1817 2722/3099/2720 2737/3112/2731 2736/2037/1836
f 2737/3112/2731 2738/3111/2730 2753/3122/2741 2752/3123/2742
f 2724/3113/2732 2725/2158/1949 2740/2160/1951 2739/3124/2743
f 2726/2157/1948 2727/3114/2733 2742/3125/2744 2741/2159/1950
f 2727/3114/2733 2728/3115/2734 2743/3126/2745 2742/3125/2744
f 2728/3115/2734 2729/3116/2735 2744/3127/2746 2743/3126/2745
f 2729/3116/2735 2730/3117/2736 2745/3128/2747 2744/3127/2746
f 2730/3117/2736 2731/3118/2737 2746/3129/2748 2745/3128/2747
f 2731/3118/2737 2732/3119/2738 2747/3130/2749 2746/3129/2748
f 2732/3119/2738 2733/3120/2739 2748/3131/2750 2747/3130/2749
f 2733/3120/2739 2734/3121/2740 2749/3132/2751 2748/3131/2750
f 2734/3121/2740 2735/2677/2390 2750/2698/2409 2749/3132/2751
f 2736/2037/1836 2737/3112/2731 2752/3123/2742 2751/2056/1855
f 2752/3123/2742 2753/3122/2741 2768/3133/2752 2767/3134/2753
f 2739/3124/2743 2740/2160/1951 2755/2163/1953 2754/3135/2754
f 2741/2159/1950 2742/3125/2744 2757/3136/2755 2756/2162/1952
f 2742/3125/2744 2743/3126/2745 2758/3137/2756 2757/3136/2755
f 2743/3126/2745 2744/3127/2746 2759/3138/2757 2758/3137/2756
f 2744/3127/2746 2745/3128/2747 2760/3139/2758 2759/3138/2757
f 2745/3128/2747 2746/3129/2748 2761/3140/2759 2760/3139/2758
f 2746/3129/2748 2747/3130/2749 2762/3141/2760 2761/3140/2759
f 2747/3130/2749 2748/3131/2750 2763/3142/2761 2762/3141/2760
f 2748/3131/2750 2749/3132/2751 2764/3143/2762 2763/3142/2761
f 2749/3132/2751 2750/2698/2409 2765/2718/2428 2764/3143/2762
f 2751/2056/1855 2752/3123/2742 2767/3134/2753 2766/2077/1876
f 2767/3134/2753 2768/3133/2752 2783/3144/2763 2782/3145/2764
f 2754/3135/2754 2755/2163/1953 2770/2166/1955 2769/3146/2765
f 2756/2162/1952 2757/3136/2755 2772/3147/2766 2771/2165/1954
f 2757/3136/2755 2758/3137/2756 2773/3148/2767 2772/3147/2766
f 2758/3137/2756 2759/3138/2757 2774/3149/2768 2773/3148/2767
f 2759/3138/2757 2760/3139/2758 2775/3150/2769 2774/3149/2768
f 2760/3139/2758 2761/3140/2759 2776/3151/2770 2775/3150/2769
f 2761/3140/2759 2762/3141/2760 2777/3152/2771 2776/3151/2770
f 2762/3141/2760 2763/3142/2761 2778/3153/2772 2777/3152/2771
f 2763/3142/2761 2764/3143/2762 2779/3154/2773 2778/3153/2772
f 2764/3143/2762 2765/2718/2428 2780/2737/2447 2779/3154/2773
f 2766/2077/1876 2767/3134/2753 2782/3145/2764 2781/2099/1898
f 2782/3145/2764 2783/3144/2763 2798/3155/1899 2797/3156/1925
f 2769/3146/2765 2770/2166/1955 2785/2169/1957 2784/3157/2774
f 2771/2165/1954 2772/3147/2766 2787/3158/2775 2786/2168/1956
f 2772/3147/2766 2773/3148/2767 2788/3159/2776 2787/3158/2775
f 2773/3148/2767 2774/3149/2768 2789/3160/2777 2788/3159/2776
f 2774/3149/2768 2775/3150/2769 2790/3161/2778 2789/3160/2777
f 2775/3150/2769 2776/3151/2770 2791/3162/2779 2790/3161/2778
f 2776/3151/2770 2777/3152/2771 2792/3163/2780 2791/3162/2779
f 2777/3152/2771 2778/3153/2772 2793/3164/2781 2792/3163/2780
f 2778/3153/2772 2779/3154/2773 2794/3165/2782 2793/3164/2781
f 2779/3154/2773 2780/2737/2447 2795/2754/2464 2794/3165/2782
f 2781/2099/1898 2782/3145/2764 2797/3156/1925 2796/3166/1880
f 2784/3157/2774 2785/2169/1957 2800/2172/1959 2799/3167/1900
f 2786/2168/1956 2787/3158/2775 2802/3168/1997 2801/2171/1958
f 2787/3158/2775 2788/3159/2776 2803/2228/1999 2802/3168/1997
f 2788/3159/2776 2789/3160/2777 2804/2229/2001 2803/2228/1999
f 2789/3160/2777 2790/3161/2778 2805/2232/2003 2804/2229/2001
f 2790/3161/2778 2791/3162/2779 2806/2234/2005 2805/2232/2003
f 2791/3162/2779 2792/3163/2780 2807/2236/2007 2806/2234/2005
f 2792/3163/2780 2793/3164/2781 2808/2238/2009 2807/2236/2007
f 2793/3164/2781 2794/3165/2782 2809/2240/2011 2808/2238/2009
f 2794/3165/2782 2795/2754/2464 2810/2242/2013 2809/2240/2011
f 425/3169/2783 3471/3170/2784 380/3171/2785 16/3172/2786
f 3471/3170/2784 3472/3173/2787 379/3174/2788 380/3171/2785
f 2812/3175/2789 2813/3176/2790 2828/3177/2791 2827/3178/2792
f 2811/3179/2793 2812/3175/2789 2827/3178/2792 2826/3180/2794
f 140/675/636 139/755/706 3037/758/709 3036/676/637
f 2589/650/611 2590/631/592 2605/732/689 2604/731/688
f 2590/631/592 2591/612/573 2606/2504/2256 2605/732/689
f 2591/612/573 2592/593/554 2607/2991/2648 2606/2504/2256
f 2592/593/554 2593/574/535 2608/2993/2650 2607/2991/2648
f 2593/574/535 2594/555/516 2609/2995/2652 2608/2993/2650
f 2594/555/516 2595/536/497 2610/2997/2654 2609/2995/2652
f 2595/536/497 2596/517/478 2611/3181/2656 2610/2997/2654
f 2596/3182/478 2597/3183/459 2612/3003/2658 2611/3000/2656
f 2597/3183/459 2598/3184/440 2613/3005/2660 2612/3003/2658
f 2598/3184/440 2599/3185/421 2614/3007/2662 2613/3005/2660
f 2599/3185/421 2600/3186/399 2615/3009/364 2614/3007/2662
f 2601/2985/1665 2602/2984/2646 2617/735/692 2616/3187/1684
f 2602/2984/2646 2603/2986/2647 2618/736/693 2617/735/692
f 2603/2986/2647 2604/731/688 2619/734/691 2618/736/693
f 2618/736/693 2619/734/691 2634/3017/2666 2633/737/694
f 2170/384/352 2171/2509/2261 2186/2534/2286 2185/2532/2284
f 2633/737/694 2634/3017/2666 2649/3032/2677 2648/3188/2664
f 2185/2532/2284 2186/2534/2286 2201/2551/2303 2200/2549/2301
f 2648/3015/2664 2649/3047/2677 2664/3048/2688 2663/3030/2675
f 2200/2549/2301 2201/2551/2303 2216/2582/2321 2215/2580/2319
f 2663/3030/2675 2664/3048/2688 2679/3062/2699 2678/3045/2686
f 2215/2580/2319 2216/2582/2321 2231/2606/2340 2230/2603/2337
f 2678/3045/2686 2679/3062/2699 2694/3078/2710 2693/3060/2697
f 2230/2603/2337 2231/2606/2340 2246/2633/2359 2245/2630/2356
f 2693/3075/2697 2694/3100/2710 2709/3101/2721 2708/3076/2708
f 2245/2658/2356 2246/2661/2359 2261/2663/2378 2260/2659/2375
f 2708/3076/2708 2709/3101/2721 2724/3113/2732 2723/3098/2719
f 2260/2659/2375 2261/2663/2378 2276/2684/2397 2275/2681/2394
f 2723/3098/2719 2724/3113/2732 2739/3124/2743 2738/3111/2730
f 2275/2681/2394 2276/2684/2397 2291/2705/2416 2290/2702/2413
f 2738/3111/2730 2739/3124/2743 2754/3135/2754 2753/3122/2741
f 2290/2702/2413 2291/2705/2416 2306/2725/2435 2305/2722/2432
f 2753/3122/2741 2754/3135/2754 2769/3146/2765 2768/3133/2752
f 2305/2722/2432 2306/2725/2435 2321/2742/2452 2320/2739/2449
f 2768/3133/2752 2769/3146/2765 2784/3157/2774 2783/3144/2763
f 2320/2739/2449 2321/2742/2452 2336/2758/2468 2335/2755/2465
f 2783/3144/2763 2784/3157/2774 2799/3167/1900 2798/3155/1899
f 2335/2755/2465 2336/2758/2468 2351/2335/2098 2350/2320/2084
f 1930/2501/2255 1931/3189/2019 1946/3190/1961 1945/2502/1960
f 3474/2775/2483 3475/3191/2795 376/3192/2796 377/2776/2484
f 3475/3191/2795 3476/3193/2797 375/3194/2798 376/3192/2796
f 3476/3195/2797 3477/3196/2799 374/3197/2800 375/3198/2798
f 3477/3196/2799 3478/3199/2801 373/3200/2802 374/3197/2800
f 3478/3199/2801 3479/3201/2803 372/3202/2804 373/3200/2802
f 3479/3201/2803 3480/3203/2805 371/3204/2806 372/3202/2804
f 3480/3203/2805 3481/3205/2807 370/3206/2808 371/3204/2806
f 3481/3205/2807 3482/3207/2809 369/3208/2810 370/3206/2808
f 3482/3207/2809 3483/3209/2811 368/3210/2812 369/3208/2810
f 3483/3209/2811 3484/3211/2813 367/3212/2814 368/3210/2812
f 3484/3211/2813 3485/1703/1547 366/3213/2815 367/3212/2814
f 3485/1703/1547 396/1702/1546 14/1752/1590 366/3213/2815
f 2826/3180/2794 2827/3178/2792 2842/3214/2816 2841/3215/2817
f 2831/3216/2818 2832/3217/2819 2847/3218/2820 2846/3219/2821
f 2832/3217/2819 2833/3220/2822 2848/3221/2823 2847/3218/2820
f 2833/3222/2822 2834/3223/2824 2849/3224/2825 2848/3225/2823
f 2834/3223/2824 2835/3226/2826 2850/3227/2827 2849/3224/2825
f 2835/3226/2826 2836/3228/2828 2851/3229/2829 2850/3227/2827
f 2836/3228/2828 2837/3230/2830 2852/3231/2831 2851/3229/2829
f 2837/3230/2830 2838/3232/2832 2853/3233/2833 2852/3231/2831
f 2838/3232/2832 2839/3234/2834 2854/3235/2835 2853/3233/2833
f 2839/3234/2834 2840/3236/2836 2855/3237/2837 2854/3235/2835
f 502/3238/2838 501/1755/1593 4386/1754/1592 4401/3239/2839
f 528/3240/2840 527/3241/2841 4220/3242/2842 4205/3243/2843
f 2871/3244/2844 2872/3245/2845 2887/3246/2846 2886/3247/2847
f 2857/3248/2848 2858/3249/2849 2873/3250/2850 2872/3245/2845
f 2844/3251/2851 2845/3252/2852 2860/3253/2853 2859/3254/2854
f 2846/3219/2821 2847/3218/2820 2862/3255/2855 2861/3256/2856
f 2847/3218/2820 2848/3221/2823 2863/3257/2857 2862/3255/2855
f 2848/3221/2823 2849/3258/2825 2864/3259/2858 2863/3257/2857
f 2849/3224/2825 2850/3227/2827 2865/3260/2859 2864/3261/2858
f 2850/3227/2827 2851/3229/2829 2866/3262/2860 2865/3260/2859
f 2851/3229/2829 2852/3231/2831 2867/3263/2861 2866/3262/2860
f 2852/3231/2831 2853/3233/2833 2868/3264/2862 2867/3263/2861
f 2853/3233/2833 2854/3235/2835 2869/3265/2863 2868/3264/2862
f 2854/3235/2835 2855/3237/2837 2870/3266/2864 2869/3265/2863
f 503/3267/2865 502/3238/2838 4401/3239/2839 4416/3268/2866
f 527/3241/2841 526/3269/2867 4235/3270/2868 4220/3242/2842
f 2886/3247/2847 2887/3246/2846 2902/3271/2869 2901/3272/2870
f 2872/3245/2845 2873/3250/2850 2888/3273/2871 2887/3246/2846
f 2859/3254/2854 2860/3253/2853 2875/3274/2872 2874/3275/2873
f 2861/3256/2856 2862/3255/2855 2877/3276/2874 2876/3277/2875
f 2862/3255/2855 2863/3257/2857 2878/3278/2876 2877/3276/2874
f 2863/3257/2857 2864/3259/2858 2879/3279/2877 2878/3278/2876
f 2864/3259/2858 2865/3280/2859 2880/3281/2878 2879/3279/2877
f 2865/3280/2859 2866/3282/2860 2881/3283/2879 2880/3281/2878
f 2866/3262/2860 2867/3263/2861 2882/3284/2880 2881/3285/2879
f 2867/3263/2861 2868/3264/2862 2883/3286/2881 2882/3284/2880
f 2868/3264/2862 2869/3265/2863 2884/3287/2882 2883/3286/2881
f 2869/3265/2863 2870/3266/2864 2885/3288/2883 2884/3287/2882
f 504/3289/2884 503/3290/2865 4416/3291/2866 4431/3292/2885
f 526/3269/2867 525/3293/2886 4250/3294/2887 4235/3270/2868
f 2901/3272/2870 2902/3271/2869 2917/3295/2888 2916/3296/2889
f 2887/3246/2846 2888/3273/2871 2903/3297/2890 2902/3271/2869
f 2874/3275/2873 2875/3274/2872 2890/3298/2891 2889/3299/2892
f 2876/3277/2875 2877/3276/2874 2892/3300/2893 2891/3301/2894
f 2877/3276/2874 2878/3278/2876 2893/3302/2895 2892/3300/2893
f 2878/3278/2876 2879/3279/2877 2894/3303/2896 2893/3302/2895
f 2879/3279/2877 2880/3281/2878 2895/3304/2897 2894/3303/2896
f 2880/3281/2878 2881/3283/2879 2896/3305/2898 2895/3304/2897
f 2881/3283/2879 2882/3306/2880 2897/3307/2899 2896/3305/2898
f 2882/3306/2880 2883/3308/2881 2898/3309/2900 2897/3307/2899
f 2883/3308/2881 2884/3310/2882 2899/3311/2901 2898/3309/2900
f 2884/3310/2882 2885/3312/2883 2900/3313/2902 2899/3311/2901
f 505/3314/2903 504/3289/2884 4431/3292/2885 4446/3315/2904
f 525/3293/2886 524/3316/2905 4265/3317/2906 4250/3294/2887
f 2916/3296/2889 2917/3295/2888 2932/3318/2907 2931/3319/2908
f 2902/3271/2869 2903/3297/2890 2918/3320/2909 2917/3295/2888
f 2889/3299/2892 2890/3298/2891 2905/3321/2910 2904/3322/2911
f 2891/3301/2894 2892/3300/2893 2907/3323/2912 2906/3324/2913
f 2892/3300/2893 2893/3302/2895 2908/3325/2914 2907/3323/2912
f 2893/3302/2895 2894/3303/2896 2909/3326/2915 2908/3325/2914
f 2894/3303/2896 2895/3304/2897 2910/3327/2916 2909/3326/2915
f 2895/3304/2897 2896/3305/2898 2911/3328/2917 2910/3327/2916
f 2896/3305/2898 2897/3307/2899 2912/3329/2918 2911/3328/2917
f 2897/3307/2899 2898/3309/2900 2913/3330/2919 2912/3329/2918
f 2898/3309/2900 2899/3311/2901 2914/3331/2920 2913/3330/2919
f 2899/3311/2901 2900/3313/2902 2915/3332/2921 2914/3331/2920
f 506/3333/2922 505/3334/2903 4446/3335/2904 4461/3336/2923
f 524/3316/2905 523/3337/2924 4280/3338/2925 4265/3317/2906
f 2931/3319/2908 2932/3318/2907 2947/3339/2926 2946/3340/2927
f 2917/3295/2888 2918/3320/2909 2933/3341/2928 2932/3318/2907
f 2904/3322/2911 2905/3321/2910 2920/3342/2929 2919/3343/2930
f 2906/3324/2913 2907/3323/2912 2922/3344/2931 2921/3345/2932
f 2907/3323/2912 2908/3325/2914 2923/3346/2933 2922/3344/2931
f 2908/3325/2914 2909/3326/2915 2924/3347/2934 2923/3346/2933
f 2909/3326/2915 2910/3327/2916 2925/3348/2935 2924/3347/2934
f 2910/3327/2916 2911/3328/2917 2926/3349/2936 2925/3348/2935
f 2911/3328/2917 2912/3329/2918 2927/3350/2937 2926/3349/2936
f 2912/3329/2918 2913/3330/2919 2928/3351/2938 2927/3350/2937
f 2913/3330/2919 2914/3331/2920 2929/3352/2939 2928/3351/2938
f 2914/3331/2920 2915/3332/2921 2930/3353/2940 2929/3352/2939
f 507/3354/2941 506/3333/2922 4461/3336/2923 4476/3355/2942
f 523/3337/2924 522/3356/2943 4295/3357/2944 4280/3338/2925
f 2946/3340/2927 2947/3339/2926 2962/3358/2945 2961/3359/2946
f 2932/3318/2907 2933/3341/2928 2948/3360/2947 2947/3339/2926
f 2919/3343/2930 2920/3342/2929 2935/3361/2948 2934/3362/2949
f 2921/3345/2932 2922/3344/2931 2937/3363/2950 2936/3364/2951
f 2922/3344/2931 2923/3346/2933 2938/3365/2952 2937/3363/2950
f 2923/3346/2933 2924/3347/2934 2939/3366/2953 2938/3365/2952
f 2924/3347/2934 2925/3348/2935 2940/3367/2954 2939/3366/2953
f 2925/3348/2935 2926/3349/2936 2941/3368/2955 2940/3367/2954
f 2926/3349/2936 2927/3350/2937 2942/3369/2956 2941/3368/2955
f 2927/3350/2937 2928/3351/2938 2943/3370/2957 2942/3369/2956
f 2928/3351/2938 2929/3352/2939 2944/3371/2958 2943/3370/2957
f 2929/3352/2939 2930/3353/2940 2945/3372/2959 2944/3371/2958
f 508/3373/2960 507/3354/2941 4476/3355/2942 4491/3374/2961
f 522/3356/2943 521/3375/2962 4310/3376/2963 4295/3357/2944
f 2961/3359/2946 2962/3358/2945 2977/3377/2964 2976/3378/2965
f 2947/3339/2926 2948/3360/2947 2963/3379/2966 2962/3358/2945
f 2934/3362/2949 2935/3361/2948 2950/3380/2967 2949/3381/2968
f 2936/3364/2951 2937/3363/2950 2952/3382/2969 2951/3383/2970
f 2937/3363/2950 2938/3365/2952 2953/3384/2971 2952/3382/2969
f 2938/3365/2952 2939/3366/2953 2954/3385/2972 2953/3384/2971
f 2939/3366/2953 2940/3367/2954 2955/3386/2973 2954/3385/2972
f 2940/3367/2954 2941/3368/2955 2956/3387/2974 2955/3386/2973
f 2941/3368/2955 2942/3369/2956 2957/3388/2975 2956/3387/2974
f 2942/3369/2956 2943/3370/2957 2958/3389/2976 2957/3388/2975
f 2943/3370/2957 2944/3371/2958 2959/3390/2977 2958/3389/2976
f 2944/3371/2958 2945/3372/2959 2960/3391/2978 2959/3390/2977
f 509/3392/2979 508/3373/2960 4491/3374/2961 4506/3393/2980
f 521/3375/2962 520/3394/2981 4325/3395/2982 4310/3376/2963
f 2976/3378/2965 2977/3377/2964 2992/3396/2983 2991/3397/2984
f 2962/3358/2945 2963/3379/2966 2978/3398/2985 2977/3377/2964
f 2949/3381/2968 2950/3380/2967 2965/3399/2986 2964/3400/2987
f 2951/3383/2970 2952/3382/2969 2967/3401/2988 2966/3402/2989
f 2952/3382/2969 2953/3384/2971 2968/3403/2990 2967/3401/2988
f 2953/3384/2971 2954/3385/2972 2969/3404/2991 2968/3403/2990
f 2954/3385/2972 2955/3386/2973 2970/3405/2992 2969/3404/2991
f 2955/3386/2973 2956/3387/2974 2971/3406/2993 2970/3405/2992
f 2956/3387/2974 2957/3388/2975 2972/3407/2994 2971/3406/2993
f 2957/3388/2975 2958/3389/2976 2973/3408/2995 2972/3407/2994
f 2958/3389/2976 2959/3390/2977 2974/3409/2996 2973/3408/2995
f 2959/3390/2977 2960/3391/2978 2975/3410/2997 2974/3409/2996
f 510/3411/2998 509/3392/2979 4506/3393/2980 4521/3412/2999
f 520/3394/2981 519/3413/3000 4340/3414/3001 4325/3395/2982
f 2991/3397/2984 2992/3396/2983 3007/3415/3002 3006/3416/3003
f 2977/3377/2964 2978/3398/2985 2993/3417/3004 2992/3396/2983
f 2964/3400/2987 2965/3399/2986 2980/3418/3005 2979/3419/3006
f 2966/3402/2989 2967/3401/2988 2982/3420/3007 2981/3421/3008
f 2967/3401/2988 2968/3403/2990 2983/3422/3009 2982/3420/3007
f 2968/3403/2990 2969/3404/2991 2984/3423/3010 2983/3422/3009
f 2969/3404/2991 2970/3405/2992 2985/3424/3011 2984/3423/3010
f 2970/3405/2992 2971/3406/2993 2986/3425/3012 2985/3424/3011
f 2971/3406/2993 2972/3407/2994 2987/3426/3013 2986/3425/3012
f 2972/3407/2994 2973/3408/2995 2988/3427/3014 2987/3426/3013
f 2973/3408/2995 2974/3409/2996 2989/3428/3015 2988/3427/3014
f 2974/3409/2996 2975/3410/2997 2990/3429/3016 2989/3428/3015
f 511/3430/3017 510/3411/2998 4521/3412/2999 4536/3431/3018
f 519/3413/3000 518/3432/3019 4355/3433/3020 4340/3414/3001
f 3006/3416/3003 3007/3415/3002 3022/3434/3021 3021/3435/3022
f 2992/3396/2983 2993/3417/3004 3008/3436/3023 3007/3415/3002
f 2979/3419/3006 2980/3418/3005 2995/3437/3024 2994/3438/3025
f 2981/3421/3008 2982/3420/3007 2997/3439/3026 2996/3440/3027
f 2982/3420/3007 2983/3422/3009 2998/3441/3028 2997/3439/3026
f 2983/3422/3009 2984/3423/3010 2999/3442/3029 2998/3441/3028
f 2984/3423/3010 2985/3424/3011 3000/3443/3030 2999/3442/3029
f 2985/3424/3011 2986/3425/3012 3001/3444/3031 3000/3443/3030
f 2986/3425/3012 2987/3426/3013 3002/3445/3032 3001/3444/3031
f 2987/3426/3013 2988/3427/3014 3003/3446/3033 3002/3445/3032
f 2988/3427/3014 2989/3428/3015 3004/3447/3034 3003/3446/3033
f 2989/3428/3015 2990/3429/3016 3005/3448/3035 3004/3447/3034
f 512/3449/3036 511/3430/3017 4536/3431/3018 4551/3450/3037
f 518/3432/3019 517/3451/3038 4370/3452/3039 4355/3433/3020
f 499/3453/3040 498/3454/3041 3933/3455/3042 3934/3456/3043
f 3007/3415/3002 3008/3436/3023 3023/3457/3044 3022/3434/3021
f 2994/3438/3025 2995/3437/3024 3010/3458/3045 3009/3459/3046
f 2996/3440/3027 2997/3439/3026 3012/3460/3047 3011/3461/3048
f 2997/3439/3026 2998/3441/3028 3013/3462/3049 3012/3460/3047
f 2998/3441/3028 2999/3442/3029 3014/3463/3050 3013/3462/3049
f 2999/3442/3029 3000/3443/3030 3015/3464/3051 3014/3463/3050
f 3000/3443/3030 3001/3444/3031 3016/3465/3052 3015/3464/3051
f 3001/3444/3031 3002/3445/3032 3017/3466/3053 3016/3465/3052
f 3002/3445/3032 3003/3446/3033 3018/3467/3054 3017/3466/3053
f 3003/3446/3033 3004/3447/3034 3019/3468/3055 3018/3467/3054
f 3004/3447/3034 3005/3448/3035 3020/3469/3056 3019/3468/3055
f 513/3470/3057 512/3449/3036 4551/3450/3037 4566/3471/3058
f 517/3451/3038 516/3472/3059 4385/3473/3060 4370/3452/3039
f 498/3454/3041 497/3474/3061 3932/3475/3062 3933/3455/3042
f 3009/3459/3046 3010/3458/3045 3025/3476/3063 3024/3477/3064
f 3011/3461/3048 3012/3460/3047 3027/3478/3065 3026/3479/3066
f 3012/3460/3047 3013/3462/3049 3028/3480/3067 3027/3478/3065
f 3013/3462/3049 3014/3463/3050 3029/3481/3068 3028/3480/3067
f 3014/3463/3050 3015/3464/3051 3030/3482/3069 3029/3481/3068
f 3015/3464/3051 3016/3465/3052 3031/3483/3070 3030/3482/3069
f 3016/3465/3052 3017/3466/3053 3032/3484/3071 3031/3483/3070
f 3017/3466/3053 3018/3467/3054 3033/3485/3072 3032/3484/3071
f 3018/3467/3054 3019/3468/3055 3034/3486/3073 3033/3485/3072
f 3019/3468/3055 3020/3469/3056 3035/3487/3074 3034/3486/3073
f 514/3488/3075 513/3470/3057 4566/3471/3058 4581/3489/3076
f 496/3490/3077 495/3491/3078 3930/3492/3079 3931/3493/3080
f 494/3494/3081 493/3495/3082 3928/3496/3083 3929/3497/3084
f 493/3495/3082 492/3498/3085 3927/3499/3086 3928/3496/3083
f 492/3498/3085 491/3500/3087 3926/3501/3088 3927/3499/3086
f 491/3500/3087 490/3502/3089 3925/3503/3090 3926/3501/3088
f 490/3502/3089 489/3504/3091 3924/3505/3092 3925/3503/3090
f 489/3504/3091 488/3506/3093 3923/3507/3094 3924/3505/3092
f 488/3506/3093 487/3508/3095 3922/3509/3096 3923/3507/3094
f 487/3508/3095 486/3510/3097 3921/3511/3098 3922/3509/3096
f 515/3512/3099 514/3488/3075 4581/3489/3076 4596/3513/3100
f 3038/757/708 3039/793/743 3054/1139/1039 3053/1411/1293
f 3037/758/709 3038/757/708 3053/1411/1293 3052/3514/3101
f 16/3172/2786 380/3171/2785 2811/3179/2793 530/3515/3102
f 1508/420/385 1509/1464/1341 1524/1487/1360 1523/1462/1339
f 380/3171/2785 379/3174/2788 2812/3175/2789 2811/3179/2793
f 3472/3173/2787 3473/2774/2482 378/2777/2485 379/3174/2788
f 379/3174/2788 378/2777/2485 2813/3176/2790 2812/3175/2789
f 378/2777/2485 377/2776/2484 2814/3516/3103 2813/3176/2790
f 377/2776/2484 376/3192/2796 2815/3517/3104 2814/3516/3103
f 376/3192/2796 375/3194/2798 2816/3518/3105 2815/3517/3104
f 375/3198/2798 374/3197/2800 2817/3519/3106 2816/3520/3105
f 374/3197/2800 373/3200/2802 2818/3521/3107 2817/3519/3106
f 373/3200/2802 372/3202/2804 2819/3522/3108 2818/3521/3107
f 372/3202/2804 371/3204/2806 2820/3523/3109 2819/3522/3108
f 371/3204/2806 370/3206/2808 2821/3524/3110 2820/3523/3109
f 370/3206/2808 369/3208/2810 2822/3525/3111 2821/3524/3110
f 369/3208/2810 368/3210/2812 2823/3526/3112 2822/3525/3111
f 529/3527/3113 528/3240/2840 4205/3243/2843 4190/3528/3114
f 368/3210/2812 367/3212/2814 2824/3529/3115 2823/3526/3112
f 2856/3530/3116 2857/3248/2848 2872/3245/2845 2871/3244/2844
f 367/3212/2814 366/3213/2815 2825/3531/3117 2824/3529/3115
f 2842/3214/2816 2843/3532/3118 2858/3249/2849 2857/3248/2848
f 366/3213/2815 14/1752/1590 501/1755/1593 2825/3531/3117
f 2829/3533/3119 2830/3534/3120 2845/3252/2852 2844/3251/2851
f 4420/1807/1632 4421/3535/3121 4436/3536/3122 4435/3537/3123
f 501/1755/1593 502/3238/2838 2840/3236/2836 2825/3531/3117
f 4435/3537/3123 4436/3536/3122 4451/3538/3124 4450/3539/3125
f 502/3238/2838 503/3267/2865 2855/3237/2837 2840/3236/2836
f 4450/3539/3125 4451/3538/3124 4466/3540/3126 4465/3541/3127
f 503/3267/2865 504/3542/2884 2870/3266/2864 2855/3237/2837
f 4465/3541/3127 4466/3540/3126 4481/3543/3128 4480/3544/3129
f 504/3542/2884 505/3545/2903 2885/3288/2883 2870/3266/2864
f 4480/3544/3129 4481/3543/3128 4496/3546/3130 4495/3547/3131
f 505/3334/2903 506/3333/2922 2900/3313/2902 2885/3312/2883
f 4495/3547/3131 4496/3546/3130 4511/3548/3132 4510/3549/3133
f 506/3333/2922 507/3354/2941 2915/3332/2921 2900/3313/2902
f 4510/3549/3133 4511/3548/3132 4526/3550/3134 4525/3551/3135
f 507/3354/2941 508/3373/2960 2930/3353/2940 2915/3332/2921
f 4525/3551/3135 4526/3550/3134 4541/3552/3136 4540/3553/3137
f 508/3373/2960 509/3392/2979 2945/3372/2959 2930/3353/2940
f 4540/3554/3137 4541/3555/3136 4556/3556/3138 4555/3557/3139
f 509/3392/2979 510/3411/2998 2960/3391/2978 2945/3372/2959
f 4555/3557/3139 4556/3556/3138 4571/3558/3140 4570/3559/3141
f 510/3411/2998 511/3430/3017 2975/3410/2997 2960/3391/2978
f 4570/3559/3141 4571/3558/3140 4586/3560/3142 4585/3561/3143
f 511/3430/3017 512/3449/3036 2990/3429/3016 2975/3410/2997
f 4585/3561/3143 4586/3560/3142 4601/3562/3144 4600/3563/3145
f 512/3449/3036 513/3470/3057 3005/3448/3035 2990/3429/3016
f 513/3470/3057 514/3488/3075 3020/3469/3056 3005/3448/3035
f 514/3488/3075 515/3512/3099 3035/3487/3074 3020/3469/3056
f 3036/676/637 3037/758/709 3052/3514/3101 3051/3564/3146
f 18/3565/3147 486/3510/3097 3035/3487/3074 515/3512/3099
f 486/3510/3097 487/3508/3095 3034/3486/3073 3035/3487/3074
f 487/3508/3095 488/3506/3093 3033/3485/3072 3034/3486/3073
f 488/3506/3093 489/3504/3091 3032/3484/3071 3033/3485/3072
f 489/3504/3091 490/3502/3089 3031/3483/3070 3032/3484/3071
f 490/3502/3089 491/3500/3087 3030/3482/3069 3031/3483/3070
f 491/3500/3087 492/3498/3085 3029/3481/3068 3030/3482/3069
f 492/3498/3085 493/3495/3082 3028/3480/3067 3029/3481/3068
f 493/3495/3082 494/3494/3081 3027/3478/3065 3028/3480/3067
f 494/3494/3081 495/3491/3078 3026/3479/3066 3027/3478/3065
f 495/3491/3078 496/3490/3077 3025/3476/3063 3026/3479/3066
f 496/3490/3077 497/3474/3061 3024/3477/3064 3025/3476/3063
f 497/3474/3061 498/3454/3041 3023/3457/3044 3024/3477/3064
f 498/3454/3041 499/3453/3040 3022/3434/3021 3023/3457/3044
f 499/3453/3040 500/3566/3148 3021/3435/3022 3022/3434/3021
f 4405/1806/1631 4406/3567/3149 4421/3535/3121 4420/1807/1632
f 3021/3435/3022 500/3566/3148 20/3568/3150 516/3472/3059
f 2858/3249/2849 2859/3254/2854 2874/3275/2873 2873/3250/2850
f 516/3472/3059 517/3451/3038 3006/3416/3003 3021/3435/3022
f 517/3451/3038 518/3432/3019 2991/3397/2984 3006/3416/3003
f 518/3432/3019 519/3413/3000 2976/3378/2965 2991/3397/2984
f 519/3413/3000 520/3394/2981 2961/3359/2946 2976/3378/2965
f 520/3394/2981 521/3375/2962 2946/3340/2927 2961/3359/2946
f 521/3375/2962 522/3356/2943 2931/3319/2908 2946/3340/2927
f 522/3356/2943 523/3337/2924 2916/3296/2889 2931/3319/2908
f 523/3337/2924 524/3316/2905 2901/3272/2870 2916/3296/2889
f 524/3316/2905 525/3293/2886 2886/3247/2847 2901/3272/2870
f 525/3293/2886 526/3269/2867 2871/3244/2844 2886/3247/2847
f 526/3269/2867 527/3241/2841 2856/3530/3116 2871/3244/2844
f 527/3241/2841 528/3240/2840 2841/3215/2817 2856/3530/3116
f 528/3240/2840 529/3527/3113 2826/3180/2794 2841/3215/2817
f 529/3527/3113 530/3515/3102 2811/3179/2793 2826/3180/2794
f 3998/3569/3151 3999/3570/3152 4014/3571/3153 4013/3572/3154
f 3983/3573/3155 3984/3574/3156 3999/3570/3152 3998/3569/3151
f 3051/3564/3146 3052/3514/3101 3067/1143/1043 3066/3575/3157
f 3056/3576/3158 3057/3577/3159 3072/3578/3160 3071/3579/3161
f 3057/3577/3159 3058/3580/3162 3073/3581/3163 3072/3578/3160
f 3058/3580/3162 3059/3582/3164 3074/3583/3165 3073/3581/3163
f 3059/3582/3164 3060/3584/3166 3075/3585/3167 3074/3583/3165
f 3060/3584/3166 3061/3586/3168 3076/3587/3169 3075/3585/3167
f 3061/3586/3168 3062/3588/3170 3077/3589/3171 3076/3587/3169
f 3062/3590/3170 3063/3591/3172 3078/3592/3173 3077/3593/3171
f 3063/3591/3172 3064/3594/3174 3079/3595/3175 3078/3592/3173
f 3064/3596/3174 3065/3597/3176 3080/3598/3177 3079/3599/3175
f 412/3600/3178 411/1037/958 3261/1036/957 3276/3601/3179
f 438/1150/1050 437/3602/3180 3545/3603/3181 3530/1151/1051
f 3096/1149/1049 3097/1148/1048 3112/3604/3182 3111/3605/3183
f 3082/1146/1046 3083/1145/1045 3098/1824/1638 3097/1148/1048
f 3069/1142/1042 3070/1141/1041 3085/3606/3184 3084/1828/1642
f 3071/3579/3161 3072/3578/3160 3087/3607/3185 3086/3608/3186
f 3072/3578/3160 3073/3581/3163 3088/3609/3187 3087/3607/3185
f 3073/3581/3163 3074/3583/3165 3089/3610/3188 3088/3609/3187
f 3074/3583/3165 3075/3585/3167 3090/3611/3189 3089/3610/3188
f 3075/3585/3167 3076/3587/3169 3091/3612/3190 3090/3611/3189
f 3076/3587/3169 3077/3589/3171 3092/3613/3191 3091/3612/3190
f 3077/3589/3171 3078/3614/3173 3093/3615/3192 3092/3613/3191
f 3078/3616/3173 3079/3599/3175 3094/3617/3193 3093/3618/3192
f 3079/3599/3175 3080/3598/3177 3095/3619/3194 3094/3617/3193
f 413/3620/3195 412/3621/3178 3276/3622/3179 3291/3623/3196
f 437/3602/3180 436/3624/3197 3560/3625/3198 3545/3603/3181
f 3111/3605/3183 3112/3604/3182 3127/3626/3199 3126/3627/3200
f 3097/1148/1048 3098/1824/1638 3113/1827/1641 3112/3604/3182
f 3084/1828/1642 3085/3606/3184 3100/3628/3201 3099/1825/1639
f 3086/3608/3186 3087/3607/3185 3102/3629/3202 3101/3630/3203
f 3087/3607/3185 3088/3609/3187 3103/3631/3204 3102/3629/3202
f 3088/3609/3187 3089/3610/3188 3104/3632/3205 3103/3631/3204
f 3089/3610/3188 3090/3611/3189 3105/3633/3206 3104/3632/3205
f 3090/3611/3189 3091/3612/3190 3106/3634/3207 3105/3633/3206
f 3091/3612/3190 3092/3613/3191 3107/3635/3208 3106/3634/3207
f 3092/3613/3191 3093/3615/3192 3108/3636/3209 3107/3635/3208
f 3093/3618/3192 3094/3617/3193 3109/3637/3210 3108/3638/3209
f 3094/3617/3193 3095/3619/3194 3110/3639/3211 3109/3637/3210
f 414/3640/3212 413/3620/3195 3291/3623/3196 3306/3641/3213
f 436/3624/3197 435/3642/3214 3575/3643/3215 3560/3625/3198
f 3126/3627/3200 3127/3626/3199 3142/3644/3216 3141/3645/3217
f 3112/3604/3182 3113/1827/1641 3128/3646/3218 3127/3626/3199
f 3099/1825/1639 3100/3628/3201 3115/3647/3219 3114/1826/1640
f 3101/3630/3203 3102/3629/3202 3117/3648/3220 3116/3649/3221
f 3102/3629/3202 3103/3631/3204 3118/3650/3222 3117/3648/3220
f 3103/3631/3204 3104/3632/3205 3119/3651/3223 3118/3650/3222
f 3104/3632/3205 3105/3633/3206 3120/3652/3224 3119/3651/3223
f 3105/3633/3206 3106/3634/3207 3121/3653/3225 3120/3652/3224
f 3106/3634/3207 3107/3635/3208 3122/3654/3226 3121/3653/3225
f 3107/3635/3208 3108/3636/3209 3123/3655/3227 3122/3654/3226
f 3108/3636/3209 3109/3656/3210 3124/3657/3228 3123/3655/3227
f 3109/3637/3210 3110/3639/3211 3125/3658/3229 3124/3659/3228
f 415/3660/3230 414/3640/3212 3306/3641/3213 3321/3661/3231
f 435/3642/3214 434/3662/3232 3590/3663/3233 3575/3643/3215
f 3141/3645/3217 3142/3644/3216 3157/3664/3234 3156/3665/3235
f 3127/3626/3199 3128/3646/3218 3143/3666/3236 3142/3644/3216
f 3114/1826/1640 3115/3647/3219 3130/3667/3237 3129/3668/3238
f 3116/3649/3221 3117/3648/3220 3132/3669/3239 3131/3670/3240
f 3117/3648/3220 3118/3650/3222 3133/3671/3241 3132/3669/3239
f 3118/3650/3222 3119/3651/3223 3134/3672/3242 3133/3671/3241
f 3119/3651/3223 3120/3652/3224 3135/3673/3243 3134/3672/3242
f 3120/3652/3224 3121/3653/3225 3136/3674/3244 3135/3673/3243
f 3121/3653/3225 3122/3654/3226 3137/3675/3245 3136/3674/3244
f 3122/3654/3226 3123/3655/3227 3138/3676/3246 3137/3675/3245
f 3123/3655/3227 3124/3657/3228 3139/3677/3247 3138/3676/3246
f 3124/3657/3228 3125/3678/3229 3140/3679/3248 3139/3677/3247
f 416/3680/3249 415/3660/3230 3321/3661/3231 3336/3681/3250
f 434/3662/3232 433/3682/3251 3605/3683/3252 3590/3663/3233
f 3156/3665/3235 3157/3664/3234 3172/3684/3253 3171/3685/3254
f 3142/3644/3216 3143/3666/3236 3158/3686/3255 3157/3664/3234
f 3129/3668/3238 3130/3667/3237 3145/3687/3256 3144/3688/3257
f 3131/3670/3240 3132/3669/3239 3147/3689/3258 3146/3690/3259
f 3132/3669/3239 3133/3671/3241 3148/3691/3260 3147/3689/3258
f 3133/3671/3241 3134/3672/3242 3149/3692/3261 3148/3691/3260
f 3134/3672/3242 3135/3673/3243 3150/3693/3262 3149/3692/3261
f 3135/3673/3243 3136/3674/3244 3151/3694/3263 3150/3693/3262
f 3136/3674/3244 3137/3675/3245 3152/3695/3264 3151/3694/3263
f 3137/3675/3245 3138/3676/3246 3153/3696/3265 3152/3695/3264
f 3138/3676/3246 3139/3677/3247 3154/3697/3266 3153/3696/3265
f 3139/3677/3247 3140/3679/3248 3155/3698/3267 3154/3697/3266
f 417/3699/3268 416/3680/3249 3336/3681/3250 3351/3700/3269
f 433/3682/3251 432/3701/3270 3620/3702/3271 3605/3683/3252
f 3171/3703/3254 3172/3704/3253 3187/3705/3272 3186/3706/3273
f 3157/3664/3234 3158/3686/3255 3173/3707/3274 3172/3684/3253
f 3144/3688/3257 3145/3687/3256 3160/3708/3275 3159/3709/3276
f 3146/3690/3259 3147/3689/3258 3162/3710/3277 3161/3711/3278
f 3147/3689/3258 3148/3691/3260 3163/3712/3279 3162/3710/3277
f 3148/3691/3260 3149/3692/3261 3164/3713/3280 3163/3712/3279
f 3149/3692/3261 3150/3693/3262 3165/3714/3281 3164/3713/3280
f 3150/3715/3262 3151/3716/3263 3166/3717/3282 3165/3718/3281
f 3151/3694/3263 3152/3695/3264 3167/3719/3283 3166/3720/3282
f 3152/3695/3264 3153/3696/3265 3168/3721/3284 3167/3719/3283
f 3153/3696/3265 3154/3697/3266 3169/3722/3285 3168/3721/3284
f 3154/3697/3266 3155/3698/3267 3170/3723/3286 3169/3722/3285
f 418/3724/3287 417/3699/3268 3351/3700/3269 3366/3725/3288
f 432/3726/3270 431/3727/3289 3635/3728/3290 3620/3729/3271
f 3186/3706/3273 3187/3705/3272 3202/3730/3291 3201/3731/3292
f 3172/3684/3253 3173/3707/3274 3188/3732/3293 3187/3733/3272
f 3159/3709/3276 3160/3708/3275 3175/3734/3294 3174/3735/3295
f 3161/3711/3278 3162/3710/3277 3177/3736/3296 3176/3737/3297
f 3162/3710/3277 3163/3712/3279 3178/3738/3298 3177/3736/3296
f 3163/3712/3279 3164/3713/3280 3179/3739/3299 3178/3738/3298
f 3164/3740/3280 3165/3718/3281 3180/3741/3300 3179/3742/3299
f 3165/3718/3281 3166/3717/3282 3181/3743/3301 3180/3741/3300
f 3166/3717/3282 3167/3744/3283 3182/3745/3302 3181/3743/3301
f 3167/3744/3283 3168/3746/3284 3183/3747/3303 3182/3745/3302
f 3168/3746/3284 3169/3748/3285 3184/3749/3304 3183/3747/3303
f 3169/3722/3285 3170/3723/3286 3185/3750/3305 3184/3751/3304
f 419/3752/3306 418/3724/3287 3366/3725/3288 3381/3753/3307
f 431/3727/3289 430/3754/3308 3650/3755/3309 3635/3728/3290
f 3201/3731/3292 3202/3730/3291 3217/3756/3310 3216/3757/3311
f 3187/3705/3272 3188/3758/3293 3203/3759/3312 3202/3730/3291
f 3174/3735/3295 3175/3734/3294 3190/3760/3313 3189/3761/3314
f 3176/3762/3297 3177/3763/3296 3192/3764/3315 3191/3765/3316
f 3177/3763/3296 3178/3766/3298 3193/3767/3317 3192/3764/3315
f 3178/3766/3298 3179/3742/3299 3194/3768/3318 3193/3767/3317
f 3179/3742/3299 3180/3741/3300 3195/3769/3319 3194/3768/3318
f 3180/3741/3300 3181/3743/3301 3196/3770/3320 3195/3769/3319
f 3181/3743/3301 3182/3745/3302 3197/3771/3321 3196/3770/3320
f 3182/3745/3302 3183/3747/3303 3198/3772/3322 3197/3771/3321
f 3183/3747/3303 3184/3749/3304 3199/3773/3323 3198/3772/3322
f 3184/3749/3304 3185/3774/3305 3200/3775/3324 3199/3773/3323
f 420/3776/3325 419/3752/3306 3381/3753/3307 3396/3777/3326
f 430/3754/3308 429/3778/3327 3665/3779/3328 3650/3755/3309
f 3216/3757/3311 3217/3756/3310 3232/3780/3329 3231/3781/3330
f 3202/3730/3291 3203/3759/3312 3218/3782/3331 3217/3756/3310
f 3189/3761/3314 3190/3760/3313 3205/3783/3332 3204/3784/3333
f 3191/3765/3316 3192/3764/3315 3207/3785/3334 3206/3786/3335
f 3192/3764/3315 3193/3767/3317 3208/3787/3336 3207/3785/3334
f 3193/3767/3317 3194/3768/3318 3209/3788/3337 3208/3787/3336
f 3194/3768/3318 3195/3769/3319 3210/3789/3338 3209/3788/3337
f 3195/3769/3319 3196/3770/3320 3211/3790/3339 3210/3789/3338
f 3196/3770/3320 3197/3771/3321 3212/3791/3340 3211/3790/3339
f 3197/3771/3321 3198/3772/3322 3213/3792/3341 3212/3791/3340
f 3198/3772/3322 3199/3773/3323 3214/3793/3342 3213/3792/3341
f 3199/3773/3323 3200/3775/3324 3215/3794/3343 3214/3793/3342
f 421/3795/3344 420/3796/3325 3396/3797/3326 3411/3798/3345
f 429/3778/3327 428/3799/3346 3680/3800/3347 3665/3779/3328
f 3231/3781/3330 3232/3780/3329 3247/3801/3348 3246/3802/3349
f 3217/3756/3310 3218/3782/3331 3233/3803/3350 3232/3780/3329
f 3204/3784/3333 3205/3783/3332 3220/3804/3351 3219/3805/3352
f 3206/3786/3335 3207/3785/3334 3222/3806/3353 3221/3807/3354
f 3207/3785/3334 3208/3787/3336 3223/3808/3355 3222/3806/3353
f 3208/3787/3336 3209/3788/3337 3224/3809/3356 3223/3808/3355
f 3209/3788/3337 3210/3789/3338 3225/3810/3357 3224/3809/3356
f 3210/3789/3338 3211/3790/3339 3226/3811/3358 3225/3810/3357
f 3211/3790/3339 3212/3791/3340 3227/3812/3359 3226/3811/3358
f 3212/3791/3340 3213/3792/3341 3228/3813/3360 3227/3812/3359
f 3213/3792/3341 3214/3793/3342 3229/3814/3361 3228/3813/3360
f 3214/3793/3342 3215/3794/3343 3230/3815/3362 3229/3814/3361
f 422/3816/3363 421/3795/3344 3411/3798/3345 3426/3817/3364
f 428/3799/3346 427/3818/3365 3695/3819/3366 3680/3800/3347
f 364/3820/3367 363/3821/3368 4163/3822/3369 4162/3823/3370
f 3232/3824/3329 3233/3825/3350 3248/3826/3371 3247/3827/3348
f 3219/3805/3352 3220/3804/3351 3235/3828/3372 3234/3829/3373
f 3221/3807/3354 3222/3806/3353 3237/3830/3374 3236/3831/3375
f 3222/3806/3353 3223/3808/3355 3238/3832/3376 3237/3830/3374
f 3223/3808/3355 3224/3809/3356 3239/3833/3377 3238/3832/3376
f 3224/3809/3356 3225/3810/3357 3240/3834/3378 3239/3833/3377
f 3225/3810/3357 3226/3811/3358 3241/3835/3379 3240/3834/3378
f 3226/3811/3358 3227/3812/3359 3242/3836/3380 3241/3835/3379
f 3227/3812/3359 3228/3813/3360 3243/3837/3381 3242/3836/3380
f 3228/3813/3360 3229/3814/3361 3244/3838/3382 3243/3837/3381
f 3229/3814/3361 3230/3815/3362 3245/3839/3383 3244/3838/3382
f 423/3840/3384 422/3816/3363 3426/3817/3364 3441/3841/3385
f 427/3818/3365 426/3842/3386 3710/3843/3387 3695/3819/3366
f 363/3821/3368 362/3844/3388 4164/3845/3389 4163/3822/3369
f 3234/3829/3373 3235/3828/3372 3250/3846/3390 3249/3847/3391
f 3236/3831/3375 3237/3830/3374 3252/3848/3392 3251/3849/3393
f 3237/3830/3374 3238/3832/3376 3253/3850/3394 3252/3848/3392
f 3238/3832/3376 3239/3833/3377 3254/3851/3395 3253/3850/3394
f 3239/3833/3377 3240/3834/3378 3255/3852/3396 3254/3851/3395
f 3240/3834/3378 3241/3835/3379 3256/3853/3397 3255/3852/3396
f 3241/3835/3379 3242/3836/3380 3257/3854/3398 3256/3853/3397
f 3242/3836/3380 3243/3837/3381 3258/3855/3399 3257/3854/3398
f 3243/3837/3381 3244/3838/3382 3259/3856/3400 3258/3855/3399
f 3244/3838/3382 3245/3839/3383 3260/3857/3401 3259/3856/3400
f 424/3858/3402 423/3840/3384 3441/3841/3385 3456/3859/3403
f 3261/1036/957 3262/1135/1038 3277/3860/3404 3276/3601/3179
f 361/3861/3405 360/3862/3406 4166/3863/3407 4165/3864/3408
f 359/3865/3409 358/3866/3410 4168/3867/3411 4167/3868/3412
f 358/3866/3410 357/3869/3413 4169/3870/3414 4168/3867/3411
f 357/3869/3413 356/3871/3415 4170/3872/3416 4169/3870/3414
f 356/3871/3415 355/3873/3417 4171/3874/3418 4170/3872/3416
f 355/3873/3417 354/3875/3419 4172/3876/3420 4171/3874/3418
f 354/3875/3419 353/3877/3421 4173/3878/3422 4172/3876/3420
f 353/3877/3421 352/3879/3423 4174/3880/3424 4173/3878/3422
f 352/3879/3423 351/3881/3425 4175/3882/3426 4174/3880/3424
f 351/3881/3425 16/3172/2786 530/3515/3102 4175/3882/3426
f 425/3169/2783 424/3858/3402 3456/3859/3403 3471/3170/2784
f 15/3883/3427 365/3884/3428 4161/3885/3429 531/3886/3430
f 3263/1134/1037 3264/1179/1077 3279/1423/1304 3278/3887/3431
f 3262/1135/1038 3263/1134/1037 3278/3887/3431 3277/3860/3404
f 290/1090/1005 289/1117/1021 2390/1120/1024 2375/1155/1053
f 3039/814/743 3040/813/762 3055/3888/1040 3054/3889/1039
f 3040/813/762 3041/835/781 3056/3576/3158 3055/3888/1040
f 1045/743/697 1046/773/723 1061/800/750 1060/797/747
f 3041/835/781 3042/854/800 3057/3577/3159 3056/3576/3158
f 1060/797/747 1061/800/750 1076/821/769 1075/818/766
f 3042/854/800 3043/875/819 3058/3580/3162 3057/3577/3159
f 1075/818/766 1076/821/769 1091/842/788 1090/839/785
f 3043/875/819 3044/894/838 3059/3582/3164 3058/3580/3162
f 1090/839/785 1091/842/788 1106/861/807 1105/858/804
f 3044/894/838 3045/919/857 3060/3584/3166 3059/3582/3164
f 1105/858/804 1106/861/807 1121/882/826 1120/879/823
f 3045/919/857 3046/941/876 3061/3586/3168 3060/3584/3166
f 1120/879/823 1121/882/826 1136/901/845 1135/898/842
f 3046/966/876 3047/965/895 3062/3590/3170 3061/3890/3168
f 1135/898/842 1136/901/845 1151/926/864 1150/923/861
f 3047/965/895 3048/988/914 3063/3591/3172 3062/3590/3170
f 1150/923/861 1151/926/864 1166/950/883 1165/947/880
f 3048/988/914 3049/1009/933 3064/3594/3174 3063/3591/3172
f 1165/947/880 1166/950/883 1181/974/902 1180/971/899
f 3049/1009/933 3050/1033/954 3065/3891/3176 3064/3594/3174
f 1180/971/899 1181/974/902 1196/995/921 1195/992/918
f 3066/3575/3157 3067/1143/1043 3082/1146/1046 3081/1147/1047
f 1195/992/918 1196/995/921 1211/1018/942 1210/1015/939
f 1210/1041/939 1211/3892/942 1226/1138/964 1225/1042/961
f 165/1063/980 164/1066/983 1242/1069/986 1241/1064/981
f 3052/3514/3101 3053/1411/1293 3068/1144/1044 3067/1143/1043
f 3295/1425/1306 3296/3893/3432 3311/3894/3433 3310/3895/3434
f 411/1037/958 412/3600/3178 3065/3891/3176 3050/1033/954
f 3310/3895/3434 3311/3894/3433 3326/3896/3435 3325/3897/3436
f 412/3621/3178 413/3620/3195 3080/3598/3177 3065/3597/3176
f 3325/3897/3436 3326/3896/3435 3341/3898/3437 3340/3899/3438
f 413/3620/3195 414/3640/3212 3095/3619/3194 3080/3598/3177
f 3340/3899/3438 3341/3898/3437 3356/3900/3439 3355/3901/3440
f 414/3640/3212 415/3660/3230 3110/3639/3211 3095/3619/3194
f 3355/3901/3440 3356/3900/3439 3371/3902/3441 3370/3903/3442
f 415/3660/3230 416/3680/3249 3125/3658/3229 3110/3639/3211
f 3370/3903/3442 3371/3902/3441 3386/3904/3443 3385/3905/3444
f 416/3680/3249 417/3699/3268 3140/3906/3248 3125/3658/3229
f 3385/3905/3444 3386/3904/3443 3401/3907/3445 3400/3908/3446
f 417/3909/3268 418/3910/3287 3155/3698/3267 3140/3679/3248
f 3400/3908/3446 3401/3907/3445 3416/3911/3447 3415/3912/3448
f 418/3910/3287 419/3913/3306 3170/3723/3286 3155/3698/3267
f 3415/3912/3448 3416/3911/3447 3431/3914/3449 3430/3915/3450
f 419/3752/3306 420/3776/3325 3185/3916/3305 3170/3917/3286
f 3430/3918/3450 3431/3919/3449 3446/3920/3451 3445/3921/3452
f 420/3796/3325 421/3795/3344 3200/3775/3324 3185/3774/3305
f 3445/3921/3452 3446/3920/3451 3461/3922/3453 3460/3923/3454
f 421/3795/3344 422/3816/3363 3215/3794/3343 3200/3775/3324
f 3460/3923/3454 3461/3922/3453 3476/3195/2797 3475/3924/2795
f 422/3816/3363 423/3840/3384 3230/3815/3362 3215/3794/3343
f 423/3840/3384 424/3858/3402 3245/3839/3383 3230/3815/3362
f 424/3858/3402 425/3169/2783 3260/3857/3401 3245/3839/3383
f 16/3172/2786 351/3881/3425 3260/3857/3401 425/3169/2783
f 4179/3925/3455 4180/3926/3456 4195/3927/3457 4194/3928/3458
f 351/3881/3425 352/3879/3423 3259/3856/3400 3260/3857/3401
f 4192/3929/3459 4193/3930/3460 4208/3931/3461 4207/3932/3462
f 352/3879/3423 353/3877/3421 3258/3855/3399 3259/3856/3400
f 353/3877/3421 354/3875/3419 3257/3854/3398 3258/3855/3399
f 354/3875/3419 355/3873/3417 3256/3853/3397 3257/3854/3398
f 355/3873/3417 356/3871/3415 3255/3852/3396 3256/3853/3397
f 356/3871/3415 357/3869/3413 3254/3851/3395 3255/3852/3396
f 357/3869/3413 358/3866/3410 3253/3850/3394 3254/3851/3395
f 358/3866/3410 359/3865/3409 3252/3848/3392 3253/3850/3394
f 359/3865/3409 360/3862/3406 3251/3849/3393 3252/3848/3392
f 360/3862/3406 361/3861/3405 3250/3846/3390 3251/3849/3393
f 361/3861/3405 362/3844/3388 3249/3847/3391 3250/3846/3390
f 362/3844/3388 363/3821/3368 3248/3826/3371 3249/3847/3391
f 363/3821/3368 364/3820/3367 3247/3827/3348 3248/3826/3371
f 364/3820/3367 365/3884/3428 3246/3933/3349 3247/3827/3348
f 3246/3802/3349 365/3934/3428 15/3935/3427 426/3842/3386
f 426/3842/3386 427/3818/3365 3231/3781/3330 3246/3802/3349
f 427/3818/3365 428/3799/3346 3216/3757/3311 3231/3781/3330
f 428/3799/3346 429/3778/3327 3201/3731/3292 3216/3757/3311
f 429/3778/3327 430/3754/3308 3186/3706/3273 3201/3731/3292
f 430/3754/3308 431/3727/3289 3171/3703/3254 3186/3706/3273
f 431/3936/3289 432/3701/3270 3156/3665/3235 3171/3685/3254
f 432/3701/3270 433/3682/3251 3141/3645/3217 3156/3665/3235
f 433/3682/3251 434/3662/3232 3126/3627/3200 3141/3645/3217
f 434/3662/3232 435/3642/3214 3111/3605/3183 3126/3627/3200
f 435/3642/3214 436/3624/3197 3096/1149/1049 3111/3605/3183
f 436/3624/3197 437/3602/3180 3081/1147/1047 3096/1149/1049
f 437/3602/3180 438/1150/1050 3066/3575/3157 3081/1147/1047
f 438/1150/1050 439/1093/1008 3051/3564/3146 3066/3575/3157
f 439/1093/1008 440/677/638 3036/676/637 3051/3564/3146
f 3730/3937/3463 3731/3938/3464 3746/3939/3465 3745/3940/3466
f 3281/3941/3467 3282/3942/3468 3297/3943/3469 3296/3893/3432
f 3282/3942/3468 3283/3944/3470 3298/3945/3471 3297/3943/3469
f 3283/3944/3470 3284/3946/3472 3299/3947/3473 3298/3945/3471
f 3284/3946/3472 3285/3948/3474 3300/3949/3475 3299/3947/3473
f 3285/3948/3474 3286/3950/3476 3301/3951/3477 3300/3949/3475
f 3286/3950/3476 3287/3952/3478 3302/3953/3479 3301/3951/3477
f 3287/3952/3478 3288/3954/3480 3303/3955/3481 3302/3953/3479
f 3288/3954/3480 3289/3956/3482 3304/3957/3483 3303/3955/3481
f 3289/3956/3482 3290/428/393 3305/427/392 3304/3957/3483
f 3291/3623/3196 3292/1427/1308 3307/1430/1311 3306/3641/3213
f 3307/1430/1311 3308/1429/1310 3323/3958/3484 3322/3959/3485
f 3294/1426/1307 3295/1425/1306 3310/3895/3434 3309/3960/3486
f 3296/3893/3432 3297/3943/3469 3312/3961/3487 3311/3894/3433
f 3297/3943/3469 3298/3945/3471 3313/3962/3488 3312/3961/3487
f 3298/3945/3471 3299/3947/3473 3314/3963/3489 3313/3962/3488
f 3299/3947/3473 3300/3949/3475 3315/3964/3490 3314/3963/3489
f 3300/3949/3475 3301/3951/3477 3316/3965/3491 3315/3964/3490
f 3301/3951/3477 3302/3953/3479 3317/3966/3492 3316/3965/3491
f 3302/3953/3479 3303/3955/3481 3318/3967/3493 3317/3966/3492
f 3303/3955/3481 3304/3957/3483 3319/3968/3494 3318/3967/3493
f 3304/3957/3483 3305/427/392 3320/1459/1336 3319/3968/3494
f 3306/3641/3213 3307/1430/1311 3322/3959/3485 3321/3661/3231
f 3322/3959/3485 3323/3958/3484 3338/3969/3495 3337/3970/3496
f 3309/3971/3486 3310/3972/3434 3325/3973/3436 3324/3974/3497
f 3311/3894/3433 3312/3961/3487 3327/3975/3498 3326/3896/3435
f 3312/3961/3487 3313/3962/3488 3328/3976/3499 3327/3975/3498
f 3313/3962/3488 3314/3963/3489 3329/3977/3500 3328/3976/3499
f 3314/3963/3489 3315/3964/3490 3330/3978/3501 3329/3977/3500
f 3315/3964/3490 3316/3965/3491 3331/3979/3502 3330/3978/3501
f 3316/3965/3491 3317/3966/3492 3332/3980/3503 3331/3979/3502
f 3317/3966/3492 3318/3967/3493 3333/3981/3504 3332/3980/3503
f 3318/3967/3493 3319/3968/3494 3334/3982/3505 3333/3981/3504
f 3319/3968/3494 3320/1459/1336 3335/1482/1355 3334/3982/3505
f 3321/3661/3231 3322/3959/3485 3337/3970/3496 3336/3681/3250
f 3337/3970/3496 3338/3969/3495 3353/3983/3506 3352/3984/3507
f 3324/3974/3497 3325/3973/3436 3340/3985/3438 3339/3986/3508
f 3326/3896/3435 3327/3975/3498 3342/3987/3509 3341/3898/3437
f 3327/3975/3498 3328/3976/3499 3343/3988/3510 3342/3987/3509
f 3328/3976/3499 3329/3977/3500 3344/3989/3511 3343/3988/3510
f 3329/3977/3500 3330/3978/3501 3345/3990/3512 3344/3989/3511
f 3330/3978/3501 3331/3979/3502 3346/3991/3513 3345/3990/3512
f 3331/3979/3502 3332/3980/3503 3347/3992/3514 3346/3991/3513
f 3332/3980/3503 3333/3981/3504 3348/3993/3515 3347/3992/3514
f 3333/3981/3504 3334/3982/3505 3349/3994/3516 3348/3993/3515
f 3334/3982/3505 3335/1482/1355 3350/1503/1374 3349/3994/3516
f 3336/3681/3250 3337/3970/3496 3352/3984/3507 3351/3700/3269
f 3352/3984/3507 3353/3983/3506 3368/3995/3517 3367/3996/3518
f 3339/3997/3508 3340/3899/3438 3355/3901/3440 3354/3998/3519
f 3341/3898/3437 3342/3987/3509 3357/3999/3520 3356/3900/3439
f 3342/3987/3509 3343/3988/3510 3358/4000/3521 3357/3999/3520
f 3343/3988/3510 3344/3989/3511 3359/4001/3522 3358/4000/3521
f 3344/3989/3511 3345/3990/3512 3360/4002/3523 3359/4001/3522
f 3345/3990/3512 3346/3991/3513 3361/4003/3524 3360/4002/3523
f 3346/3991/3513 3347/3992/3514 3362/4004/3525 3361/4003/3524
f 3347/3992/3514 3348/3993/3515 3363/4005/3526 3362/4004/3525
f 3348/3993/3515 3349/3994/3516 3364/4006/3527 3363/4005/3526
f 3349/3994/3516 3350/1503/1374 3365/1527/1393 3364/4006/3527
f 3351/3700/3269 3352/3984/3507 3367/3996/3518 3366/3725/3288
f 3367/3996/3518 3368/3995/3517 3383/4007/3528 3382/4008/3529
f 3354/3998/3519 3355/3901/3440 3370/3903/3442 3369/4009/3530
f 3356/3900/3439 3357/3999/3520 3372/4010/3531 3371/3902/3441
f 3357/3999/3520 3358/4000/3521 3373/4011/3532 3372/4010/3531
f 3358/4000/3521 3359/4001/3522 3374/4012/3533 3373/4011/3532
f 3359/4001/3522 3360/4002/3523 3375/4013/3534 3374/4012/3533
f 3360/4002/3523 3361/4003/3524 3376/4014/3535 3375/4013/3534
f 3361/4003/3524 3362/4004/3525 3377/4015/3536 3376/4014/3535
f 3362/4004/3525 3363/4005/3526 3378/4016/3537 3377/4015/3536
f 3363/4005/3526 3364/4006/3527 3379/4017/3538 3378/4016/3537
f 3364/4006/3527 3365/1527/1393 3380/1549/1412 3379/4017/3538
f 3366/3725/3288 3367/3996/3518 3382/4008/3529 3381/3753/3307
f 3382/4008/3529 3383/4007/3528 3398/4018/3539 3397/4019/3540
f 3369/4009/3530 3370/3903/3442 3385/3905/3444 3384/4020/3541
f 3371/3902/3441 3372/4010/3531 3387/4021/3542 3386/3904/3443
f 3372/4010/3531 3373/4011/3532 3388/4022/3543 3387/4021/3542
f 3373/4011/3532 3374/4012/3533 3389/4023/3544 3388/4022/3543
f 3374/4012/3533 3375/4013/3534 3390/4024/3545 3389/4023/3544
f 3375/4013/3534 3376/4014/3535 3391/4025/3546 3390/4024/3545
f 3376/4014/3535 3377/4015/3536 3392/4026/3547 3391/4025/3546
f 3377/4015/3536 3378/4016/3537 3393/4027/3548 3392/4026/3547
f 3378/4016/3537 3379/4017/3538 3394/4028/3549 3393/4027/3548
f 3379/4017/3538 3380/1549/1412 3395/1573/1431 3394/4028/3549
f 3381/3753/3307 3382/4008/3529 3397/4019/3540 3396/3777/3326
f 3397/4029/3540 3398/4030/3539 3413/4031/3550 3412/4032/3551
f 3384/4020/3541 3385/3905/3444 3400/3908/3446 3399/4033/3552
f 3386/3904/3443 3387/4021/3542 3402/4034/3553 3401/3907/3445
f 3387/4021/3542 3388/4022/3543 3403/4035/3554 3402/4034/3553
f 3388/4022/3543 3389/4023/3544 3404/4036/3555 3403/4035/3554
f 3389/4023/3544 3390/4024/3545 3405/4037/3556 3404/4036/3555
f 3390/4024/3545 3391/4025/3546 3406/4038/3557 3405/4037/3556
f 3391/4025/3546 3392/4026/3547 3407/4039/3558 3406/4038/3557
f 3392/4026/3547 3393/4027/3548 3408/4040/3559 3407/4039/3558
f 3393/4027/3548 3394/4028/3549 3409/4041/3560 3408/4040/3559
f 3394/4028/3549 3395/1573/1431 3410/1594/1450 3409/4041/3560
f 3396/3797/3326 3397/4029/3540 3412/4032/3551 3411/3798/3345
f 3412/4032/3551 3413/4031/3550 3428/4042/3561 3427/4043/3562
f 3399/4033/3552 3400/3908/3446 3415/3912/3448 3414/4044/3563
f 3401/3907/3445 3402/4034/3553 3417/4045/3564 3416/3911/3447
f 3402/4034/3553 3403/4035/3554 3418/4046/3565 3417/4045/3564
f 3403/4035/3554 3404/4036/3555 3419/4047/3566 3418/4046/3565
f 3404/4036/3555 3405/4037/3556 3420/4048/3567 3419/4047/3566
f 3405/4037/3556 3406/4038/3557 3421/4049/3568 3420/4048/3567
f 3406/4038/3557 3407/4039/3558 3422/4050/3569 3421/4049/3568
f 3407/4039/3558 3408/4040/3559 3423/4051/3570 3422/4050/3569
f 3408/4040/3559 3409/4041/3560 3424/4052/3571 3423/4051/3570
f 3409/4041/3560 3410/1594/1450 3425/1615/1469 3424/4052/3571
f 3411/3798/3345 3412/4032/3551 3427/4043/3562 3426/3817/3364
f 3427/4043/3562 3428/4042/3561 3443/4053/3572 3442/4054/3573
f 3414/4044/3563 3415/3912/3448 3430/3915/3450 3429/4055/3574
f 3416/3911/3447 3417/4045/3564 3432/4056/3575 3431/3914/3449
f 3417/4045/3564 3418/4046/3565 3433/4057/3576 3432/4056/3575
f 3418/4046/3565 3419/4047/3566 3434/4058/3577 3433/4057/3576
f 3419/4047/3566 3420/4048/3567 3435/4059/3578 3434/4058/3577
f 3420/4048/3567 3421/4049/3568 3436/4060/3579 3435/4059/3578
f 3421/4049/3568 3422/4050/3569 3437/4061/3580 3436/4060/3579
f 3422/4050/3569 3423/4051/3570 3438/4062/3581 3437/4061/3580
f 3423/4051/3570 3424/4052/3571 3439/4063/3582 3438/4062/3581
f 3424/4052/3571 3425/1615/1469 3440/1636/1488 3439/4063/3582
f 3426/3817/3364 3427/4043/3562 3442/4054/3573 3441/3841/3385
f 3442/4054/3573 3443/4053/3572 3458/4064/3583 3457/4065/3584
f 3429/4066/3574 3430/3918/3450 3445/3921/3452 3444/4067/3585
f 3431/3919/3449 3432/4068/3575 3447/4069/3586 3446/3920/3451
f 3432/4068/3575 3433/4070/3576 3448/4071/3587 3447/4069/3586
f 3433/4070/3576 3434/4072/3577 3449/4073/3588 3448/4071/3587
f 3434/4072/3577 3435/4074/3578 3450/4075/3589 3449/4073/3588
f 3435/4074/3578 3436/4076/3579 3451/4077/3590 3450/4075/3589
f 3436/4076/3579 3437/4078/3580 3452/4079/3591 3451/4077/3590
f 3437/4078/3580 3438/4080/3581 3453/4081/3592 3452/4079/3591
f 3438/4080/3581 3439/4082/3582 3454/4083/3593 3453/4081/3592
f 3439/4082/3582 3440/4084/1488 3455/1681/1507 3454/4083/3593
f 3441/3841/3385 3442/4054/3573 3457/4065/3584 3456/3859/3403
f 3457/4065/3584 3458/4064/3583 3473/2774/2482 3472/3173/2787
f 3444/4085/3585 3445/4086/3452 3460/4087/3454 3459/4088/3594
f 3446/3920/3451 3447/4069/3586 3462/4089/3595 3461/3922/3453
f 3447/4069/3586 3448/4071/3587 3463/4090/3596 3462/4089/3595
f 3448/4071/3587 3449/4073/3588 3464/4091/3597 3463/4090/3596
f 3449/4073/3588 3450/4075/3589 3465/4092/3598 3464/4091/3597
f 3450/4075/3589 3451/4077/3590 3466/4093/3599 3465/4092/3598
f 3451/4077/3590 3452/4079/3591 3467/4094/3600 3466/4093/3599
f 3452/4079/3591 3453/4081/3592 3468/4095/3601 3467/4094/3600
f 3453/4081/3592 3454/4083/3593 3469/4096/3602 3468/4095/3601
f 3454/4083/3593 3455/1681/1507 3470/1680/1526 3469/4096/3602
f 3456/3859/3403 3457/4065/3584 3472/3173/2787 3471/3170/2784
f 3459/4088/3594 3460/4087/3454 3475/3191/2795 3474/2775/2483
f 3461/3922/3453 3462/4089/3595 3477/3196/2799 3476/3195/2797
f 3462/4089/3595 3463/4090/3596 3478/3199/2801 3477/3196/2799
f 3463/4090/3596 3464/4091/3597 3479/3201/2803 3478/3199/2801
f 3464/4091/3597 3465/4092/3598 3480/3203/2805 3479/3201/2803
f 3465/4092/3598 3466/4093/3599 3481/3205/2807 3480/3203/2805
f 3466/4093/3599 3467/4094/3600 3482/3207/2809 3481/3205/2807
f 3467/4094/3600 3468/4095/3601 3483/3209/2811 3482/3207/2809
f 3468/4095/3601 3469/4096/3602 3484/3211/2813 3483/3209/2811
f 3469/4096/3602 3470/1680/1526 3485/1703/1547 3484/3211/2813
f 3486/302/279 3487/412/378 3502/4097/3603 3501/1457/1334
f 3488/411/377 3489/462/423 3504/759/710 3503/4098/3604
f 3487/412/378 3488/411/377 3503/4098/3604 3502/4097/3603
f 2153/2482/2240 2154/382/350 2169/385/353 2168/387/355
f 3264/1179/1077 3265/1198/1096 3280/1424/1305 3279/1423/1304
f 3265/1198/1096 3266/1217/1115 3281/3941/3467 3280/1424/1305
f 1270/1123/1026 1271/1159/1057 1286/1186/1084 1285/1183/1081
f 3266/1217/1115 3267/1236/1134 3282/3942/3468 3281/3941/3467
f 1285/1183/1081 1286/1186/1084 1301/1205/1103 1300/1202/1100
f 3267/1236/1134 3268/1255/1153 3283/3944/3470 3282/3942/3468
f 1300/1202/1100 1301/1205/1103 1316/1224/1122 1315/1221/1119
f 3268/1255/1153 3269/1274/1172 3284/3946/3472 3283/3944/3470
f 1315/1221/1119 1316/1224/1122 1331/1243/1141 1330/1240/1138
f 3269/1274/1172 3270/1293/1191 3285/3948/3474 3284/3946/3472
f 1330/1240/1138 1331/1243/1141 1346/1262/1160 1345/1259/1157
f 3270/1293/1191 3271/1312/1210 3286/3950/3476 3285/3948/3474
f 1345/1259/1157 1346/1262/1160 1361/1281/1179 1360/1278/1176
f 3271/1312/1210 3272/1331/1229 3287/3952/3478 3286/3950/3476
f 1360/1278/1176 1361/1281/1179 1376/1300/1198 1375/1297/1195
f 3272/1331/1229 3273/1350/1248 3288/3954/3480 3287/3952/3478
f 1375/1297/1195 1376/1300/1198 1391/1319/1217 1390/1316/1214
f 3273/1350/1248 3274/1369/1267 3289/3956/3482 3288/3954/3480
f 1390/1316/1214 1391/1319/1217 1406/1338/1236 1405/1335/1233
f 3274/1369/1267 3275/1386/1284 3290/428/393 3289/3956/3482
f 1405/1335/1233 1406/1338/1236 1421/1357/1255 1420/1354/1252
f 1420/1354/1252 1421/1357/1255 1436/1374/1272 1435/1371/1269
f 1435/1388/1269 1436/1390/1272 1451/8/8 1450/7/7
f 3276/3622/3179 3277/4099/3404 3292/1427/1308 3291/3623/3196
f 3277/4099/3404 3278/4100/3431 3293/1428/1309 3292/1427/1308
f 3068/1144/1044 3069/1142/1042 3084/1828/1642 3083/1145/1045
f 3278/4100/3431 3279/4101/1304 3294/4102/1307 3293/1428/1309
f 3280/1424/1305 3281/3941/3467 3296/3893/3432 3295/1425/1306
f 3293/1428/1309 3294/4102/1307 3309/3971/3486 3308/1429/1310
f 1495/415/381 1496/1435/1316 1511/1466/1343 1510/1463/1340
f 3308/1429/1310 3309/3971/3486 3324/3974/3497 3323/3958/3484
f 1510/1463/1340 1511/1466/1343 1526/1489/1362 1525/1486/1359
f 3323/3958/3484 3324/3974/3497 3339/3986/3508 3338/3969/3495
f 1525/1486/1359 1526/1489/1362 1541/1512/1381 1540/1509/1378
f 3338/3969/3495 3339/3986/3508 3354/4103/3519 3353/3983/3506
f 1540/1509/1378 1541/1512/1381 1556/4104/1400 1555/1532/1397
f 3353/3983/3506 3354/4103/3519 3369/4105/3530 3368/3995/3517
f 1555/1556/1397 1556/1536/1400 1571/1560/1419 1570/1557/1416
f 3368/3995/3517 3369/4105/3530 3384/4106/3541 3383/4007/3528
f 1570/1557/1416 1571/1560/1419 1586/1581/1438 1585/1578/1435
f 3383/4107/3528 3384/4020/3541 3399/4033/3552 3398/4030/3539
f 1585/1578/1435 1586/1581/1438 1601/1602/1457 1600/1599/1454
f 3398/4030/3539 3399/4033/3552 3414/4044/3563 3413/4031/3550
f 1600/1599/1454 1601/1602/1457 1616/1622/1476 1615/1619/1473
f 3413/4031/3550 3414/4044/3563 3429/4055/3574 3428/4042/3561
f 1615/1619/1473 1616/1622/1476 1631/1643/1495 1630/1640/1492
f 3428/4042/3561 3429/4055/3574 3444/4085/3585 3443/4053/3572
f 1630/1662/1492 1631/4108/1495 1646/4109/1514 1645/1663/1511
f 3443/4053/3572 3444/4085/3585 3459/4088/3594 3458/4064/3583
f 1645/1663/1511 1646/4109/1514 1661/4110/1535 1660/1687/1532
f 3458/4064/3583 3459/4088/3594 3474/2775/2483 3473/2774/2482
f 1660/4111/1532 1661/1690/1535 1676/1711/1553 1675/1814/1550
f 330/1725/1565 329/1728/1568 4392/1731/1571 4391/1726/1566
f 1478/1408/1290 1479/413/379 1494/416/382 1493/419/384
f 1493/419/384 1494/416/382 1509/1464/1341 1508/420/385
f 3506/4112/3605 3507/4113/3606 3522/4114/3607 3521/1775/1600
f 3507/4113/3606 3508/4115/3608 3523/4116/3609 3522/4114/3607
f 3508/4115/3608 3509/4117/3610 3524/4118/3611 3523/4116/3609
f 3509/4117/3610 3510/4119/3612 3525/4120/3613 3524/4118/3611
f 3510/4119/3612 3511/4121/3614 3526/4122/3615 3525/4120/3613
f 3511/4121/3614 3512/4123/3616 3527/4124/3617 3526/4122/3615
f 3512/4123/3616 3513/4125/3618 3528/4126/3619 3527/4124/3617
f 3513/4125/3618 3514/4127/3620 3529/4128/3621 3528/4126/3619
f 3514/4127/3620 3515/1094/1009 3530/1151/1051 3529/4128/3621
f 3516/1480/1353 3517/763/714 3532/766/717 3531/1501/1372
f 3532/766/717 3533/765/716 3548/4129/3622 3547/4130/3623
f 3519/762/713 3520/761/712 3535/1777/1602 3534/4131/3624
f 3521/1775/1600 3522/4114/3607 3537/4132/3625 3536/1776/1601
f 3522/4114/3607 3523/4116/3609 3538/4133/3626 3537/4132/3625
f 3523/4116/3609 3524/4118/3611 3539/4134/3627 3538/4133/3626
f 3524/4118/3611 3525/4120/3613 3540/4135/3628 3539/4134/3627
f 3525/4120/3613 3526/4122/3615 3541/4136/3629 3540/4135/3628
f 3526/4122/3615 3527/4124/3617 3542/4137/3630 3541/4136/3629
f 3527/4124/3617 3528/4126/3619 3543/4138/3631 3542/4137/3630
f 3528/4126/3619 3529/4128/3621 3544/4139/3632 3543/4138/3631
f 3529/4128/3621 3530/1151/1051 3545/3603/3181 3544/4139/3632
f 3531/1501/1372 3532/766/717 3547/4130/3623 3546/1525/1391
f 3547/4130/3623 3548/4129/3622 3563/4140/3633 3562/4141/3634
f 3534/4131/3624 3535/1777/1602 3550/1779/1604 3549/4142/3635
f 3536/1776/1601 3537/4132/3625 3552/4143/3636 3551/1778/1603
f 3537/4132/3625 3538/4133/3626 3553/4144/3637 3552/4143/3636
f 3538/4133/3626 3539/4134/3627 3554/4145/3638 3553/4144/3637
f 3539/4134/3627 3540/4135/3628 3555/4146/3639 3554/4145/3638
f 3540/4135/3628 3541/4136/3629 3556/4147/3640 3555/4146/3639
f 3541/4136/3629 3542/4137/3630 3557/4148/3641 3556/4147/3640
f 3542/4137/3630 3543/4138/3631 3558/4149/3642 3557/4148/3641
f 3543/4138/3631 3544/4139/3632 3559/4150/3643 3558/4149/3642
f 3544/4139/3632 3545/3603/3181 3560/3625/3198 3559/4150/3643
f 3546/1525/1391 3547/4130/3623 3562/4141/3634 3561/1547/1410
f 3562/4141/3634 3563/4140/3633 3578/4151/3644 3577/4152/3645
f 3549/4142/3635 3550/1779/1604 3565/1781/1606 3564/4153/3646
f 3551/1778/1603 3552/4143/3636 3567/4154/3647 3566/1780/1605
f 3552/4143/3636 3553/4144/3637 3568/4155/3648 3567/4154/3647
f 3553/4144/3637 3554/4145/3638 3569/4156/3649 3568/4155/3648
f 3554/4145/3638 3555/4146/3639 3570/4157/3650 3569/4156/3649
f 3555/4146/3639 3556/4147/3640 3571/4158/3651 3570/4157/3650
f 3556/4147/3640 3557/4148/3641 3572/4159/3652 3571/4158/3651
f 3557/4148/3641 3558/4149/3642 3573/4160/3653 3572/4159/3652
f 3558/4149/3642 3559/4150/3643 3574/4161/3654 3573/4160/3653
f 3559/4150/3643 3560/3625/3198 3575/3643/3215 3574/4161/3654
f 3561/1547/1410 3562/4141/3634 3577/4152/3645 3576/1571/1429
f 3577/4152/3645 3578/4151/3644 3593/4162/3655 3592/4163/3656
f 3564/4153/3646 3565/1781/1606 3580/1783/1608 3579/4164/3657
f 3566/1780/1605 3567/4154/3647 3582/4165/3658 3581/1782/1607
f 3567/4154/3647 3568/4155/3648 3583/4166/3659 3582/4165/3658
f 3568/4155/3648 3569/4156/3649 3584/4167/3660 3583/4166/3659
f 3569/4156/3649 3570/4157/3650 3585/4168/3661 3584/4167/3660
f 3570/4157/3650 3571/4158/3651 3586/4169/3662 3585/4168/3661
f 3571/4158/3651 3572/4159/3652 3587/4170/3663 3586/4169/3662
f 3572/4159/3652 3573/4160/3653 3588/4171/3664 3587/4170/3663
f 3573/4160/3653 3574/4161/3654 3589/4172/3665 3588/4171/3664
f 3574/4161/3654 3575/3643/3215 3590/3663/3233 3589/4172/3665
f 3576/1571/1429 3577/4152/3645 3592/4163/3656 3591/1592/1448
f 3592/4163/3656 3593/4162/3655 3608/4173/3666 3607/4174/3667
f 3579/4164/3657 3580/1783/1608 3595/1785/1610 3594/4175/3668
f 3581/1782/1607 3582/4165/3658 3597/4176/3669 3596/1784/1609
f 3582/4165/3658 3583/4166/3659 3598/4177/3670 3597/4176/3669
f 3583/4166/3659 3584/4167/3660 3599/4178/3671 3598/4177/3670
f 3584/4167/3660 3585/4168/3661 3600/4179/3672 3599/4178/3671
f 3585/4168/3661 3586/4169/3662 3601/4180/3673 3600/4179/3672
f 3586/4169/3662 3587/4170/3663 3602/4181/3674 3601/4180/3673
f 3587/4170/3663 3588/4171/3664 3603/4182/3675 3602/4181/3674
f 3588/4171/3664 3589/4172/3665 3604/4183/3676 3603/4182/3675
f 3589/4172/3665 3590/3663/3233 3605/3683/3252 3604/4183/3676
f 3591/1592/1448 3592/4163/3656 3607/4174/3667 3606/1613/1467
f 3607/4174/3667 3608/4173/3666 3623/4184/3677 3622/4185/3678
f 3594/4175/3668 3595/1785/1610 3610/1787/1612 3609/4186/3679
f 3596/1784/1609 3597/4176/3669 3612/4187/3680 3611/1786/1611
f 3597/4176/3669 3598/4177/3670 3613/4188/3681 3612/4187/3680
f 3598/4177/3670 3599/4178/3671 3614/4189/3682 3613/4188/3681
f 3599/4178/3671 3600/4179/3672 3615/4190/3683 3614/4189/3682
f 3600/4179/3672 3601/4180/3673 3616/4191/3684 3615/4190/3683
f 3601/4180/3673 3602/4181/3674 3617/4192/3685 3616/4191/3684
f 3602/4181/3674 3603/4182/3675 3618/4193/3686 3617/4192/3685
f 3603/4182/3675 3604/4183/3676 3619/4194/3687 3618/4193/3686
f 3604/4183/3676 3605/3683/3252 3620/3702/3271 3619/4194/3687
f 3606/1613/1467 3607/4174/3667 3622/4185/3678 3621/1634/1486
f 3622/4185/3678 3623/4184/3677 3638/4195/3688 3637/4196/3689
f 3609/4186/3679 3610/1787/1612 3625/1789/1614 3624/4197/3690
f 3611/1786/1611 3612/4187/3680 3627/4198/3691 3626/1788/1613
f 3612/4187/3680 3613/4188/3681 3628/4199/3692 3627/4198/3691
f 3613/4188/3681 3614/4189/3682 3629/4200/3693 3628/4199/3692
f 3614/4189/3682 3615/4190/3683 3630/4201/3694 3629/4200/3693
f 3615/4190/3683 3616/4191/3684 3631/4202/3695 3630/4201/3694
f 3616/4191/3684 3617/4192/3685 3632/4203/3696 3631/4202/3695
f 3617/4204/3685 3618/4205/3686 3633/4206/3697 3632/4207/3696
f 3618/4205/3686 3619/4208/3687 3634/4209/3698 3633/4206/3697
f 3619/4208/3687 3620/3729/3271 3635/3728/3290 3634/4209/3698
f 3621/1634/1486 3622/4185/3678 3637/4196/3689 3636/1655/1505
f 3637/4196/3689 3638/4195/3688 3653/4210/3699 3652/4211/3700
f 3624/4197/3690 3625/1789/1614 3640/1791/1616 3639/4212/3701
f 3626/1788/1613 3627/4198/3691 3642/4213/3702 3641/1790/1615
f 3627/4198/3691 3628/4199/3692 3643/4214/3703 3642/4213/3702
f 3628/4199/3692 3629/4200/3693 3644/4215/3704 3643/4214/3703
f 3629/4200/3693 3630/4201/3694 3645/4216/3705 3644/4215/3704
f 3630/4217/3694 3631/4218/3695 3646/4219/3706 3645/4220/3705
f 3631/4218/3695 3632/4207/3696 3647/4221/3707 3646/4219/3706
f 3632/4207/3696 3633/4206/3697 3648/4222/3708 3647/4221/3707
f 3633/4206/3697 3634/4209/3698 3649/4223/3709 3648/4222/3708
f 3634/4209/3698 3635/3728/3290 3650/3755/3309 3649/4223/3709
f 3636/1655/1505 3637/4196/3689 3652/4211/3700 3651/1677/1524
f 3652/4211/3700 3653/4210/3699 3668/4224/3710 3667/4225/3711
f 3639/4212/3701 3640/1791/1616 3655/1793/1618 3654/4226/3712
f 3641/1790/1615 3642/4213/3702 3657/4227/3713 3656/1792/1617
f 3642/4213/3702 3643/4214/3703 3658/4228/3714 3657/4227/3713
f 3643/4229/3703 3644/4230/3704 3659/4231/3715 3658/4232/3714
f 3644/4230/3704 3645/4220/3705 3660/4233/3716 3659/4231/3715
f 3645/4220/3705 3646/4219/3706 3661/4234/3717 3660/4233/3716
f 3646/4219/3706 3647/4221/3707 3662/4235/3718 3661/4234/3717
f 3647/4221/3707 3648/4222/3708 3663/4236/3719 3662/4235/3718
f 3648/4222/3708 3649/4223/3709 3664/4237/3720 3663/4236/3719
f 3649/4223/3709 3650/3755/3309 3665/3779/3328 3664/4237/3720
f 3651/1677/1524 3652/4211/3700 3667/4225/3711 3666/1701/1545
f 3667/4225/3711 3668/4224/3710 3683/4238/3721 3682/4239/3722
f 3654/4226/3712 3655/1793/1618 3670/1795/1620 3669/4240/3723
f 3656/1792/1617 3657/4227/3713 3672/4241/3724 3671/1794/1619
f 3657/4242/3713 3658/4232/3714 3673/4243/3725 3672/4244/3724
f 3658/4232/3714 3659/4231/3715 3674/4245/3726 3673/4243/3725
f 3659/4231/3715 3660/4233/3716 3675/4246/3727 3674/4245/3726
f 3660/4233/3716 3661/4234/3717 3676/4247/3728 3675/4246/3727
f 3661/4234/3717 3662/4235/3718 3677/4248/3729 3676/4247/3728
f 3662/4235/3718 3663/4236/3719 3678/4249/3730 3677/4248/3729
f 3663/4236/3719 3664/4237/3720 3679/4250/3731 3678/4249/3730
f 3664/4237/3720 3665/3779/3328 3680/3800/3347 3679/4250/3731
f 3666/1701/1545 3667/4225/3711 3682/4239/3722 3681/1723/1563
f 3682/4239/3722 3683/4238/3721 3698/4251/3732 3697/4252/3733
f 3669/4240/3723 3670/1795/1620 3685/1797/1622 3684/4253/3734
f 3671/4254/1619 3672/4244/3724 3687/4255/3735 3686/4256/1621
f 3672/4244/3724 3673/4243/3725 3688/4257/3736 3687/4255/3735
f 3673/4243/3725 3674/4245/3726 3689/4258/3737 3688/4257/3736
f 3674/4245/3726 3675/4246/3727 3690/4259/3738 3689/4258/3737
f 3675/4246/3727 3676/4247/3728 3691/4260/3739 3690/4259/3738
f 3676/4247/3728 3677/4248/3729 3692/4261/3740 3691/4260/3739
f 3677/4248/3729 3678/4249/3730 3693/4262/3741 3692/4261/3740
f 3678/4249/3730 3679/4250/3731 3694/4263/3742 3693/4262/3741
f 3679/4250/3731 3680/3800/3347 3695/3819/3366 3694/4263/3742
f 3681/1723/1563 3682/4239/3722 3697/4252/3733 3696/1751/1589
f 348/4264/3743 347/4265/3744 3939/4266/3745 3938/4267/3746
f 3684/4253/3734 3685/1797/1622 3700/1799/1624 3699/4268/3747
f 3686/4256/1621 3687/4255/3735 3702/4269/3748 3701/4270/1623
f 3687/4255/3735 3688/4257/3736 3703/4271/3749 3702/4269/3748
f 3688/4257/3736 3689/4258/3737 3704/4272/3750 3703/4271/3749
f 3689/4258/3737 3690/4259/3738 3705/4273/3751 3704/4272/3750
f 3690/4259/3738 3691/4260/3739 3706/4274/3752 3705/4273/3751
f 3691/4260/3739 3692/4261/3740 3707/4275/3753 3706/4274/3752
f 3692/4261/3740 3693/4262/3741 3708/4276/3754 3707/4275/3753
f 3693/4262/3741 3694/4263/3742 3709/4277/3755 3708/4276/3754
f 3694/4263/3742 3695/3819/3366 3710/3843/3387 3709/4277/3755
f 4148/4278/3756 4149/4279/3757 467/4280/3758 468/4281/3759
f 349/1757/1595 348/4264/3743 3938/4267/3746 3937/1758/1596
f 13/1748/1586 350/1756/1594 3936/1759/1597 560/1749/1587
f 546/4282/3760 4146/4283/3761 470/4284/3762 17/4285/3763
f 346/4286/3764 345/1800/1625 3941/1803/1628 3940/4287/3765
f 344/1801/1626 343/4288/3766 3943/4289/3767 3942/1802/1627
f 343/4290/3766 342/4291/3768 3944/4292/3769 3943/4293/3767
f 342/4291/3768 341/4294/3770 3945/4295/3771 3944/4292/3769
f 341/4294/3770 340/4296/3772 3946/4297/3773 3945/4295/3771
f 340/4296/3772 339/4298/3774 3947/4299/3775 3946/4297/3773
f 339/4298/3774 338/4300/3776 3948/4301/3777 3947/4299/3775
f 338/4300/3776 337/4302/3778 3949/4303/3779 3948/4301/3777
f 337/4302/3778 336/4304/3780 3950/4305/3781 3949/4303/3779
f 336/4306/3780 15/3883/3427 531/3886/3430 3950/4307/3781
f 4610/4308/3782 546/4282/3760 17/4285/3763 441/4309/3783
f 4146/4283/3761 4147/4310/3784 469/4311/3785 470/4284/3762
f 3712/4312/3786 3713/4313/3787 3728/4314/3788 3727/4315/3789
f 4147/4310/3784 4148/4278/3756 468/4281/3759 469/4311/3785
f 562/367/2 563/366/335 578/4316/3790 577/4317/3
f 3489/462/423 3490/481/442 3505/760/711 3504/759/710
f 3490/481/442 3491/500/461 3506/4112/3605 3505/760/711
f 820/398/366 821/440/403 836/469/430 835/466/427
f 3491/500/461 3492/519/480 3507/4113/3606 3506/4112/3605
f 835/466/427 836/469/430 851/488/449 850/485/446
f 3492/519/480 3493/538/499 3508/4115/3608 3507/4113/3606
f 850/485/446 851/488/449 866/507/468 865/504/465
f 3493/538/499 3494/557/518 3509/4117/3610 3508/4115/3608
f 865/504/465 866/507/468 881/526/487 880/523/484
f 3494/557/518 3495/576/537 3510/4119/3612 3509/4117/3610
f 880/523/484 881/526/487 896/545/506 895/542/503
f 3495/576/537 3496/595/556 3511/4121/3614 3510/4119/3612
f 895/542/503 896/545/506 911/564/525 910/561/522
f 3496/595/556 3497/614/575 3512/4123/3616 3511/4121/3614
f 910/561/522 911/564/525 926/583/544 925/580/541
f 3497/614/575 3498/633/594 3513/4125/3618 3512/4123/3616
f 925/580/541 926/583/544 941/602/563 940/599/560
f 3498/633/594 3499/652/613 3514/4127/3620 3513/4125/3618
f 940/599/560 941/602/563 956/621/582 955/618/579
f 3499/652/613 3500/673/634 3515/1094/1009 3514/4127/3620
f 955/618/579 956/621/582 971/640/601 970/637/598
f 970/637/598 971/640/601 986/661/622 985/658/619
f 985/658/619 986/661/622 1001/683/644 1000/680/641
f 3501/1457/1334 3502/4097/3603 3517/763/714 3516/1480/1353
f 120/699/660 119/702/663 1017/705/666 1016/700/661
f 3502/4097/3603 3503/4098/3604 3518/764/715 3517/763/714
f 39/368/336 38/365/334 1448/4318/1268 1449/1389/1285
f 3503/4098/3604 3504/759/710 3519/762/713 3518/764/715
f 4149/4279/3757 4150/4319/3791 466/4320/3792 467/4280/3758
f 3518/764/715 3519/762/713 3534/4131/3624 3533/765/716
f 3070/4321/1041 3071/3579/3161 3086/3608/3186 3085/4322/3184
f 3533/765/716 3534/4131/3624 3549/4142/3635 3548/4129/3622
f 3085/3606/3184 3086/4323/3186 3101/4324/3203 3100/3628/3201
f 3548/4129/3622 3549/4142/3635 3564/4153/3646 3563/4140/3633
f 3100/3628/3201 3101/4324/3203 3116/4325/3221 3115/3647/3219
f 3563/4140/3633 3564/4153/3646 3579/4164/3657 3578/4151/3644
f 3115/3647/3219 3116/4325/3221 3131/4326/3240 3130/3667/3237
f 3578/4151/3644 3579/4164/3657 3594/4175/3668 3593/4162/3655
f 3130/3667/3237 3131/4326/3240 3146/4327/3259 3145/3687/3256
f 3593/4162/3655 3594/4175/3668 3609/4186/3679 3608/4173/3666
f 3145/3687/3256 3146/4327/3259 3161/4328/3278 3160/3708/3275
f 3608/4173/3666 3609/4186/3679 3624/4197/3690 3623/4184/3677
f 3160/3708/3275 3161/4328/3278 3176/3762/3297 3175/3734/3294
f 3623/4184/3677 3624/4197/3690 3639/4212/3701 3638/4195/3688
f 3175/3734/3294 3176/3762/3297 3191/3765/3316 3190/3760/3313
f 3638/4195/3688 3639/4212/3701 3654/4226/3712 3653/4210/3699
f 3190/3760/3313 3191/3765/3316 3206/3786/3335 3205/3783/3332
f 3653/4210/3699 3654/4226/3712 3669/4240/3723 3668/4224/3710
f 3205/3783/3332 3206/3786/3335 3221/3807/3354 3220/3804/3351
f 3668/4224/3710 3669/4240/3723 3684/4253/3734 3683/4238/3721
f 3220/3804/3351 3221/3807/3354 3236/3831/3375 3235/3828/3372
f 3683/4238/3721 3684/4253/3734 3699/4268/3747 3698/4251/3732
f 3235/3828/3372 3236/3831/3375 3251/3849/3393 3250/3846/3390
f 347/4265/3744 346/4286/3764 3940/4287/3765 3939/4266/3745
f 360/3862/3406 359/3865/3409 4167/3868/3412 4166/3863/3407
f 15/3935/3427 336/4304/3780 3710/3843/3387 426/3842/3386
f 3954/4329/3793 3955/4330/3794 3970/4331/3795 3969/4332/3796
f 336/4304/3780 337/4302/3778 3709/4277/3755 3710/3843/3387
f 3967/4333/3797 3968/4334/3798 3983/3573/3155 3982/4335/3799
f 337/4302/3778 338/4300/3776 3708/4276/3754 3709/4277/3755
f 3981/4336/3800 3982/4335/3799 3997/4337/3801 3996/4338/3802
f 338/4300/3776 339/4298/3774 3707/4275/3753 3708/4276/3754
f 559/4339/3803 558/4340/3804 4430/4341/3805 4415/4342/3806
f 339/4298/3774 340/4296/3772 3706/4274/3752 3707/4275/3753
f 340/4296/3772 341/4294/3770 3705/4273/3751 3706/4274/3752
f 341/4294/3770 342/4291/3768 3704/4272/3750 3705/4273/3751
f 342/4291/3768 343/4290/3766 3703/4271/3749 3704/4272/3750
f 343/4290/3766 344/4343/1626 3702/4269/3748 3703/4271/3749
f 344/4343/1626 345/4344/1625 3701/4270/1623 3702/4269/3748
f 345/1800/1625 346/4286/3764 3700/1799/1624 3701/1798/1623
f 346/4286/3764 347/4265/3744 3699/4268/3747 3700/1799/1624
f 347/4265/3744 348/4264/3743 3698/4251/3732 3699/4268/3747
f 348/4264/3743 349/1757/1595 3697/4252/3733 3698/4251/3732
f 349/1757/1595 350/1756/1594 3696/1751/1589 3697/4252/3733
f 3696/1751/1589 350/1756/1594 13/1748/1586 395/1750/1588
f 3711/4345/3807 3712/4312/3786 3727/4315/3789 3726/4346/3808
f 4150/4319/3791 4151/4347/3809 465/4348/3810 466/4320/3792
f 4151/4347/3809 4152/4349/3811 464/4350/3812 465/4348/3810
f 4152/4349/3811 4153/4351/3813 463/4352/3814 464/4350/3812
f 4153/4351/3813 4154/4353/3815 462/4354/3816 463/4352/3814
f 4154/4353/3815 4155/4355/3817 461/4356/3818 462/4354/3816
f 4155/4355/3817 4156/4357/3819 460/4358/3820 461/4356/3818
f 4156/4357/3819 4157/4359/3821 459/4360/3822 460/4358/3820
f 4157/4359/3821 4158/4361/3823 458/4362/3824 459/4360/3822
f 4158/4361/3823 4159/4363/3825 457/4364/3826 458/4362/3824
f 4159/4363/3825 4160/4365/3827 456/4366/3828 457/4364/3826
f 4160/4365/3827 545/4367/3829 19/4368/3830 456/4366/3828
f 3726/4346/3808 3727/4315/3789 3742/4369/3831 3741/4370/3832
f 545/4367/3829 4371/4371/3833 485/4372/3834 19/4368/3830
f 3731/3938/3464 3732/4373/3835 3747/4374/3836 3746/3939/3465
f 3732/4373/3835 3733/4375/3837 3748/4376/3838 3747/4374/3836
f 3733/4375/3837 3734/4377/3839 3749/4378/3840 3748/4376/3838
f 3734/4377/3839 3735/4379/3841 3750/4380/3842 3749/4378/3840
f 3735/4379/3841 3736/4381/3843 3751/4382/3844 3750/4380/3842
f 3736/4381/3843 3737/4383/3845 3752/4384/3846 3751/4382/3844
f 3737/4383/3845 3738/4385/3847 3753/4386/3848 3752/4384/3846
f 3738/4385/3847 3739/4387/3849 3754/4388/3850 3753/4386/3848
f 3739/4387/3849 3740/4389/3851 3755/4390/3852 3754/4388/3850
f 4371/4371/3833 4372/4391/3853 484/4392/3854 485/4372/3834
f 4607/4393/3855 4608/4394/3856 443/4395/3857 444/4396/3858
f 3771/4397/3859 3772/4398/3860 3787/4399/3861 3786/4400/3862
f 3757/4401/3863 3758/4402/3864 3773/4403/3865 3772/4398/3860
f 3744/4404/3866 3745/3940/3466 3760/4405/3867 3759/4406/3868
f 3746/3939/3465 3747/4374/3836 3762/4407/3869 3761/4408/3870
f 3747/4374/3836 3748/4376/3838 3763/4409/3871 3762/4407/3869
f 3748/4376/3838 3749/4378/3840 3764/4410/3872 3763/4409/3871
f 3749/4378/3840 3750/4380/3842 3765/4411/3873 3764/4410/3872
f 3750/4380/3842 3751/4382/3844 3766/4412/3874 3765/4411/3873
f 3751/4382/3844 3752/4384/3846 3767/4413/3875 3766/4412/3874
f 3752/4384/3846 3753/4386/3848 3768/4414/3876 3767/4413/3875
f 3753/4386/3848 3754/4388/3850 3769/4415/3877 3768/4414/3876
f 3754/4388/3850 3755/4390/3852 3770/4416/3878 3769/4415/3877
f 4372/4391/3853 4373/4417/3879 483/4418/3880 484/4392/3854
f 4606/4419/3881 4607/4393/3855 444/4396/3858 445/4420/3882
f 3786/4400/3862 3787/4399/3861 3802/4421/3883 3801/4422/3884
f 3772/4398/3860 3773/4403/3865 3788/4423/3885 3787/4399/3861
f 3759/4406/3868 3760/4405/3867 3775/4424/3886 3774/4425/3887
f 3761/4408/3870 3762/4407/3869 3777/4426/3888 3776/4427/3889
f 3762/4407/3869 3763/4409/3871 3778/4428/3890 3777/4426/3888
f 3763/4409/3871 3764/4410/3872 3779/4429/3891 3778/4428/3890
f 3764/4410/3872 3765/4411/3873 3780/4430/3892 3779/4429/3891
f 3765/4411/3873 3766/4412/3874 3781/4431/3893 3780/4430/3892
f 3766/4412/3874 3767/4413/3875 3782/4432/3894 3781/4431/3893
f 3767/4413/3875 3768/4414/3876 3783/4433/3895 3782/4432/3894
f 3768/4414/3876 3769/4415/3877 3784/4434/3896 3783/4433/3895
f 3769/4415/3877 3770/4416/3878 3785/4435/3897 3784/4434/3896
f 4373/4417/3879 4374/4436/3898 482/4437/3899 483/4418/3880
f 4605/4438/3900 4606/4419/3881 445/4420/3882 446/4439/3901
f 3801/4422/3884 3802/4421/3883 3817/4440/3902 3816/4441/3903
f 3787/4399/3861 3788/4423/3885 3803/4442/3904 3802/4421/3883
f 3774/4425/3887 3775/4424/3886 3790/4443/3905 3789/4444/3906
f 3776/4427/3889 3777/4426/3888 3792/4445/3907 3791/4446/3908
f 3777/4426/3888 3778/4428/3890 3793/4447/3909 3792/4445/3907
f 3778/4428/3890 3779/4429/3891 3794/4448/3910 3793/4447/3909
f 3779/4429/3891 3780/4430/3892 3795/4449/3911 3794/4448/3910
f 3780/4430/3892 3781/4431/3893 3796/4450/3912 3795/4449/3911
f 3781/4431/3893 3782/4432/3894 3797/4451/3913 3796/4450/3912
f 3782/4432/3894 3783/4433/3895 3798/4452/3914 3797/4451/3913
f 3783/4433/3895 3784/4434/3896 3799/4453/3915 3798/4452/3914
f 3784/4434/3896 3785/4435/3897 3800/4454/3916 3799/4453/3915
f 4374/4436/3898 4375/4455/3917 481/4456/3918 482/4437/3899
f 4604/4457/3919 4605/4438/3900 446/4439/3901 447/4458/3920
f 3816/4441/3903 3817/4440/3902 3832/4459/3921 3831/4460/3922
f 3802/4421/3883 3803/4442/3904 3818/4461/3923 3817/4440/3902
f 3789/4444/3906 3790/4443/3905 3805/4462/3924 3804/4463/3925
f 3791/4446/3908 3792/4445/3907 3807/4464/3926 3806/4465/3927
f 3792/4445/3907 3793/4447/3909 3808/4466/3928 3807/4464/3926
f 3793/4447/3909 3794/4448/3910 3809/4467/3929 3808/4466/3928
f 3794/4448/3910 3795/4449/3911 3810/4468/3930 3809/4467/3929
f 3795/4449/3911 3796/4450/3912 3811/4469/3931 3810/4468/3930
f 3796/4450/3912 3797/4451/3913 3812/4470/3932 3811/4469/3931
f 3797/4451/3913 3798/4452/3914 3813/4471/3933 3812/4470/3932
f 3798/4452/3914 3799/4453/3915 3814/4472/3934 3813/4471/3933
f 3799/4453/3915 3800/4454/3916 3815/4473/3935 3814/4472/3934
f 4375/4455/3917 4376/4474/3936 480/4475/3937 481/4456/3918
f 4603/4476/3938 4604/4457/3919 447/4458/3920 448/4477/3939
f 3831/4460/3922 3832/4459/3921 3847/4478/3940 3846/4479/3941
f 3817/4440/3902 3818/4461/3923 3833/4480/3942 3832/4459/3921
f 3804/4463/3925 3805/4462/3924 3820/4481/3943 3819/4482/3944
f 3806/4465/3927 3807/4464/3926 3822/4483/3945 3821/4484/3946
f 3807/4464/3926 3808/4466/3928 3823/4485/3947 3822/4483/3945
f 3808/4466/3928 3809/4467/3929 3824/4486/3948 3823/4485/3947
f 3809/4467/3929 3810/4468/3930 3825/4487/3949 3824/4486/3948
f 3810/4468/3930 3811/4469/3931 3826/4488/3950 3825/4487/3949
f 3811/4469/3931 3812/4470/3932 3827/4489/3951 3826/4488/3950
f 3812/4470/3932 3813/4471/3933 3828/4490/3952 3827/4489/3951
f 3813/4471/3933 3814/4472/3934 3829/4491/3953 3828/4490/3952
f 3814/4472/3934 3815/4473/3935 3830/4492/3954 3829/4491/3953
f 4376/4474/3936 4377/4493/3955 479/4494/3956 480/4475/3937
f 4602/4495/3957 4603/4476/3938 448/4477/3939 449/4496/3958
f 3846/4479/3941 3847/4478/3940 3862/4497/3959 3861/4498/3960
f 3832/4459/3921 3833/4480/3942 3848/4499/3961 3847/4478/3940
f 3819/4482/3944 3820/4481/3943 3835/4500/3962 3834/4501/3963
f 3821/4484/3946 3822/4483/3945 3837/4502/3964 3836/4503/3965
f 3822/4483/3945 3823/4485/3947 3838/4504/3966 3837/4502/3964
f 3823/4485/3947 3824/4486/3948 3839/4505/3967 3838/4504/3966
f 3824/4486/3948 3825/4487/3949 3840/4506/3968 3839/4505/3967
f 3825/4487/3949 3826/4488/3950 3841/4507/3969 3840/4506/3968
f 3826/4488/3950 3827/4489/3951 3842/4508/3970 3841/4507/3969
f 3827/4489/3951 3828/4490/3952 3843/4509/3971 3842/4508/3970
f 3828/4490/3952 3829/4491/3953 3844/4510/3972 3843/4509/3971
f 3829/4491/3953 3830/4492/3954 3845/4511/3973 3844/4510/3972
f 4377/4493/3955 4378/4512/3974 478/4513/3975 479/4494/3956
f 4601/3562/3144 4602/4495/3957 449/4496/3958 450/4514/3976
f 3861/4498/3960 3862/4497/3959 3877/4515/3977 3876/4516/3978
f 3847/4478/3940 3848/4499/3961 3863/4517/3979 3862/4497/3959
f 3834/4501/3963 3835/4500/3962 3850/4518/3980 3849/4519/3981
f 3836/4503/3965 3837/4502/3964 3852/4520/3982 3851/4521/3983
f 3837/4502/3964 3838/4504/3966 3853/4522/3984 3852/4520/3982
f 3838/4504/3966 3839/4505/3967 3854/4523/3985 3853/4522/3984
f 3839/4505/3967 3840/4506/3968 3855/4524/3986 3854/4523/3985
f 3840/4506/3968 3841/4507/3969 3856/4525/3987 3855/4524/3986
f 3841/4507/3969 3842/4508/3970 3857/4526/3988 3856/4525/3987
f 3842/4508/3970 3843/4509/3971 3858/4527/3989 3857/4526/3988
f 3843/4509/3971 3844/4510/3972 3859/4528/3990 3858/4527/3989
f 3844/4510/3972 3845/4511/3973 3860/4529/3991 3859/4528/3990
f 4378/4512/3974 4379/4530/3992 477/4531/3993 478/4513/3975
f 4600/3563/3145 4601/3562/3144 450/4514/3976 451/4532/3994
f 3876/4516/3978 3877/4515/3977 3892/4533/3995 3891/4534/3996
f 3862/4497/3959 3863/4517/3979 3878/4535/3997 3877/4515/3977
f 3849/4519/3981 3850/4518/3980 3865/4536/3998 3864/4537/3999
f 3851/4521/3983 3852/4520/3982 3867/4538/4000 3866/4539/4001
f 3852/4520/3982 3853/4522/3984 3868/4540/4002 3867/4538/4000
f 3853/4522/3984 3854/4523/3985 3869/4541/4003 3868/4540/4002
f 3854/4523/3985 3855/4524/3986 3870/4542/4004 3869/4541/4003
f 3855/4524/3986 3856/4525/3987 3871/4543/4005 3870/4542/4004
f 3856/4525/3987 3857/4526/3988 3872/4544/4006 3871/4543/4005
f 3857/4526/3988 3858/4527/3989 3873/4545/4007 3872/4544/4006
f 3858/4527/3989 3859/4528/3990 3874/4546/4008 3873/4545/4007
f 3859/4528/3990 3860/4529/3991 3875/4547/4009 3874/4546/4008
f 4379/4530/3992 4380/4548/4010 476/4549/4011 477/4531/3993
f 4599/4550/4012 4600/3563/3145 451/4532/3994 452/4551/4013
f 3891/4534/3996 3892/4533/3995 3907/4552/4014 3906/4553/4015
f 3877/4515/3977 3878/4535/3997 3893/4554/4016 3892/4533/3995
f 3864/4537/3999 3865/4536/3998 3880/4555/4017 3879/4556/4018
f 3866/4539/4001 3867/4538/4000 3882/4557/4019 3881/4558/4020
f 3867/4538/4000 3868/4540/4002 3883/4559/4021 3882/4557/4019
f 3868/4540/4002 3869/4541/4003 3884/4560/4022 3883/4559/4021
f 3869/4541/4003 3870/4542/4004 3885/4561/4023 3884/4560/4022
f 3870/4542/4004 3871/4543/4005 3886/4562/4024 3885/4561/4023
f 3871/4543/4005 3872/4544/4006 3887/4563/4025 3886/4562/4024
f 3872/4544/4006 3873/4545/4007 3888/4564/4026 3887/4563/4025
f 3873/4545/4007 3874/4546/4008 3889/4565/4027 3888/4564/4026
f 3874/4546/4008 3875/4547/4009 3890/4566/4028 3889/4565/4027
f 4380/4548/4010 4381/4567/4029 475/4568/4030 476/4549/4011
f 4598/4569/4031 4599/4550/4012 452/4551/4013 453/4570/4032
f 3906/4553/4015 3907/4552/4014 3922/3509/3096 3921/3511/3098
f 3892/4533/3995 3893/4554/4016 3908/4571/4033 3907/4552/4014
f 3879/4556/4018 3880/4555/4017 3895/4572/4034 3894/4573/4035
f 3881/4558/4020 3882/4557/4019 3897/4574/4036 3896/4575/4037
f 3882/4557/4019 3883/4559/4021 3898/4576/4038 3897/4574/4036
f 3883/4559/4021 3884/4560/4022 3899/4577/4039 3898/4576/4038
f 3884/4560/4022 3885/4561/4023 3900/4578/4040 3899/4577/4039
f 3885/4561/4023 3886/4562/4024 3901/4579/4041 3900/4578/4040
f 3886/4562/4024 3887/4563/4025 3902/4580/4042 3901/4579/4041
f 3887/4563/4025 3888/4564/4026 3903/4581/4043 3902/4580/4042
f 3888/4564/4026 3889/4565/4027 3904/4582/4044 3903/4581/4043
f 3889/4565/4027 3890/4566/4028 3905/4583/4045 3904/4582/4044
f 4381/4567/4029 4382/4584/4046 474/4585/4047 475/4568/4030
f 4597/4586/4048 4598/4569/4031 453/4570/4032 454/4587/4049
f 3907/4552/4014 3908/4571/4033 3923/3507/3094 3922/3509/3096
f 3894/4573/4035 3895/4572/4034 3910/4588/4050 3909/4589/4051
f 3896/4575/4037 3897/4574/4036 3912/4590/4052 3911/4591/4053
f 3897/4574/4036 3898/4576/4038 3913/4592/4054 3912/4590/4052
f 3898/4576/4038 3899/4577/4039 3914/4593/4055 3913/4592/4054
f 3899/4577/4039 3900/4578/4040 3915/4594/4056 3914/4593/4055
f 3900/4578/4040 3901/4579/4041 3916/4595/4057 3915/4594/4056
f 3901/4579/4041 3902/4580/4042 3917/4596/4058 3916/4595/4057
f 3902/4580/4042 3903/4581/4043 3918/4597/4059 3917/4596/4058
f 3903/4581/4043 3904/4582/4044 3919/4598/4060 3918/4597/4059
f 3904/4582/4044 3905/4583/4045 3920/4599/4061 3919/4598/4060
f 4382/4584/4046 4383/4600/4062 473/4601/4063 474/4585/4047
f 4596/3513/3100 4597/4586/4048 454/4587/4049 455/4602/4064
f 3909/4589/4051 3910/4588/4050 3925/3503/3090 3924/3505/3092
f 3911/4591/4053 3912/4590/4052 3927/3499/3086 3926/3501/3088
f 3912/4590/4052 3913/4592/4054 3928/3496/3083 3927/3499/3086
f 3913/4592/4054 3914/4593/4055 3929/3497/3084 3928/3496/3083
f 3914/4593/4055 3915/4594/4056 3930/3492/3079 3929/3497/3084
f 3915/4594/4056 3916/4595/4057 3931/3493/3080 3930/3492/3079
f 3916/4595/4057 3917/4596/4058 3932/3475/3062 3931/3493/3080
f 3917/4596/4058 3918/4597/4059 3933/3455/3042 3932/3475/3062
f 3918/4597/4059 3919/4598/4060 3934/3456/3043 3933/3455/3042
f 3919/4598/4060 3920/4599/4061 3935/4603/4065 3934/3456/3043
f 4383/4600/4062 4384/4604/4066 472/4605/4067 473/4601/4063
f 515/3512/3099 4596/3513/3100 455/4602/4064 18/3565/3147
f 3936/1759/1597 3937/1758/1596 3952/4606/4068 3951/4607/4069
f 4385/3473/3060 516/3472/3059 20/3568/3150 471/4608/4070
f 4384/4604/4066 4385/3473/3060 471/4608/4070 472/4605/4067
f 3938/4267/3746 3939/4266/3745 3954/4329/3793 3953/4609/4071
f 3937/1758/1596 3938/4267/3746 3953/4609/4071 3952/4606/4068
f 441/4309/3783 17/4285/3763 470/4284/3762 3711/4345/3807
f 470/4284/3762 469/4311/3785 3712/4312/3786 3711/4345/3807
f 2828/3177/2791 2829/3533/3119 2844/3251/2851 2843/3532/3118
f 469/4311/3785 468/4281/3759 3713/4313/3787 3712/4312/3786
f 468/4281/3759 467/4280/3758 3714/4610/4072 3713/4313/3787
f 467/4280/3758 466/4320/3792 3715/4611/4073 3714/4610/4072
f 466/4320/3792 465/4348/3810 3716/4612/4074 3715/4611/4073
f 465/4348/3810 464/4350/3812 3717/4613/4075 3716/4612/4074
f 464/4350/3812 463/4352/3814 3718/4614/4076 3717/4613/4075
f 463/4352/3814 462/4354/3816 3719/4615/4077 3718/4614/4076
f 462/4354/3816 461/4356/3818 3720/4616/4078 3719/4615/4077
f 461/4356/3818 460/4358/3820 3721/4617/4079 3720/4616/4078
f 460/4358/3820 459/4360/3822 3722/4618/4080 3721/4617/4079
f 459/4360/3822 458/4362/3824 3723/4619/4081 3722/4618/4080
f 4608/4394/3856 4609/4620/4082 442/4621/4083 443/4395/3857
f 458/4362/3824 457/4364/3826 3724/4622/4084 3723/4619/4081
f 3756/4623/4085 3757/4401/3863 3772/4398/3860 3771/4397/3859
f 457/4364/3826 456/4366/3828 3725/4624/4086 3724/4622/4084
f 3742/4369/3831 3743/4625/4087 3758/4402/3864 3757/4401/3863
f 456/4366/3828 19/4368/3830 485/4372/3834 3725/4624/4086
f 3729/4626/4088 3730/3937/3463 3745/3940/3466 3744/4404/3866
f 485/4372/3834 484/4392/3854 3740/4389/3851 3725/4624/4086
f 484/4392/3854 483/4418/3880 3755/4390/3852 3740/4389/3851
f 483/4418/3880 482/4437/3899 3770/4416/3878 3755/4390/3852
f 482/4437/3899 481/4456/3918 3785/4435/3897 3770/4416/3878
f 481/4456/3918 480/4475/3937 3800/4454/3916 3785/4435/3897
f 480/4475/3937 479/4494/3956 3815/4473/3935 3800/4454/3916
f 479/4494/3956 478/4513/3975 3830/4492/3954 3815/4473/3935
f 478/4513/3975 477/4531/3993 3845/4511/3973 3830/4492/3954
f 477/4531/3993 476/4549/4011 3860/4529/3991 3845/4511/3973
f 476/4549/4011 475/4568/4030 3875/4547/4009 3860/4529/3991
f 475/4568/4030 474/4585/4047 3890/4566/4028 3875/4547/4009
f 474/4585/4047 473/4601/4063 3905/4583/4045 3890/4566/4028
f 473/4601/4063 472/4605/4067 3920/4599/4061 3905/4583/4045
f 472/4605/4067 471/4608/4070 3935/4603/4065 3920/4599/4061
f 3935/4603/4065 471/4608/4070 20/3568/3150 500/3566/3148
f 2843/3532/3118 2844/3251/2851 2859/3254/2854 2858/3249/2849
f 18/3565/3147 455/4602/4064 3921/3511/3098 486/3510/3097
f 455/4602/4064 454/4587/4049 3906/4553/4015 3921/3511/3098
f 454/4587/4049 453/4570/4032 3891/4534/3996 3906/4553/4015
f 453/4570/4032 452/4551/4013 3876/4516/3978 3891/4534/3996
f 452/4551/4013 451/4532/3994 3861/4498/3960 3876/4516/3978
f 3910/4588/4050 3911/4591/4053 3926/3501/3088 3925/3503/3090
f 451/4532/3994 450/4514/3976 3846/4479/3941 3861/4498/3960
f 3895/4572/4034 3896/4575/4037 3911/4591/4053 3910/4588/4050
f 450/4514/3976 449/4496/3958 3831/4460/3922 3846/4479/3941
f 3880/4555/4017 3881/4558/4020 3896/4575/4037 3895/4572/4034
f 449/4496/3958 448/4477/3939 3816/4441/3903 3831/4460/3922
f 3865/4536/3998 3866/4539/4001 3881/4558/4020 3880/4555/4017
f 448/4477/3939 447/4458/3920 3801/4422/3884 3816/4441/3903
f 3850/4518/3980 3851/4521/3983 3866/4539/4001 3865/4536/3998
f 447/4458/3920 446/4439/3901 3786/4400/3862 3801/4422/3884
f 3835/4500/3962 3836/4503/3965 3851/4521/3983 3850/4518/3980
f 446/4439/3901 445/4420/3882 3771/4397/3859 3786/4400/3862
f 3820/4481/3943 3821/4484/3946 3836/4503/3965 3835/4500/3962
f 445/4420/3882 444/4396/3858 3756/4623/4085 3771/4397/3859
f 3805/4462/3924 3806/4465/3927 3821/4484/3946 3820/4481/3943
f 444/4396/3858 443/4395/3857 3741/4370/3832 3756/4623/4085
f 3790/4443/3905 3791/4446/3908 3806/4465/3927 3805/4462/3924
f 443/4395/3857 442/4621/4083 3726/4346/3808 3741/4370/3832
f 3775/4424/3886 3776/4427/3889 3791/4446/3908 3790/4443/3905
f 442/4621/4083 441/4309/3783 3711/4345/3807 3726/4346/3808
f 3760/4405/3867 3761/4408/3870 3776/4427/3889 3775/4424/3886
f 3745/3940/3466 3746/3939/3465 3761/4408/3870 3760/4405/3867
f 3951/4607/4069 3952/4606/4068 3967/4333/3797 3966/4627/4089
f 3956/4628/4090 3957/4629/4091 3972/4630/4092 3971/4631/4093
f 3957/4629/4091 3958/4632/4094 3973/4633/4095 3972/4630/4092
f 3958/4632/4094 3959/4634/4096 3974/4635/4097 3973/4633/4095
f 3959/4634/4096 3960/4636/4098 3975/4637/4099 3974/4635/4097
f 3960/4636/4098 3961/4638/4100 3976/4639/4101 3975/4637/4099
f 3961/4638/4100 3962/4640/4102 3977/4641/4103 3976/4639/4101
f 3962/4640/4102 3963/4642/4104 3978/4643/4105 3977/4641/4103
f 3963/4642/4104 3964/4644/4106 3979/4645/4107 3978/4643/4105
f 3964/4644/4106 3965/4646/4108 3980/4647/4109 3979/4645/4107
f 532/4648/4110 531/3886/3430 4161/3885/3429 4176/4649/4111
f 558/4340/3804 557/4650/4112 4445/4651/4113 4430/4341/3805
f 3996/4338/3802 3997/4337/3801 4012/4652/4114 4011/4653/4115
f 3982/4335/3799 3983/3573/3155 3998/3569/3151 3997/4337/3801
f 3969/4332/3796 3970/4331/3795 3985/4654/4116 3984/3574/3156
f 3971/4631/4093 3972/4630/4092 3987/4655/4117 3986/4656/4118
f 3972/4630/4092 3973/4633/4095 3988/4657/4119 3987/4655/4117
f 3973/4633/4095 3974/4635/4097 3989/4658/4120 3988/4657/4119
f 3974/4635/4097 3975/4637/4099 3990/4659/4121 3989/4658/4120
f 3975/4637/4099 3976/4639/4101 3991/4660/4122 3990/4659/4121
f 3976/4639/4101 3977/4641/4103 3992/4661/4123 3991/4660/4122
f 3977/4641/4103 3978/4643/4105 3993/4662/4124 3992/4661/4123
f 3978/4643/4105 3979/4645/4107 3994/4663/4125 3993/4662/4124
f 3979/4645/4107 3980/4647/4109 3995/4664/4126 3994/4663/4125
f 533/4665/4127 532/4648/4110 4176/4649/4111 4191/4666/4128
f 557/4650/4112 556/4667/4129 4460/4668/4130 4445/4651/4113
f 4011/4653/4115 4012/4652/4114 4027/4669/4131 4026/4670/4132
f 3997/4337/3801 3998/3569/3151 4013/3572/3154 4012/4652/4114
f 3984/3574/3156 3985/4654/4116 4000/4671/4133 3999/3570/3152
f 3986/4656/4118 3987/4655/4117 4002/4672/4134 4001/4673/4135
f 3987/4655/4117 3988/4657/4119 4003/4674/4136 4002/4672/4134
f 3988/4657/4119 3989/4658/4120 4004/4675/4137 4003/4674/4136
f 3989/4658/4120 3990/4659/4121 4005/4676/4138 4004/4675/4137
f 3990/4659/4121 3991/4660/4122 4006/4677/4139 4005/4676/4138
f 3991/4660/4122 3992/4661/4123 4007/4678/4140 4006/4677/4139
f 3992/4661/4123 3993/4662/4124 4008/4679/4141 4007/4678/4140
f 3993/4662/4124 3994/4663/4125 4009/4680/4142 4008/4679/4141
f 3994/4663/4125 3995/4664/4126 4010/4681/4143 4009/4680/4142
f 534/4682/4144 533/4665/4127 4191/4666/4128 4206/4683/4145
f 556/4667/4129 555/4684/4146 4475/4685/4147 4460/4668/4130
f 4026/4670/4132 4027/4669/4131 4042/4686/4148 4041/4687/4149
f 4012/4652/4114 4013/3572/3154 4028/4688/4150 4027/4669/4131
f 3999/3570/3152 4000/4671/4133 4015/4689/4151 4014/3571/3153
f 4001/4673/4135 4002/4672/4134 4017/4690/4152 4016/4691/4153
f 4002/4672/4134 4003/4674/4136 4018/4692/4154 4017/4690/4152
f 4003/4674/4136 4004/4675/4137 4019/4693/4155 4018/4692/4154
f 4004/4675/4137 4005/4676/4138 4020/4694/4156 4019/4693/4155
f 4005/4676/4138 4006/4677/4139 4021/4695/4157 4020/4694/4156
f 4006/4677/4139 4007/4678/4140 4022/4696/4158 4021/4695/4157
f 4007/4678/4140 4008/4679/4141 4023/4697/4159 4022/4696/4158
f 4008/4679/4141 4009/4680/4142 4024/4698/4160 4023/4697/4159
f 4009/4680/4142 4010/4681/4143 4025/4699/4161 4024/4698/4160
f 535/4700/4162 534/4682/4144 4206/4683/4145 4221/4701/4163
f 555/4684/4146 554/4702/4164 4490/4703/4165 4475/4685/4147
f 4041/4687/4149 4042/4686/4148 4057/4704/4166 4056/4705/4167
f 4027/4669/4131 4028/4688/4150 4043/4706/4168 4042/4686/4148
f 4014/3571/3153 4015/4689/4151 4030/4707/4169 4029/4708/4170
f 4016/4691/4153 4017/4690/4152 4032/4709/4171 4031/4710/4172
f 4017/4690/4152 4018/4692/4154 4033/4711/4173 4032/4709/4171
f 4018/4692/4154 4019/4693/4155 4034/4712/4174 4033/4711/4173
f 4019/4693/4155 4020/4694/4156 4035/4713/4175 4034/4712/4174
f 4020/4694/4156 4021/4695/4157 4036/4714/4176 4035/4713/4175
f 4021/4695/4157 4022/4696/4158 4037/4715/4177 4036/4714/4176
f 4022/4696/4158 4023/4697/4159 4038/4716/4178 4037/4715/4177
f 4023/4697/4159 4024/4698/4160 4039/4717/4179 4038/4716/4178
f 4024/4698/4160 4025/4699/4161 4040/4718/4180 4039/4717/4179
f 536/4719/4181 535/4700/4162 4221/4701/4163 4236/4720/4182
f 554/4702/4164 553/4721/4183 4505/4722/4184 4490/4703/4165
f 4056/4705/4167 4057/4704/4166 4072/4723/4185 4071/4724/4186
f 4042/4686/4148 4043/4706/4168 4058/4725/4187 4057/4704/4166
f 4029/4708/4170 4030/4707/4169 4045/4726/4188 4044/4727/4189
f 4031/4710/4172 4032/4709/4171 4047/4728/4190 4046/4729/4191
f 4032/4709/4171 4033/4711/4173 4048/4730/4192 4047/4728/4190
f 4033/4711/4173 4034/4712/4174 4049/4731/4193 4048/4730/4192
f 4034/4712/4174 4035/4713/4175 4050/4732/4194 4049/4731/4193
f 4035/4713/4175 4036/4714/4176 4051/4733/4195 4050/4732/4194
f 4036/4714/4176 4037/4715/4177 4052/4734/4196 4051/4733/4195
f 4037/4715/4177 4038/4716/4178 4053/4735/4197 4052/4734/4196
f 4038/4716/4178 4039/4717/4179 4054/4736/4198 4053/4735/4197
f 4039/4717/4179 4040/4718/4180 4055/4737/4199 4054/4736/4198
f 537/4738/4200 536/4719/4181 4236/4720/4182 4251/4739/4201
f 553/4721/4183 552/4740/4202 4520/4741/4203 4505/4722/4184
f 4071/4724/4186 4072/4723/4185 4087/4742/4204 4086/4743/4205
f 4057/4704/4166 4058/4725/4187 4073/4744/4206 4072/4723/4185
f 4044/4727/4189 4045/4726/4188 4060/4745/4207 4059/4746/4208
f 4046/4729/4191 4047/4728/4190 4062/4747/4209 4061/4748/4210
f 4047/4728/4190 4048/4730/4192 4063/4749/4211 4062/4747/4209
f 4048/4730/4192 4049/4731/4193 4064/4750/4212 4063/4749/4211
f 4049/4731/4193 4050/4732/4194 4065/4751/4213 4064/4750/4212
f 4050/4732/4194 4051/4733/4195 4066/4752/4214 4065/4751/4213
f 4051/4733/4195 4052/4734/4196 4067/4753/4215 4066/4752/4214
f 4052/4734/4196 4053/4735/4197 4068/4754/4216 4067/4753/4215
f 4053/4735/4197 4054/4736/4198 4069/4755/4217 4068/4754/4216
f 4054/4736/4198 4055/4737/4199 4070/4756/4218 4069/4755/4217
f 538/4757/4219 537/4738/4200 4251/4739/4201 4266/4758/4220
f 552/4740/4202 551/4759/4221 4535/4760/4222 4520/4741/4203
f 4086/4743/4205 4087/4742/4204 4102/4761/4223 4101/4762/4224
f 4072/4723/4185 4073/4744/4206 4088/4763/4225 4087/4742/4204
f 4059/4746/4208 4060/4745/4207 4075/4764/4226 4074/4765/4227
f 4061/4748/4210 4062/4747/4209 4077/4766/4228 4076/4767/4229
f 4062/4747/4209 4063/4749/4211 4078/4768/4230 4077/4766/4228
f 4063/4749/4211 4064/4750/4212 4079/4769/4231 4078/4768/4230
f 4064/4750/4212 4065/4751/4213 4080/4770/4232 4079/4769/4231
f 4065/4751/4213 4066/4752/4214 4081/4771/4233 4080/4770/4232
f 4066/4752/4214 4067/4753/4215 4082/4772/4234 4081/4771/4233
f 4067/4753/4215 4068/4754/4216 4083/4773/4235 4082/4772/4234
f 4068/4754/4216 4069/4755/4217 4084/4774/4236 4083/4773/4235
f 4069/4755/4217 4070/4756/4218 4085/4775/4237 4084/4774/4236
f 539/4776/4238 538/4757/4219 4266/4758/4220 4281/4777/4239
f 551/4759/4221 550/4778/4240 4550/4779/4241 4535/4760/4222
f 4101/4762/4224 4102/4761/4223 4117/4780/4242 4116/4781/4243
f 4087/4742/4204 4088/4763/4225 4103/4782/4244 4102/4761/4223
f 4074/4765/4227 4075/4764/4226 4090/4783/4245 4089/4784/4246
f 4076/4767/4229 4077/4766/4228 4092/4785/4247 4091/4786/4248
f 4077/4766/4228 4078/4768/4230 4093/4787/4249 4092/4785/4247
f 4078/4768/4230 4079/4769/4231 4094/4788/4250 4093/4787/4249
f 4079/4769/4231 4080/4770/4232 4095/4789/4251 4094/4788/4250
f 4080/4770/4232 4081/4771/4233 4096/4790/4252 4095/4789/4251
f 4081/4771/4233 4082/4772/4234 4097/4791/4253 4096/4790/4252
f 4082/4772/4234 4083/4773/4235 4098/4792/4254 4097/4791/4253
f 4083/4773/4235 4084/4774/4236 4099/4793/4255 4098/4792/4254
f 4084/4774/4236 4085/4775/4237 4100/4794/4256 4099/4793/4255
f 540/4795/4257 539/4776/4238 4281/4777/4239 4296/4796/4258
f 550/4778/4240 549/4797/4259 4565/4798/4260 4550/4779/4241
f 4116/4781/4243 4117/4780/4242 4132/4799/4261 4131/4800/4262
f 4102/4761/4223 4103/4782/4244 4118/4801/4263 4117/4780/4242
f 4089/4784/4246 4090/4783/4245 4105/4802/4264 4104/4803/4265
f 4091/4786/4248 4092/4785/4247 4107/4804/4266 4106/4805/4267
f 4092/4785/4247 4093/4787/4249 4108/4806/4268 4107/4804/4266
f 4093/4787/4249 4094/4788/4250 4109/4807/4269 4108/4806/4268
f 4094/4788/4250 4095/4789/4251 4110/4808/4270 4109/4807/4269
f 4095/4789/4251 4096/4790/4252 4111/4809/4271 4110/4808/4270
f 4096/4790/4252 4097/4791/4253 4112/4810/4272 4111/4809/4271
f 4097/4791/4253 4098/4792/4254 4113/4811/4273 4112/4810/4272
f 4098/4792/4254 4099/4793/4255 4114/4812/4274 4113/4811/4273
f 4099/4793/4255 4100/4794/4256 4115/4813/4275 4114/4812/4274
f 541/4814/4276 540/4795/4257 4296/4796/4258 4311/4815/4277
f 549/4797/4259 548/4816/4278 4580/4817/4279 4565/4798/4260
f 4131/4800/4262 4132/4799/4261 4147/4310/3784 4146/4283/3761
f 4117/4780/4242 4118/4801/4263 4133/4818/4280 4132/4799/4261
f 4104/4803/4265 4105/4802/4264 4120/4819/4281 4119/4820/4282
f 4106/4805/4267 4107/4804/4266 4122/4821/4283 4121/4822/4284
f 4107/4804/4266 4108/4806/4268 4123/4823/4285 4122/4821/4283
f 4108/4806/4268 4109/4807/4269 4124/4824/4286 4123/4823/4285
f 4109/4807/4269 4110/4808/4270 4125/4825/4287 4124/4824/4286
f 4110/4808/4270 4111/4809/4271 4126/4826/4288 4125/4825/4287
f 4111/4809/4271 4112/4810/4272 4127/4827/4289 4126/4826/4288
f 4112/4810/4272 4113/4811/4273 4128/4828/4290 4127/4827/4289
f 4113/4811/4273 4114/4812/4274 4129/4829/4291 4128/4828/4290
f 4114/4812/4274 4115/4813/4275 4130/4830/4292 4129/4829/4291
f 542/4831/4293 541/4814/4276 4311/4815/4277 4326/4832/4294
f 548/4816/4278 547/4833/4295 4595/4834/4296 4580/4817/4279
f 4132/4799/4261 4133/4818/4280 4148/4278/3756 4147/4310/3784
f 4119/4820/4282 4120/4819/4281 4135/4835/4297 4134/4836/4298
f 4121/4822/4284 4122/4821/4283 4137/4837/4299 4136/4838/4300
f 4122/4821/4283 4123/4823/4285 4138/4839/4301 4137/4837/4299
f 4123/4823/4285 4124/4824/4286 4139/4840/4302 4138/4839/4301
f 4124/4824/4286 4125/4825/4287 4140/4841/4303 4139/4840/4302
f 4125/4825/4287 4126/4826/4288 4141/4842/4304 4140/4841/4303
f 4126/4826/4288 4127/4827/4289 4142/4843/4305 4141/4842/4304
f 4127/4827/4289 4128/4828/4290 4143/4844/4306 4142/4843/4305
f 4128/4828/4290 4129/4829/4291 4144/4845/4307 4143/4844/4306
f 4129/4829/4291 4130/4830/4292 4145/4846/4308 4144/4845/4307
f 543/4847/4309 542/4831/4293 4326/4832/4294 4341/4848/4310
f 547/4833/4295 546/4282/3760 4610/4308/3782 4595/4834/4296
f 4134/4836/4298 4135/4835/4297 4150/4319/3791 4149/4279/3757
f 4136/4838/4300 4137/4837/4299 4152/4349/3811 4151/4347/3809
f 4137/4837/4299 4138/4839/4301 4153/4351/3813 4152/4349/3811
f 4138/4839/4301 4139/4840/4302 4154/4353/3815 4153/4351/3813
f 4139/4840/4302 4140/4841/4303 4155/4355/3817 4154/4353/3815
f 4140/4841/4303 4141/4842/4304 4156/4357/3819 4155/4355/3817
f 4141/4842/4304 4142/4843/4305 4157/4359/3821 4156/4357/3819
f 4142/4843/4305 4143/4844/4306 4158/4361/3823 4157/4359/3821
f 4143/4844/4306 4144/4845/4307 4159/4363/3825 4158/4361/3823
f 4144/4845/4307 4145/4846/4308 4160/4365/3827 4159/4363/3825
f 544/4849/4311 543/4847/4309 4341/4848/4310 4356/4850/4312
f 4161/3885/3429 4162/3823/3370 4177/4851/4313 4176/4649/4111
f 545/4367/3829 544/4849/4311 4356/4850/4312 4371/4371/3833
f 4163/3822/3369 4164/3845/3389 4179/3925/3455 4178/4852/4314
f 4162/3823/3370 4163/3822/3369 4178/4852/4314 4177/4851/4313
f 3953/4609/4071 3954/4329/3793 3969/4332/3796 3968/4334/3798
f 3939/4266/3745 3940/4287/3765 3955/4330/3794 3954/4329/3793
f 3940/4287/3765 3941/1803/1628 3956/4628/4090 3955/4330/3794
f 3941/1803/1628 3942/1802/1627 3957/4629/4091 3956/4628/4090
f 3942/1802/1627 3943/4289/3767 3958/4632/4094 3957/4629/4091
f 3943/4289/3767 3944/4853/3769 3959/4634/4096 3958/4632/4094
f 3944/4853/3769 3945/4854/3771 3960/4636/4098 3959/4634/4096
f 3945/4854/3771 3946/4855/3773 3961/4638/4100 3960/4636/4098
f 3946/4855/3773 3947/4856/3775 3962/4640/4102 3961/4638/4100
f 3947/4856/3775 3948/4857/3777 3963/4642/4104 3962/4640/4102
f 3948/4857/3777 3949/4858/3779 3964/4644/4106 3963/4642/4104
f 3949/4858/3779 3950/4307/3781 3965/4646/4108 3964/4644/4106
f 3966/4627/4089 3967/4333/3797 3982/4335/3799 3981/4336/3800
f 3952/4606/4068 3953/4609/4071 3968/4334/3798 3967/4333/3797
f 4195/3927/3457 4196/4859/4315 4211/4860/4316 4210/4861/4317
f 531/3886/3430 532/4648/4110 3965/4646/4108 3950/4307/3781
f 4210/4861/4317 4211/4860/4316 4226/4862/4318 4225/4863/4319
f 532/4648/4110 533/4665/4127 3980/4647/4109 3965/4646/4108
f 4225/4863/4319 4226/4862/4318 4241/4864/4320 4240/4865/4321
f 533/4665/4127 534/4682/4144 3995/4664/4126 3980/4647/4109
f 4240/4865/4321 4241/4864/4320 4256/4866/4322 4255/4867/4323
f 534/4682/4144 535/4700/4162 4010/4681/4143 3995/4664/4126
f 4255/4867/4323 4256/4866/4322 4271/4868/4324 4270/4869/4325
f 535/4700/4162 536/4719/4181 4025/4699/4161 4010/4681/4143
f 4270/4869/4325 4271/4868/4324 4286/4870/4326 4285/4871/4327
f 536/4719/4181 537/4738/4200 4040/4718/4180 4025/4699/4161
f 4285/4871/4327 4286/4870/4326 4301/4872/4328 4300/4873/4329
f 537/4738/4200 538/4757/4219 4055/4737/4199 4040/4718/4180
f 4300/4873/4329 4301/4872/4328 4316/4874/4330 4315/4875/4331
f 538/4757/4219 539/4776/4238 4070/4756/4218 4055/4737/4199
f 4315/4875/4331 4316/4874/4330 4331/4876/4332 4330/4877/4333
f 539/4776/4238 540/4795/4257 4085/4775/4237 4070/4756/4218
f 4330/4877/4333 4331/4876/4332 4346/4878/4334 4345/4879/4335
f 540/4795/4257 541/4814/4276 4100/4794/4256 4085/4775/4237
f 4345/4879/4335 4346/4878/4334 4361/4880/4336 4360/4881/4337
f 541/4814/4276 542/4831/4293 4115/4813/4275 4100/4794/4256
f 4360/4881/4337 4361/4880/4336 4376/4474/3936 4375/4455/3917
f 542/4831/4293 543/4847/4309 4130/4830/4292 4115/4813/4275
f 543/4847/4309 544/4849/4311 4145/4846/4308 4130/4830/4292
f 544/4849/4311 545/4367/3829 4160/4365/3827 4145/4846/4308
f 546/4282/3760 547/4833/4295 4131/4800/4262 4146/4283/3761
f 547/4833/4295 548/4816/4278 4116/4781/4243 4131/4800/4262
f 548/4816/4278 549/4797/4259 4101/4762/4224 4116/4781/4243
f 549/4797/4259 550/4778/4240 4086/4743/4205 4101/4762/4224
f 550/4778/4240 551/4759/4221 4071/4724/4186 4086/4743/4205
f 551/4759/4221 552/4740/4202 4056/4705/4167 4071/4724/4186
f 552/4740/4202 553/4721/4183 4041/4687/4149 4056/4705/4167
f 553/4721/4183 554/4702/4164 4026/4670/4132 4041/4687/4149
f 554/4702/4164 555/4684/4146 4011/4653/4115 4026/4670/4132
f 555/4684/4146 556/4667/4129 3996/4338/3802 4011/4653/4115
f 556/4667/4129 557/4650/4112 3981/4336/3800 3996/4338/3802
f 557/4650/4112 558/4340/3804 3966/4627/4089 3981/4336/3800
f 558/4340/3804 559/4339/3803 3951/4607/4069 3966/4627/4089
f 559/4339/3803 560/1749/1587 3936/1759/1597 3951/4607/4069
f 4181/4882/4338 4182/4883/4339 4197/4884/4340 4196/4859/4315
f 4182/4883/4339 4183/4885/4341 4198/4886/4342 4197/4884/4340
f 4183/4885/4341 4184/4887/4343 4199/4888/4344 4198/4886/4342
f 4184/4887/4343 4185/4889/4345 4200/4890/4346 4199/4888/4344
f 4185/4889/4345 4186/4891/4347 4201/4892/4348 4200/4890/4346
f 4186/4891/4347 4187/4893/4349 4202/4894/4350 4201/4892/4348
f 4187/4893/4349 4188/4895/4351 4203/4896/4352 4202/4894/4350
f 4188/4895/4351 4189/4897/4353 4204/4898/4354 4203/4896/4352
f 4189/4897/4353 4190/3528/3114 4205/3243/2843 4204/4898/4354
f 4191/4666/4128 4192/3929/3459 4207/3932/3462 4206/4683/4145
f 4207/3932/3462 4208/3931/3461 4223/4899/4355 4222/4900/4356
f 4194/3928/3458 4195/3927/3457 4210/4861/4317 4209/4901/4357
f 4196/4859/4315 4197/4884/4340 4212/4902/4358 4211/4860/4316
f 4197/4884/4340 4198/4886/4342 4213/4903/4359 4212/4902/4358
f 4198/4886/4342 4199/4888/4344 4214/4904/4360 4213/4903/4359
f 4199/4888/4344 4200/4890/4346 4215/4905/4361 4214/4904/4360
f 4200/4890/4346 4201/4892/4348 4216/4906/4362 4215/4905/4361
f 4201/4892/4348 4202/4894/4350 4217/4907/4363 4216/4906/4362
f 4202/4894/4350 4203/4896/4352 4218/4908/4364 4217/4907/4363
f 4203/4896/4352 4204/4898/4354 4219/4909/4365 4218/4908/4364
f 4204/4898/4354 4205/3243/2843 4220/3242/2842 4219/4909/4365
f 4206/4683/4145 4207/3932/3462 4222/4900/4356 4221/4701/4163
f 4222/4900/4356 4223/4899/4355 4238/4910/4366 4237/4911/4367
f 4209/4901/4357 4210/4861/4317 4225/4863/4319 4224/4912/4368
f 4211/4860/4316 4212/4902/4358 4227/4913/4369 4226/4862/4318
f 4212/4902/4358 4213/4903/4359 4228/4914/4370 4227/4913/4369
f 4213/4903/4359 4214/4904/4360 4229/4915/4371 4228/4914/4370
f 4214/4904/4360 4215/4905/4361 4230/4916/4372 4229/4915/4371
f 4215/4905/4361 4216/4906/4362 4231/4917/4373 4230/4916/4372
f 4216/4906/4362 4217/4907/4363 4232/4918/4374 4231/4917/4373
f 4217/4907/4363 4218/4908/4364 4233/4919/4375 4232/4918/4374
f 4218/4908/4364 4219/4909/4365 4234/4920/4376 4233/4919/4375
f 4219/4909/4365 4220/3242/2842 4235/3270/2868 4234/4920/4376
f 4221/4701/4163 4222/4900/4356 4237/4911/4367 4236/4720/4182
f 4237/4911/4367 4238/4910/4366 4253/4921/4377 4252/4922/4378
f 4224/4912/4368 4225/4863/4319 4240/4865/4321 4239/4923/4379
f 4226/4862/4318 4227/4913/4369 4242/4924/4380 4241/4864/4320
f 4227/4913/4369 4228/4914/4370 4243/4925/4381 4242/4924/4380
f 4228/4914/4370 4229/4915/4371 4244/4926/4382 4243/4925/4381
f 4229/4915/4371 4230/4916/4372 4245/4927/4383 4244/4926/4382
f 4230/4916/4372 4231/4917/4373 4246/4928/4384 4245/4927/4383
f 4231/4917/4373 4232/4918/4374 4247/4929/4385 4246/4928/4384
f 4232/4918/4374 4233/4919/4375 4248/4930/4386 4247/4929/4385
f 4233/4919/4375 4234/4920/4376 4249/4931/4387 4248/4930/4386
f 4234/4920/4376 4235/3270/2868 4250/3294/2887 4249/4931/4387
f 4236/4720/4182 4237/4911/4367 4252/4922/4378 4251/4739/4201
f 4252/4922/4378 4253/4921/4377 4268/4932/4388 4267/4933/4389
f 4239/4923/4379 4240/4865/4321 4255/4867/4323 4254/4934/4390
f 4241/4864/4320 4242/4924/4380 4257/4935/4391 4256/4866/4322
f 4242/4924/4380 4243/4925/4381 4258/4936/4392 4257/4935/4391
f 4243/4925/4381 4244/4926/4382 4259/4937/4393 4258/4936/4392
f 4244/4926/4382 4245/4927/4383 4260/4938/4394 4259/4937/4393
f 4245/4927/4383 4246/4928/4384 4261/4939/4395 4260/4938/4394
f 4246/4928/4384 4247/4929/4385 4262/4940/4396 4261/4939/4395
f 4247/4929/4385 4248/4930/4386 4263/4941/4397 4262/4940/4396
f 4248/4930/4386 4249/4931/4387 4264/4942/4398 4263/4941/4397
f 4249/4931/4387 4250/3294/2887 4265/3317/2906 4264/4942/4398
f 4251/4739/4201 4252/4922/4378 4267/4933/4389 4266/4758/4220
f 4267/4933/4389 4268/4932/4388 4283/4943/4399 4282/4944/4400
f 4254/4934/4390 4255/4867/4323 4270/4869/4325 4269/4945/4401
f 4256/4866/4322 4257/4935/4391 4272/4946/4402 4271/4868/4324
f 4257/4935/4391 4258/4936/4392 4273/4947/4403 4272/4946/4402
f 4258/4936/4392 4259/4937/4393 4274/4948/4404 4273/4947/4403
f 4259/4937/4393 4260/4938/4394 4275/4949/4405 4274/4948/4404
f 4260/4938/4394 4261/4939/4395 4276/4950/4406 4275/4949/4405
f 4261/4939/4395 4262/4940/4396 4277/4951/4407 4276/4950/4406
f 4262/4940/4396 4263/4941/4397 4278/4952/4408 4277/4951/4407
f 4263/4941/4397 4264/4942/4398 4279/4953/4409 4278/4952/4408
f 4264/4942/4398 4265/3317/2906 4280/3338/2925 4279/4953/4409
f 4266/4758/4220 4267/4933/4389 4282/4944/4400 4281/4777/4239
f 4282/4944/4400 4283/4943/4399 4298/4954/4410 4297/4955/4411
f 4269/4945/4401 4270/4869/4325 4285/4871/4327 4284/4956/4412
f 4271/4868/4324 4272/4946/4402 4287/4957/4413 4286/4870/4326
f 4272/4946/4402 4273/4947/4403 4288/4958/4414 4287/4957/4413
f 4273/4947/4403 4274/4948/4404 4289/4959/4415 4288/4958/4414
f 4274/4948/4404 4275/4949/4405 4290/4960/4416 4289/4959/4415
f 4275/4949/4405 4276/4950/4406 4291/4961/4417 4290/4960/4416
f 4276/4950/4406 4277/4951/4407 4292/4962/4418 4291/4961/4417
f 4277/4951/4407 4278/4952/4408 4293/4963/4419 4292/4962/4418
f 4278/4952/4408 4279/4953/4409 4294/4964/4420 4293/4963/4419
f 4279/4953/4409 4280/3338/2925 4295/3357/2944 4294/4964/4420
f 4281/4777/4239 4282/4944/4400 4297/4955/4411 4296/4796/4258
f 4297/4955/4411 4298/4954/4410 4313/4965/4421 4312/4966/4422
f 4284/4956/4412 4285/4871/4327 4300/4873/4329 4299/4967/4423
f 4286/4870/4326 4287/4957/4413 4302/4968/4424 4301/4872/4328
f 4287/4957/4413 4288/4958/4414 4303/4969/4425 4302/4968/4424
f 4288/4958/4414 4289/4959/4415 4304/4970/4426 4303/4969/4425
f 4289/4959/4415 4290/4960/4416 4305/4971/4427 4304/4970/4426
f 4290/4960/4416 4291/4961/4417 4306/4972/4428 4305/4971/4427
f 4291/4961/4417 4292/4962/4418 4307/4973/4429 4306/4972/4428
f 4292/4962/4418 4293/4963/4419 4308/4974/4430 4307/4973/4429
f 4293/4963/4419 4294/4964/4420 4309/4975/4431 4308/4974/4430
f 4294/4964/4420 4295/3357/2944 4310/3376/2963 4309/4975/4431
f 4296/4796/4258 4297/4955/4411 4312/4966/4422 4311/4815/4277
f 4312/4966/4422 4313/4965/4421 4328/4976/4432 4327/4977/4433
f 4299/4967/4423 4300/4873/4329 4315/4875/4331 4314/4978/4434
f 4301/4872/4328 4302/4968/4424 4317/4979/4435 4316/4874/4330
f 4302/4968/4424 4303/4969/4425 4318/4980/4436 4317/4979/4435
f 4303/4969/4425 4304/4970/4426 4319/4981/4437 4318/4980/4436
f 4304/4970/4426 4305/4971/4427 4320/4982/4438 4319/4981/4437
f 4305/4971/4427 4306/4972/4428 4321/4983/4439 4320/4982/4438
f 4306/4972/4428 4307/4973/4429 4322/4984/4440 4321/4983/4439
f 4307/4973/4429 4308/4974/4430 4323/4985/4441 4322/4984/4440
f 4308/4974/4430 4309/4975/4431 4324/4986/4442 4323/4985/4441
f 4309/4975/4431 4310/3376/2963 4325/3395/2982 4324/4986/4442
f 4311/4815/4277 4312/4966/4422 4327/4977/4433 4326/4832/4294
f 4327/4977/4433 4328/4976/4432 4343/4987/4443 4342/4988/4444
f 4314/4978/4434 4315/4875/4331 4330/4877/4333 4329/4989/4445
f 4316/4874/4330 4317/4979/4435 4332/4990/4446 4331/4876/4332
f 4317/4979/4435 4318/4980/4436 4333/4991/4447 4332/4990/4446
f 4318/4980/4436 4319/4981/4437 4334/4992/4448 4333/4991/4447
f 4319/4981/4437 4320/4982/4438 4335/4993/4449 4334/4992/4448
f 4320/4982/4438 4321/4983/4439 4336/4994/4450 4335/4993/4449
f 4321/4983/4439 4322/4984/4440 4337/4995/4451 4336/4994/4450
f 4322/4984/4440 4323/4985/4441 4338/4996/4452 4337/4995/4451
f 4323/4985/4441 4324/4986/4442 4339/4997/4453 4338/4996/4452
f 4324/4986/4442 4325/3395/2982 4340/3414/3001 4339/4997/4453
f 4326/4832/4294 4327/4977/4433 4342/4988/4444 4341/4848/4310
f 4342/4988/4444 4343/4987/4443 4358/4998/4454 4357/4999/4455
f 4329/4989/4445 4330/4877/4333 4345/4879/4335 4344/5000/4456
f 4331/4876/4332 4332/4990/4446 4347/5001/4457 4346/4878/4334
f 4332/4990/4446 4333/4991/4447 4348/5002/4458 4347/5001/4457
f 4333/4991/4447 4334/4992/4448 4349/5003/4459 4348/5002/4458
f 4334/4992/4448 4335/4993/4449 4350/5004/4460 4349/5003/4459
f 4335/4993/4449 4336/4994/4450 4351/5005/4461 4350/5004/4460
f 4336/4994/4450 4337/4995/4451 4352/5006/4462 4351/5005/4461
f 4337/4995/4451 4338/4996/4452 4353/5007/4463 4352/5006/4462
f 4338/4996/4452 4339/4997/4453 4354/5008/4464 4353/5007/4463
f 4339/4997/4453 4340/3414/3001 4355/3433/3020 4354/5008/4464
f 4341/4848/4310 4342/4988/4444 4357/4999/4455 4356/4850/4312
f 4357/4999/4455 4358/4998/4454 4373/4417/3879 4372/4391/3853
f 4344/5000/4456 4345/4879/4335 4360/4881/4337 4359/5009/4465
f 4346/4878/4334 4347/5001/4457 4362/5010/4466 4361/4880/4336
f 4347/5001/4457 4348/5002/4458 4363/5011/4467 4362/5010/4466
f 4348/5002/4458 4349/5003/4459 4364/5012/4468 4363/5011/4467
f 4349/5003/4459 4350/5004/4460 4365/5013/4469 4364/5012/4468
f 4350/5004/4460 4351/5005/4461 4366/5014/4470 4365/5013/4469
f 4351/5005/4461 4352/5006/4462 4367/5015/4471 4366/5014/4470
f 4352/5006/4462 4353/5007/4463 4368/5016/4472 4367/5015/4471
f 4353/5007/4463 4354/5008/4464 4369/5017/4473 4368/5016/4472
f 4354/5008/4464 4355/3433/3020 4370/3452/3039 4369/5017/4473
f 4356/4850/4312 4357/4999/4455 4372/4391/3853 4371/4371/3833
f 4359/5009/4465 4360/4881/4337 4375/4455/3917 4374/4436/3898
f 4361/4880/4336 4362/5010/4466 4377/4493/3955 4376/4474/3936
f 4362/5010/4466 4363/5011/4467 4378/4512/3974 4377/4493/3955
f 4363/5011/4467 4364/5012/4468 4379/4530/3992 4378/4512/3974
f 4364/5012/4468 4365/5013/4469 4380/4548/4010 4379/4530/3992
f 4365/5013/4469 4366/5014/4470 4381/4567/4029 4380/4548/4010
f 4366/5014/4470 4367/5015/4471 4382/4584/4046 4381/4567/4029
f 4367/5015/4471 4368/5016/4472 4383/4600/4062 4382/4584/4046
f 4368/5016/4472 4369/5017/4473 4384/4604/4066 4383/4600/4062
f 4369/5017/4473 4370/3452/3039 4385/3473/3060 4384/4604/4066
f 4386/1754/1592 4387/5018/1530 4402/5019/4474 4401/3239/2839
f 4388/1707/1529 4389/1706/1549 4404/1805/1630 4403/5020/4475
f 4387/5021/1530 4388/1707/1529 4403/5020/4475 4402/5022/4474
f 4164/3845/3389 4165/3864/3408 4180/3926/3456 4179/3925/3455
f 4165/3864/3408 4166/3863/3407 4181/4882/4338 4180/3926/3456
f 4166/3863/3407 4167/3868/3412 4182/4883/4339 4181/4882/4338
f 4167/3868/3412 4168/3867/3411 4183/4885/4341 4182/4883/4339
f 4168/3867/3411 4169/3870/3414 4184/4887/4343 4183/4885/4341
f 4169/3870/3414 4170/3872/3416 4185/4889/4345 4184/4887/4343
f 4170/3872/3416 4171/3874/3418 4186/4891/4347 4185/4889/4345
f 4171/3874/3418 4172/3876/3420 4187/4893/4349 4186/4891/4347
f 4172/3876/3420 4173/3878/3422 4188/4895/4351 4187/4893/4349
f 4173/3878/3422 4174/3880/3424 4189/4897/4353 4188/4895/4351
f 4174/3880/3424 4175/3882/3426 4190/3528/3114 4189/4897/4353
f 4176/4649/4111 4177/4851/4313 4192/3929/3459 4191/4666/4128
f 4177/4851/4313 4178/4852/4314 4193/3930/3460 4192/3929/3459
f 3968/4334/3798 3969/4332/3796 3984/3574/3156 3983/3573/3155
f 4178/4852/4314 4179/3925/3455 4194/3928/3458 4193/3930/3460
f 4180/3926/3456 4181/4882/4338 4196/4859/4315 4195/3927/3457
f 4193/3930/3460 4194/3928/3458 4209/4901/4357 4208/3931/3461
f 2845/3252/2852 2846/3219/2821 2861/3256/2856 2860/3253/2853
f 4208/3931/3461 4209/4901/4357 4224/4912/4368 4223/4899/4355
f 2860/3253/2853 2861/3256/2856 2876/3277/2875 2875/3274/2872
f 4223/4899/4355 4224/4912/4368 4239/4923/4379 4238/4910/4366
f 2875/3274/2872 2876/3277/2875 2891/3301/2894 2890/3298/2891
f 4238/4910/4366 4239/4923/4379 4254/4934/4390 4253/4921/4377
f 2890/3298/2891 2891/3301/2894 2906/3324/2913 2905/3321/2910
f 4253/4921/4377 4254/4934/4390 4269/4945/4401 4268/4932/4388
f 2905/3321/2910 2906/3324/2913 2921/3345/2932 2920/3342/2929
f 4268/4932/4388 4269/4945/4401 4284/4956/4412 4283/4943/4399
f 2920/3342/2929 2921/3345/2932 2936/3364/2951 2935/3361/2948
f 4283/4943/4399 4284/4956/4412 4299/4967/4423 4298/4954/4410
f 2935/3361/2948 2936/3364/2951 2951/3383/2970 2950/3380/2967
f 4298/4954/4410 4299/4967/4423 4314/4978/4434 4313/4965/4421
f 2950/3380/2967 2951/3383/2970 2966/3402/2989 2965/3399/2986
f 4313/4965/4421 4314/4978/4434 4329/4989/4445 4328/4976/4432
f 2965/3399/2986 2966/3402/2989 2981/3421/3008 2980/3418/3005
f 4328/4976/4432 4329/4989/4445 4344/5000/4456 4343/4987/4443
f 2980/3418/3005 2981/3421/3008 2996/3440/3027 2995/3437/3024
f 4343/4987/4443 4344/5000/4456 4359/5009/4465 4358/4998/4454
f 2995/3437/3024 2996/3440/3027 3011/3461/3048 3010/3458/3045
f 4358/4998/4454 4359/5009/4465 4374/4436/3898 4373/4417/3879
f 3010/3458/3045 3011/3461/3048 3026/3479/3066 3025/3476/3063
f 495/3491/3078 494/3494/3081 3929/3497/3084 3930/3492/3079
f 4406/3567/3149 4407/5023/4476 4422/5024/4477 4421/3535/3121
f 4407/5023/4476 4408/5025/4478 4423/5026/4479 4422/5024/4477
f 4408/5025/4478 4409/5027/4480 4424/5028/4481 4423/5026/4479
f 4409/5027/4480 4410/5029/4482 4425/5030/4483 4424/5028/4481
f 4410/5031/4482 4411/5032/4484 4426/5033/4485 4425/5034/4483
f 4411/5032/4484 4412/5035/4486 4427/5036/4487 4426/5033/4485
f 4412/5035/4486 4413/5037/4488 4428/5038/4489 4427/5036/4487
f 4413/5037/4488 4414/5039/4490 4429/5040/4491 4428/5038/4489
f 4414/5039/4490 4415/4342/3806 4430/4341/3805 4429/5040/4491
f 4416/3291/2866 4417/1809/1634 4432/1812/1637 4431/3292/2885
f 4432/1812/1637 4433/1811/1636 4448/5041/4492 4447/5042/4493
f 4419/1808/1633 4420/1807/1632 4435/3537/3123 4434/5043/4494
f 4421/3535/3121 4422/5024/4477 4437/5044/4495 4436/3536/3122
f 4422/5024/4477 4423/5026/4479 4438/5045/4496 4437/5044/4495
f 4423/5026/4479 4424/5028/4481 4439/5046/4497 4438/5045/4496
f 4424/5028/4481 4425/5030/4483 4440/5047/4498 4439/5046/4497
f 4425/5034/4483 4426/5033/4485 4441/5048/4499 4440/5049/4498
f 4426/5033/4485 4427/5036/4487 4442/5050/4500 4441/5048/4499
f 4427/5036/4487 4428/5038/4489 4443/5051/4501 4442/5050/4500
f 4428/5038/4489 4429/5040/4491 4444/5052/4502 4443/5051/4501
f 4429/5040/4491 4430/4341/3805 4445/4651/4113 4444/5052/4502
f 4431/3292/2885 4432/1812/1637 4447/5042/4493 4446/3315/2904
f 4447/5042/4493 4448/5041/4492 4463/5053/4503 4462/5054/4504
f 4434/5043/4494 4435/3537/3123 4450/3539/3125 4449/5055/4505
f 4436/3536/3122 4437/5044/4495 4452/5056/4506 4451/3538/3124
f 4437/5044/4495 4438/5045/4496 4453/5057/4507 4452/5056/4506
f 4438/5045/4496 4439/5046/4497 4454/5058/4508 4453/5057/4507
f 4439/5046/4497 4440/5047/4498 4455/5059/4509 4454/5058/4508
f 4440/5049/4498 4441/5048/4499 4456/5060/4510 4455/5061/4509
f 4441/5048/4499 4442/5050/4500 4457/5062/4511 4456/5060/4510
f 4442/5050/4500 4443/5051/4501 4458/5063/4512 4457/5062/4511
f 4443/5051/4501 4444/5052/4502 4459/5064/4513 4458/5063/4512
f 4444/5052/4502 4445/4651/4113 4460/4668/4130 4459/5064/4513
f 4446/3315/2904 4447/5042/4493 4462/5054/4504 4461/5065/2923
f 4462/5054/4504 4463/5053/4503 4478/5066/4514 4477/5067/4515
f 4449/5055/4505 4450/3539/3125 4465/3541/3127 4464/5068/4516
f 4451/3538/3124 4452/5056/4506 4467/5069/4517 4466/3540/3126
f 4452/5056/4506 4453/5057/4507 4468/5070/4518 4467/5069/4517
f 4453/5057/4507 4454/5058/4508 4469/5071/4519 4468/5070/4518
f 4454/5058/4508 4455/5059/4509 4470/5072/4520 4469/5071/4519
f 4455/5061/4509 4456/5060/4510 4471/5073/4521 4470/5074/4520
f 4456/5060/4510 4457/5062/4511 4472/5075/4522 4471/5073/4521
f 4457/5062/4511 4458/5063/4512 4473/5076/4523 4472/5075/4522
f 4458/5063/4512 4459/5064/4513 4474/5077/4524 4473/5076/4523
f 4459/5064/4513 4460/4668/4130 4475/4685/4147 4474/5077/4524
f 4461/5065/2923 4462/5054/4504 4477/5067/4515 4476/5078/2942
f 4477/5067/4515 4478/5066/4514 4493/5079/4525 4492/5080/4526
f 4464/5068/4516 4465/3541/3127 4480/3544/3129 4479/5081/4527
f 4466/3540/3126 4467/5069/4517 4482/5082/4528 4481/3543/3128
f 4467/5069/4517 4468/5070/4518 4483/5083/4529 4482/5082/4528
f 4468/5070/4518 4469/5071/4519 4484/5084/4530 4483/5083/4529
f 4469/5071/4519 4470/5072/4520 4485/5085/4531 4484/5084/4530
f 4470/5074/4520 4471/5073/4521 4486/5086/4532 4485/5087/4531
f 4471/5073/4521 4472/5075/4522 4487/5088/4533 4486/5086/4532
f 4472/5075/4522 4473/5076/4523 4488/5089/4534 4487/5088/4533
f 4473/5076/4523 4474/5077/4524 4489/5090/4535 4488/5089/4534
f 4474/5077/4524 4475/4685/4147 4490/4703/4165 4489/5090/4535
f 4476/5078/2942 4477/5067/4515 4492/5080/4526 4491/5091/2961
f 4492/5080/4526 4493/5079/4525 4508/5092/4536 4507/5093/4537
f 4479/5081/4527 4480/3544/3129 4495/3547/3131 4494/5094/4538
f 4481/3543/3128 4482/5082/4528 4497/5095/4539 4496/3546/3130
f 4482/5082/4528 4483/5083/4529 4498/5096/4540 4497/5095/4539
f 4483/5083/4529 4484/5084/4530 4499/5097/4541 4498/5096/4540
f 4484/5098/4530 4485/5087/4531 4500/5099/4542 4499/5100/4541
f 4485/5087/4531 4486/5086/4532 4501/5101/4543 4500/5099/4542
f 4486/5086/4532 4487/5088/4533 4502/5102/4544 4501/5101/4543
f 4487/5088/4533 4488/5089/4534 4503/5103/4545 4502/5102/4544
f 4488/5089/4534 4489/5090/4535 4504/5104/4546 4503/5103/4545
f 4489/5090/4535 4490/4703/4165 4505/4722/4184 4504/5104/4546
f 4491/3374/2961 4492/5105/4526 4507/5106/4537 4506/3393/2980
f 4507/5093/4537 4508/5092/4536 4523/5107/4547 4522/5108/4548
f 4494/5094/4538 4495/3547/3131 4510/3549/3133 4509/5109/4549
f 4496/3546/3130 4497/5095/4539 4512/5110/4550 4511/3548/3132
f 4497/5095/4539 4498/5096/4540 4513/5111/4551 4512/5110/4550
f 4498/5096/4540 4499/5097/4541 4514/5112/4552 4513/5111/4551
f 4499/5100/4541 4500/5099/4542 4515/5113/4553 4514/5114/4552
f 4500/5099/4542 4501/5101/4543 4516/5115/4554 4515/5113/4553
f 4501/5101/4543 4502/5102/4544 4517/5116/4555 4516/5115/4554
f 4502/5102/4544 4503/5103/4545 4518/5117/4556 4517/5116/4555
f 4503/5103/4545 4504/5104/4546 4519/5118/4557 4518/5117/4556
f 4504/5104/4546 4505/4722/4184 4520/4741/4203 4519/5118/4557
f 4506/3393/2980 4507/5106/4537 4522/5119/4548 4521/3412/2999
f 4522/5119/4548 4523/5120/4547 4538/5121/4558 4537/5122/4559
f 4509/5109/4549 4510/3549/3133 4525/3551/3135 4524/5123/4560
f 4511/3548/3132 4512/5110/4550 4527/5124/4561 4526/3550/3134
f 4512/5110/4550 4513/5111/4551 4528/5125/4562 4527/5124/4561
f 4513/5126/4551 4514/5114/4552 4529/5127/4563 4528/5128/4562
f 4514/5114/4552 4515/5113/4553 4530/5129/4564 4529/5127/4563
f 4515/5113/4553 4516/5115/4554 4531/5130/4565 4530/5129/4564
f 4516/5115/4554 4517/5116/4555 4532/5131/4566 4531/5130/4565
f 4517/5116/4555 4518/5117/4556 4533/5132/4567 4532/5131/4566
f 4518/5117/4556 4519/5118/4557 4534/5133/4568 4533/5132/4567
f 4519/5118/4557 4520/4741/4203 4535/4760/4222 4534/5133/4568
f 4521/3412/2999 4522/5119/4548 4537/5122/4559 4536/3431/3018
f 4537/5122/4559 4538/5121/4558 4553/5134/4569 4552/5135/4570
f 4524/5123/4560 4525/3551/3135 4540/3553/3137 4539/5136/4571
f 4526/5137/3134 4527/5138/4561 4542/5139/4572 4541/3555/3136
f 4527/5138/4561 4528/5128/4562 4543/5140/4573 4542/5139/4572
f 4528/5128/4562 4529/5127/4563 4544/5141/4574 4543/5140/4573
f 4529/5127/4563 4530/5129/4564 4545/5142/4575 4544/5141/4574
f 4530/5129/4564 4531/5130/4565 4546/5143/4576 4545/5142/4575
f 4531/5130/4565 4532/5131/4566 4547/5144/4577 4546/5143/4576
f 4532/5131/4566 4533/5132/4567 4548/5145/4578 4547/5144/4577
f 4533/5132/4567 4534/5133/4568 4549/5146/4579 4548/5145/4578
f 4534/5133/4568 4535/4760/4222 4550/4779/4241 4549/5146/4579
f 4536/3431/3018 4537/5122/4559 4552/5135/4570 4551/3450/3037
f 4552/5135/4570 4553/5134/4569 4568/5147/4580 4567/5148/4581
f 4539/5149/4571 4540/3554/3137 4555/3557/3139 4554/5150/4582
f 4541/3555/3136 4542/5139/4572 4557/5151/4583 4556/3556/3138
f 4542/5139/4572 4543/5140/4573 4558/5152/4584 4557/5151/4583
f 4543/5140/4573 4544/5141/4574 4559/5153/4585 4558/5152/4584
f 4544/5141/4574 4545/5142/4575 4560/5154/4586 4559/5153/4585
f 4545/5142/4575 4546/5143/4576 4561/5155/4587 4560/5154/4586
f 4546/5143/4576 4547/5144/4577 4562/5156/4588 4561/5155/4587
f 4547/5144/4577 4548/5145/4578 4563/5157/4589 4562/5156/4588
f 4548/5145/4578 4549/5146/4579 4564/5158/4590 4563/5157/4589
f 4549/5146/4579 4550/4779/4241 4565/4798/4260 4564/5158/4590
f 4551/3450/3037 4552/5135/4570 4567/5148/4581 4566/3471/3058
f 4567/5148/4581 4568/5147/4580 4583/5159/4591 4582/5160/4592
f 4554/5150/4582 4555/3557/3139 4570/3559/3141 4569/5161/4593
f 4556/3556/3138 4557/5151/4583 4572/5162/4594 4571/3558/3140
f 4557/5151/4583 4558/5152/4584 4573/5163/4595 4572/5162/4594
f 4558/5152/4584 4559/5153/4585 4574/5164/4596 4573/5163/4595
f 4559/5153/4585 4560/5154/4586 4575/5165/4597 4574/5164/4596
f 4560/5154/4586 4561/5155/4587 4576/5166/4598 4575/5165/4597
f 4561/5155/4587 4562/5156/4588 4577/5167/4599 4576/5166/4598
f 4562/5156/4588 4563/5157/4589 4578/5168/4600 4577/5167/4599
f 4563/5157/4589 4564/5158/4590 4579/5169/4601 4578/5168/4600
f 4564/5158/4590 4565/4798/4260 4580/4817/4279 4579/5169/4601
f 4566/3471/3058 4567/5148/4581 4582/5160/4592 4581/3489/3076
f 4582/5160/4592 4583/5159/4591 4598/4569/4031 4597/4586/4048
f 4569/5161/4593 4570/3559/3141 4585/3561/3143 4584/5170/4602
f 4571/3558/3140 4572/5162/4594 4587/5171/4603 4586/3560/3142
f 4572/5162/4594 4573/5163/4595 4588/5172/4604 4587/5171/4603
f 4573/5163/4595 4574/5164/4596 4589/5173/4605 4588/5172/4604
f 4574/5164/4596 4575/5165/4597 4590/5174/4606 4589/5173/4605
f 4575/5165/4597 4576/5166/4598 4591/5175/4607 4590/5174/4606
f 4576/5166/4598 4577/5167/4599 4592/5176/4608 4591/5175/4607
f 4577/5167/4599 4578/5168/4600 4593/5177/4609 4592/5176/4608
f 4578/5168/4600 4579/5169/4601 4594/5178/4610 4593/5177/4609
f 4579/5169/4601 4580/4817/4279 4595/4834/4296 4594/5178/4610
f 4581/3489/3076 4582/5160/4592 4597/4586/4048 4596/3513/3100
f 4584/5170/4602 4585/3561/3143 4600/3563/3145 4599/4550/4012
f 4586/3560/3142 4587/5171/4603 4602/4495/3957 4601/3562/3144
f 4587/5171/4603 4588/5172/4604 4603/4476/3938 4602/4495/3957
f 4588/5172/4604 4589/5173/4605 4604/4457/3919 4603/4476/3938
f 4589/5173/4605 4590/5174/4606 4605/4438/3900 4604/4457/3919
f 4590/5174/4606 4591/5175/4607 4606/4419/3881 4605/4438/3900
f 4591/5175/4607 4592/5176/4608 4607/4393/3855 4606/4419/3881
f 4592/5176/4608 4593/5177/4609 4608/4394/3856 4607/4393/3855
f 4593/5177/4609 4594/5178/4610 4609/4620/4082 4608/4394/3856
f 4594/5178/4610 4595/4834/4296 4610/4308/3782 4609/4620/4082
f 1446/1352/1250 36/362/332 1/361/331 171/1385/1283
f 37/363/333 36/362/332 1446/1352/1250 1447/1351/1249
f 1/361/331 35/360/330 1461/1420/1302 410/1404/1288
f 560/1749/1587 559/4339/3803 4415/4342/3806 4400/1747/1585
f 4389/1706/1549 4390/1727/1567 4405/1806/1631 4404/1805/1630
f 4390/1727/1567 4391/1726/1566 4406/3567/3149 4405/1806/1631
f 4391/1726/1566 4392/1731/1571 4407/5023/4476 4406/3567/3149
f 4392/1731/1571 4393/1730/1570 4408/5025/4478 4407/5023/4476
f 4393/1730/1570 4394/1733/1573 4409/5027/4480 4408/5025/4478
f 4394/1737/1573 4395/1736/1575 4410/5031/4482 4409/5179/4480
f 4395/1736/1575 4396/1739/1577 4411/5032/4484 4410/5031/4482
f 4396/1739/1577 4397/1741/1579 4412/5035/4486 4411/5032/4484
f 4397/1741/1579 4398/1743/1581 4413/5037/4488 4412/5035/4486
f 4398/1743/1581 4399/1745/1583 4414/5039/4490 4413/5037/4488
f 4399/1745/1583 4400/1747/1585 4415/4342/3806 4414/5039/4490
f 4401/5180/2839 4402/5022/4474 4417/1809/1634 4416/3291/2866
f 4402/5022/4474 4403/5020/4475 4418/1810/1635 4417/1809/1634
f 4403/5020/4475 4404/1805/1630 4419/1808/1633 4418/1810/1635
f 38/365/334 37/364/333 1447/5181/1249 1448/4318/1268
f 4418/1810/1635 4419/1808/1633 4434/5043/4494 4433/1811/1636
f 3970/4331/3795 3971/4631/4093 3986/4656/4118 3985/4654/4116
f 4433/1811/1636 4434/5043/4494 4449/5055/4505 4448/5041/4492
f 3985/4654/4116 3986/4656/4118 4001/4673/4135 4000/4671/4133
f 4448/5041/4492 4449/5055/4505 4464/5068/4516 4463/5053/4503
f 4000/4671/4133 4001/4673/4135 4016/4691/4153 4015/4689/4151
f 4463/5053/4503 4464/5068/4516 4479/5081/4527 4478/5066/4514
f 4015/4689/4151 4016/4691/4153 4031/4710/4172 4030/4707/4169
f 4478/5066/4514 4479/5081/4527 4494/5094/4538 4493/5079/4525
f 4030/4707/4169 4031/4710/4172 4046/4729/4191 4045/4726/4188
f 4493/5079/4525 4494/5094/4538 4509/5109/4549 4508/5092/4536
f 4045/4726/4188 4046/4729/4191 4061/4748/4210 4060/4745/4207
f 4508/5092/4536 4509/5109/4549 4524/5123/4560 4523/5107/4547
f 4060/4745/4207 4061/4748/4210 4076/4767/4229 4075/4764/4226
f 4523/5107/4547 4524/5123/4560 4539/5136/4571 4538/5182/4558
f 4075/4764/4226 4076/4767/4229 4091/4786/4248 4090/4783/4245
f 4538/5121/4558 4539/5149/4571 4554/5150/4582 4553/5134/4569
f 4090/4783/4245 4091/4786/4248 4106/4805/4267 4105/4802/4264
f 4553/5134/4569 4554/5150/4582 4569/5161/4593 4568/5147/4580
f 4105/4802/4264 4106/4805/4267 4121/4822/4284 4120/4819/4281
f 4568/5147/4580 4569/5161/4593 4584/5170/4602 4583/5159/4591
f 4120/4819/4281 4121/4822/4284 4136/4838/4300 4135/4835/4297
f 4583/5159/4591 4584/5170/4602 4599/4550/4012 4598/4569/4031
f 4135/4835/4297 4136/4838/4300 4151/4347/3809 4150/4319/3791
f 410/1404/1288 409/425/390 3290/428/393 3275/1386/1284
f 40/6/6 39/368/336 1449/1389/1285 1450/7/7
f 563/366/335 564/369/337 579/434/397 578/4316/3790
f 565/370/338 566/371/339 581/34/34 580/433/396
f 566/371/339 567/372/340 582/35/35 581/34/34
f 567/372/340 568/373/341 583/38/38 582/35/35
f 568/373/341 569/374/342 584/40/40 583/38/38
f 569/374/342 570/375/343 585/42/42 584/40/40
f 570/375/343 571/376/344 586/44/44 585/42/42
f 571/376/344 572/377/345 587/46/46 586/44/44
f 572/377/345 573/378/346 588/48/48 587/46/46
f 573/378/346 574/379/347 589/50/50 588/48/48
f 574/379/347 575/380/348 590/52/52 589/50/50
f 591/30/30 592/29/29 607/5183/64 606/431/394
f 577/4317/3 578/4316/3790 593/381/349 592/1422/29
f 35/360/330 34/432/395 1462/1409/1291 1461/1420/1302
f 578/4316/3790 579/434/397 594/67/67 593/381/349
f 608/65/65 609/70/70 624/89/89 623/66/66
f 623/66/66 624/89/89 639/110/108 638/87/87
f 638/87/87 639/110/108 654/134/127 653/108/106
f 653/108/106 654/134/127 669/156/146 668/132/125
f 668/132/125 669/156/146 684/177/165 683/154/144
f 683/154/144 684/177/165 699/198/184 698/175/163
f 698/175/163 699/198/184 714/219/203 713/196/182
f 713/196/182 714/219/203 729/239/222 728/217/201
f 728/217/201 729/239/222 744/261/241 743/237/220
f 743/237/220 744/261/241 759/284/262 758/259/239
f 758/281/239 759/306/262 774/309/284 773/282/260
f 77/304/281 76/329/301 790/332/304 789/305/282
f 805/397/365 806/437/400 821/440/403 820/398/366
f 833/403/370 834/467/428 849/486/447 848/465/426
f 848/465/426 849/486/447 864/505/466 863/484/445
f 863/484/445 864/505/466 879/524/485 878/503/464
f 878/503/464 879/524/485 894/543/504 893/522/483
f 893/522/483 894/543/504 909/562/523 908/541/502
f 908/541/502 909/562/523 924/581/542 923/560/521
f 923/560/521 924/581/542 939/600/561 938/579/540
f 938/579/540 939/600/561 954/619/580 953/598/559
f 953/598/559 954/619/580 969/638/599 968/617/578
f 968/617/578 969/638/599 984/659/620 983/636/597
f 983/636/597 984/659/620 999/681/642 998/657/618
f 122/678/639 121/698/659 1015/701/662 1014/679/640
f 1030/742/696 1031/770/720 1046/773/723 1045/743/697
f 1058/748/701 1059/798/748 1074/819/767 1073/796/746
f 1073/796/746 1074/819/767 1089/840/786 1088/817/765
f 1088/817/765 1089/840/786 1104/859/805 1103/838/784
f 1103/838/784 1104/859/805 1119/880/824 1118/857/803
f 1118/857/803 1119/880/824 1134/899/843 1133/878/822
f 1133/878/822 1134/899/843 1149/924/862 1148/897/841
f 1148/897/841 1149/924/862 1164/948/881 1163/922/860
f 1163/922/860 1164/948/881 1179/972/900 1178/946/879
f 1178/946/879 1179/972/900 1194/993/919 1193/5184/898
f 1193/970/898 1194/5185/919 1209/1040/940 1208/991/917
f 1208/991/917 1209/1040/940 1224/1043/962 1223/1014/938
f 167/1038/959 166/1062/979 1240/1065/982 1239/1039/960
f 1255/1122/1025 1256/1156/1054 1271/1159/1057 1270/1123/1026
f 1283/1127/1030 1284/1184/1082 1299/1203/1101 1298/1182/1080
f 1298/1182/1080 1299/1203/1101 1314/1222/1120 1313/1201/1099
f 1313/1201/1099 1314/1222/1120 1329/1241/1139 1328/1220/1118
f 1328/1220/1118 1329/1241/1139 1344/1260/1158 1343/1239/1137
f 1343/1239/1137 1344/1260/1158 1359/1279/1177 1358/1258/1156
f 1358/1258/1156 1359/1279/1177 1374/1298/1196 1373/1277/1175
f 1373/1277/1175 1374/1298/1196 1389/1317/1215 1388/1296/1194
f 1388/1296/1194 1389/1317/1215 1404/1336/1234 1403/1315/1213
f 1403/1315/1213 1404/1336/1234 1419/1355/1253 1418/1334/1232
f 1418/1334/1232 1419/1355/1253 1434/1372/1270 1433/1353/1251
f 1433/1353/1251 1434/1372/1270 1449/5186/1285 1448/1370/1268
f 2581/2460/2218 2582/2440/2198 249/2443/2201 250/2461/2219
f 2108/2412/2170 2109/2428/2186 2124/2444/2202 2123/2426/2184
f 2093/2398/2156 2094/2414/2172 2109/2428/2186 2108/2412/2170
f 2078/2384/2142 2079/2400/2158 2094/2414/2172 2093/2398/2156
f 2063/2369/2128 2064/2386/2144 2079/2400/2158 2078/2384/2142
f 2048/2354/2114 2049/2371/2130 2064/2386/2144 2063/2369/2128
f 2033/2338/2100 2034/2356/2116 2049/2371/2130 2048/2354/2114
f 2018/2323/2086 2019/2340/2102 2034/2356/2116 2033/2338/2100
f 2003/2308/2072 2004/2325/2088 2019/2340/2102 2018/2323/2086
f 1988/2307/2058 1989/2310/2074 2004/2325/2088 2003/2308/2072
f 1973/2274/2043 1974/2294/2060 1989/2310/2074 1988/2307/2058
f 1958/2273/2042 1959/2277/2046 1974/2294/2060 1973/2274/2043
f 1943/2497/2253 1944/2276/2045 1959/2277/2046 1958/2273/2042
f 1928/2138/1933 1929/2500/2254 1944/2503/2045 1943/2498/2253
f 1926/5187/1922 1927/5188/1934 1942/2270/2040 1941/2269/1920
f 2810/2242/2013 306/2244/2015 10/2247/2018 216/2243/2014
f 1924/2495/2251 1925/2496/2252 1940/2265/2036 1939/2263/2034
f 1923/2494/2250 1924/2495/2251 1939/2263/2034 1938/2261/2032
f 1922/2493/2249 1923/2494/2250 1938/2261/2032 1937/2259/2030
f 1921/2492/2248 1922/2493/2249 1937/2259/2030 1936/2257/2028
f 1920/2491/2247 1921/2492/2248 1936/2257/2028 1935/2255/2026
f 1919/2490/2246 1920/2491/2247 1935/2255/2026 1934/2253/2024
f 1918/2488/2245 1919/2490/2246 1934/2253/2024 1933/2251/2022
f 1917/2489/2244 1918/2488/2245 1933/2251/2022 1932/2249/2020
f 1916/5189/2243 1917/2489/2244 1932/2249/2020 1931/2248/2019
f 1915/2484/2242 1916/2485/2243 1931/3189/2019 1930/2501/2255
f 1914/2483/2241 1915/2484/2242 1930/2501/2255 1929/2500/2254
f 1913/2137/1932 1914/2483/2241 1929/2500/2254 1928/2138/1933
f 245/2133/1928 244/2059/1858 2106/2062/1861 2121/2134/1929
f 1748/1862/1670 1749/1884/1691 1764/1903/1710 1763/1882/1689
f 1763/1882/1689 1764/1903/1710 1779/1922/1729 1778/1901/1708
f 1778/1901/1708 1779/1922/1729 1794/1943/1748 1793/1920/1727
f 1793/1920/1727 1794/1943/1748 1809/1965/1767 1808/1941/1746
f 1808/1941/1746 1809/1965/1767 1824/1985/1786 1823/1962/1765
f 1823/1962/1765 1824/1985/1786 1839/2006/1805 1838/5190/1784
f 1838/5190/1784 1839/2006/1805 1854/2025/1824 1853/5191/1803
f 1853/5191/1803 1854/2025/1824 1869/2044/1843 1868/5192/1822
f 1868/2023/1822 1869/5193/1843 1884/5194/1864 1883/2042/1841
f 1883/2042/1841 1884/5194/1864 1899/2207/1886 1898/2063/1862
f 242/2084/1883 241/5195/1903 2061/2383/1906 2076/2085/1884
f 1705/1106/1011 1706/1830/1644 1721/1833/1647 1720/1107/1012
f 2213/2218/1993 2214/2217/1992 2229/2604/2338 2228/2579/2318
f 2228/2601/2318 2229/5196/2338 2244/2657/2357 2243/2602/2336
f 2243/2602/2336 2244/2657/2357 2259/2660/2376 2258/2629/2355
f 2258/2629/2355 2259/2660/2376 2274/2682/2395 2273/2656/2374
f 2273/2656/2374 2274/2682/2395 2289/2703/2414 2288/2680/2393
f 2288/2680/2393 2289/2703/2414 2304/2723/2433 2303/2701/2412
f 2303/2701/2412 2304/2723/2433 2319/2740/2450 2318/2721/2431
f 2318/2721/2431 2319/2740/2450 2334/2756/2466 2333/2738/2448
f 2333/2738/2448 2334/2756/2466 2349/2304/2070 2348/2287/2056
f 2155/383/351 2156/2506/2258 2171/2509/2261 2170/384/352
f 335/1753/1591 334/5197/1527 4387/5018/1530 4386/1754/1592
f 365/3884/3428 364/3820/3367 4162/3823/3370 4161/3885/3429
f 530/3515/3102 529/3527/3113 4190/3528/3114 4175/3882/3426
f 2827/3178/2792 2828/3177/2791 2843/3532/3118 2842/3214/2816
f 2841/3215/2817 2842/3214/2816 2857/3248/2848 2856/3530/3116
f 2824/3529/3115 2825/3531/3117 2840/3236/2836 2839/3234/2834
f 2823/3526/3112 2824/3529/3115 2839/3234/2834 2838/3232/2832
f 2822/3525/3111 2823/3526/3112 2838/3232/2832 2837/3230/2830
f 2821/3524/3110 2822/3525/3111 2837/3230/2830 2836/3228/2828
f 2820/3523/3109 2821/3524/3110 2836/3228/2828 2835/3226/2826
f 2819/3522/3108 2820/3523/3109 2835/3226/2826 2834/3223/2824
f 2818/3521/3107 2819/3522/3108 2834/3223/2824 2833/3222/2822
f 2817/3519/3106 2818/3521/3107 2833/3222/2822 2832/5198/2819
f 2816/3518/3105 2817/5199/3106 2832/3217/2819 2831/3216/2818
f 2815/3517/3104 2816/3518/3105 2831/3216/2818 2830/3534/3120
f 2814/3516/3103 2815/3517/3104 2830/3534/3120 2829/3533/3119
f 2813/3176/2790 2814/3516/3103 2829/3533/3119 2828/3177/2791
f 3505/760/711 3506/4112/3605 3521/1775/1600 3520/761/712
f 1523/1462/1339 1524/1487/1360 1539/1510/1379 1538/1485/1358
f 1538/1485/1358 1539/1510/1379 1554/1533/1398 1553/1508/1377
f 1553/1530/1377 1554/1555/1398 1569/1558/1417 1568/1531/1396
f 1568/1531/1396 1569/1558/1417 1584/1579/1436 1583/1554/1415
f 1583/1554/1415 1584/1579/1436 1599/1600/1455 1598/1576/1434
f 1598/1576/1434 1599/1600/1455 1614/1620/1474 1613/5200/1453
f 1613/1598/1453 1614/5201/1474 1629/1661/1493 1628/1618/1472
f 1628/1618/1472 1629/1661/1493 1644/1664/1512 1643/1639/1491
f 1643/1639/1491 1644/1664/1512 1659/1688/1533 1658/1660/1510
f 1658/1660/1510 1659/1688/1533 1674/1709/1551 1673/1686/1531
f 332/1705/1548 331/1724/1564 4390/1727/1567 4389/1706/1549
f 1480/414/380 1481/1432/1313 1496/1435/1316 1495/415/381
f 3113/1827/1641 3114/1826/1640 3129/3668/3238 3128/3646/3218
f 3128/3646/3218 3129/3668/3238 3144/3688/3257 3143/3666/3236
f 3143/3666/3236 3144/3688/3257 3159/3709/3276 3158/3686/3255
f 3158/3686/3255 3159/3709/3276 3174/3735/3295 3173/3707/3274
f 3173/3707/3274 3174/3735/3295 3189/3761/3314 3188/3732/3293
f 3188/3732/3293 3189/3761/3314 3204/3784/3333 3203/5202/3312
f 3203/5202/3312 3204/3784/3333 3219/3805/3352 3218/5203/3331
f 3218/5203/3331 3219/3805/3352 3234/3829/3373 3233/3825/3350
f 3233/3825/3350 3234/3829/3373 3249/3847/3391 3248/3826/3371
f 362/3844/3388 361/3861/3405 4165/3864/3408 4164/3845/3389
f 3055/3888/1040 3056/3576/3158 3071/3579/3161 3070/4321/1041
f 4609/4620/4082 4610/4308/3782 441/4309/3783 442/4621/4083
f 3727/4315/3789 3728/4314/3788 3743/4625/4087 3742/4369/3831
f 3741/4370/3832 3742/4369/3831 3757/4401/3863 3756/4623/4085
f 3724/4622/4084 3725/4624/4086 3740/4389/3851 3739/4387/3849
f 3723/4619/4081 3724/4622/4084 3739/4387/3849 3738/4385/3847
f 3722/4618/4080 3723/4619/4081 3738/4385/3847 3737/4383/3845
f 3721/4617/4079 3722/4618/4080 3737/4383/3845 3736/4381/3843
f 3720/4616/4078 3721/4617/4079 3736/4381/3843 3735/4379/3841
f 3719/4615/4077 3720/4616/4078 3735/4379/3841 3734/4377/3839
f 3718/4614/4076 3719/4615/4077 3734/4377/3839 3733/4375/3837
f 3717/4613/4075 3718/4614/4076 3733/4375/3837 3732/4373/3835
f 3716/4612/4074 3717/4613/4075 3732/4373/3835 3731/3938/3464
f 3715/4611/4073 3716/4612/4074 3731/3938/3464 3730/3937/3463
f 3714/4610/4072 3715/4611/4073 3730/3937/3463 3729/4626/4088
f 3713/4313/3787 3714/4610/4072 3729/4626/4088 3728/4314/3788
f 3908/4571/4033 3909/4589/4051 3924/3505/3092 3923/3507/3094
f 3893/4554/4016 3894/4573/4035 3909/4589/4051 3908/4571/4033
f 3878/4535/3997 3879/4556/4018 3894/4573/4035 3893/4554/4016
f 3863/4517/3979 3864/4537/3999 3879/4556/4018 3878/4535/3997
f 3848/4499/3961 3849/4519/3981 3864/4537/3999 3863/4517/3979
f 3833/4480/3942 3834/4501/3963 3849/4519/3981 3848/4499/3961
f 3818/4461/3923 3819/4482/3944 3834/4501/3963 3833/4480/3942
f 3803/4442/3904 3804/4463/3925 3819/4482/3944 3818/4461/3923
f 3788/4423/3885 3789/4444/3906 3804/4463/3925 3803/4442/3904
f 3773/4403/3865 3774/4425/3887 3789/4444/3906 3788/4423/3885
f 3758/4402/3864 3759/4406/3868 3774/4425/3887 3773/4403/3865
f 3743/4625/4087 3744/4404/3866 3759/4406/3868 3758/4402/3864
f 3728/4314/3788 3729/4626/4088 3744/4404/3866 3743/4625/4087
f 500/3566/3148 499/3453/3040 3934/3456/3043 3935/4603/4065
f 2873/3250/2850 2874/3275/2873 2889/3299/2892 2888/3273/2871
f 2888/3273/2871 2889/3299/2892 2904/3322/2911 2903/3297/2890
f 2903/3297/2890 2904/3322/2911 2919/3343/2930 2918/3320/2909
f 2918/3320/2909 2919/3343/2930 2934/3362/2949 2933/3341/2928
f 2933/3341/2928 2934/3362/2949 2949/3381/2968 2948/3360/2947
f 2948/3360/2947 2949/3381/2968 2964/3400/2987 2963/3379/2966
f 2963/3379/2966 2964/3400/2987 2979/3419/3006 2978/3398/2985
f 2978/3398/2985 2979/3419/3006 2994/3438/3025 2993/3417/3004
f 2993/3417/3004 2994/3438/3025 3009/3459/3046 3008/3436/3023
f 3008/3436/3023 3009/3459/3046 3024/3477/3064 3023/3457/3044
f 497/3474/3061 496/3490/3077 3931/3493/3080 3932/3475/3062
f 2830/3534/3120 2831/3216/2818 2846/3219/2821 2845/3252/2852
f 4013/3572/3154 4014/3571/3153 4029/4708/4170 4028/4688/4150
f 4028/4688/4150 4029/4708/4170 4044/4727/4189 4043/4706/4168
f 4043/4706/4168 4044/4727/4189 4059/4746/4208 4058/4725/4187
f 4058/4725/4187 4059/4746/4208 4074/4765/4227 4073/4744/4206
f 4073/4744/4206 4074/4765/4227 4089/4784/4246 4088/4763/4225
f 4088/4763/4225 4089/4784/4246 4104/4803/4265 4103/4782/4244
f 4103/4782/4244 4104/4803/4265 4119/4820/4282 4118/4801/4263
f 4118/4801/4263 4119/4820/4282 4134/4836/4298 4133/4818/4280
f 4133/4818/4280 4134/4836/4298 4149/4279/3757 4148/4278/3756
f 3955/4330/3794 3956/4628/4090 3971/4631/4093 3970/4331/3795
