# This file uses centimeters as units for non-parametric coordinates.

mtllib diana tower.mtl
g default
v 1.208449 1.945767 -0.392649
v 1.027968 1.945767 -0.746862
v 0.746862 1.945767 -1.027968
v 0.392649 1.945767 -1.208448
v 0.000000 1.945767 -1.270638
v -0.392649 1.945767 -1.208448
v -0.746862 1.945767 -1.027968
v -1.027968 1.945767 -0.746862
v -1.208448 1.945767 -0.392649
v -1.270638 1.945767 0.000000
v -1.208448 1.945767 0.392649
v -1.027968 1.945767 0.746862
v -0.746862 1.945767 1.027968
v -0.392649 1.945767 1.208448
v -0.000000 1.945767 1.270638
v 0.392649 1.945767 1.208448
v 0.746862 1.945767 1.027967
v 1.027967 1.945767 0.746862
v 1.208448 1.945767 0.392649
v 1.270638 1.945767 0.000000
v 1.386116 2.046184 -0.450376
v 1.179100 2.046184 -0.856666
v 0.856667 2.046184 -1.179100
v 0.450376 2.046184 -1.386116
v 0.000000 2.046184 -1.457448
v -0.450376 2.046184 -1.386115
v -0.856666 2.046184 -1.179100
v -1.179100 2.046184 -0.856666
v -1.386115 2.046184 -0.450376
v -1.457447 2.046184 0.000000
v -1.386115 2.046184 0.450376
v -1.179100 2.046184 0.856666
v -0.856666 2.046184 1.179100
v -0.450376 2.046184 1.386115
v 0.000000 2.046184 1.457447
v 0.450376 2.046184 1.386115
v 0.856666 2.046184 1.179100
v 1.179100 2.046184 0.856666
v 1.386115 2.046184 0.450376
v 1.457447 2.046184 0.000000
v 1.419351 2.361639 -0.461175
v 0.877207 2.361639 -1.207372
v 0.461175 2.361639 -1.419351
v 0.000000 2.361639 -1.492394
v -0.461175 2.361639 -1.419351
v -1.207372 2.361639 -0.877207
v -1.419351 2.361639 -0.461175
v -1.492394 2.361639 0.000000
v -1.419351 2.361639 0.461175
v -1.207372 2.361639 0.877207
v -0.461175 2.361639 1.419351
v 0.000000 2.361639 1.492394
v 0.461175 2.361639 1.419351
v 1.207372 2.361639 0.877207
v 1.419351 2.361639 0.461175
v 1.492394 2.361639 0.000000
v 1.386021 2.658043 -0.450345
v 0.856608 2.658043 -1.179020
v 0.450345 2.658043 -1.386020
v 0.000000 2.658043 -1.457349
v -0.450345 2.658043 -1.386020
v -1.179019 2.658043 -0.856607
v -1.386020 2.658043 -0.450345
v -1.457349 2.658043 0.000000
v -1.386020 2.658043 0.450345
v -1.179019 2.658043 0.856608
v -0.450345 2.658043 1.386020
v 0.000000 2.658043 1.457348
v 0.450345 2.658043 1.386020
v 1.179019 2.658043 0.856608
v 1.386020 2.658043 0.450345
v 1.457348 2.658043 0.000000
v 1.277271 2.948380 -0.415010
v 0.789397 2.948380 -1.086511
v 0.415010 2.948380 -1.277271
v 0.000000 2.948380 -1.343001
v -0.415010 2.948380 -1.277271
v -1.086511 2.948380 -0.789396
v -1.277271 2.948380 -0.415010
v -1.343001 2.948380 0.000000
v -1.277271 2.948380 0.415010
v -1.086511 2.948380 0.789396
v -0.415010 2.948380 1.277270
v 0.000000 2.948380 1.343001
v 0.415010 2.948380 1.277271
v 1.086511 2.948380 0.789396
v 1.277270 2.948380 0.415010
v 1.343001 2.948380 0.000000
v 1.101507 3.216570 -0.357901
v 0.680768 3.216570 -0.936997
v 0.357901 3.216570 -1.101506
v 0.000000 3.216570 -1.158192
v -0.357901 3.216570 -1.101506
v -0.936997 3.216570 -0.680768
v -1.101506 3.216570 -0.357901
v -1.158192 3.216570 0.000000
v -1.101506 3.216570 0.357901
v -0.936997 3.216570 0.680768
v -0.357901 3.216570 1.101506
v 0.000000 3.216570 1.158192
v 0.357901 3.216570 1.101506
v 0.936997 3.216570 0.680768
v 1.101506 3.216570 0.357901
v 1.158192 3.216570 0.000000
v 0.886559 3.428958 -0.288060
v 0.547924 3.428958 -0.754152
v 0.288060 3.428958 -0.886559
v 0.000000 3.428958 -0.932183
v -0.288060 3.428958 -0.886559
v -0.754152 3.428958 -0.547923
v -0.886559 3.428958 -0.288060
v -0.932183 3.428958 0.000000
v -0.886559 3.428958 0.288060
v -0.754152 3.428958 0.547923
v -0.288060 3.428958 0.886559
v 0.000000 3.428958 0.932183
v 0.288060 3.428958 0.886559
v 0.754152 3.428958 0.547923
v 0.886559 3.428958 0.288060
v 0.932183 3.428958 0.000000
v 0.668358 3.574618 -0.217163
v 0.413068 3.574618 -0.568539
v 0.217163 3.574618 -0.668358
v 0.000000 3.574618 -0.702753
v -0.217163 3.574618 -0.668358
v -0.568539 3.574618 -0.413068
v -0.668358 3.574618 -0.217163
v -0.702753 3.574618 0.000000
v -0.668358 3.574618 0.217163
v -0.568539 3.574618 0.413068
v -0.217163 3.574618 0.668358
v 0.000000 3.574618 0.702753
v 0.217163 3.574618 0.668358
v 0.568539 3.574618 0.413068
v 0.668358 3.574618 0.217163
v 0.702753 3.574618 0.000000
v 0.472239 3.669183 -0.153440
v 0.401711 3.669183 -0.291860
v 0.291860 3.669183 -0.401710
v 0.153440 3.669183 -0.472239
v 0.000000 3.669183 -0.496541
v -0.153440 3.669183 -0.472239
v -0.291860 3.669183 -0.401710
v -0.401710 3.669183 -0.291860
v -0.472239 3.669183 -0.153440
v -0.496541 3.669183 0.000000
v -0.472239 3.669183 0.153440
v -0.401710 3.669183 0.291860
v -0.291860 3.669183 0.401710
v -0.153440 3.669183 0.472239
v -0.000000 3.669183 0.496541
v 0.153440 3.669183 0.472239
v 0.291860 3.669183 0.401710
v 0.401710 3.669183 0.291860
v 0.472239 3.669183 0.153440
v 0.496541 3.669183 0.000000
v 0.302682 3.736556 -0.098347
v 0.257477 3.736556 -0.187068
v 0.187068 3.736556 -0.257477
v 0.098347 3.736556 -0.302682
v 0.000000 3.736556 -0.318259
v -0.098347 3.736556 -0.302682
v -0.187068 3.736556 -0.257477
v -0.257477 3.736556 -0.187068
v -0.302682 3.736556 -0.098347
v -0.318259 3.736556 0.000000
v -0.302682 3.736556 0.098347
v -0.257477 3.736556 0.187068
v -0.187068 3.736556 0.257477
v -0.098347 3.736556 0.302682
v -0.000000 3.736556 0.318259
v 0.098347 3.736556 0.302682
v 0.187068 3.736556 0.257477
v 0.257477 3.736556 0.187068
v 0.302682 3.736556 0.098347
v 0.318259 3.736556 0.000000
v 0.982091 1.949323 -0.319101
v 0.835417 1.949323 -0.606966
v 0.606966 1.949323 -0.835417
v 0.319101 1.949323 -0.982091
v 0.000000 1.949323 -1.032632
v -0.319101 1.949323 -0.982091
v -0.606966 1.949323 -0.835417
v -0.835417 1.949323 -0.606966
v -0.982091 1.949323 -0.319101
v -1.032632 1.949323 0.000000
v -0.982091 1.949323 0.319101
v -0.835416 1.949323 0.606966
v -0.606966 1.949323 0.835416
v -0.319101 1.949323 0.982091
v -0.000000 1.949323 1.032632
v 0.319101 1.949323 0.982091
v 0.606966 1.949323 0.835416
v 0.835416 1.949323 0.606966
v 0.982091 1.949323 0.319101
v 1.032631 1.949323 0.000000
v 0.335722 3.775817 -0.109083
v 0.285582 3.775817 -0.207487
v 0.207487 3.775817 -0.285582
v 0.109082 3.775817 -0.335722
v -0.000000 3.775817 -0.352998
v -0.109083 3.775817 -0.335722
v -0.207487 3.747496 -0.285582
v -0.285582 3.747496 -0.207487
v -0.335722 3.747496 -0.109083
v -0.352998 3.747496 -0.000000
v -0.335722 3.747496 0.109082
v -0.285582 3.747496 0.207487
v -0.207487 3.747496 0.285582
v -0.109083 3.747496 0.335722
v -0.000000 3.747496 0.352998
v 0.109082 3.747496 0.335722
v 0.207487 3.747496 0.285582
v 0.285582 3.775817 0.207487
v 0.335722 3.775817 0.109082
v 0.352998 3.775817 -0.000000
v 0.385079 3.814184 -0.125120
v 0.327568 3.814184 -0.237992
v 0.237992 3.814184 -0.327568
v 0.125120 3.814184 -0.385079
v -0.000000 3.814184 -0.404896
v -0.125120 3.814184 -0.385079
v -0.237992 3.814184 -0.327568
v -0.327568 3.814184 -0.237992
v -0.385079 3.814184 -0.125120
v -0.404896 3.814184 -0.000000
v -0.385079 3.814184 0.125120
v -0.327568 3.814184 0.237992
v -0.237992 3.814184 0.327568
v -0.125120 3.814184 0.385079
v -0.000000 3.814184 0.404896
v 0.125120 3.814184 0.385079
v 0.237992 3.814184 0.327568
v 0.327568 3.814184 0.237992
v 0.385079 3.814184 0.125120
v 0.404896 3.814184 -0.000000
v 0.394312 3.934742 -0.128120
v 0.335423 3.934742 -0.243698
v 0.243698 3.934742 -0.335423
v 0.128120 3.934742 -0.394313
v -0.000000 3.934742 -0.414606
v -0.128120 3.934742 -0.394313
v -0.243698 3.934742 -0.335423
v -0.335423 3.934742 -0.243698
v -0.394313 3.934742 -0.128120
v -0.414605 3.934742 -0.000000
v -0.394313 3.934742 0.128120
v -0.335423 3.934742 0.243698
v -0.243698 3.934742 0.335423
v -0.128120 3.934742 0.394312
v -0.000000 3.934742 0.414605
v 0.128120 3.934742 0.394312
v 0.243698 3.934742 0.335423
v 0.335423 3.934742 0.243698
v 0.394312 3.934742 0.128120
v 0.414605 3.934742 -0.000000
v 0.385054 4.043778 -0.125111
v 0.327546 4.043778 -0.237976
v 0.237976 4.043778 -0.327546
v 0.125111 4.043778 -0.385054
v -0.000000 4.043778 -0.404869
v -0.125111 4.043778 -0.385054
v -0.237976 4.043778 -0.327546
v -0.327546 4.043778 -0.237976
v -0.385054 4.043778 -0.125111
v -0.404868 4.043778 -0.000000
v -0.385054 4.043778 0.125111
v -0.327546 4.043778 0.237976
v -0.237976 4.043778 0.327546
v -0.125111 4.043778 0.385054
v -0.000000 4.043778 0.404868
v 0.125111 4.043778 0.385054
v 0.237976 4.043778 0.327546
v 0.327546 4.043778 0.237976
v 0.385053 4.043778 0.125111
v 0.404868 4.043778 -0.000000
v 0.354841 4.133379 -0.115295
v 0.301845 4.133379 -0.219304
v 0.219304 4.133379 -0.301845
v 0.115295 4.133379 -0.354841
v -0.000000 4.133379 -0.373102
v -0.115295 4.133379 -0.354841
v -0.219304 4.133379 -0.301845
v -0.301845 4.133379 -0.219304
v -0.354841 4.133379 -0.115295
v -0.373102 4.133379 -0.000000
v -0.354841 4.133379 0.115295
v -0.301845 4.133379 0.219304
v -0.219304 4.133379 0.301845
v -0.115295 4.133379 0.354841
v -0.000000 4.133379 0.373102
v 0.115295 4.133379 0.354841
v 0.219304 4.133379 0.301845
v 0.301845 4.133379 0.219304
v 0.354841 4.133379 0.115295
v 0.373102 4.133379 -0.000000
v 0.306011 4.198847 -0.099429
v 0.260309 4.198847 -0.189126
v 0.189126 4.198847 -0.260309
v 0.099429 4.198847 -0.306011
v -0.000000 4.198847 -0.321759
v -0.099429 4.198847 -0.306011
v -0.189125 4.198847 -0.260309
v -0.260309 4.198847 -0.189125
v -0.306011 4.198847 -0.099429
v -0.321759 4.198847 -0.000000
v -0.306011 4.198847 0.099429
v -0.260309 4.198847 0.189125
v -0.189125 4.198847 0.260309
v -0.099429 4.198847 0.306011
v -0.000000 4.198847 0.321759
v 0.099429 4.198847 0.306011
v 0.189125 4.198847 0.260309
v 0.260309 4.198847 0.189125
v 0.306011 4.198847 0.099429
v 0.321759 4.198847 -0.000000
v 0.246296 4.238667 -0.080027
v 0.209512 4.238667 -0.152220
v 0.152220 4.238667 -0.209513
v 0.080026 4.238667 -0.246296
v -0.000000 4.238667 -0.258971
v -0.080027 4.238667 -0.246296
v -0.152220 4.238667 -0.209513
v -0.209513 4.238667 -0.152220
v -0.246296 4.238667 -0.080027
v -0.258971 4.238667 -0.000000
v -0.246296 4.238667 0.080026
v -0.209513 4.238667 0.152220
v -0.152220 4.238667 0.209512
v -0.080027 4.238667 0.246296
v -0.000000 4.238667 0.258971
v 0.080026 4.238667 0.246296
v 0.152220 4.238667 0.209512
v 0.209512 4.238667 0.152220
v 0.246296 4.238667 0.080026
v 0.258971 4.238667 -0.000000
v 0.185678 4.260551 -0.060331
v 0.157947 4.260551 -0.114755
v 0.114755 4.260551 -0.157947
v 0.060330 4.260551 -0.185678
v -0.000000 4.260551 -0.195234
v -0.060331 4.260551 -0.185678
v -0.114755 4.260551 -0.157947
v -0.157947 4.260551 -0.114755
v -0.185678 4.260551 -0.060331
v -0.195233 4.260551 -0.000000
v -0.185678 4.260551 0.060330
v -0.157947 4.260551 0.114755
v -0.114755 4.260551 0.157947
v -0.060331 4.260551 0.185678
v -0.000000 4.260551 0.195233
v 0.060330 4.260551 0.185678
v 0.114755 4.260551 0.157947
v 0.157947 4.260551 0.114755
v 0.185678 4.260551 0.060330
v 0.195233 4.260551 -0.000000
v 0.272837 3.748482 -0.088650
v 0.232089 3.748482 -0.168622
v 0.168622 3.748482 -0.232089
v 0.088650 3.748482 -0.272837
v -0.000000 3.748482 -0.286877
v -0.088650 3.748482 -0.272837
v -0.168622 3.748482 -0.232089
v -0.232089 3.748482 -0.168622
v -0.272836 3.748482 -0.088650
v -0.286877 3.748482 -0.000000
v -0.272836 3.748482 0.088650
v -0.232089 3.748482 0.168622
v -0.168622 3.748482 0.232089
v -0.088650 3.748482 0.272836
v -0.000000 3.748482 0.286877
v 0.088650 3.748482 0.272836
v 0.168622 3.748482 0.232089
v 0.232089 3.748482 0.168622
v 0.272836 3.748482 0.088650
v 0.286877 3.748482 -0.000000
v 0.114960 4.801058 -0.037353
v 0.097791 4.801058 -0.071050
v 0.071049 4.801058 -0.097791
v 0.037353 4.801058 -0.114961
v -0.000000 4.801058 -0.120877
v -0.037353 4.801058 -0.114961
v -0.071050 4.801058 -0.097791
v -0.097791 4.801058 -0.071050
v -0.114961 4.801058 -0.037353
v -0.120877 4.801058 -0.000000
v -0.114961 4.801058 0.037353
v -0.097791 4.801058 0.071049
v -0.071050 4.801058 0.097791
v -0.037353 4.801058 0.114960
v -0.000000 4.801058 0.120877
v 0.037353 4.801058 0.114960
v 0.071049 4.801058 0.097791
v 0.097791 4.801058 0.071049
v 0.114960 4.801058 0.037353
v 0.120877 4.801058 -0.000000
v -0.000000 6.315430 -0.000000
v 1.274493 2.400238 -0.930666
v 1.244413 2.714706 -0.908811
v 1.146266 3.022736 -0.837504
v 0.987641 3.307271 -0.722256
v 0.793652 3.532602 -0.581315
v 0.596728 3.687139 -0.438241
v -0.937125 2.400238 -1.280952
v -0.915270 2.714706 -1.250871
v -0.843963 3.022736 -1.152725
v -0.728715 3.307271 -0.994100
v -0.587774 3.532602 -0.800111
v -0.444700 3.687139 -0.603187
v -0.937125 2.400238 1.280952
v -0.915270 2.714706 1.250871
v -0.843963 3.022736 1.152725
v -0.728715 3.307271 0.994100
v -0.587774 3.532602 0.800111
v -0.444700 3.687139 0.603187
v 0.924206 2.400238 1.280952
v 0.902351 2.714706 1.250871
v 0.831044 3.022736 1.152725
v 0.715796 3.307271 0.994100
v 0.574856 3.532602 0.800111
v 0.431782 3.687139 0.603187
v 1.391663 2.047562 -0.452328
v 1.431774 2.133714 -0.557750
v 1.250769 2.135530 -0.913429
v 1.190739 2.049632 -0.865957
v 1.416743 2.399915 -0.460370
v 1.459892 2.400238 -0.566800
v 0.970882 2.133428 -1.192991
v 0.859543 2.047402 -1.183618
v 0.988721 2.400238 -1.216438
v 0.874553 2.399899 -1.203720
v 1.383983 2.693389 -0.449920
v 1.424578 2.714706 -0.555217
v 0.966499 2.714706 -1.186725
v 0.854250 2.692481 -1.176622
v 1.276531 2.982075 -0.415143
v 1.309397 3.022736 -0.517343
v 0.894664 3.022736 -1.089107
v 0.787950 2.980484 -1.085951
v 1.100999 3.251561 -0.358216
v 1.123224 3.307271 -0.456160
v 0.778755 3.307271 -0.931141
v 0.679638 3.249536 -0.937330
v 0.885414 3.465992 -0.288250
v 0.895542 3.532602 -0.381346
v 0.637090 3.532602 -0.737877
v 0.546597 3.463716 -0.754558
v 0.665242 3.613960 -0.216765
v 0.664389 3.687139 -0.305448
v 0.493363 3.687139 -0.541606
v 0.410700 3.611564 -0.567735
v 0.383633 3.727875 -0.276751
v 0.460470 3.775837 -0.335919
v 0.529450 3.752036 -0.262398
v 0.478241 3.700992 -0.155954
v 0.418341 3.748799 -0.428814
v 0.294831 3.700204 -0.408131
v -0.455907 2.049344 -1.399895
v -0.562545 2.134517 -1.439179
v -0.919928 2.136137 -1.257282
v -0.871323 2.051024 -1.197052
v -0.464228 2.399921 -1.426288
v -0.571505 2.400238 -1.467245
v -1.200271 2.134168 -0.976634
v -1.191175 2.049171 -0.864715
v -1.223660 2.400238 -0.994417
v -1.212050 2.399903 -0.880139
v -0.453945 2.693863 -1.393221
v -0.560054 2.714706 -1.431863
v -1.193852 2.714706 -0.972289
v -1.184703 2.692696 -0.859922
v -0.419236 2.982925 -1.285438
v -0.522280 3.022736 -1.316631
v -1.096162 3.022736 -0.900526
v -1.093807 2.980849 -0.793653
v -0.362333 3.252664 -1.109568
v -0.461183 3.307271 -1.130414
v -0.938135 3.307271 -0.784680
v -0.944980 3.249987 -0.685351
v -0.292360 3.467255 -0.893667
v -0.386442 3.532602 -0.902696
v -0.744820 3.532602 -0.643066
v -0.762034 3.464209 -0.552307
v -0.220853 3.615307 -0.673241
v -0.310598 3.687139 -0.671516
v -0.548512 3.687139 -0.499375
v -0.575085 3.612071 -0.416402
v -0.275242 3.732862 -0.381977
v -0.336044 3.777354 -0.459707
v -0.266520 3.752867 -0.535091
v -0.158257 3.705223 -0.481008
v -0.435161 3.750457 -0.419862
v -0.410878 3.704230 -0.297130
v -1.191175 2.049171 0.864715
v -1.200271 2.134168 0.976634
v -0.919928 2.136137 1.257282
v -0.871005 2.050919 1.196663
v -1.212050 2.399903 0.880139
v -1.223660 2.400238 0.994417
v -0.562545 2.134517 1.439179
v -0.455907 2.049344 1.399894
v -0.571505 2.400238 1.467244
v -0.464228 2.399921 1.426288
v -1.184702 2.692696 0.859922
v -1.193852 2.714706 0.972290
v -0.560054 2.714706 1.431863
v -0.453945 2.693863 1.393221
v -1.093807 2.980849 0.793653
v -1.096162 3.022736 0.900526
v -0.522279 3.022736 1.316631
v -0.419236 2.982925 1.285438
v -0.944980 3.249987 0.685351
v -0.938135 3.307271 0.784680
v -0.461183 3.307271 1.130414
v -0.362333 3.252664 1.109568
v -0.762034 3.464209 0.552307
v -0.744820 3.532602 0.643066
v -0.386441 3.532602 0.902695
v -0.292360 3.467255 0.893667
v -0.575085 3.612071 0.416402
v -0.548512 3.687139 0.499375
v -0.310598 3.687139 0.671516
v -0.220853 3.615307 0.673241
v -0.275242 3.732862 0.382133
v -0.336044 3.777354 0.459863
v -0.435093 3.751456 0.416887
v -0.410878 3.704230 0.297130
v -0.274078 3.750179 0.537738
v -0.158257 3.705223 0.481008
v 0.452000 2.047683 1.392651
v 0.554710 2.133510 1.436465
v 0.906981 2.135706 1.257243
v 0.865156 2.049779 1.192435
v 0.460112 2.399896 1.416369
v 0.564557 2.400238 1.464203
v 1.189662 2.133896 0.974282
v 1.184873 2.047894 0.861274
v 1.213658 2.400238 0.991500
v 1.206649 2.399918 0.876876
v 0.449129 2.692380 1.384389
v 0.552568 2.714706 1.429095
v 1.183590 2.714706 0.969633
v 1.178526 2.693615 0.856859
v 0.414071 2.980302 1.277741
v 0.514387 3.022736 1.314071
v 1.085702 3.022736 0.898068
v 1.086895 2.982474 0.790575
v 0.356978 3.249300 1.102995
v 0.452943 3.307271 1.128030
v 0.927506 3.307271 0.782390
v 0.937370 3.252070 0.682167
v 0.286927 3.463446 0.888126
v 0.377915 3.532602 0.900458
v 0.734051 3.532602 0.640915
v 0.753802 3.466566 0.548970
v 0.215416 3.611277 0.668507
v 0.301860 3.687139 0.669385
v 0.537641 3.687139 0.497327
v 0.566377 3.614564 0.412911
v 0.279518 3.728698 0.381271
v 0.333687 3.776086 0.462098
v 0.259166 3.750889 0.537040
v 0.154211 3.700726 0.479914
v 0.422355 3.748799 0.424800
v 0.406679 3.701795 0.296764
vt 0.682404 0.664513
vt 0.681471 0.638203
vt 0.699761 0.638389
vt 0.701464 0.665559
vt 0.680996 0.610853
vt 0.699329 0.611295
vt 0.716728 0.637941
vt 0.719286 0.664204
vt 0.703803 0.665802
vt 0.682624 0.665336
vt 0.682771 0.583393
vt 0.701234 0.584203
vt 0.716184 0.611784
vt 0.734407 0.636613
vt 0.737834 0.660822
vt 0.721322 0.664794
vt 0.688694 0.671369
vt 0.703915 0.672495
vt 0.685729 0.556510
vt 0.704746 0.556946
vt 0.718182 0.585662
vt 0.733638 0.612316
vt 0.752876 0.634253
vt 0.756972 0.655508
vt 0.739578 0.661777
vt 0.722216 0.671395
vt 0.687200 0.694573
vt 0.680256 0.693139
vt 0.704154 0.695560
vt 0.686003 0.555701
vt 0.707097 0.556882
vt 0.722479 0.559599
vt 0.735735 0.588099
vt 0.751891 0.612880
vt 0.770713 0.630987
vt 0.774321 0.648237
vt 0.758596 0.656774
vt 0.741233 0.668261
vt 0.724835 0.694151
vt 0.692526 0.550137
vt 0.707771 0.550200
vt 0.724561 0.559158
vt 0.740775 0.564289
vt 0.754029 0.591616
vt 0.769505 0.613384
vt 0.775989 0.649553
vt 0.761110 0.663209
vt 0.745797 0.688807
vt 0.685833 0.527714
vt 0.692896 0.526834
vt 0.709873 0.527189
vt 0.725958 0.552644
vt 0.742580 0.563463
vt 0.759425 0.570943
vt 0.771540 0.595951
vt 0.785301 0.613711
vt 0.786499 0.626913
vt 0.787526 0.639383
vt 0.789356 0.640681
vt 0.779764 0.655142
vt 0.765808 0.680524
vt 0.730368 0.530158
vt 0.744705 0.557128
vt 0.761141 0.569803
vt 0.776251 0.579377
vt 0.787066 0.600678
vt 0.797707 0.630761
vt 0.799314 0.632198
vt 0.793947 0.645629
vt 0.750846 0.537024
vt 0.764128 0.563600
vt 0.778007 0.578186
vt 0.800881 0.639902
vt 0.770151 0.546764
vt 0.782171 0.572884
vt 0.788775 0.589164
vt 0.790694 0.588002
vt 0.795631 0.583399
vt 0.798306 0.598499
vt 0.800013 0.597182
vt 0.802153 0.589764
vt 0.296529 0.750160
vt 0.294922 0.723398
vt 0.313418 0.723000
vt 0.315560 0.749907
vt 0.293871 0.696063
vt 0.312343 0.695864
vt 0.330512 0.722305
vt 0.333657 0.748700
vt 0.294133 0.668801
vt 0.312986 0.668498
vt 0.329434 0.695939
vt 0.348256 0.720767
vt 0.352204 0.744962
vt 0.335824 0.748847
vt 0.317888 0.749967
vt 0.330792 0.669402
vt 0.347165 0.696338
vt 0.366765 0.718309
vt 0.371204 0.739403
vt 0.354190 0.745481
vt 0.318229 0.756774
vt 0.336894 0.755331
vt 0.349229 0.671907
vt 0.365679 0.697023
vt 0.384627 0.715049
vt 0.388374 0.731950
vt 0.373159 0.740228
vt 0.355992 0.751899
vt 0.321666 0.780570
vt 0.340863 0.777912
vt 0.368130 0.675929
vt 0.383458 0.697710
vt 0.390403 0.732801
vt 0.375795 0.746590
vt 0.361158 0.772364
vt 0.305923 0.782237
vt 0.302833 0.758907
vt 0.385809 0.680695
vt 0.399284 0.698083
vt 0.400458 0.711154
vt 0.401244 0.722704
vt 0.403451 0.723503
vt 0.394312 0.738274
vt 0.380902 0.763898
vt 0.299109 0.782073
vt 0.295302 0.755260
vt 0.401143 0.685192
vt 0.411110 0.713760
vt 0.412715 0.714891
vt 0.408182 0.728298
vt 0.414975 0.722657
vt 0.968848 0.244480
vt 0.968925 0.236909
vt 0.976198 0.237140
vt 0.975802 0.244549
vt 0.965095 0.244650
vt 0.964986 0.237740
vt 0.969665 0.229269
vt 0.977058 0.229600
vt 0.982674 0.237775
vt 0.982099 0.244928
vt 0.968717 0.251860
vt 0.975644 0.251930
vt 0.964994 0.251860
vt 0.983854 0.230545
vt 0.988212 0.238709
vt 0.987579 0.245451
vt 0.981866 0.252065
vt 0.968733 0.259169
vt 0.975687 0.259284
vt 0.965015 0.259071
vt 0.989583 0.232066
vt 0.992989 0.239695
vt 0.992435 0.246070
vt 0.987275 0.252194
vt 0.981958 0.259211
vt 0.968739 0.266433
vt 0.975798 0.266700
vt 0.965031 0.266101
vt 0.994287 0.233799
vt 0.992005 0.252281
vt 0.987445 0.258955
vt 0.982210 0.266452
vt 0.968215 0.273684
vt 0.975782 0.274235
vt 0.963243 0.272645
vt 0.996743 0.247325
vt 0.996291 0.252297
vt 0.992314 0.258555
vt 0.987772 0.265825
vt 0.982725 0.273818
vt 0.996681 0.257337
vt 0.992646 0.265095
vt 0.988633 0.272675
vt 0.993545 0.271211
vt 0.838276 0.036956
vt 0.838099 0.029677
vt 0.845066 0.029639
vt 0.845365 0.037037
vt 0.833375 0.036647
vt 0.833211 0.029640
vt 0.837917 0.022380
vt 0.844859 0.022314
vt 0.851350 0.029399
vt 0.851786 0.036617
vt 0.838010 0.044262
vt 0.845587 0.044565
vt 0.833027 0.022438
vt 0.833007 0.043270
vt 0.837895 0.015056
vt 0.844873 0.014976
vt 0.851092 0.022274
vt 0.856839 0.028987
vt 0.857341 0.035837
vt 0.852517 0.043957
vt 0.832984 0.015187
vt 0.837968 0.007708
vt 0.845071 0.007560
vt 0.851155 0.015141
vt 0.856504 0.022238
vt 0.861703 0.028449
vt 0.862196 0.034971
vt 0.858394 0.042654
vt 0.833002 0.008062
vt 0.837758 0.000271
vt 0.845376 0.000027
vt 0.851501 0.007949
vt 0.856632 0.015478
vt 0.861234 0.022181
vt 0.863265 0.041054
vt 0.832633 0.001283
vt 0.852304 0.000674
vt 0.857044 0.008689
vt 0.861497 0.015942
vt 0.865517 0.022074
vt 0.866042 0.027107
vt 0.858122 0.001985
vt 0.861845 0.009505
vt 0.865834 0.017081
vt 0.862897 0.003541
vt 0.972103 0.000160
vt 0.975671 0.000443
vt 0.972452 0.032296
vt 0.970236 0.032159
vt 0.979226 0.000877
vt 0.974663 0.032501
vt 0.966614 0.121232
vt 0.968527 0.000028
vt 0.968016 0.032090
vt 0.964948 0.000045
vt 0.965795 0.032089
vt 0.961371 0.000214
vt 0.963575 0.032156
vt 0.957801 0.000535
vt 0.961360 0.032291
vt 0.939596 0.000356
vt 0.943169 0.000116
vt 0.944654 0.032137
vt 0.942436 0.032248
vt 0.946747 0.000027
vt 0.946874 0.032094
vt 0.947248 0.121245
vt 0.936032 0.000748
vt 0.940224 0.032427
vt 0.950325 0.000088
vt 0.949095 0.032118
vt 0.953898 0.000300
vt 0.951314 0.032211
vt 0.957460 0.000663
vt 0.953528 0.032371
vt 0.026334 0.332116
vt 0.030824 0.339327
vt 0.028348 0.354553
vt 0.021652 0.353674
vt 0.054356 0.335617
vt 0.053898 0.342376
vt 0.051960 0.357691
vt 0.026360 0.372622
vt 0.019717 0.371715
vt 0.081596 0.337988
vt 0.076806 0.344700
vt 0.075539 0.361087
vt 0.049258 0.375756
vt 0.024908 0.391546
vt 0.018251 0.390551
vt 0.071748 0.380269
vt 0.045664 0.394623
vt 0.023663 0.411299
vt 0.017006 0.410060
vt 0.065754 0.399709
vt 0.041132 0.414503
vt 0.021473 0.430241
vt 0.014934 0.428352
vt 0.058143 0.419001
vt 0.034563 0.433088
vt 0.017093 0.446620
vt 0.010884 0.443956
vt 0.610523 0.033550
vt 0.617152 0.028492
vt 0.616248 0.049190
vt 0.609509 0.049244
vt 0.598625 0.207699
vt 0.601124 0.225035
vt 0.601361 0.227052
vt 0.598947 0.209937
vt 0.608197 0.241926
vt 0.608312 0.243809
vt 0.619370 0.257434
vt 0.619432 0.259369
vt 0.632887 0.269621
vt 0.632954 0.271661
vt 0.646523 0.277892
vt 0.646686 0.280059
vt 0.658734 0.283194
vt 0.658363 0.285024
vt 0.667782 0.284315
vt 0.667329 0.287999
vt 0.676765 0.285872
vt 0.676467 0.287754
vt 0.796102 0.286271
vt 0.795815 0.267648
vt 0.796665 0.267915
vt 0.796333 0.288550
vt 0.792427 0.303397
vt 0.792699 0.305534
vt 0.784163 0.319738
vt 0.784508 0.321807
vt 0.771910 0.334407
vt 0.772245 0.336567
vt 0.757556 0.345596
vt 0.757823 0.347881
vt 0.743364 0.352872
vt 0.743484 0.355284
vt 0.730805 0.357290
vt 0.731187 0.359451
vt 0.745353 0.361767
vt 0.736615 0.364817
vt 0.721841 0.358949
vt 0.722716 0.362885
vt 0.712908 0.360773
vt 0.713179 0.362904
vt 0.534520 0.250712
vt 0.533627 0.269316
vt 0.533321 0.271586
vt 0.533662 0.250951
vt 0.536741 0.286552
vt 0.536400 0.288679
vt 0.544467 0.303154
vt 0.544055 0.305211
vt 0.556236 0.318215
vt 0.555831 0.320363
vt 0.570218 0.329866
vt 0.569876 0.332140
vt 0.584165 0.337601
vt 0.583966 0.340007
vt 0.596573 0.342425
vt 0.596121 0.344573
vt 0.605478 0.344376
vt 0.604470 0.348277
vt 0.581885 0.346425
vt 0.590125 0.349892
vt 0.614347 0.346490
vt 0.614007 0.348611
vt 0.645628 0.054756
vt 0.649320 0.037634
vt 0.648923 0.039852
vt 0.645330 0.056753
vt 0.637372 0.071102
vt 0.637210 0.072969
vt 0.625125 0.085777
vt 0.625017 0.087698
vt 0.610774 0.096973
vt 0.610655 0.098996
vt 0.596574 0.104211
vt 0.596373 0.106353
vt 0.613557 0.105098
vt 0.598442 0.112766
vt 0.584112 0.108895
vt 0.584424 0.110777
vt 0.590013 0.115960
vt 0.575024 0.109593
vt 0.575275 0.113347
vt 0.565973 0.110688
vt 0.566206 0.112631
vt 0.678088 0.070362
vt 0.669756 0.053356
vt 0.681170 0.045334
vt 0.691424 0.066257
vt 0.656578 0.039754
vt 0.664959 0.028598
vt 0.691342 0.038161
vt 0.703313 0.062570
vt 0.680756 0.089113
vt 0.694708 0.089332
vt 0.639841 0.030890
vt 0.644361 0.017688
vt 0.672425 0.018635
vt 0.692052 0.037612
vt 0.703649 0.062457
vt 0.707156 0.089507
vt 0.677496 0.107770
vt 0.690697 0.112294
vt 0.621184 0.027635
vt 0.621395 0.013681
vt 0.648375 0.005904
vt 0.672603 0.018367
vt 0.702480 0.116311
vt 0.668631 0.124506
vt 0.679782 0.132893
vt 0.602437 0.030305
vt 0.598315 0.016979
vt 0.621564 0.001233
vt 0.689740 0.140363
vt 0.655029 0.137680
vt 0.663033 0.149099
vt 0.585439 0.038634
vt 0.577433 0.027217
vt 0.594596 0.005105
vt 0.670179 0.159285
vt 0.638029 0.146007
vt 0.642147 0.159335
vt 0.571840 0.051810
vt 0.560690 0.043422
vt 0.570285 0.017033
vt 0.690082 0.140647
vt 0.670675 0.160097
vt 0.645862 0.171210
vt 0.619282 0.148675
vt 0.619062 0.162628
vt 0.562978 0.068546
vt 0.549777 0.064022
vt 0.550734 0.035950
vt 0.569428 0.015940
vt 0.594269 0.004277
vt 0.645958 0.171603
vt 0.618886 0.175076
vt 0.600629 0.145416
vt 0.596093 0.158608
vt 0.559721 0.087204
vt 0.545768 0.086984
vt 0.537994 0.060005
vt 0.550019 0.035455
vt 0.587061 0.000008
vt 0.565674 0.010329
vt 0.652925 0.176126
vt 0.674027 0.165986
vt 0.592040 0.170378
vt 0.583900 0.136558
vt 0.575540 0.147719
vt 0.562390 0.105955
vt 0.549053 0.110062
vt 0.533321 0.086809
vt 0.568113 0.157696
vt 0.570722 0.122961
vt 0.559314 0.130995
vt 0.537161 0.113744
vt 0.591687 0.171195
vt 0.567242 0.158739
vt 0.549151 0.138182
vt 0.563298 0.164249
vt 0.584351 0.175237
vt 0.548421 0.138656
vt 0.720055 0.481167
vt 0.704192 0.487525
vt 0.699979 0.472270
vt 0.711878 0.467169
vt 0.728567 0.497518
vt 0.708746 0.505004
vt 0.687325 0.489916
vt 0.687164 0.474089
vt 0.696312 0.459579
vt 0.704718 0.455701
vt 0.736645 0.514881
vt 0.713391 0.523460
vt 0.687820 0.507983
vt 0.670357 0.488186
vt 0.674361 0.472476
vt 0.687175 0.460874
vt 0.693088 0.449028
vt 0.698347 0.446504
vt 0.688618 0.527050
vt 0.666665 0.506292
vt 0.678065 0.459495
vt 0.687311 0.449848
vt 0.692520 0.447174
vt 0.697221 0.444898
vt 0.711471 0.449128
vt 0.702546 0.442458
vt 0.663753 0.525340
vt 0.681573 0.448890
vt 0.687347 0.447909
vt 0.700976 0.441279
vt 0.715853 0.440782
vt 0.705275 0.437297
vt 0.669738 0.455076
vt 0.676415 0.446161
vt 0.682206 0.447030
vt 0.703417 0.436669
vt 0.717315 0.431672
vt 0.706250 0.431561
vt 0.663187 0.448280
vt 0.672370 0.441957
vt 0.677596 0.444592
vt 0.704305 0.431530
vt 0.730606 0.431691
vt 0.728642 0.444551
vt 0.716013 0.422559
vt 0.705428 0.425796
vt 0.659245 0.439927
vt 0.669838 0.436715
vt 0.673976 0.440838
vt 0.703569 0.426364
vt 0.728739 0.418771
vt 0.712051 0.414222
vt 0.702885 0.420554
vt 0.651929 0.455383
vt 0.646504 0.443632
vt 0.657979 0.430815
vt 0.669028 0.430955
vt 0.671697 0.436147
vt 0.701282 0.421673
vt 0.723266 0.407050
vt 0.705507 0.407448
vt 0.698833 0.416351
vt 0.638464 0.463925
vt 0.631278 0.448381
vt 0.644709 0.430652
vt 0.659515 0.421749
vt 0.670015 0.425225
vt 0.670968 0.430984
vt 0.697654 0.417918
vt 0.736693 0.398448
vt 0.743946 0.413960
vt 0.697184 0.403056
vt 0.693669 0.413617
vt 0.646849 0.417711
vt 0.663686 0.413523
vt 0.672705 0.420071
vt 0.671857 0.425849
vt 0.693038 0.415472
vt 0.688075 0.401576
vt 0.687926 0.412632
vt 0.652607 0.406099
vt 0.670441 0.406931
vt 0.676895 0.416001
vt 0.674283 0.421238
vt 0.687894 0.414576
vt 0.688288 0.388342
vt 0.701061 0.390264
vt 0.678900 0.402780
vt 0.682145 0.413437
vt 0.631755 0.412546
vt 0.639378 0.397205
vt 0.678029 0.417602
vt 0.682722 0.415304
vt 0.688551 0.372501
vt 0.705480 0.374825
vt 0.675432 0.389846
vt 0.688839 0.354433
vt 0.709909 0.357030
vt 0.671528 0.374262
vt 0.689112 0.335376
vt 0.713757 0.338216
vt 0.667718 0.356334
vt 0.664475 0.337476
vt 0.662635 0.952233
vt 0.660297 0.947522
vt 0.663696 0.945033
vt 0.666638 0.950957
vt 0.656606 0.943789
vt 0.659066 0.940428
vt 0.663396 0.957442
vt 0.667594 0.957473
vt 0.651949 0.941351
vt 0.653311 0.937417
vt 0.661273 0.937352
vt 0.666663 0.942640
vt 0.662509 0.962632
vt 0.666497 0.963946
vt 0.646770 0.940430
vt 0.646926 0.936266
vt 0.654536 0.933841
vt 0.660061 0.967297
vt 0.663492 0.969745
vt 0.641555 0.941115
vt 0.640468 0.937017
vt 0.647084 0.932496
vt 0.656258 0.970963
vt 0.658452 0.974232
vt 0.636827 0.943455
vt 0.634590 0.940284
vt 0.639656 0.933305
vt 0.651511 0.973248
vt 0.652583 0.976923
vt 0.633052 0.947144
vt 0.629937 0.944829
vt 0.632639 0.935736
vt 0.660795 0.978635
vt 0.653885 0.981659
vt 0.646324 0.973978
vt 0.646268 0.977804
vt 0.630602 0.951818
vt 0.626923 0.950581
vt 0.646230 0.982733
vt 0.641160 0.973088
vt 0.639985 0.976739
vt 0.629717 0.957017
vt 0.625836 0.956981
vt 0.638588 0.981493
vt 0.636507 0.970700
vt 0.634211 0.973893
vt 0.630483 0.962232
vt 0.626781 0.963401
vt 0.631695 0.978268
vt 0.632823 0.966949
vt 0.629666 0.969216
vt 0.864578 0.342247
vt 0.861527 0.347415
vt 0.858179 0.344643
vt 0.860575 0.340462
vt 0.857015 0.351605
vt 0.854676 0.347886
vt 0.855114 0.342160
vt 0.856848 0.339036
vt 0.851502 0.353969
vt 0.850365 0.349833
vt 0.852511 0.344597
vt 0.861468 0.335619
vt 0.857508 0.335526
vt 0.859186 0.356011
vt 0.852696 0.358651
vt 0.845617 0.354714
vt 0.845692 0.350435
vt 0.849292 0.346113
vt 0.860803 0.330741
vt 0.857025 0.331990
vt 0.845560 0.359560
vt 0.839766 0.353731
vt 0.841047 0.349638
vt 0.845774 0.346579
vt 0.858613 0.326450
vt 0.855446 0.328794
vt 0.838438 0.358420
vt 0.834354 0.351139
vt 0.836836 0.347509
vt 0.842282 0.345956
vt 0.862096 0.323803
vt 0.864909 0.329152
vt 0.855265 0.323036
vt 0.852960 0.326244
vt 0.831986 0.355503
vt 0.830005 0.346741
vt 0.833487 0.344094
vt 0.839141 0.344301
vt 0.857747 0.319405
vt 0.851054 0.320907
vt 0.849818 0.324588
vt 0.827191 0.341393
vt 0.831298 0.339803
vt 0.836654 0.341750
vt 0.852335 0.316813
vt 0.846409 0.320110
vt 0.846327 0.323965
vt 0.835076 0.338555
vt 0.853662 0.312125
vt 0.860115 0.315042
vt 0.846484 0.315831
vt 0.841736 0.320712
vt 0.842809 0.324432
vt 0.830633 0.334926
vt 0.834593 0.335018
vt 0.846541 0.310984
vt 0.840599 0.316576
vt 0.837425 0.322659
vt 0.839590 0.325948
vt 0.831525 0.330083
vt 0.835253 0.331509
vt 0.839405 0.311893
vt 0.835086 0.318940
vt 0.833921 0.325902
vt 0.836987 0.328385
vt 0.832915 0.314533
vt 0.830573 0.323130
vt 0.827523 0.328298
vt 0.935778 0.127337
vt 0.940759 0.131180
vt 0.938345 0.136416
vt 0.930590 0.136232
vt 0.942708 0.120133
vt 0.944859 0.127262
vt 0.949321 0.137789
vt 0.942838 0.143520
vt 0.937493 0.147804
vt 0.955599 0.123261
vt 0.953564 0.130050
vt 0.962173 0.148791
vt 0.952120 0.157199
vt 0.946827 0.161337
vt 0.969170 0.137276
vt 0.975822 0.162673
vt 0.962198 0.173513
vt 0.956417 0.177040
vt 0.663161 0.063404
vt 0.659675 0.068526
vt 0.653663 0.066431
vt 0.654792 0.058628
vt 0.670673 0.068802
vt 0.664065 0.072739
vt 0.653269 0.077955
vt 0.646743 0.072341
vt 0.661329 0.081702
vt 0.644097 0.092140
vt 0.634074 0.083878
vt 0.656047 0.097634
vt 0.634102 0.108599
vt 0.620394 0.097683
vt 0.650218 0.115929
vt 0.662185 0.100287
vt 0.667410 0.084805
vt 0.643494 0.135036
vt 0.624167 0.126311
vt 0.656679 0.117925
vt 0.663284 0.274999
vt 0.659696 0.269949
vt 0.663664 0.265530
vt 0.670699 0.269508
vt 0.654979 0.279909
vt 0.653716 0.272265
vt 0.653303 0.260550
vt 0.661357 0.256785
vt 0.646786 0.266176
vt 0.644107 0.246379
vt 0.656048 0.240864
vt 0.634098 0.254658
vt 0.634084 0.229937
vt 0.650188 0.222579
vt 0.662182 0.238201
vt 0.667434 0.253672
vt 0.620394 0.240877
vt 0.624118 0.212241
vt 0.643430 0.203483
vt 0.656646 0.220571
vt 0.601254 0.417884
vt 0.604298 0.412530
vt 0.609715 0.414433
vt 0.609183 0.422535
vt 0.593183 0.412657
vt 0.599568 0.408429
vt 0.609958 0.403189
vt 0.616656 0.408873
vt 0.602153 0.399687
vt 0.618947 0.388945
vt 0.629140 0.397340
vt 0.607207 0.383456
vt 0.629217 0.372648
vt 0.642920 0.383755
vt 0.613552 0.365189
vt 0.620680 0.346204
vt 0.639523 0.355177
vt 0.607182 0.362963
vt 0.601262 0.380273
vt 0.180076 0.354613
vt 0.180848 0.381569
vt 0.162337 0.381818
vt 0.161363 0.354615
vt 0.181109 0.408901
vt 0.162530 0.408927
vt 0.144971 0.382273
vt 0.143586 0.355674
vt 0.180675 0.436033
vt 0.161813 0.436208
vt 0.145156 0.408711
vt 0.126729 0.383014
vt 0.125167 0.358054
vt 0.144022 0.435242
vt 0.126973 0.408219
vt 0.125733 0.433043
vt 0.119795 0.489576
vt 0.119725 0.462675
vt 0.138249 0.462720
vt 0.138469 0.489986
vt 0.119925 0.435651
vt 0.138702 0.435396
vt 0.155576 0.462765
vt 0.156166 0.489434
vt 0.156398 0.436167
vt 0.173774 0.462815
vt 0.174566 0.487713
vt 0.174680 0.438039
vt 0.704996 0.000028
vt 0.705233 0.007508
vt 0.698171 0.007638
vt 0.697852 0.000077
vt 0.705410 0.015105
vt 0.698344 0.015167
vt 0.691789 0.007884
vt 0.691315 0.000497
vt 0.705384 0.022722
vt 0.698290 0.022700
vt 0.691971 0.015214
vt 0.686226 0.008224
vt 0.685698 0.001290
vt 0.705237 0.030260
vt 0.698040 0.030284
vt 0.691903 0.022540
vt 0.686419 0.015257
vt 0.691493 0.029900
vt 0.686363 0.022277
vt 0.685918 0.029164
vt 0.533812 0.030315
vt 0.533541 0.022836
vt 0.540602 0.022674
vt 0.540955 0.030233
vt 0.533329 0.015240
vt 0.540394 0.015146
vt 0.546982 0.022399
vt 0.547491 0.029783
vt 0.533321 0.007622
vt 0.540414 0.007613
vt 0.546767 0.015070
vt 0.552544 0.022034
vt 0.553104 0.028965
vt 0.533433 0.000085
vt 0.540630 0.000028
vt 0.546802 0.007743
vt 0.552319 0.015002
vt 0.547178 0.000382
vt 0.552343 0.007981
vt 0.552757 0.001092
vt 0.999325 0.189025
vt 0.995745 0.189203
vt 0.994833 0.157187
vt 0.997051 0.157116
vt 0.992162 0.189228
vt 0.992613 0.157190
vt 0.993858 0.068046
vt 0.988583 0.189102
vt 0.990394 0.157125
vt 0.985011 0.188823
vt 0.988178 0.156992
vt 0.979569 0.000417
vt 0.983143 0.000146
vt 0.984887 0.032127
vt 0.982672 0.032256
vt 0.986724 0.000028
vt 0.987106 0.032066
vt 0.988180 0.121213
vt 0.990305 0.000061
vt 0.989326 0.032074
vt 0.993883 0.000246
vt 0.991545 0.032149
vt 0.552058 0.199845
vt 0.545468 0.204851
vt 0.546556 0.184142
vt 0.553297 0.184142
vt 0.545247 0.166907
vt 0.551863 0.165615
vt 0.540794 0.149321
vt 0.547042 0.146797
vt 0.533321 0.131716
vt 0.539051 0.128165
vt 0.117230 0.457299
vt 0.110934 0.451858
vt 0.111252 0.436384
vt 0.117920 0.436498
vt 0.087073 0.451012
vt 0.087218 0.435195
vt 0.111982 0.418201
vt 0.118651 0.418795
vt 0.088835 0.416299
vt 0.113190 0.398981
vt 0.119840 0.400388
vt 0.092014 0.396969
vt 0.117861 0.379228
vt 0.124140 0.381687
vt 0.208782 0.383953
vt 0.215074 0.378502
vt 0.215750 0.399286
vt 0.209078 0.399433
vt 0.216598 0.416960
vt 0.209935 0.417620
vt 0.185030 0.384785
vt 0.185238 0.400599
vt 0.217929 0.435272
vt 0.211288 0.436725
vt 0.186681 0.419503
vt 0.222383 0.453931
vt 0.216126 0.456444
vt 0.189912 0.438980
vt 0.880328 0.365192
vt 0.886364 0.370825
vt 0.885794 0.386344
vt 0.879127 0.386047
vt 0.909765 0.372206
vt 0.909196 0.388052
vt 0.884445 0.404476
vt 0.877806 0.403614
vt 0.907283 0.406938
vt 0.882504 0.423513
vt 0.875920 0.421800
vt 0.903493 0.426334
vt 0.876855 0.443016
vt 0.870728 0.440195
vt 0.573105 0.000892
vt 0.555089 0.005617
vt 0.555119 0.005264
vt 0.575178 0.000011
vt 0.621943 0.045444
vt 0.623884 0.028036
vt 0.623739 0.030283
vt 0.621836 0.047519
vt 0.615350 0.062527
vt 0.615325 0.064505
vt 0.604614 0.078341
vt 0.604606 0.080395
vt 0.591438 0.090897
vt 0.591393 0.093071
vt 0.578035 0.099539
vt 0.577870 0.101850
vt 0.565973 0.105174
vt 0.566367 0.107038
vt 0.975109 0.040108
vt 0.974506 0.058723
vt 0.974127 0.058580
vt 0.974841 0.037871
vt 0.996191 0.000004
vt 0.997572 0.018578
vt 0.997299 0.020823
vt 0.995895 0.000132
vt 0.997429 0.020792
vt 0.996230 0.039378
vt 0.995895 0.041600
vt 0.997000 0.020912
vn -0.014210 -0.999888 0.004617
vn -0.012088 -0.999888 0.008782
vn 0.216258 -0.963611 -0.157121
vn 0.254227 -0.963611 -0.082603
vn -0.008782 -0.999888 0.012088
vn 0.157121 -0.963611 -0.216258
vn -0.004617 -0.999888 0.014210
vn 0.082603 -0.963611 -0.254227
vn 0.000000 -0.999888 0.014941
vn -0.000000 -0.963611 -0.267311
vn 0.004617 -0.999888 0.014210
vn -0.082603 -0.963611 -0.254227
vn 0.008782 -0.999888 0.012087
vn -0.157121 -0.963611 -0.216259
vn 0.012088 -0.999888 0.008782
vn -0.216259 -0.963611 -0.157121
vn 0.014210 -0.999888 0.004617
vn -0.254227 -0.963611 -0.082603
vn 0.014941 -0.999888 0.000000
vn -0.267310 -0.963611 0.000000
vn 0.014210 -0.999888 -0.004617
vn -0.254227 -0.963611 0.082603
vn 0.012088 -0.999888 -0.008782
vn -0.216258 -0.963611 0.157121
vn 0.008782 -0.999888 -0.012088
vn -0.157121 -0.963611 0.216258
vn 0.004617 -0.999888 -0.014210
vn -0.082603 -0.963611 0.254227
vn 0.000000 -0.999888 -0.014941
vn -0.000000 -0.963610 0.267311
vn -0.004617 -0.999888 -0.014210
vn 0.082603 -0.963611 0.254227
vn -0.008782 -0.999888 -0.012087
vn 0.157121 -0.963611 0.216259
vn -0.012088 -0.999888 -0.008782
vn 0.216259 -0.963611 0.157121
vn -0.014210 -0.999888 -0.004617
vn 0.254227 -0.963611 0.082603
vn -0.014941 -0.999888 -0.000000
vn 0.267310 -0.963611 0.000000
vn 0.371799 -0.888176 -0.270015
vn 0.443189 -0.884595 -0.145170
vn 0.274865 -0.884743 -0.376403
vn 0.146309 -0.880811 -0.450295
vn -0.000000 -0.880811 -0.473468
vn -0.143843 -0.887886 -0.437000
vn -0.262541 -0.894602 -0.361608
vn -0.370380 -0.888361 -0.271356
vn -0.450295 -0.880811 -0.146309
vn -0.473468 -0.880811 0.000000
vn -0.450295 -0.880811 0.146309
vn -0.370541 -0.888266 0.271444
vn -0.262730 -0.894441 0.361866
vn -0.143874 -0.887798 0.437166
vn 0.000000 -0.880811 0.473468
vn 0.144897 -0.885256 0.441958
vn 0.269189 -0.889058 0.370287
vn 0.375942 -0.885013 0.274627
vn 0.450295 -0.880811 0.146309
vn 0.473468 -0.880811 0.000000
vn 0.451297 -0.108768 -0.885720
vn 0.307138 -0.110107 -0.945274
vn 0.309017 0.000119 -0.951057
vn 0.453990 0.000117 -0.891007
vn -0.000000 -0.110107 -0.993920
vn 0.000000 0.000118 -1.000000
vn -0.155506 -0.108768 -0.981829
vn -0.156435 0.000117 -0.987688
vn -0.885720 -0.108768 -0.451298
vn -0.945274 -0.110107 -0.307138
vn -0.951057 0.000119 -0.309017
vn -0.891006 0.000117 -0.453991
vn -0.993920 -0.110107 0.000000
vn -1.000000 0.000118 -0.000000
vn -0.945274 -0.110107 0.307138
vn -0.951056 0.000119 0.309017
vn -0.885720 -0.108767 0.451298
vn -0.891006 0.000118 0.453991
vn -0.155506 -0.108768 0.981829
vn -0.000000 -0.110108 0.993920
vn 0.000000 0.000119 1.000000
vn -0.156434 0.000117 0.987688
vn 0.155506 -0.108768 0.981829
vn 0.156435 0.000117 0.987688
vn 0.885720 -0.108768 0.451298
vn 0.945274 -0.110107 0.307138
vn 0.951057 0.000119 0.309017
vn 0.891006 0.000117 0.453991
vn 0.993920 -0.110107 0.000001
vn 1.000000 0.000118 0.000001
vn 0.981829 -0.108768 -0.155504
vn 0.987689 0.000116 -0.156433
vn 0.299954 0.240415 -0.923162
vn 0.440987 0.237623 -0.865486
vn 0.000000 0.240415 -0.970670
vn -0.151954 0.237623 -0.959398
vn -0.923162 0.240415 -0.299954
vn -0.865486 0.237623 -0.440987
vn -0.970670 0.240415 0.000000
vn -0.923162 0.240415 0.299954
vn -0.865486 0.237623 0.440987
vn 0.000000 0.240415 0.970670
vn -0.151954 0.237623 0.959398
vn 0.151954 0.237623 0.959398
vn 0.923162 0.240415 0.299954
vn 0.865486 0.237623 0.440987
vn 0.970670 0.240415 0.000001
vn 0.959399 0.237623 -0.151952
vn 0.274112 0.461681 -0.843631
vn 0.403765 0.457191 -0.792433
vn -0.000000 0.461681 -0.887046
vn -0.139128 0.457191 -0.878419
vn -0.843631 0.461681 -0.274112
vn -0.792433 0.457191 -0.403765
vn -0.887046 0.461681 0.000000
vn -0.843631 0.461681 0.274112
vn -0.792433 0.457191 0.403765
vn -0.000000 0.461681 0.887046
vn -0.139128 0.457191 0.878419
vn 0.139128 0.457191 0.878419
vn 0.843631 0.461681 0.274112
vn 0.792433 0.457191 0.403765
vn 0.887046 0.461681 0.000001
vn 0.878419 0.457191 -0.139126
vn 0.238145 0.637252 -0.732937
vn 0.351622 0.632558 -0.690096
vn -0.000000 0.637252 -0.770655
vn -0.121160 0.632558 -0.764978
vn -0.732937 0.637253 -0.238145
vn -0.690096 0.632558 -0.351622
vn -0.770655 0.637252 0.000000
vn -0.732937 0.637252 0.238145
vn -0.690096 0.632558 0.351622
vn -0.000000 0.637253 0.770655
vn -0.121161 0.632558 0.764978
vn 0.121160 0.632558 0.764978
vn 0.732937 0.637252 0.238145
vn 0.690096 0.632558 0.351622
vn 0.770655 0.637252 0.000001
vn 0.764978 0.632558 -0.121158
vn 0.195452 0.774563 -0.601540
vn 0.289279 0.770706 -0.567741
vn -0.000000 0.774563 -0.632496
vn -0.099679 0.770706 -0.629346
vn -0.601540 0.774563 -0.195452
vn -0.567742 0.770706 -0.289279
vn -0.632497 0.774563 -0.000000
vn -0.601540 0.774563 0.195452
vn -0.567742 0.770706 0.289279
vn 0.000000 0.774563 0.632497
vn -0.099679 0.770706 0.629346
vn 0.099679 0.770705 0.629347
vn 0.601540 0.774563 0.195452
vn 0.567742 0.770706 0.289279
vn 0.632497 0.774563 0.000001
vn 0.629347 0.770706 -0.099677
vn 0.153454 0.867987 -0.472283
vn 0.227554 0.865314 -0.446599
vn -0.000000 0.867987 -0.496588
vn -0.078410 0.865314 -0.495059
vn -0.472283 0.867987 -0.153454
vn -0.446599 0.865314 -0.227554
vn -0.496588 0.867987 -0.000000
vn -0.472283 0.867987 0.153455
vn -0.446599 0.865314 0.227554
vn 0.000000 0.867987 0.496588
vn -0.078410 0.865314 0.495059
vn 0.078410 0.865314 0.495059
vn 0.472283 0.867987 0.153454
vn 0.446599 0.865314 0.227553
vn 0.496588 0.867987 0.000001
vn 0.495059 0.865314 -0.078408
vn 0.122577 0.917963 -0.377253
vn 0.199482 0.921872 -0.332204
vn -0.000000 0.917963 -0.396667
vn -0.087062 0.921872 -0.377588
vn -0.377253 0.917963 -0.122577
vn -0.332204 0.921871 -0.199483
vn -0.396667 0.917963 -0.000000
vn -0.377252 0.917963 0.122577
vn -0.332204 0.921871 0.199482
vn 0.000000 0.917963 0.396666
vn -0.087061 0.921872 0.377588
vn 0.087061 0.921872 0.377588
vn 0.377252 0.917963 0.122576
vn 0.332205 0.921872 0.199481
vn 0.396667 0.917963 0.000000
vn 0.377588 0.921872 -0.087061
vn 0.285990 0.935434 -0.207783
vn 0.286126 0.935370 -0.207882
vn 0.336362 0.935370 -0.109291
vn 0.207883 0.935370 -0.286126
vn 0.109290 0.935369 -0.336363
vn -0.000000 0.935370 -0.353672
vn -0.109291 0.935370 -0.336361
vn -0.207784 0.935434 -0.285990
vn -0.207883 0.935370 -0.286126
vn -0.286126 0.935370 -0.207884
vn -0.336362 0.935370 -0.109290
vn -0.353671 0.935370 0.000000
vn -0.336362 0.935370 0.109289
vn -0.286126 0.935370 0.207883
vn -0.207784 0.935433 0.285990
vn -0.207883 0.935370 0.286127
vn -0.109290 0.935370 0.336361
vn 0.000000 0.935369 0.353672
vn 0.109290 0.935369 0.336363
vn 0.207784 0.935433 0.285990
vn 0.207883 0.935370 0.286127
vn 0.286126 0.935370 0.207883
vn 0.336361 0.935370 0.109290
vn 0.353671 0.935370 -0.000001
vn 0.363356 -0.924140 -0.118060
vn 0.309087 -0.924141 -0.224565
vn 0.408294 -0.863307 -0.296644
vn 0.479979 -0.863307 -0.155953
vn 0.224565 -0.924141 -0.309087
vn 0.296643 -0.863307 -0.408294
vn 0.118060 -0.924140 -0.363355
vn 0.155953 -0.863307 -0.479979
vn 0.000000 -0.924139 -0.382056
vn 0.000000 -0.863307 -0.504679
vn -0.014731 -0.949893 -0.312228
vn -0.118258 -0.844725 -0.521972
vn 0.022407 -0.993016 -0.115836
vn 0.022412 -0.993009 -0.115891
vn 0.012055 -0.999889 0.008760
vn 0.012055 -0.999889 0.008760
vn 0.014172 -0.999889 0.004604
vn 0.014172 -0.999889 0.004604
vn 0.014901 -0.999889 -0.000000
vn 0.014901 -0.999889 -0.000000
vn 0.014172 -0.999889 -0.004604
vn 0.014172 -0.999889 -0.004604
vn 0.012055 -0.999889 -0.008759
vn 0.012055 -0.999889 -0.008759
vn 0.008759 -0.999889 -0.012057
vn 0.008759 -0.999889 -0.012057
vn 0.004605 -0.999889 -0.014173
vn 0.004605 -0.999889 -0.014173
vn 0.000000 -0.999889 -0.014900
vn 0.000000 -0.999889 -0.014900
vn -0.004605 -0.999889 -0.014173
vn -0.004605 -0.999889 -0.014173
vn 0.117093 -0.993015 0.014484
vn 0.117145 -0.993009 0.014496
vn 0.292391 -0.949894 0.110495
vn 0.459880 -0.844725 0.273771
vn 0.363355 -0.924140 0.118059
vn 0.479978 -0.863308 0.155951
vn 0.382055 -0.924139 -0.000001
vn 0.504678 -0.863308 -0.000000
vn 0.480939 -0.804114 -0.349425
vn 0.565378 -0.804116 -0.183701
vn 0.349423 -0.804115 -0.480940
vn 0.183701 -0.804115 -0.565379
vn 0.000000 -0.804117 -0.594471
vn -0.178116 -0.748541 -0.638719
vn -0.431536 -0.656596 -0.618594
vn -0.421668 -0.659488 -0.622311
vn -0.638465 -0.614152 -0.463875
vn -0.638465 -0.614152 -0.463875
vn -0.750561 -0.614154 -0.243870
vn -0.750561 -0.614154 -0.243871
vn -0.789185 -0.614155 0.000001
vn -0.789185 -0.614155 0.000001
vn -0.750561 -0.614154 0.243870
vn -0.750561 -0.614154 0.243871
vn -0.638466 -0.614152 0.463873
vn -0.638465 -0.614152 0.463873
vn -0.463873 -0.614152 0.638466
vn -0.463873 -0.614152 0.638466
vn -0.243870 -0.614155 0.750561
vn -0.243871 -0.614155 0.750560
vn 0.000000 -0.614156 0.789185
vn 0.000000 -0.614156 0.789185
vn 0.243870 -0.614153 0.750563
vn 0.243870 -0.614153 0.750562
vn 0.454964 -0.656595 0.601573
vn 0.461549 -0.659487 0.593337
vn 0.552418 -0.748538 0.366776
vn 0.565377 -0.804117 0.183700
vn 0.594471 -0.804117 -0.000000
vn 0.947988 -0.080273 -0.308019
vn 0.806407 -0.080274 -0.585888
vn 0.809017 0.000079 -0.587785
vn 0.951057 0.000079 -0.309016
vn 0.585889 -0.080274 -0.806406
vn 0.587786 0.000079 -0.809017
vn 0.308020 -0.080274 -0.947987
vn 0.309017 0.000079 -0.951057
vn 0.000000 -0.080274 -0.996773
vn 0.000000 0.000080 -1.000000
vn -0.308020 -0.080273 -0.947987
vn -0.309016 0.000080 -0.951057
vn -0.585889 -0.080273 -0.806406
vn -0.587785 0.000080 -0.809017
vn -0.806407 -0.080273 -0.585888
vn -0.809018 0.000080 -0.587784
vn -0.947988 -0.080273 -0.308019
vn -0.951057 0.000080 -0.309016
vn -0.996773 -0.080274 -0.000000
vn -1.000000 0.000081 -0.000000
vn -0.947987 -0.080273 0.308020
vn -0.951057 0.000080 0.309016
vn -0.806407 -0.080274 0.585888
vn -0.809018 0.000080 0.587784
vn -0.585889 -0.080274 0.806406
vn -0.587785 0.000080 0.809017
vn -0.308019 -0.080273 0.947988
vn -0.309016 0.000080 0.951057
vn 0.000000 -0.080274 0.996773
vn -0.000000 0.000080 1.000000
vn 0.308021 -0.080274 0.947987
vn 0.309016 0.000080 0.951057
vn 0.585889 -0.080273 0.806406
vn 0.587785 0.000080 0.809017
vn 0.806407 -0.080273 0.585888
vn 0.809018 0.000080 0.587784
vn 0.947987 -0.080273 0.308020
vn 0.951057 0.000080 0.309016
vn 0.996773 -0.080274 0.000000
vn 1.000000 0.000080 0.000001
vn 0.792883 0.198714 -0.576063
vn 0.932091 0.198714 -0.302852
vn 0.576064 0.198714 -0.792883
vn 0.302854 0.198715 -0.932090
vn 0.000000 0.198715 -0.980057
vn -0.302853 0.198714 -0.932091
vn -0.576063 0.198714 -0.792883
vn -0.792883 0.198714 -0.576063
vn -0.932091 0.198714 -0.302853
vn -0.980058 0.198714 0.000000
vn -0.932091 0.198714 0.302853
vn -0.792883 0.198714 0.576063
vn -0.576063 0.198714 0.792883
vn -0.302853 0.198715 0.932090
vn -0.000000 0.198715 0.980057
vn 0.302852 0.198714 0.932091
vn 0.576063 0.198714 0.792883
vn 0.792883 0.198714 0.576063
vn 0.932091 0.198714 0.302853
vn 0.980057 0.198714 0.000001
vn 0.719402 0.457461 -0.522676
vn 0.845708 0.457462 -0.274785
vn 0.522677 0.457461 -0.719401
vn 0.274786 0.457462 -0.845708
vn -0.000000 0.457462 -0.889229
vn -0.274786 0.457462 -0.845707
vn -0.522676 0.457461 -0.719402
vn -0.719401 0.457461 -0.522677
vn -0.845708 0.457461 -0.274786
vn -0.889230 0.457461 0.000000
vn -0.845708 0.457462 0.274786
vn -0.719402 0.457461 0.522676
vn -0.522676 0.457461 0.719402
vn -0.274786 0.457462 0.845707
vn -0.000000 0.457462 0.889229
vn 0.274786 0.457462 0.845708
vn 0.522677 0.457461 0.719401
vn 0.719402 0.457461 0.522676
vn 0.845708 0.457462 0.274786
vn 0.889229 0.457462 0.000001
vn 0.564728 0.716057 -0.410297
vn 0.663877 0.716058 -0.215706
vn 0.410298 0.716058 -0.564727
vn 0.215706 0.716058 -0.663876
vn -0.000000 0.716058 -0.698041
vn -0.215706 0.716058 -0.663876
vn -0.410298 0.716057 -0.564728
vn -0.564728 0.716058 -0.410297
vn -0.663876 0.716058 -0.215705
vn -0.698040 0.716058 0.000000
vn -0.663877 0.716058 0.215706
vn -0.564728 0.716058 0.410297
vn -0.410297 0.716057 0.564729
vn -0.215706 0.716057 0.663877
vn 0.000000 0.716058 0.698041
vn 0.215706 0.716058 0.663877
vn 0.410298 0.716057 0.564728
vn 0.564728 0.716058 0.410297
vn 0.663877 0.716058 0.215706
vn 0.698041 0.716058 0.000001
vn 0.372251 0.887853 -0.270457
vn 0.437608 0.887853 -0.142187
vn 0.270455 0.887853 -0.372252
vn 0.142187 0.887854 -0.437605
vn -0.000000 0.887853 -0.460128
vn -0.142187 0.887852 -0.437609
vn -0.270456 0.887853 -0.372251
vn -0.372251 0.887853 -0.270454
vn -0.437608 0.887853 -0.142187
vn -0.460129 0.887852 -0.000000
vn -0.437608 0.887853 0.142187
vn -0.372251 0.887853 0.270454
vn -0.270456 0.887853 0.372251
vn -0.142187 0.887853 0.437607
vn 0.000000 0.887852 0.460129
vn 0.142187 0.887853 0.437608
vn 0.270456 0.887853 0.372251
vn 0.372251 0.887853 0.270455
vn 0.437608 0.887852 0.142187
vn 0.460129 0.887852 0.000001
vn 0.262714 0.945806 -0.190875
vn 0.308840 0.945806 -0.100349
vn 0.190873 0.945806 -0.262714
vn 0.100349 0.945806 -0.308838
vn -0.000000 0.945805 -0.324735
vn -0.100349 0.945805 -0.308841
vn -0.190873 0.945806 -0.262714
vn -0.262714 0.945806 -0.190872
vn -0.308840 0.945805 -0.100351
vn -0.324735 0.945805 0.000000
vn -0.308840 0.945805 0.100349
vn -0.262714 0.945807 0.190870
vn -0.190873 0.945806 0.262713
vn -0.100349 0.945807 0.308837
vn 0.000000 0.945806 0.324734
vn 0.100349 0.945805 0.308840
vn 0.190873 0.945806 0.262713
vn 0.262714 0.945806 0.190872
vn 0.308840 0.945805 0.100351
vn 0.324735 0.945805 0.000003
vn 0.208797 0.934781 -0.287383
vn 0.287385 0.934781 -0.208793
vn 0.109771 0.934782 -0.337837
vn -0.000000 0.934782 -0.355222
vn -0.109771 0.934780 -0.337842
vn -0.208798 0.934779 -0.287386
vn -0.287385 0.934780 -0.208797
vn -0.337841 0.934780 -0.109772
vn -0.355226 0.934780 -0.000000
vn -0.337840 0.934780 0.109771
vn -0.287384 0.934780 0.208797
vn -0.208797 0.934780 0.287385
vn -0.109771 0.934780 0.337842
vn -0.000000 0.934780 0.355227
vn 0.109770 0.934779 0.337843
vn 0.208796 0.934779 0.287389
vn 0.287383 0.934780 0.208798
vn 0.337839 0.934781 0.109771
vn 0.355225 0.934781 0.000001
vn 0.337841 0.934780 -0.109769
vn 0.942182 0.136285 -0.306136
vn 0.801468 0.136284 -0.582302
vn 0.804338 0.107384 -0.584387
vn 0.945556 0.107384 -0.307233
vn 0.582302 0.136284 -0.801468
vn 0.584387 0.107384 -0.804338
vn 0.306138 0.136285 -0.942182
vn 0.307235 0.107384 -0.945556
vn -0.000000 0.136285 -0.990670
vn -0.000000 0.107384 -0.994218
vn -0.306138 0.136285 -0.942182
vn -0.307235 0.107384 -0.945556
vn -0.582303 0.136284 -0.801468
vn -0.584388 0.107384 -0.804338
vn -0.801468 0.136284 -0.582302
vn -0.804338 0.107384 -0.584387
vn -0.942182 0.136285 -0.306137
vn -0.945556 0.107384 -0.307233
vn -0.990670 0.136285 0.000000
vn -0.994218 0.107384 0.000000
vn -0.942182 0.136285 0.306138
vn -0.945556 0.107384 0.307233
vn -0.801468 0.136284 0.582302
vn -0.804338 0.107384 0.584387
vn -0.582303 0.136284 0.801467
vn -0.584388 0.107384 0.804338
vn -0.306138 0.136284 0.942182
vn -0.307234 0.107384 0.945556
vn 0.000000 0.136285 0.990670
vn 0.000000 0.107384 0.994218
vn 0.306138 0.136285 0.942182
vn 0.307235 0.107384 0.945556
vn 0.582302 0.136284 0.801468
vn 0.584388 0.107384 0.804338
vn 0.801468 0.136284 0.582302
vn 0.804338 0.107384 0.584388
vn 0.942182 0.136285 0.306138
vn 0.945556 0.107384 0.307235
vn 0.990670 0.136285 -0.000000
vn 0.994218 0.107384 0.000000
vn 0.000001 1.000000 0.000000
vn 0.937898 -0.071243 0.339518
vn 0.937898 -0.071243 0.339518
vn 0.933587 0.009828 0.358216
vn 0.933539 0.010338 0.358326
vn 0.658222 -0.676546 -0.330196
vn 0.658222 -0.676546 -0.330196
vn 0.590835 -0.684701 -0.426731
vn 0.588369 -0.684812 -0.429948
vn 0.512906 -0.683138 -0.519856
vn 0.512906 -0.683138 -0.519856
vn 0.902846 0.189206 0.386095
vn 0.903732 0.185672 0.385739
vn -0.072156 -0.066154 -0.995197
vn -0.072156 -0.066154 -0.995197
vn -0.090790 0.010688 -0.995813
vn -0.090664 0.010160 -0.995830
vn -0.123293 0.178427 -0.976198
vn -0.123841 0.181947 -0.975479
vn 0.837009 0.359889 0.412184
vn 0.839849 0.354547 0.411035
vn -0.163281 0.343022 -0.925027
vn -0.165188 0.348409 -0.922672
vn 0.746750 0.490934 0.448718
vn 0.751702 0.485204 0.446678
vn -0.221144 0.470568 -0.854202
vn -0.224573 0.476354 -0.850091
vn 0.642955 0.587905 0.490893
vn 0.649195 0.583200 0.488286
vn -0.289507 0.566285 -0.771691
vn -0.293903 0.571027 -0.766517
vn 0.548056 0.646310 0.530959
vn 0.553655 0.643659 0.528365
vn -0.350704 0.631489 -0.691541
vn -0.354421 0.635424 -0.686019
vn 0.494717 0.669610 0.553965
vn 0.494717 0.669610 0.553965
vn -0.384916 0.667093 -0.637830
vn -0.384916 0.667093 -0.637830
vn -0.315766 0.924703 0.212644
vn -0.321366 0.924730 0.203956
vn -0.425086 0.904736 0.027464
vn -0.425086 0.904736 0.027464
vn -0.187828 0.900185 0.392923
vn -0.187828 0.900185 0.392923
vn 0.324091 -0.074249 -0.943108
vn 0.324091 -0.074249 -0.943108
vn 0.341392 0.009439 -0.939874
vn 0.341477 0.009882 -0.939838
vn -0.328453 -0.681573 -0.653894
vn -0.328453 -0.681573 -0.653894
vn -0.423149 -0.690399 -0.586766
vn -0.427136 -0.690570 -0.583668
vn -0.515247 -0.689671 -0.508798
vn -0.515247 -0.689671 -0.508798
vn 0.368604 0.192691 -0.909396
vn 0.368225 0.189153 -0.910292
vn -0.995538 -0.067917 0.065510
vn -0.995538 -0.067917 0.065510
vn -0.996500 0.010482 0.082938
vn -0.996513 0.009999 0.082832
vn -0.976887 0.180272 0.114865
vn -0.976162 0.183799 0.115434
vn 0.396026 0.365665 -0.842290
vn 0.394855 0.360345 -0.845127
vn -0.925255 0.345799 0.155968
vn -0.922900 0.351176 0.157900
vn 0.433629 0.498480 -0.750655
vn 0.431576 0.492773 -0.755590
vn -0.853952 0.473960 0.214775
vn -0.849845 0.479731 0.218224
vn 0.476706 0.596831 -0.645402
vn 0.474097 0.592138 -0.651617
vn -0.770967 0.570076 0.283943
vn -0.765803 0.574804 0.288351
vn 0.517627 0.655763 -0.549580
vn 0.515041 0.653187 -0.555049
vn -0.693114 0.631919 0.346801
vn -0.688273 0.635107 0.350599
vn 0.540872 0.678616 -0.496929
vn 0.540872 0.678616 -0.496929
vn -0.644794 0.661535 0.382900
vn -0.644794 0.661535 0.382900
vn 0.197743 0.937615 0.285964
vn 0.188187 0.937520 0.292646
vn 0.002852 0.911501 0.411287
vn 0.002852 0.911501 0.411287
vn 0.386660 0.911364 0.141101
vn 0.386660 0.911364 0.141101
vn -0.995538 -0.067917 -0.065510
vn -0.995538 -0.067917 -0.065510
vn -0.996513 0.010000 -0.082832
vn -0.996500 0.010483 -0.082938
vn -0.514343 -0.690646 0.508389
vn -0.514343 -0.690646 0.508389
vn -0.422613 -0.691353 0.586029
vn -0.426599 -0.691524 0.582930
vn -0.328337 -0.682573 0.652908
vn -0.328337 -0.682573 0.652908
vn -0.976162 0.183799 -0.115435
vn -0.976887 0.180272 -0.114866
vn 0.324093 -0.074249 0.943107
vn 0.324093 -0.074249 0.943107
vn 0.341478 0.009882 0.939838
vn 0.341393 0.009439 0.939873
vn 0.368225 0.189152 0.910292
vn 0.368604 0.192691 0.909396
vn -0.922899 0.351175 -0.157901
vn -0.925255 0.345799 -0.155969
vn 0.394856 0.360345 0.845127
vn 0.396027 0.365665 0.842290
vn -0.849844 0.479731 -0.218227
vn -0.853951 0.473960 -0.214777
vn 0.431577 0.492773 0.755590
vn 0.433629 0.498480 0.750655
vn -0.765802 0.574804 -0.288353
vn -0.770967 0.570075 -0.283945
vn 0.474097 0.592138 0.651617
vn 0.476707 0.596830 0.645402
vn -0.690594 0.631680 -0.352223
vn -0.694994 0.629044 -0.348264
vn 0.509763 0.660450 0.551315
vn 0.511613 0.664413 0.544801
vn -0.649914 0.654090 -0.387011
vn -0.649914 0.654090 -0.387011
vn 0.526305 0.697000 0.487027
vn 0.526305 0.697000 0.487027
vn 0.205572 0.941041 -0.268668
vn 0.200213 0.940901 -0.273167
vn 0.384568 0.917113 -0.104936
vn 0.384568 0.917113 -0.104936
vn 0.015396 0.909370 -0.415704
vn 0.015396 0.909370 -0.415704
vn -0.380754 -0.065631 0.922345
vn -0.380754 -0.065631 0.922344
vn -0.398165 0.010206 0.917257
vn -0.398275 0.010726 0.917203
vn 0.326278 -0.685919 0.650429
vn 0.326278 -0.685919 0.650429
vn 0.429770 -0.686264 0.586804
vn 0.425224 -0.686468 0.589870
vn 0.523344 -0.677039 0.517426
vn 0.523344 -0.677039 0.517426
vn -0.422894 0.181140 0.887890
vn -0.422599 0.177621 0.888741
vn 0.997074 -0.072521 -0.024181
vn 0.997074 -0.072521 -0.024181
vn 0.999017 0.010217 -0.043135
vn 0.999027 0.009726 -0.043023
vn 0.979128 0.187399 -0.078680
vn 0.978393 0.190939 -0.079307
vn -0.445634 0.347090 0.825190
vn -0.444551 0.341697 0.828020
vn 0.925789 0.357330 -0.123412
vn 0.923446 0.362662 -0.125398
vn -0.479467 0.474635 0.738128
vn -0.477479 0.468843 0.743102
vn 0.852503 0.488757 -0.185353
vn 0.848432 0.494476 -0.188833
vn -0.519395 0.568992 0.637556
vn -0.516812 0.564247 0.643841
vn 0.767363 0.587321 -0.257310
vn 0.762245 0.592017 -0.261722
vn -0.556554 0.625609 0.546682
vn -0.554108 0.622930 0.552198
vn 0.681588 0.657664 -0.320804
vn 0.675422 0.662188 -0.324519
vn -0.577311 0.648325 0.496373
vn -0.577311 0.648325 0.496373
vn 0.621600 0.698351 -0.354851
vn 0.621600 0.698351 -0.354851
vn -0.205070 0.930540 -0.303384
vn -0.210631 0.930361 -0.300106
vn -0.003048 0.911639 -0.410982
vn -0.003048 0.911639 -0.410982
vn -0.395960 0.900452 -0.180007
vn -0.395960 0.900452 -0.180007
vn 0.885720 -0.108768 -0.451298
vn 0.804496 -0.110107 -0.583664
vn 0.809394 0.013143 -0.587119
vn 0.890931 0.013031 -0.453952
vn 0.702912 -0.108768 -0.702912
vn 0.707048 0.012924 -0.707048
vn -0.451297 -0.108768 -0.885720
vn -0.583544 -0.110107 -0.804582
vn -0.586985 0.013283 -0.809489
vn -0.453951 0.013167 -0.890929
vn -0.702912 -0.108768 -0.702911
vn -0.707047 0.013044 -0.707046
vn -0.702911 -0.108768 0.702912
vn -0.583544 -0.110107 0.804582
vn -0.586985 0.013283 0.809489
vn -0.707046 0.013043 0.707047
vn -0.451297 -0.108768 0.885720
vn -0.453951 0.013167 0.890929
vn 0.451297 -0.108768 0.885720
vn 0.584950 -0.110108 0.803561
vn 0.588564 0.013172 0.808343
vn 0.453952 0.012930 0.890932
vn 0.702912 -0.108768 0.702911
vn 0.707047 0.013072 0.707046
vn 0.785871 0.239742 -0.570027
vn 0.865618 0.237013 -0.441055
vn 0.686940 0.237123 -0.686940
vn -0.569891 0.239736 -0.785971
vn -0.441059 0.236979 -0.865626
vn -0.686947 0.237085 -0.686946
vn -0.569890 0.239736 0.785972
vn -0.686946 0.237085 0.686947
vn -0.441058 0.236979 0.865626
vn 0.571475 0.239740 0.784819
vn 0.441042 0.237133 0.865592
vn 0.686963 0.236991 0.686962
vn 0.718607 0.460348 -0.521232
vn 0.792985 0.455984 -0.404047
vn 0.629307 0.456011 -0.629306
vn -0.521092 0.460360 -0.718702
vn -0.404047 0.455983 -0.792985
vn -0.629313 0.455996 -0.629312
vn -0.521092 0.460359 0.718702
vn -0.629312 0.455996 0.629313
vn -0.404046 0.455983 0.792986
vn 0.522567 0.460350 0.717637
vn 0.404040 0.456012 0.792972
vn 0.629318 0.455979 0.629318
vn 0.625215 0.635230 -0.453420
vn 0.691462 0.630677 -0.352318
vn 0.548766 0.630645 -0.548765
vn -0.453269 0.635256 -0.625298
vn -0.352308 0.630702 -0.691444
vn -0.548765 0.630646 -0.548765
vn -0.453268 0.635256 0.625299
vn -0.548765 0.630646 0.548765
vn -0.352308 0.630701 0.691444
vn 0.454691 0.635233 0.624288
vn 0.352332 0.630639 0.691489
vn 0.548742 0.630685 0.548743
vn 0.514620 0.771998 -0.373075
vn 0.570369 0.768258 -0.290618
vn 0.452719 0.768174 -0.452719
vn -0.372902 0.772037 -0.514688
vn -0.290592 0.768305 -0.570319
vn -0.452706 0.768189 -0.452706
vn -0.372902 0.772037 0.514688
vn -0.452706 0.768189 0.452706
vn -0.290592 0.768305 0.570319
vn 0.374335 0.772004 0.513697
vn 0.290670 0.768162 0.570472
vn 0.452631 0.768278 0.452631
vn 0.415051 0.858811 -0.300294
vn 0.465523 0.855362 -0.227252
vn 0.360872 0.855037 -0.372402
vn -0.299089 0.860115 -0.413217
vn -0.228277 0.856761 -0.462440
vn -0.368781 0.856836 -0.360323
vn -0.299824 0.859950 0.413028
vn -0.368547 0.857131 0.359861
vn -0.229169 0.855921 0.463551
vn 0.301088 0.858878 0.414336
vn 0.227481 0.855921 0.464382
vn 0.372880 0.854525 0.361590
vn 0.358559 0.899008 -0.251436
vn 0.414387 0.893827 -0.171334
vn 0.291268 0.894503 -0.339156
vn -0.249535 0.901949 -0.352450
vn -0.176897 0.897674 -0.403595
vn -0.326724 0.898453 -0.293316
vn -0.254953 0.901930 0.348599
vn -0.326914 0.898389 0.293297
vn -0.176730 0.897597 0.403840
vn 0.254389 0.899486 0.355263
vn 0.173211 0.895162 0.410710
vn 0.339729 0.894317 0.291173
vn 0.182349 -0.974183 -0.133104
vn 0.204950 -0.973185 -0.104434
vn 0.052929 -0.032771 -0.998061
vn 0.052929 -0.032771 -0.998061
vn 0.052929 -0.032771 -0.998060
vn 0.052929 -0.032771 -0.998061
vn 0.160442 -0.973919 -0.160438
vn 0.727609 0.010946 0.685905
vn 0.727609 0.010946 0.685905
vn 0.727609 0.010946 0.685905
vn 0.727609 0.010946 0.685905
vn 0.353605 0.008313 0.935358
vn 0.367881 0.007674 0.929841
vn 0.367881 0.007674 0.929841
vn 0.331071 0.009310 0.943560
vn -0.000000 -0.000000 -0.000000
vn -0.914357 -0.037409 -0.403176
vn -0.842938 -0.024316 -0.537461
vn -0.996849 -0.064957 -0.045531
vn 0.329457 0.010059 0.944117
vn 0.325809 0.011877 0.945361
vn -0.840485 -0.026153 -0.541203
vn -0.834614 -0.030668 -0.549981
vn 0.324238 0.012641 0.945891
vn 0.322031 0.013705 0.946630
vn -0.832226 -0.032580 -0.553478
vn -0.828821 -0.035328 -0.558397
vn 0.320358 0.014376 0.947188
vn 0.318902 0.014883 0.947671
vn -0.826219 -0.037104 -0.562125
vn -0.824012 -0.038437 -0.565267
vn 0.317369 0.015251 0.948179
vn 0.316507 0.015343 0.948466
vn -0.821575 -0.039478 -0.568732
vn -0.820289 -0.039756 -0.570566
vn -0.793972 -0.186057 0.578784
vn -0.837602 -0.183366 0.514587
vn -0.837602 -0.183366 0.514587
vn -0.795511 -0.185985 0.576691
vn 0.315702 0.015429 0.948733
vn 0.315702 0.015429 0.948733
vn -0.819023 -0.040030 -0.572362
vn -0.819023 -0.040030 -0.572362
vn -0.747571 -0.187586 0.637141
vn -0.747571 -0.187586 0.637141
vn -0.121051 -0.978823 -0.165083
vn -0.094880 -0.977918 -0.186210
vn 0.917781 -0.007315 -0.397019
vn 0.917019 -0.009372 -0.398734
vn 0.917019 -0.009372 -0.398734
vn 0.923680 0.009309 -0.383052
vn -0.145271 -0.978670 -0.145264
vn -0.538149 0.005797 0.842830
vn -0.538983 0.004767 0.842303
vn -0.547571 -0.005919 0.836738
vn -0.538149 0.005797 0.842830
vn 0.925857 0.013814 -0.377622
vn 0.930311 0.022885 -0.366057
vn -0.550741 -0.008478 0.834633
vn -0.557723 -0.013931 0.829910
vn 0.932049 0.026864 -0.361334
vn 0.934047 0.031678 -0.355743
vn -0.560193 -0.016239 0.828203
vn -0.563148 -0.019148 0.826134
vn 0.935889 0.035570 -0.350496
vn 0.937227 0.038194 -0.346623
vn -0.565890 -0.021530 0.824200
vn -0.567815 -0.023089 0.822832
vn 0.939205 0.041528 -0.340838
vn 0.940070 0.042789 -0.338287
vn -0.570868 -0.025226 0.820654
vn -0.572061 -0.025955 0.819800
vn 0.941881 0.044940 -0.332927
vn 0.942376 0.045344 -0.331469
vn -0.574940 -0.027419 0.817736
vn -0.575590 -0.027662 0.817270
vn 0.581765 -0.157181 0.798025
vn 0.534776 -0.154628 0.830725
vn 0.534776 -0.154628 0.830726
vn 0.580145 -0.157100 0.799219
vn 0.943300 0.046103 -0.328726
vn 0.943300 0.046103 -0.328726
vn -0.577038 -0.028202 0.816230
vn -0.577038 -0.028202 0.816230
vn 0.624808 -0.159136 0.764389
vn 0.624808 -0.159136 0.764389
vn -0.121045 -0.978823 0.165089
vn -0.145270 -0.978670 0.145264
vn -0.538990 0.004768 -0.842299
vn -0.538157 0.005797 -0.842824
vn -0.538157 0.005797 -0.842824
vn -0.547561 -0.005918 -0.836745
vn -0.094879 -0.977917 0.186214
vn 0.917017 -0.009373 0.398738
vn 0.917780 -0.007315 0.397023
vn 0.923679 0.009310 0.383053
vn 0.917017 -0.009373 0.398738
vn -0.550733 -0.008477 -0.834639
vn -0.557719 -0.013930 -0.829913
vn 0.925857 0.013815 0.377623
vn 0.930311 0.022884 0.366057
vn -0.560190 -0.016238 -0.828205
vn -0.563146 -0.019147 -0.826136
vn 0.932049 0.026864 0.361334
vn 0.934047 0.031679 0.355742
vn -0.565890 -0.021530 -0.824200
vn -0.567817 -0.023088 -0.822831
vn 0.935889 0.035570 0.350495
vn 0.937227 0.038194 0.346622
vn -0.570871 -0.025226 -0.820652
vn -0.572064 -0.025955 -0.819798
vn 0.939204 0.041528 0.340838
vn 0.940069 0.042789 0.338288
vn -0.574940 -0.027419 -0.817736
vn -0.575590 -0.027662 -0.817271
vn 0.941881 0.044940 0.332928
vn 0.942376 0.045344 0.331469
vn 0.581920 -0.155955 -0.798153
vn 0.625136 -0.157952 -0.764366
vn 0.625136 -0.157952 -0.764366
vn 0.580210 -0.155868 -0.799413
vn -0.577035 -0.028202 -0.816233
vn -0.577035 -0.028202 -0.816233
vn 0.943300 0.046103 0.328724
vn 0.943300 0.046103 0.328724
vn 0.534626 -0.153350 -0.831059
vn 0.534626 -0.153350 -0.831059
vn 0.129954 -0.975016 0.180153
vn 0.101126 -0.974876 0.198469
vn -0.275918 0.089466 -0.957008
vn -0.275918 0.089466 -0.957009
vn -0.275918 0.089466 -0.957009
vn -0.275918 0.089466 -0.957008
vn 0.160441 -0.973918 0.160445
vn 0.717316 -0.016071 -0.696563
vn 0.712837 -0.014269 -0.701185
vn 0.650843 0.009534 -0.759153
vn 0.717316 -0.016071 -0.696563
vn -0.984966 -0.025203 0.170903
vn -0.992690 -0.023643 0.118354
vn -0.992690 -0.023643 0.118354
vn -0.969582 -0.027255 0.243245
vn 0.641354 0.012061 -0.767150
vn 0.621780 0.016967 -0.783008
vn -0.968272 -0.029607 0.248139
vn -0.965377 -0.035003 0.258501
vn 0.619268 0.018567 -0.784961
vn 0.614197 0.022066 -0.788844
vn -0.963977 -0.037512 0.263326
vn -0.962164 -0.040678 0.269416
vn 0.611637 0.023694 -0.790784
vn 0.608392 0.025686 -0.793221
vn -0.960584 -0.043000 0.274645
vn -0.959391 -0.044534 0.278542
vn 0.605635 0.027092 -0.795281
vn 0.603466 0.028044 -0.796895
vn -0.957889 -0.045956 0.283436
vn -0.957199 -0.046329 0.285699
vn 0.600940 0.028835 -0.798774
vn 0.599653 0.029036 -0.799733
vn -0.576509 -0.180784 -0.796840
vn -0.517000 -0.182919 -0.836213
vn -0.517000 -0.182919 -0.836213
vn -0.579058 -0.180669 -0.795017
vn -0.956423 -0.046745 0.288220
vn -0.956423 -0.046745 0.288220
vn 0.598327 0.029242 -0.800718
vn 0.598327 0.029242 -0.800718
vn -0.635992 -0.177540 -0.750995
vn -0.635992 -0.177540 -0.750995
s 1
g polySurface1 pSphere4
usemtl initialShadingGroup
f 177/366/1 178/367/2 2/368/3 1/369/4
f 178/367/2 179/370/5 3/371/6 2/368/3
f 179/370/5 180/376/7 4/377/8 3/371/6
f 180/376/7 181/384/9 5/385/10 4/377/8
f 181/384/9 182/391/11 6/392/12 5/385/10
f 182/391/11 183/397/13 7/398/14 6/392/12
f 183/397/13 184/403/15 8/404/16 7/398/14
f 184/403/15 185/411/17 9/412/18 8/404/16
f 185/411/17 186/420/19 10/421/20 9/412/18
f 186/420/19 187/431/21 11/432/22 10/421/20
f 187/431/21 188/435/23 12/436/24 11/432/22
f 188/435/23 189/429/25 13/430/26 12/436/24
f 189/429/25 190/418/27 14/419/28 13/430/26
f 190/418/27 191/409/29 15/410/30 14/419/28
f 191/409/29 192/401/31 16/402/32 15/410/30
f 192/401/31 193/395/33 17/396/34 16/402/32
f 193/395/33 194/389/35 18/390/36 17/396/34
f 194/389/35 195/382/37 19/383/38 18/390/36
f 195/382/37 196/374/39 20/375/40 19/383/38
f 196/374/39 177/366/1 1/369/4 20/375/40
f 1/369/4 2/368/3 22/372/41 21/373/42
f 2/368/3 3/371/6 23/378/43 22/372/41
f 3/371/6 4/377/8 24/386/44 23/378/43
f 4/377/8 5/385/10 25/393/45 24/386/44
f 5/385/10 6/392/12 26/399/46 25/393/45
f 6/392/12 7/398/14 27/405/47 26/399/46
f 7/398/14 8/404/16 28/413/48 27/405/47
f 8/404/16 9/412/18 29/422/49 28/413/48
f 9/412/18 10/421/20 30/433/50 29/422/49
f 10/421/20 11/432/22 31/437/51 30/433/50
f 11/432/22 12/436/24 32/440/52 31/437/51
f 12/436/24 13/430/26 33/434/53 32/440/52
f 13/430/26 14/419/28 34/428/54 33/434/53
f 14/419/28 15/410/30 35/417/55 34/428/54
f 15/410/30 16/402/32 36/408/56 35/417/55
f 16/402/32 17/396/34 37/400/57 36/408/56
f 17/396/34 18/390/36 38/394/58 37/400/57
f 18/390/36 19/383/38 39/388/59 38/394/58
f 19/383/38 20/375/40 40/381/60 39/388/59
f 20/375/40 1/369/4 21/373/42 40/381/60
s 2
f 23/743/61 24/744/62 43/745/63 42/746/64
f 24/744/62 25/747/65 44/748/66 43/745/63
f 25/747/65 26/751/67 45/752/68 44/748/66
f 28/1/69 29/2/70 47/3/71 46/4/72
f 29/2/70 30/5/73 48/6/74 47/3/71
f 30/5/73 31/11/75 49/12/76 48/6/74
f 31/11/75 32/19/77 50/20/78 49/12/76
f 34/759/79 35/760/80 52/761/81 51/762/82
f 35/760/80 36/763/83 53/764/84 52/761/81
f 38/82/85 39/83/86 55/84/87 54/85/88
f 39/83/86 40/86/89 56/87/90 55/84/87
f 40/86/89 21/90/91 41/91/92 56/87/90
f 42/746/64 43/745/63 59/749/93 58/750/94
f 43/745/63 44/748/66 60/753/95 59/749/93
f 44/748/66 45/752/68 61/756/96 60/753/95
f 46/4/72 47/3/71 63/7/97 62/8/98
f 47/3/71 48/6/74 64/13/99 63/7/97
f 48/6/74 49/12/76 65/21/100 64/13/99
f 49/12/76 50/20/78 66/32/101 65/21/100
f 51/762/82 52/761/81 68/765/102 67/766/103
f 52/761/81 53/764/84 69/767/104 68/765/102
f 54/85/88 55/84/87 71/88/105 70/89/106
f 55/84/87 56/87/90 72/92/107 71/88/105
f 56/87/90 41/91/92 57/97/108 72/92/107
f 58/750/94 59/749/93 75/754/109 74/755/110
f 59/749/93 60/753/95 76/757/111 75/754/109
f 60/753/95 61/756/96 77/758/112 76/757/111
f 62/8/98 63/7/97 79/14/113 78/15/114
f 63/7/97 64/13/99 80/22/115 79/14/113
f 64/13/99 65/21/100 81/33/116 80/22/115
f 65/21/100 66/32/101 82/43/117 81/33/116
f 67/766/103 68/765/102 84/768/118 83/769/119
f 68/765/102 69/767/104 85/770/120 84/768/118
f 70/89/106 71/88/105 87/93/121 86/94/122
f 71/88/105 72/92/107 88/98/123 87/93/121
f 72/92/107 57/97/108 73/104/124 88/98/123
f 74/454/110 75/455/109 91/449/125 90/448/126
f 75/455/109 76/462/111 92/456/127 91/449/125
f 76/462/111 77/470/112 93/463/128 92/456/127
f 78/15/114 79/14/113 95/23/129 94/24/130
f 79/14/113 80/22/115 96/34/131 95/23/129
f 80/22/115 81/33/116 97/44/132 96/34/131
f 81/33/116 82/43/117 98/54/133 97/44/132
f 83/546/119 84/543/118 100/540/134 99/545/135
f 84/543/118 85/544/120 101/541/136 100/540/134
f 86/94/122 87/93/121 103/99/137 102/100/138
f 87/93/121 88/98/123 104/105/139 103/99/137
f 88/98/123 73/104/124 89/112/140 104/105/139
f 90/448/126 91/449/125 107/445/141 106/444/142
f 91/449/125 92/456/127 108/450/143 107/445/141
f 92/456/127 93/463/128 109/457/144 108/450/143
f 94/24/130 95/23/129 111/35/145 110/36/146
f 95/23/129 96/34/131 112/45/147 111/35/145
f 96/34/131 97/44/132 113/55/148 112/45/147
f 97/44/132 98/54/133 114/65/149 113/55/148
f 99/545/135 100/540/134 116/537/150 115/542/151
f 100/540/134 101/541/136 117/538/152 116/537/150
f 102/100/138 103/99/137 119/106/153 118/107/154
f 103/99/137 104/105/139 120/113/155 119/106/153
f 104/105/139 89/112/140 105/119/156 120/113/155
f 106/444/142 107/445/141 123/446/157 122/447/158
f 107/445/141 108/450/143 124/451/159 123/446/157
f 108/450/143 109/457/144 125/458/160 124/451/159
f 110/506/146 111/507/145 127/498/161 126/497/162
f 111/35/145 112/45/147 128/56/163 127/57/161
f 112/45/147 113/55/148 129/66/164 128/56/163
f 113/533/148 114/534/149 130/524/165 129/517/164
f 115/542/151 116/537/150 132/529/166 131/539/167
f 116/537/150 117/538/152 133/530/168 132/529/166
f 118/513/154 119/514/153 135/494/169 134/503/170
f 119/106/153 120/113/155 136/120/171 135/121/169
f 120/113/155 105/119/156 121/128/172 136/120/171
f 122/447/158 123/446/157 140/452/173 139/453/174
f 123/446/157 124/451/159 141/459/175 140/452/173
f 124/451/159 125/458/160 142/464/176 141/459/175
f 126/497/162 127/498/161 145/490/177 144/482/178
f 127/498/161 128/508/163 146/499/179 145/490/177
f 128/508/163 129/517/164 147/509/180 146/499/179
f 129/517/164 130/524/165 148/518/181 147/509/180
f 131/539/167 132/529/166 151/522/182 150/531/183
f 132/529/166 133/530/168 152/515/184 151/522/182
f 134/503/170 135/494/169 155/488/185 154/495/186
f 135/494/169 136/486/171 156/480/187 155/488/185
f 136/486/171 121/487/172 137/474/188 156/480/187
f 137/474/188 138/468/189 158/469/190 157/475/191
f 138/468/189 139/453/174 159/461/192 158/469/190
f 139/453/174 140/452/173 160/460/193 159/461/192
f 140/452/173 141/459/175 161/465/194 160/460/193
f 141/459/175 142/464/176 162/471/195 161/465/194
f 142/464/176 143/476/196 163/477/197 162/471/195
f 143/476/196 144/482/178 164/483/198 163/477/197
f 144/482/178 145/490/177 165/491/199 164/483/198
f 145/490/177 146/499/179 166/500/200 165/491/199
f 146/499/179 147/509/180 167/510/201 166/500/200
f 147/509/180 148/518/181 168/519/202 167/510/201
f 148/518/181 149/525/203 169/526/204 168/519/202
f 149/525/203 150/531/183 170/532/205 169/526/204
f 150/531/183 151/522/182 171/523/206 170/532/205
f 151/522/182 152/515/184 172/516/207 171/523/206
f 152/515/184 153/504/208 173/505/209 172/516/207
f 153/504/208 154/495/186 174/496/210 173/505/209
f 154/495/186 155/488/185 175/489/211 174/496/210
f 155/488/185 156/480/187 176/481/212 175/489/211
f 156/480/187 137/474/188 157/475/191 176/481/212
s 7
f 357/547/213 358/548/214 198/549/215 197/550/216
f 358/548/214 359/551/217 199/552/218 198/549/215
f 359/551/217 360/555/219 200/556/220 199/552/218
f 360/555/219 361/561/221 201/562/222 200/556/220
f 361/561/221 362/566/223 202/567/224 201/562/222
f 362/566/223 363/571/225 203/572/226 202/567/224
f 363/571/225 364/576/227 204/577/228 203/572/226
f 364/576/227 365/583/229 205/584/230 204/577/228
f 365/583/229 366/588/231 206/589/232 205/584/230
f 366/588/231 367/593/233 207/594/234 206/589/232
f 367/593/233 368/596/235 208/597/236 207/594/234
f 368/596/235 369/591/237 209/592/238 208/597/236
f 369/591/237 370/586/239 210/587/240 209/592/238
f 370/586/239 371/581/241 211/582/242 210/587/240
f 371/581/241 372/574/243 212/575/244 211/582/242
f 372/574/243 373/569/245 213/570/246 212/575/244
f 373/569/245 374/564/247 214/565/248 213/570/246
f 374/564/247 375/559/249 215/560/250 214/565/248
f 375/559/249 376/553/251 216/554/252 215/560/250
f 376/553/251 357/547/213 197/550/216 216/554/252
f 197/137/216 198/138/215 218/134/253 217/133/254
f 198/549/215 199/552/218 219/557/255 218/558/253
f 199/552/218 200/556/220 220/563/256 219/557/255
f 200/556/220 201/562/222 221/568/257 220/563/256
f 201/562/222 202/567/224 222/573/258 221/568/257
f 202/567/224 203/572/259 223/578/260 222/573/258
f 203/190/259 204/181/261 224/177/262 223/187/260
f 204/181/261 205/182/263 225/178/264 224/177/262
f 205/182/263 206/189/265 226/183/266 225/178/264
f 206/189/265 207/197/267 227/191/268 226/183/266
f 207/197/267 208/205/269 228/198/270 227/191/268
f 208/205/269 209/212/271 229/206/272 228/198/270
f 209/592/271 210/587/273 230/590/274 229/595/272
f 210/587/273 211/582/275 231/585/276 230/590/274
f 211/582/275 212/575/277 232/580/278 231/585/276
f 212/575/277 213/570/279 233/579/280 232/580/278
f 213/167/279 214/160/248 234/158/281 233/165/280
f 214/160/248 215/152/250 235/150/282 234/158/281
f 215/152/250 216/145/252 236/143/283 235/150/282
f 216/145/252 197/137/216 217/133/254 236/143/283
s 8
f 217/133/284 218/134/285 238/135/286 237/136/287
f 218/134/285 219/139/288 239/140/289 238/135/286
f 219/771/288 220/772/290 240/773/291 239/774/289
f 220/772/290 221/775/292 241/776/293 240/773/291
f 221/775/292 222/779/294 242/780/295 241/776/293
f 222/779/294 223/784/296 243/785/297 242/780/295
f 223/187/296 224/177/298 244/180/299 243/188/297
f 224/177/298 225/178/300 245/179/301 244/180/299
f 225/178/300 226/183/302 246/184/303 245/179/301
f 226/183/302 227/191/304 247/192/305 246/184/303
f 227/191/304 228/198/306 248/199/307 247/192/305
f 228/198/306 229/206/308 249/207/309 248/199/307
f 229/791/308 230/792/310 250/793/311 249/794/309
f 230/792/310 231/795/312 251/796/313 250/793/311
f 231/795/312 232/799/314 252/800/315 251/796/313
f 232/799/314 233/804/316 253/805/317 252/800/315
f 233/165/316 234/158/318 254/159/319 253/166/317
f 234/158/318 235/150/320 255/151/321 254/159/319
f 235/150/320 236/143/322 256/144/323 255/151/321
f 236/143/322 217/133/284 237/136/287 256/144/323
f 237/136/287 238/135/286 258/141/324 257/142/325
f 238/135/286 239/140/289 259/146/326 258/141/324
f 239/774/289 240/773/291 260/777/327 259/778/326
f 240/773/291 241/776/293 261/781/328 260/777/327
f 241/776/293 242/780/295 262/786/329 261/781/328
f 242/780/295 243/785/297 263/788/330 262/786/329
f 243/188/297 244/180/299 264/186/331 263/196/330
f 244/180/299 245/179/301 265/185/332 264/186/331
f 245/179/301 246/184/303 266/193/333 265/185/332
f 246/184/303 247/192/305 267/200/334 266/193/333
f 247/192/305 248/199/307 268/208/335 267/200/334
f 248/199/307 249/207/309 269/213/336 268/208/335
f 249/794/309 250/793/311 270/797/337 269/798/336
f 250/793/311 251/796/313 271/801/338 270/797/337
f 251/796/313 252/800/315 272/806/339 271/801/338
f 252/800/315 253/805/317 273/808/340 272/806/339
f 253/166/317 254/159/319 274/164/341 273/172/340
f 254/159/319 255/151/321 275/157/342 274/164/341
f 255/151/321 256/144/323 276/149/343 275/157/342
f 256/144/323 237/136/287 257/142/325 276/149/343
f 257/142/325 258/141/324 278/147/344 277/148/345
f 258/141/324 259/146/326 279/153/346 278/147/344
f 259/778/326 260/777/327 280/782/347 279/783/346
f 260/777/327 261/781/328 281/787/348 280/782/347
f 261/781/328 262/786/329 282/789/349 281/787/348
f 262/786/329 263/788/330 283/790/350 282/789/349
f 263/196/330 264/186/331 284/195/351 283/204/350
f 264/186/331 265/185/332 285/194/352 284/195/351
f 265/185/332 266/193/333 286/201/353 285/194/352
f 266/193/333 267/200/334 287/209/354 286/201/353
f 267/200/334 268/208/335 288/214/355 287/209/354
f 268/208/335 269/213/336 289/218/356 288/214/355
f 269/798/336 270/797/337 290/802/357 289/803/356
f 270/797/337 271/801/338 291/807/358 290/802/357
f 271/801/338 272/806/339 292/809/359 291/807/358
f 272/806/339 273/808/340 293/810/360 292/809/359
f 273/172/340 274/164/341 294/171/361 293/175/360
f 274/164/341 275/157/342 295/163/362 294/171/361
f 275/157/342 276/149/343 296/156/363 295/163/362
f 276/149/343 257/142/325 277/148/345 296/156/363
f 277/148/345 278/147/344 298/154/364 297/155/365
f 278/147/344 279/153/346 299/161/366 298/154/364
f 279/611/346 280/612/347 300/606/367 299/602/366
f 280/612/347 281/618/348 301/613/368 300/606/367
f 281/618/348 282/624/349 302/619/369 301/613/368
f 282/624/349 283/632/350 303/625/370 302/619/369
f 283/204/350 284/195/351 304/203/371 303/211/370
f 284/195/351 285/194/352 305/202/372 304/203/371
f 285/194/352 286/201/353 306/210/373 305/202/372
f 286/201/353 287/209/354 307/215/374 306/210/373
f 287/209/354 288/214/355 308/219/375 307/215/374
f 288/214/355 289/218/356 309/221/376 308/219/375
f 289/663/356 290/659/357 310/654/377 309/660/376
f 290/659/357 291/653/358 311/648/378 310/654/377
f 291/653/358 292/646/359 312/642/379 311/648/378
f 292/646/359 293/647/360 313/636/380 312/642/379
f 293/175/360 294/171/361 314/174/381 313/176/380
f 294/171/361 295/163/362 315/170/382 314/174/381
f 295/163/362 296/156/363 316/162/383 315/170/382
f 296/156/363 277/148/345 297/155/365 316/162/383
f 297/598/365 298/599/364 318/600/384 317/601/385
f 298/599/364 299/602/366 319/603/386 318/600/384
f 299/602/366 300/606/367 320/607/387 319/603/386
f 300/606/367 301/613/368 321/614/388 320/607/387
f 301/613/368 302/619/369 322/620/389 321/614/388
f 302/619/369 303/625/370 323/626/390 322/620/389
f 303/625/370 304/633/371 324/634/391 323/626/390
f 304/633/371 305/639/372 325/640/392 324/634/391
f 305/202/372 306/210/373 326/216/393 325/217/392
f 306/210/373 307/215/374 327/220/394 326/216/393
f 307/665/374 308/664/375 328/661/395 327/657/394
f 308/664/375 309/660/376 329/655/396 328/661/395
f 309/660/376 310/654/377 330/649/397 329/655/396
f 310/654/377 311/648/378 331/643/398 330/649/397
f 311/648/378 312/642/379 332/637/399 331/643/398
f 312/642/379 313/636/380 333/630/400 332/637/399
f 313/636/380 314/628/381 334/622/401 333/630/400
f 314/628/381 315/629/382 335/616/402 334/622/401
f 315/170/382 316/162/383 336/169/403 335/173/402
f 316/162/383 297/155/365 317/168/385 336/169/403
f 317/601/385 318/600/384 338/604/404 337/605/405
f 318/600/384 319/603/386 339/608/406 338/604/404
f 319/603/386 320/607/387 340/615/407 339/608/406
f 320/607/387 321/614/388 341/621/408 340/615/407
f 321/614/388 322/620/389 342/627/409 341/621/408
f 322/620/389 323/626/390 343/635/410 342/627/409
f 323/626/390 324/634/391 344/641/411 343/635/410
f 324/634/391 325/640/392 345/645/412 344/641/411
f 325/640/392 326/651/393 346/652/413 345/645/412
f 326/651/393 327/657/394 347/658/414 346/652/413
f 327/657/394 328/661/395 348/662/415 347/658/414
f 328/661/395 329/655/396 349/656/416 348/662/415
f 329/655/396 330/649/397 350/650/417 349/656/416
f 330/649/397 331/643/398 351/644/418 350/650/417
f 331/643/398 332/637/399 352/638/419 351/644/418
f 332/637/399 333/630/400 353/631/420 352/638/419
f 333/630/400 334/622/401 354/623/421 353/631/420
f 334/622/401 335/616/402 355/617/422 354/623/421
f 335/616/402 336/609/403 356/610/423 355/617/422
f 336/609/403 317/601/385 337/605/405 356/610/423
s 2
f 158/469/190 159/461/192 359/467/424 358/473/425
f 159/461/192 160/460/193 360/466/426 359/467/424
f 160/460/193 161/465/194 361/472/427 360/466/426
f 161/465/194 162/471/195 362/478/428 361/472/427
f 162/471/195 163/477/197 363/484/429 362/478/428
f 163/477/197 164/483/198 364/492/430 363/484/429
f 164/483/198 165/491/199 365/501/431 364/492/430
f 165/491/199 166/500/200 366/511/432 365/501/431
f 166/500/200 167/510/201 367/520/433 366/511/432
f 167/510/201 168/519/202 368/527/434 367/520/433
f 168/519/202 169/526/204 369/535/435 368/527/434
f 169/526/204 170/532/205 370/536/436 369/535/435
f 170/532/205 171/523/206 371/528/437 370/536/436
f 171/523/206 172/516/207 372/521/438 371/528/437
f 172/516/207 173/505/209 373/512/439 372/521/438
f 173/505/209 174/496/210 374/502/440 373/512/439
f 174/496/210 175/489/211 375/493/441 374/502/440
f 175/489/211 176/481/212 376/485/442 375/493/441
f 176/481/212 157/475/191 357/479/443 376/485/442
f 157/475/191 158/469/190 358/473/425 357/479/443
s 9
f 337/222/444 338/223/445 378/224/446 377/225/447
f 338/223/445 339/226/448 379/227/449 378/224/446
f 339/811/448 340/812/450 380/813/451 379/814/449
f 340/812/450 341/815/452 381/816/453 380/813/451
f 341/815/452 342/818/454 382/819/455 381/816/453
f 342/818/454 343/820/456 383/821/457 382/819/455
f 343/244/456 344/237/458 384/240/459 383/245/457
f 344/237/458 345/238/460 385/239/461 384/240/459
f 345/238/460 346/241/462 386/242/463 385/239/461
f 346/241/462 347/246/464 387/247/465 386/242/463
f 347/246/464 348/248/466 388/249/467 387/247/465
f 348/248/466 349/250/468 389/251/469 388/249/467
f 349/822/468 350/823/470 390/824/471 389/825/469
f 350/823/470 351/826/472 391/827/473 390/824/471
f 351/826/472 352/829/474 392/830/475 391/827/473
f 352/829/474 353/831/476 393/832/477 392/830/475
f 353/235/476 354/233/478 394/234/479 393/236/477
f 354/233/478 355/231/480 395/232/481 394/234/479
f 355/231/480 356/229/482 396/230/483 395/232/481
f 356/229/482 337/222/444 377/225/447 396/230/483
f 377/225/447 378/224/446 397/228/484
f 378/224/446 379/227/449 397/228/484
f 379/814/449 380/813/451 397/817/484
f 380/813/451 381/816/453 397/817/484
f 381/816/453 382/819/455 397/817/484
f 382/819/455 383/821/457 397/817/484
f 383/245/457 384/240/459 397/243/484
f 384/240/459 385/239/461 397/243/484
f 385/239/461 386/242/463 397/243/484
f 386/242/463 387/247/465 397/243/484
f 387/247/465 388/249/467 397/243/484
f 388/249/467 389/251/469 397/243/484
f 389/825/469 390/824/471 397/828/484
f 390/824/471 391/827/473 397/828/484
f 391/827/473 392/830/475 397/828/484
f 392/830/475 393/832/477 397/828/484
f 393/236/477 394/234/479 397/228/484
f 394/234/479 395/232/481 397/228/484
f 395/232/481 396/230/483 397/228/484
f 396/230/483 377/225/447 397/228/484
s 10
f 422/252/485 423/253/486 427/254/487 426/255/488
s 11
f 423/253/489 422/252/490 425/256/491 424/257/492
f 424/257/492 425/256/491 429/261/493 428/262/494
s 10
f 426/255/488 427/254/487 433/259/495 432/260/496
s 12
f 428/833/497 429/834/498 431/835/499 430/836/500
f 430/836/500 431/835/499 435/837/501 434/838/502
s 10
f 432/260/496 433/259/495 437/265/503 436/266/504
s 12
f 434/838/502 435/837/501 439/839/505 438/840/506
s 10
f 436/266/504 437/265/503 441/269/507 440/270/508
s 12
f 438/840/506 439/839/505 443/841/509 442/842/510
s 10
f 440/270/508 441/269/507 445/273/511 444/274/512
s 12
f 442/682/510 443/683/509 447/679/513 446/678/514
s 10
f 444/274/512 445/273/511 449/277/515 448/278/516
s 12
f 446/678/514 447/679/513 451/674/517 450/673/518
s 10
f 448/675/516 449/676/515 454/671/519 455/670/520
s 12
f 450/673/518 451/674/517 457/669/521 456/668/522
s 13
f 452/666/523 453/667/524 456/668/525 457/669/526
f 453/667/524 452/666/523 455/670/527 454/671/528
s 14
f 458/843/529 459/844/530 463/845/531 462/846/532
s 15
f 459/424/533 458/415/534 461/414/535 460/425/536
f 460/27/536 461/28/535 465/10/537 464/17/538
s 14
f 462/846/532 463/845/531 469/849/539 468/850/540
s 16
f 464/17/541 465/10/542 467/9/543 466/18/544
f 466/18/544 467/9/543 471/16/545 470/26/546
s 14
f 468/850/540 469/849/539 473/852/547 472/853/548
s 16
f 470/26/546 471/16/545 475/25/549 474/38/550
s 14
f 472/853/548 473/852/547 477/855/551 476/856/552
s 16
f 474/38/550 475/25/549 479/37/553 478/47/554
s 14
f 476/703/552 477/698/551 481/695/555 480/699/556
s 16
f 478/47/554 479/37/553 483/46/557 482/60/558
s 14
f 480/699/556 481/695/555 485/692/559 484/700/560
s 16
f 482/60/558 483/46/557 487/59/561 486/69/562
s 14
f 484/314/560 485/317/559 490/318/563 491/316/564
s 16
f 486/69/562 487/59/561 493/68/565 492/73/566
s 17
f 488/684/567 489/685/568 492/686/569 493/687/570
f 489/685/568 488/684/567 491/688/571 490/689/572
s 18
f 494/30/573 495/40/574 499/41/575 498/31/576
s 19
f 495/40/577 494/30/578 497/49/579 496/50/580
f 496/441/580 497/439/579 501/438/581 500/442/582
s 18
f 498/31/576 499/41/575 505/52/583 504/42/584
s 20
f 500/857/585 501/858/586 503/859/587 502/860/588
f 502/860/588 503/859/587 507/861/589 506/862/590
s 18
f 504/42/584 505/52/583 509/63/591 508/53/592
s 20
f 506/862/590 507/861/589 511/865/593 510/866/594
s 18
f 508/53/592 509/63/591 513/71/595 512/64/596
s 20
f 510/866/594 511/865/593 515/868/597 514/869/598
s 18
f 512/64/596 513/71/595 517/75/599 516/72/600
s 20
f 514/717/598 515/723/597 519/718/601 518/714/602
s 18
f 516/72/600 517/75/599 521/78/603 520/77/604
s 20
f 518/714/602 519/718/601 523/719/605 522/711/606
s 18
f 520/77/604 521/78/603 526/81/607 527/80/608
s 20
f 522/341/606 523/336/605 529/338/609 528/342/610
s 21
f 524/704/611 525/705/612 528/706/613 529/707/614
f 525/705/612 524/704/611 527/708/615 526/709/616
s 22
f 530/871/617 531/872/618 535/873/619 534/874/620
s 23
f 531/426/621 530/416/622 533/407/623 532/427/624
f 532/117/624 533/126/623 537/127/625 536/118/626
s 22
f 534/874/620 535/873/619 541/877/627 540/878/628
s 24
f 536/279/629 537/280/630 539/281/631 538/282/632
f 538/102/632 539/96/631 543/95/633 542/103/634
s 22
f 540/878/628 541/877/627 545/880/635 544/881/636
s 24
f 542/103/634 543/95/633 547/101/637 546/109/638
s 22
f 544/881/636 545/880/635 549/883/639 548/884/640
s 24
f 546/109/638 547/101/637 551/108/641 550/115/642
s 22
f 548/741/640 549/738/639 553/735/643 552/742/644
s 24
f 550/115/642 551/108/641 555/114/645 554/124/646
s 22
f 552/354/644 553/357/643 557/358/647 556/356/648
s 24
f 554/124/646 555/114/645 559/123/649 558/131/650
s 22
f 556/356/648 557/358/647 562/361/651 563/360/652
s 24
f 558/131/650 559/123/649 565/130/653 564/132/654
s 25
f 560/724/655 561/725/656 564/726/657 565/727/658
f 561/725/656 560/724/655 563/728/659 562/729/660
s 26
f 423/253/661 424/257/662 398/258/663 427/254/664
f 424/257/662 428/262/665 430/263/666 398/258/663
s 27
f 459/844/667 460/847/668 404/848/669 463/845/670
f 460/27/668 464/17/671 466/18/672 404/29/669
s 28
f 495/40/673 496/50/674 410/51/675 499/41/676
f 496/863/674 500/857/677 502/860/678 410/864/675
s 29
f 531/872/679 532/875/680 416/876/681 535/873/682
f 532/117/680 536/118/683 538/102/684 416/110/681
s 26
f 427/254/664 398/258/663 399/264/685 433/259/686
f 398/258/663 430/263/666 434/267/687 399/264/685
s 27
f 463/845/670 404/848/669 405/851/688 469/849/689
f 404/29/669 466/18/672 470/26/690 405/39/688
s 28
f 499/41/676 410/51/675 411/62/691 505/52/692
f 410/864/675 502/860/678 506/862/693 411/867/691
s 29
f 535/873/682 416/876/681 417/879/694 541/877/695
f 416/110/681 538/102/684 542/103/696 417/111/694
s 26
f 433/259/686 399/264/685 400/268/697 437/265/698
f 399/264/685 434/267/687 438/271/699 400/268/697
s 27
f 469/849/689 405/851/688 406/854/700 473/852/701
f 405/39/688 470/26/690 474/38/702 406/48/700
s 28
f 505/52/692 411/62/691 412/70/703 509/63/704
f 411/867/691 506/862/693 510/866/705 412/870/703
s 29
f 541/877/695 417/879/694 418/882/706 545/880/707
f 417/111/694 542/103/696 546/109/708 418/116/706
s 26
f 437/265/698 400/268/697 401/272/709 441/269/710
f 400/268/697 438/271/699 442/275/711 401/272/709
s 27
f 473/701/701 406/702/700 407/696/712 477/698/713
f 406/48/700 474/38/702 478/47/714 407/61/712
s 28
f 509/63/704 412/70/703 413/74/715 513/71/716
f 412/721/703 510/722/705 514/717/717 413/716/715
s 29
f 545/739/707 418/740/706 419/736/718 549/738/719
f 418/116/706 546/109/708 550/115/720 419/125/718
s 26
f 441/269/710 401/272/709 402/276/721 445/273/722
f 401/681/709 442/682/711 446/678/723 402/677/721
s 27
f 477/698/713 407/696/712 408/693/724 481/695/725
f 407/696/712 478/697/714 482/694/726 408/693/724
s 28
f 513/720/716 413/716/715 414/713/727 517/715/728
f 413/716/715 514/717/717 518/714/729 414/713/727
s 29
f 549/738/719 419/736/718 420/733/730 553/735/731
f 419/736/718 550/737/720 554/734/732 420/733/730
s 26
f 445/680/722 402/677/721 403/672/733 449/676/734
f 402/677/721 446/678/723 450/673/735 403/672/733
s 27
f 481/695/725 408/693/724 409/690/736 485/692/737
f 408/693/724 482/694/726 486/691/738 409/690/736
s 28
f 517/715/728 414/713/727 415/710/739 521/712/740
f 414/713/727 518/714/729 522/711/741 415/710/739
s 29
f 553/735/731 420/733/730 421/730/742 557/732/743
f 420/733/730 554/734/732 558/731/744 421/730/742
s 26
f 449/676/734 403/672/733 453/667/745 454/671/746
f 403/672/733 450/673/735 456/668/747 453/667/745
s 27
f 485/692/737 409/690/736 489/685/748 490/689/749
f 409/690/736 486/691/738 492/686/750 489/685/748
s 28
f 521/712/740 415/710/739 525/705/751 526/709/752
f 415/710/739 522/711/741 528/706/753 525/705/751
s 29
f 557/732/743 421/730/742 561/725/754 562/729/755
f 421/730/742 558/731/744 564/726/756 561/725/754
s 1
f 21/373/42 22/372/41 425/379/757 422/380/758
s off
f 41/885/759 21/886/760 422/887/761 426/888/762
s 1
f 22/372/41 23/378/43 429/387/763 425/379/757
s off
f 23/907/764 42/908/765 431/909/766 429/910/767
s 30
f 57/889/768 41/890/769 426/891/770 432/892/771
s 31
f 42/283/772 58/284/773 435/285/774 431/286/775
s 30
f 73/893/776 57/889/768 432/892/771 436/894/777
s 31
f 58/284/773 74/287/778 439/288/779 435/285/774
s 30
f 89/895/780 73/893/776 436/894/777 440/896/781
s 31
f 74/287/778 90/289/782 443/290/783 439/288/779
s 30
f 105/897/784 89/895/780 440/896/781 444/898/785
s 31
f 90/289/782 106/291/786 447/292/787 443/290/783
s 30
f 121/899/788 105/897/784 444/898/785 448/900/789
s 31
f 106/291/786 122/293/790 451/294/791 447/292/787
s 32
f 138/297/792 137/299/793 455/300/794 452/298/795
s 30
f 137/901/796 121/899/788 448/900/789 455/902/797
s 31
f 122/293/790 139/295/798 457/296/799 451/294/791
s 32
f 139/295/800 138/297/792 452/298/795 457/296/801
s 1
f 26/399/46 27/405/47 461/414/802 458/415/803
s 33
f 45/301/804 26/302/805 458/303/806 462/304/807
s 1
f 27/405/47 28/413/48 465/423/808 461/414/802
s 34
f 28/1/809 46/4/810 467/9/811 465/10/812
s 33
f 61/305/813 45/301/804 462/304/807 468/306/814
s 34
f 46/4/810 62/8/815 471/16/816 467/9/811
s 33
f 77/307/817 61/305/813 468/306/814 472/308/818
s 34
f 62/8/815 78/15/819 475/25/820 471/16/816
s 33
f 93/309/821 77/307/817 472/308/818 476/310/822
s 34
f 78/15/819 94/24/823 479/37/824 475/25/820
s 33
f 109/311/825 93/309/821 476/310/822 480/312/826
s 34
f 94/24/823 110/36/827 483/46/828 479/37/824
s 33
f 125/313/829 109/311/825 480/312/826 484/314/830
s 34
f 110/36/827 126/58/831 487/59/832 483/46/828
s 35
f 143/319/833 142/315/834 491/316/835 488/320/836
s 33
f 142/315/837 125/313/829 484/314/830 491/316/838
s 34
f 126/58/831 144/67/839 493/68/840 487/59/832
s 35
f 144/321/841 143/319/833 488/320/836 493/322/842
s 1
f 32/440/52 33/434/53 497/439/843 494/443/844
s 36
f 50/20/845 32/19/846 494/30/847 498/31/848
s 1
f 33/434/53 34/428/54 501/438/849 497/439/843
s 37
f 34/323/850 51/324/851 503/325/852 501/326/853
s 36
f 66/32/854 50/20/845 498/31/848 504/42/855
s 37
f 51/324/851 67/327/856 507/328/857 503/325/852
s 36
f 82/43/858 66/32/854 504/42/855 508/53/859
s 37
f 67/327/856 83/329/860 511/330/861 507/328/857
s 36
f 98/54/862 82/43/858 508/53/859 512/64/863
s 37
f 83/329/860 99/331/864 515/332/865 511/330/861
s 36
f 114/65/866 98/54/862 512/64/863 516/72/867
s 37
f 99/331/864 115/333/868 519/334/869 515/332/865
s 36
f 130/76/870 114/65/866 516/72/867 520/77/871
s 37
f 115/333/868 131/335/872 523/336/873 519/334/869
s 38
f 149/339/874 148/343/875 527/344/876 524/340/877
s 36
f 148/79/878 130/76/870 520/77/871 527/80/879
s 37
f 131/335/872 150/337/880 529/338/881 523/336/873
s 38
f 150/337/882 149/339/874 524/340/877 529/338/883
s 1
f 36/408/56 37/400/57 533/407/884 530/416/885
s off
f 53/903/886 36/904/887 530/905/888 534/906/889
s 1
f 37/400/57 38/394/58 537/406/890 533/407/884
s 39
f 38/911/891 54/912/892 539/913/893 537/914/894
s 40
f 69/345/895 53/346/896 534/347/897 540/348/898
s 39
f 54/85/892 70/89/899 543/95/900 539/96/893
s 40
f 85/349/901 69/345/895 540/348/898 544/350/902
s 39
f 70/89/899 86/94/903 547/101/904 543/95/900
s 40
f 101/351/905 85/349/901 544/350/902 548/352/906
s 39
f 86/94/903 102/100/907 551/108/908 547/101/904
s 40
f 117/353/909 101/351/905 548/352/906 552/354/910
s 39
f 102/100/907 118/107/911 555/114/912 551/108/908
s 40
f 133/355/913 117/353/909 552/354/910 556/356/914
s 39
f 118/107/911 134/122/915 559/123/916 555/114/912
s 41
f 153/362/917 152/359/918 563/360/919 560/363/920
s 40
f 152/359/921 133/355/913 556/356/914 563/360/922
s 39
f 134/122/915 154/129/923 565/130/924 559/123/916
s 41
f 154/364/925 153/362/917 560/363/920 565/365/926
g default
v -1.402682 -3.732237 -0.440682
v -1.402682 -3.596029 -0.419108
v -1.402682 -3.473154 -0.356501
v -1.402682 -3.375640 -0.258986
v -1.402682 -3.313032 -0.136112
v -1.402682 -3.291459 0.000096
v -1.402682 -3.313032 0.136304
v -1.402682 -3.375640 0.259179
v -1.402682 -3.473154 0.356693
v -1.402682 -3.596029 0.419301
v -1.402682 -3.732237 0.440874
v -1.402682 -4.427170 -0.440682
v -1.402682 -4.427170 0.440874
v -1.402682 -3.767536 -0.318243
v -1.402682 -3.669164 -0.302663
v -1.402682 -3.580421 -0.257446
v -1.402682 -3.509994 -0.187019
v -1.402682 -3.464777 -0.098276
v -1.402682 -3.449196 0.000096
v -1.402682 -3.464777 0.098469
v -1.402682 -3.509994 0.187212
v -1.402682 -3.580421 0.257638
v -1.402682 -3.669164 0.302855
v -1.402682 -3.767536 0.318436
v -1.402682 -4.269432 -0.318243
v -1.402682 -4.269432 0.318436
v -0.560071 -3.732237 -0.440682
v -0.521126 -3.735301 -0.401737
v -0.560071 -3.596029 -0.419108
v -0.521126 -3.608213 -0.381608
v -0.560071 -3.473154 -0.356501
v -0.521126 -3.496330 -0.324601
v -0.560071 -3.375640 -0.258986
v -0.521126 -3.407539 -0.235810
v -0.560071 -3.313032 -0.136112
v -0.521126 -3.350533 -0.123927
v -0.560071 -3.291458 0.000096
v -0.521126 -3.330889 0.000096
v -0.560071 -3.313032 0.136304
v -0.521126 -3.350533 0.124120
v -0.560071 -3.375640 0.259179
v -0.521126 -3.407539 0.236002
v -0.560071 -3.473154 0.356693
v -0.521126 -3.496330 0.324793
v -0.560071 -3.596029 0.419301
v -0.521126 -3.608213 0.381800
v -0.560071 -3.732237 0.440874
v -0.521126 -3.735301 0.401929
v -0.560071 -4.427170 -0.440682
v -0.521126 -4.388225 -0.401737
v -0.560071 -4.427170 0.440874
v -0.521126 -4.388225 0.401929
v -0.521126 -3.764471 -0.357188
v -0.560071 -3.767536 -0.318243
v -0.521126 -3.656979 -0.340163
v -0.560071 -3.669163 -0.302663
v -0.521126 -3.557244 -0.289346
v -0.560071 -3.580421 -0.257446
v -0.521126 -3.478094 -0.210196
v -0.560071 -3.509994 -0.187019
v -0.521126 -3.427276 -0.110461
v -0.560071 -3.464777 -0.098276
v -0.521126 -3.409766 0.000096
v -0.560071 -3.449196 0.000096
v -0.521126 -3.427277 0.110653
v -0.560071 -3.464777 0.098469
v -0.521126 -3.478094 0.210388
v -0.560071 -3.509994 0.187212
v -0.521126 -3.557244 0.289538
v -0.560071 -3.580421 0.257638
v -0.521126 -3.656979 0.340356
v -0.560071 -3.669163 0.302855
v -0.521126 -3.764471 0.357381
v -0.560071 -3.767536 0.318436
v -0.521126 -4.308377 -0.357188
v -0.560071 -4.269432 -0.318243
v -0.521126 -4.308377 0.357381
v -0.560071 -4.269432 0.318436
vt 0.103466 0.576284
vt 0.102935 0.584436
vt 0.053802 0.581173
vt 0.054281 0.573193
vt 0.102346 0.592582
vt 0.053126 0.589139
vt 0.051065 0.573031
vt 0.050603 0.580962
vt 0.056035 0.532724
vt 0.105724 0.535250
vt 0.101704 0.600696
vt 0.052220 0.597123
vt 0.049939 0.588698
vt 0.052696 0.534904
vt 0.048978 0.596194
vt 0.539849 0.845563
vt 0.539565 0.837412
vt 0.588872 0.836156
vt 0.589170 0.844153
vt 0.539334 0.829242
vt 0.588769 0.828170
vt 0.592350 0.843877
vt 0.592126 0.836089
vt 0.540155 0.853662
vt 0.589716 0.852202
vt 0.538763 0.788365
vt 0.588285 0.787476
vt 0.591987 0.828113
vt 0.592950 0.851403
vt 0.591554 0.789772
vt 0.048221 0.951784
vt 0.042410 0.951702
vt 0.042859 0.902105
vt 0.048754 0.902150
vt 0.013125 0.951516
vt 0.013249 0.902327
vt 0.042859 0.898879
vt 0.048897 0.898859
vt 0.054054 0.951881
vt 0.054609 0.902414
vt 0.010884 0.899119
vt 0.055314 0.899279
vt 0.059895 0.951979
vt 0.060458 0.902513
vt 0.916223 0.369683
vt 0.945665 0.369521
vt 0.946072 0.419060
vt 0.916601 0.419016
vt 0.951483 0.369454
vt 0.951960 0.419008
vt 0.946095 0.422288
vt 0.914264 0.422239
vt 0.957303 0.369368
vt 0.957831 0.418761
vt 0.952134 0.422309
vt 0.963145 0.369276
vt 0.963679 0.418670
vt 0.958494 0.421863
vt 0.104596 0.936980
vt 0.112696 0.937141
vt 0.111472 0.986500
vt 0.103399 0.986586
vt 0.120835 0.937323
vt 0.119488 0.986659
vt 0.104014 0.989860
vt 0.111574 0.989690
vt 0.128980 0.937556
vt 0.127493 0.986979
vt 0.119391 0.989867
vt 0.137109 0.937831
vt 0.135518 0.987520
vt 0.127192 0.990186
vt 0.134737 0.990802
vt 0.929085 0.734628
vt 0.879638 0.734864
vt 0.879391 0.683131
vt 0.928838 0.682895
vt 0.876395 0.732594
vt 0.876170 0.685432
vt 0.228612 0.928471
vt 0.265942 0.926884
vt 0.268041 0.976287
vt 0.230712 0.977874
vt 0.228566 0.981200
vt 0.270462 0.979419
vt 0.999710 0.326453
vt 0.993866 0.326591
vt 0.992549 0.277085
vt 0.998404 0.277150
vt 0.988044 0.326735
vt 0.986660 0.277201
vt 0.992656 0.273796
vt 0.999045 0.274011
vt 0.982226 0.326900
vt 0.980771 0.277442
vt 0.986536 0.273941
vt 0.976403 0.327083
vt 0.974908 0.277841
vt 0.980422 0.274207
vt 0.974127 0.274797
vt 0.828457 0.160222
vt 0.827191 0.152229
vt 0.834377 0.150157
vt 0.835291 0.155930
vt 0.827191 0.111448
vt 0.834377 0.120704
vt 0.832132 0.167433
vt 0.837944 0.161138
vt 0.878924 0.111448
vt 0.871739 0.120704
vt 0.837854 0.173155
vt 0.842077 0.165271
vt 0.878924 0.152229
vt 0.871739 0.150157
vt 0.845065 0.176829
vt 0.847285 0.167924
vt 0.877658 0.160222
vt 0.870825 0.155930
vt 0.853058 0.178095
vt 0.853058 0.168839
vt 0.873984 0.167433
vt 0.868171 0.161138
vt 0.861051 0.176829
vt 0.858831 0.167924
vt 0.868262 0.173155
vt 0.864039 0.165271
vt 0.814877 0.863766
vt 0.812090 0.866270
vt 0.815481 0.859160
vt 0.817439 0.861434
vt 0.809264 0.862770
vt 0.813559 0.855290
vt 0.820923 0.852023
vt 0.821638 0.856579
vt 0.806469 0.869831
vt 0.809004 0.872430
vt 0.828635 0.851234
vt 0.828627 0.855957
vt 0.805423 0.877198
vt 0.808103 0.878818
vt 0.836276 0.852640
vt 0.835785 0.857392
vt 0.805853 0.915280
vt 0.808454 0.910562
vt 0.844525 0.854538
vt 0.843365 0.858477
vt 0.852721 0.915509
vt 0.850123 0.910739
vt 0.849298 0.862117
vt 0.846211 0.865437
vt 0.853045 0.876894
vt 0.850372 0.878459
vt 0.851911 0.869299
vt 0.849440 0.871931
vt 0.841635 0.860547
vt 0.844647 0.862964
vn -1.000000 0.000000 0.000000
vn -1.000000 0.000000 0.000000
vn -1.000000 0.000000 0.000000
vn -1.000000 0.000000 0.000000
vn -1.000000 0.000000 -0.000001
vn -1.000000 0.000000 -0.000001
vn -1.000000 0.000000 -0.000001
vn -1.000000 0.000000 -0.000001
vn -1.000000 0.000000 0.000001
vn -1.000000 0.000000 0.000001
vn -1.000000 0.000000 0.000001
vn -1.000000 0.000000 0.000001
vn -1.000000 0.000000 0.000001
vn -1.000000 0.000000 0.000001
vn -1.000000 0.000000 0.000001
vn -1.000000 0.000000 0.000001
vn -1.000000 0.000000 0.000001
vn -1.000000 0.000000 0.000001
vn -1.000000 0.000000 0.000001
vn -1.000000 0.000000 0.000001
vn -1.000000 0.000000 0.000000
vn -1.000000 0.000000 0.000000
vn -1.000000 0.000000 0.000000
vn -1.000000 0.000000 0.000000
vn -1.000000 0.000000 -0.000001
vn -1.000000 0.000000 -0.000001
vn -1.000000 0.000000 -0.000001
vn -1.000000 0.000000 -0.000001
vn -1.000000 0.000000 0.000000
vn -1.000000 0.000000 0.000000
vn -1.000000 0.000000 0.000000
vn -1.000000 0.000000 0.000000
vn -1.000000 0.000000 0.000000
vn -1.000000 0.000000 0.000000
vn -1.000000 0.000000 0.000000
vn -1.000000 0.000000 0.000000
vn -1.000000 0.000000 0.000000
vn -1.000000 0.000000 0.000000
vn -1.000000 0.000000 0.000000
vn -1.000000 0.000000 0.000000
vn -1.000000 -0.000000 0.000000
vn -1.000000 -0.000000 0.000000
vn -1.000000 -0.000000 0.000000
vn -1.000000 -0.000000 0.000000
vn -1.000000 -0.000000 0.000000
vn -1.000000 -0.000000 0.000000
vn -1.000000 -0.000000 0.000000
vn -1.000000 -0.000000 0.000000
vn -1.000000 -0.000001 0.000000
vn -1.000000 -0.000001 0.000000
vn -1.000000 -0.000001 0.000000
vn -1.000000 -0.000001 0.000000
vn 0.707709 0.018281 -0.706267
vn 0.707709 0.018281 -0.706267
vn 0.707108 0.000000 -0.707105
vn 0.707108 0.000000 -0.707105
vn 0.711474 0.216531 -0.668520
vn 0.711474 0.216530 -0.668520
vn 0.711473 0.413044 -0.568507
vn 0.711473 0.413045 -0.568507
vn 0.711472 0.568508 -0.413045
vn 0.711472 0.568508 -0.413045
vn 0.711475 0.668318 -0.217150
vn 0.711475 0.668318 -0.217150
vn 0.711478 0.702709 0.000000
vn 0.711478 0.702709 -0.000000
vn 0.711474 0.668319 0.217150
vn 0.711474 0.668319 0.217150
vn 0.711472 0.568508 0.413045
vn 0.711472 0.568508 0.413045
vn 0.711473 0.413044 0.568507
vn 0.711473 0.413044 0.568507
vn 0.711473 0.216530 0.668521
vn 0.711473 0.216531 0.668521
vn 0.707709 0.018280 0.706268
vn 0.707709 0.018281 0.706268
vn 0.707108 0.000000 0.707105
vn 0.707108 0.000000 0.707105
vn 0.707110 -0.707104 -0.000000
vn 0.707110 -0.707104 -0.000000
vn 0.707110 -0.707104 -0.000000
vn 0.707110 -0.707104 -0.000000
vn 0.707712 -0.018398 0.706262
vn 0.707712 -0.018398 0.706262
vn 0.707108 0.000000 0.707106
vn 0.707108 0.000000 0.707106
vn 0.711473 -0.217932 0.668065
vn 0.711473 -0.217933 0.668065
vn 0.711475 -0.413043 0.568505
vn 0.711475 -0.413043 0.568505
vn 0.711476 -0.568504 0.413043
vn 0.711476 -0.568504 0.413043
vn 0.711475 -0.668319 0.217150
vn 0.711475 -0.668319 0.217150
vn 0.711473 -0.702714 -0.000002
vn 0.711473 -0.702713 -0.000002
vn 0.711473 -0.668320 -0.217150
vn 0.711473 -0.668320 -0.217150
vn 0.711477 -0.568505 -0.413042
vn 0.711477 -0.568505 -0.413042
vn 0.711475 -0.413043 -0.568506
vn 0.711475 -0.413043 -0.568506
vn 0.711473 -0.217932 -0.668066
vn 0.711473 -0.217933 -0.668066
vn 0.707712 -0.018398 -0.706262
vn 0.707712 -0.018398 -0.706262
vn 0.707108 0.000000 -0.707106
vn 0.707108 0.000000 -0.707106
vn 0.707103 0.707110 -0.000000
vn 0.707103 0.707110 -0.000000
vn 0.707103 0.707110 -0.000000
vn 0.707103 0.707110 -0.000000
vn -0.000000 0.025947 -0.999663
vn -0.000000 0.309017 -0.951056
vn -0.000000 0.309017 -0.951056
vn -0.000000 0.025947 -0.999663
vn -0.000000 0.587786 -0.809017
vn -0.000000 0.587786 -0.809017
vn -0.000000 0.809017 -0.587786
vn -0.000000 0.809017 -0.587786
vn -0.000000 0.951056 -0.309018
vn -0.000000 0.951056 -0.309018
vn -0.000000 1.000000 0.000000
vn -0.000000 1.000000 0.000000
vn -0.000000 0.951056 0.309018
vn -0.000000 0.951056 0.309018
vn 0.000000 0.809017 0.587785
vn 0.000000 0.809017 0.587785
vn 0.000000 0.587785 0.809017
vn 0.000000 0.587785 0.809017
vn 0.000000 0.309017 0.951057
vn 0.000000 0.309017 0.951057
vn 0.000000 0.025947 0.999663
vn 0.000000 0.025947 0.999663
vn -0.000000 -0.000000 -1.000000
vn -0.000000 -0.000000 -1.000000
vn 0.000000 0.000000 1.000000
vn 0.000000 0.000000 1.000000
vn 0.000000 -1.000000 0.000000
vn 0.000000 -1.000000 0.000000
vn 0.000000 -1.000000 0.000000
vn 0.000000 -1.000000 0.000000
vn 1.000000 0.000000 -0.000001
vn 1.000000 0.000000 -0.000001
vn 1.000000 0.000000 -0.000001
vn 1.000000 0.000000 -0.000001
vn 1.000000 0.000000 -0.000000
vn 1.000000 0.000000 -0.000000
vn 1.000000 0.000000 -0.000000
vn 1.000000 0.000000 -0.000000
vn 1.000000 0.000000 0.000000
vn 1.000000 0.000000 0.000000
vn 1.000000 0.000000 0.000000
vn 1.000000 0.000000 0.000000
vn 1.000000 0.000000 -0.000000
vn 1.000000 0.000000 -0.000000
vn 1.000000 0.000000 -0.000000
vn 1.000000 0.000000 -0.000000
vn 1.000000 0.000000 -0.000000
vn 1.000000 0.000000 -0.000000
vn 1.000000 0.000000 0.000000
vn 1.000000 0.000000 0.000000
vn 1.000000 0.000000 0.000001
vn 1.000000 0.000000 0.000001
vn 1.000000 0.000000 -0.000000
vn 1.000000 0.000000 -0.000000
vn 1.000000 0.000000 0.000000
vn 1.000000 0.000000 0.000000
vn 0.000000 -0.309018 0.951056
vn 0.000000 -0.025948 0.999663
vn 0.000000 -0.025948 0.999663
vn 0.000000 -0.309018 0.951056
vn 0.000000 0.000000 1.000000
vn 0.000000 0.000000 1.000000
vn 0.000000 1.000000 0.000000
vn 0.000000 1.000000 0.000000
vn 0.000000 1.000000 0.000000
vn 0.000000 1.000000 0.000000
vn -0.000000 0.000000 -1.000000
vn 0.000000 -0.025948 -0.999663
vn 0.000000 -0.025948 -0.999663
vn -0.000000 0.000000 -1.000000
vn 0.000000 -0.309017 -0.951056
vn 0.000000 -0.309017 -0.951056
vn -0.000000 -0.587785 -0.809017
vn -0.000000 -0.587785 -0.809017
vn -0.000000 -0.809017 -0.587785
vn -0.000000 -0.809017 -0.587785
vn -0.000000 -0.951056 -0.309018
vn -0.000000 -0.951056 -0.309018
vn -0.000000 -1.000000 -0.000001
vn -0.000000 -1.000000 -0.000001
vn 0.000000 -0.951056 0.309018
vn 0.000000 -0.951056 0.309018
vn 0.000000 -0.809016 0.587787
vn 0.000000 -0.809016 0.587787
vn 0.000000 -0.587786 0.809017
vn 0.000000 -0.587786 0.809017
s off
g polySurface11 pCylinder8
usemtl initialShadingGroup
f 567/1015/927 566/1016/928 579/1017/929 580/1018/930
f 568/1021/931 567/1015/932 580/1018/933 581/1022/934
f 569/1025/935 568/1021/936 581/1022/937 582/1026/938
f 570/1029/939 569/1025/940 582/1026/941 583/1030/942
f 571/1033/943 570/1029/944 583/1030/945 584/1034/946
f 572/1037/947 571/1033/948 584/1034/949 585/1038/950
f 573/1039/951 572/1037/952 585/1038/953 586/1040/954
f 574/1035/955 573/1039/956 586/1040/957 587/1036/958
f 575/1031/959 574/1035/960 587/1036/961 588/1032/962
f 576/1027/963 575/1031/964 588/1032/965 589/1028/966
f 566/1016/967 577/1019/968 590/1020/969 579/1017/970
f 578/1023/971 576/1027/972 589/1028/973 591/1024/974
f 577/1019/975 578/1023/976 591/1024/977 590/1020/978
s 1
f 592/918/979 593/921/980 615/928/981 614/923/982
f 593/921/980 592/918/979 594/917/983 595/922/984
f 595/922/984 594/917/983 596/920/985 597/927/986
f 597/927/986 596/920/985 598/926/987 599/929/988
f 599/979/988 598/976/987 600/975/989 601/980/990
f 601/980/990 600/975/989 602/978/991 603/983/992
f 603/983/992 602/978/991 604/982/993 605/986/994
f 605/986/994 604/982/993 606/985/995 607/987/996
f 607/943/996 606/939/995 608/933/997 609/936/998
f 609/936/998 608/933/997 610/932/999 611/937/1000
f 611/937/1000 610/932/999 612/935/1001 613/942/1002
f 613/942/1002 612/935/1001 616/941/1003 617/944/1004
s off
f 614/989/1005 615/992/1006 617/993/1007 616/990/1008
s 2
f 618/951/1009 619/947/1010 641/950/1011 640/955/1012
f 619/947/1010 618/951/1009 620/952/1013 621/948/1014
f 621/948/1014 620/952/1013 622/956/1015 623/954/1016
f 623/1041/1016 622/1042/1015 624/1043/1017 625/1044/1018
f 625/1012/1018 624/1014/1017 626/1013/1019 627/1009/1020
f 627/1009/1020 626/1013/1019 628/1010/1021 629/1005/1022
f 629/1005/1022 628/1010/1021 630/1006/1023 631/1002/1024
f 631/1002/1024 630/1006/1023 632/1007/1025 633/1003/1026
f 633/1069/1026 632/1060/1025 634/1064/1027 635/1070/1028
f 635/968/1028 634/972/1027 636/969/1029 637/964/1030
f 637/964/1030 636/969/1029 638/965/1031 639/961/1032
f 639/961/1032 638/965/1031 642/966/1033 643/962/1034
s off
f 640/998/1035 641/997/1036 643/996/1037 642/999/1038
s 3
f 566/915/1039 567/916/1040 594/917/1041 592/918/1042
f 567/916/1040 568/919/1043 596/920/1044 594/917/1041
f 568/919/1043 569/925/1045 598/926/1046 596/920/1044
f 569/973/1045 570/974/1047 600/975/1048 598/976/1046
f 570/974/1047 571/977/1049 602/978/1050 600/975/1048
f 571/977/1049 572/981/1051 604/982/1052 602/978/1050
f 572/981/1051 573/984/1053 606/985/1054 604/982/1052
f 573/938/1053 574/930/1055 608/933/1056 606/939/1054
f 574/930/1055 575/931/1057 610/932/1058 608/933/1056
f 575/931/1057 576/934/1059 612/935/1060 610/932/1058
f 566/915/1039 592/918/1042 614/923/1061 577/924/1062
f 612/935/1060 576/934/1059 578/940/1063 616/941/1064
s off
f 577/988/1065 614/989/1066 616/990/1067 578/991/1068
s 4
f 593/1053/1069 595/1049/1070 620/1050/1071 618/1054/1072
f 595/1049/1070 597/1045/1073 622/1042/1074 620/1050/1071
f 597/1045/1073 599/1046/1075 624/1043/1076 622/1042/1074
f 599/1046/1075 601/1047/1077 626/1048/1078 624/1043/1076
f 601/1047/1077 603/1051/1079 628/1052/1080 626/1048/1078
f 603/1051/1079 605/1055/1081 630/1056/1082 628/1052/1080
f 605/1055/1081 607/1059/1083 632/1060/1084 630/1056/1082
f 607/1059/1083 609/1063/1085 634/1064/1086 632/1060/1084
f 609/1063/1085 611/1067/1087 636/1068/1088 634/1064/1086
f 611/1067/1087 613/1065/1089 638/1066/1090 636/1068/1088
f 615/1057/1091 593/1053/1069 618/1054/1072 640/1058/1092
f 613/1065/1089 617/1061/1093 642/1062/1094 638/1066/1090
f 617/1061/1093 615/1057/1091 640/1058/1092 642/1062/1094
s 5
f 580/945/1095 579/946/1096 619/947/1097 621/948/1098
f 579/946/1096 590/949/1099 641/950/1100 619/947/1097
s off
f 590/994/1101 591/995/1102 643/996/1103 641/997/1104
s 5
f 591/959/1105 589/960/1106 639/961/1107 643/962/1108
f 589/960/1106 588/963/1109 637/964/1110 639/961/1107
f 588/963/1109 587/967/1111 635/968/1112 637/964/1110
f 587/967/1111 586/970/1113 633/971/1114 635/968/1112
f 586/1000/1113 585/1001/1115 631/1002/1116 633/1003/1114
f 585/1001/1115 584/1004/1117 629/1005/1118 631/1002/1116
f 584/1004/1117 583/1008/1119 627/1009/1120 629/1005/1118
f 583/1008/1119 582/1011/1121 625/1012/1122 627/1009/1120
f 582/957/1121 581/953/1123 623/954/1124 625/958/1122
f 581/953/1123 580/945/1095 621/948/1098 623/954/1124
g default
v -0.440778 -1.633240 -0.521030
v -0.419205 -1.497033 -0.521030
v -0.356597 -1.374158 -0.521030
v -0.259083 -1.276643 -0.521030
v -0.136208 -1.214036 -0.521030
v 0.000000 -1.192462 -0.521030
v 0.136208 -1.214036 -0.521030
v 0.259083 -1.276643 -0.521030
v 0.356597 -1.374158 -0.521030
v 0.419205 -1.497033 -0.521030
v 0.440778 -1.633240 -0.521030
v -0.440778 -2.328173 -0.521030
v 0.440778 -2.328173 -0.521030
v -0.318340 -1.668540 -0.521030
v -0.302759 -1.570167 -0.521030
v -0.257542 -1.481424 -0.521030
v -0.187115 -1.410998 -0.521030
v -0.098373 -1.365781 -0.521030
v 0.000000 -1.350200 -0.521030
v 0.098372 -1.365781 -0.521030
v 0.187115 -1.410998 -0.521030
v 0.257542 -1.481424 -0.521030
v 0.302759 -1.570167 -0.521030
v 0.318340 -1.668540 -0.521030
v -0.318340 -2.170435 -0.521030
v 0.318340 -2.170435 -0.521030
v -0.440778 -1.633240 -1.363641
v -0.401833 -1.636305 -1.402586
v -0.419205 -1.497033 -1.363641
v -0.381704 -1.509217 -1.402586
v -0.356597 -1.374158 -1.363641
v -0.324697 -1.397334 -1.402586
v -0.259083 -1.276644 -1.363641
v -0.235906 -1.308543 -1.402586
v -0.136208 -1.214036 -1.363641
v -0.124023 -1.251536 -1.402586
v 0.000000 -1.192462 -1.363641
v -0.000000 -1.231893 -1.402586
v 0.136208 -1.214036 -1.363641
v 0.124023 -1.251536 -1.402586
v 0.259083 -1.276644 -1.363641
v 0.235906 -1.308543 -1.402586
v 0.356597 -1.374158 -1.363641
v 0.324697 -1.397334 -1.402586
v 0.419205 -1.497033 -1.363641
v 0.381704 -1.509217 -1.402586
v 0.440778 -1.633240 -1.363641
v 0.401833 -1.636305 -1.402586
v -0.440778 -2.328173 -1.363641
v -0.401833 -2.289228 -1.402586
v 0.440778 -2.328173 -1.363641
v 0.401833 -2.289228 -1.402586
v -0.357285 -1.665475 -1.402586
v -0.318340 -1.668540 -1.363641
v -0.340260 -1.557983 -1.402586
v -0.302759 -1.570167 -1.363641
v -0.289442 -1.458248 -1.402586
v -0.257542 -1.481424 -1.363641
v -0.210292 -1.379098 -1.402586
v -0.187115 -1.410998 -1.363641
v -0.110557 -1.328280 -1.402586
v -0.098373 -1.365781 -1.363641
v 0.000000 -1.310769 -1.402586
v 0.000000 -1.350200 -1.363641
v 0.110557 -1.328280 -1.402586
v 0.098372 -1.365781 -1.363641
v 0.210292 -1.379098 -1.402586
v 0.187115 -1.410998 -1.363641
v 0.289442 -1.458248 -1.402586
v 0.257542 -1.481424 -1.363641
v 0.340259 -1.557983 -1.402586
v 0.302759 -1.570167 -1.363641
v 0.357285 -1.665475 -1.402586
v 0.318340 -1.668540 -1.363641
v -0.357285 -2.209381 -1.402586
v -0.318340 -2.170436 -1.363641
v 0.357285 -2.209381 -1.402586
v 0.318340 -2.170436 -1.363641
vt 0.620461 0.563962
vt 0.619929 0.572114
vt 0.570797 0.568851
vt 0.571276 0.560871
vt 0.619340 0.580260
vt 0.570121 0.576817
vt 0.568060 0.560709
vt 0.567598 0.568639
vt 0.573029 0.520402
vt 0.622719 0.522928
vt 0.618698 0.588373
vt 0.569214 0.584801
vt 0.566934 0.576375
vt 0.569690 0.522581
vt 0.565973 0.583871
vt 0.713994 0.817652
vt 0.713711 0.809502
vt 0.763017 0.808245
vt 0.763315 0.816243
vt 0.713480 0.801332
vt 0.762914 0.800259
vt 0.766496 0.815966
vt 0.766272 0.808179
vt 0.714300 0.825751
vt 0.763862 0.824292
vt 0.712908 0.760454
vt 0.762430 0.759565
vt 0.766133 0.800202
vt 0.767095 0.823492
vt 0.765699 0.761861
vt 0.918057 0.263310
vt 0.912257 0.263130
vt 0.913574 0.213555
vt 0.919482 0.213660
vt 0.883004 0.262456
vt 0.883937 0.213332
vt 0.913594 0.210336
vt 0.919535 0.210395
vt 0.923866 0.263519
vt 0.925374 0.213905
vt 0.881612 0.210088
vt 0.925679 0.210627
vt 0.929703 0.263742
vt 0.931216 0.214331
vt 0.932050 0.211240
vt 0.518953 0.906552
vt 0.548396 0.906391
vt 0.548802 0.955929
vt 0.519331 0.955885
vt 0.554213 0.906323
vt 0.554691 0.955877
vt 0.548825 0.959157
vt 0.516995 0.959108
vt 0.560034 0.906238
vt 0.560562 0.955630
vt 0.554865 0.959179
vt 0.565875 0.906146
vt 0.566410 0.955539
vt 0.561225 0.958732
vt 0.756791 0.939749
vt 0.764892 0.939770
vt 0.764515 0.989144
vt 0.756445 0.989368
vt 0.773033 0.939813
vt 0.772533 0.989165
vt 0.757116 0.992631
vt 0.764672 0.992331
vt 0.781181 0.939906
vt 0.780542 0.989347
vt 0.772491 0.992375
vt 0.789313 0.940042
vt 0.788575 0.989750
vt 0.780296 0.992559
vt 0.787851 0.993045
vt 0.232503 0.927501
vt 0.183056 0.927737
vt 0.182809 0.876004
vt 0.232256 0.875769
vt 0.179813 0.925467
vt 0.179588 0.878305
vt 0.936079 0.629701
vt 0.973408 0.628115
vt 0.975508 0.677518
vt 0.938179 0.679104
vt 0.936032 0.682430
vt 0.977928 0.680650
vt 0.798354 0.558532
vt 0.792510 0.558670
vt 0.791193 0.509164
vt 0.797048 0.509229
vt 0.786688 0.558814
vt 0.785304 0.509280
vt 0.791300 0.505875
vt 0.797690 0.506090
vt 0.780871 0.558979
vt 0.779415 0.509521
vt 0.785180 0.506020
vt 0.775047 0.559162
vt 0.773552 0.509920
vt 0.779067 0.506286
vt 0.772771 0.506876
vt 0.828457 0.561879
vt 0.827191 0.553886
vt 0.834377 0.551815
vt 0.835291 0.557588
vt 0.827191 0.513105
vt 0.834377 0.522362
vt 0.832132 0.569090
vt 0.837944 0.562795
vt 0.878924 0.513105
vt 0.871739 0.522362
vt 0.837854 0.574813
vt 0.842077 0.566928
vt 0.878924 0.553886
vt 0.871739 0.551815
vt 0.845065 0.578487
vt 0.847285 0.569582
vt 0.877658 0.561879
vt 0.870825 0.557588
vt 0.853058 0.579753
vt 0.853058 0.570496
vt 0.873984 0.569090
vt 0.868171 0.562795
vt 0.861051 0.578487
vt 0.858831 0.569582
vt 0.868262 0.574813
vt 0.864038 0.566928
vt 0.768821 0.834904
vt 0.770496 0.831909
vt 0.775114 0.836913
vt 0.772653 0.835513
vt 0.771735 0.827762
vt 0.777214 0.833254
vt 0.780670 0.839918
vt 0.778348 0.842887
vt 0.764682 0.825137
vt 0.764190 0.829709
vt 0.782156 0.847444
vt 0.779598 0.849251
vt 0.757322 0.824508
vt 0.757583 0.829157
vt 0.783576 0.885917
vt 0.780778 0.881313
vt 0.750120 0.826048
vt 0.751120 0.830527
vt 0.736245 0.887805
vt 0.738673 0.882996
vt 0.743704 0.829684
vt 0.745375 0.833778
vt 0.734677 0.849395
vt 0.737368 0.851001
vt 0.738688 0.835114
vt 0.740895 0.838629
vt 0.735573 0.841847
vt 0.738125 0.844625
vn 0.000000 0.000001 1.000000
vn 0.000000 0.000001 1.000000
vn 0.000000 0.000001 1.000000
vn 0.000000 0.000001 1.000000
vn -0.000000 -0.000001 1.000000
vn -0.000000 -0.000001 1.000000
vn -0.000000 -0.000001 1.000000
vn -0.000000 -0.000001 1.000000
vn -0.000000 -0.000000 1.000000
vn -0.000000 -0.000000 1.000000
vn -0.000000 -0.000000 1.000000
vn -0.000000 -0.000000 1.000000
vn 0.000000 0.000000 1.000000
vn 0.000000 0.000000 1.000000
vn 0.000000 0.000000 1.000000
vn 0.000000 0.000000 1.000000
vn 0.000000 -0.000000 1.000000
vn 0.000000 -0.000000 1.000000
vn 0.000000 -0.000000 1.000000
vn 0.000000 -0.000000 1.000000
vn -0.000000 -0.000000 1.000000
vn -0.000000 -0.000000 1.000000
vn -0.000000 -0.000000 1.000000
vn -0.000000 -0.000000 1.000000
vn 0.000000 -0.000000 1.000000
vn 0.000000 -0.000000 1.000000
vn 0.000000 -0.000000 1.000000
vn 0.000000 -0.000000 1.000000
vn 0.000000 -0.000001 1.000000
vn 0.000000 -0.000001 1.000000
vn 0.000000 -0.000001 1.000000
vn 0.000000 -0.000001 1.000000
vn -0.000000 -0.000000 1.000000
vn -0.000000 -0.000000 1.000000
vn -0.000000 -0.000000 1.000000
vn -0.000000 -0.000000 1.000000
vn -0.000001 0.000000 1.000000
vn -0.000001 0.000000 1.000000
vn -0.000001 0.000000 1.000000
vn -0.000001 0.000000 1.000000
vn 0.000000 0.000000 1.000000
vn 0.000000 0.000000 1.000000
vn 0.000000 0.000000 1.000000
vn 0.000000 0.000000 1.000000
vn -0.000000 0.000000 1.000000
vn -0.000000 0.000000 1.000000
vn -0.000000 0.000000 1.000000
vn -0.000000 0.000000 1.000000
vn 0.000000 0.000001 1.000000
vn 0.000000 0.000001 1.000000
vn 0.000000 0.000001 1.000000
vn 0.000000 0.000001 1.000000
vn -0.706268 0.018281 -0.707709
vn -0.706268 0.018281 -0.707709
vn -0.707105 0.000000 -0.707108
vn -0.707105 0.000000 -0.707108
vn -0.668521 0.216531 -0.711473
vn -0.668521 0.216531 -0.711473
vn -0.568507 0.413045 -0.711473
vn -0.568507 0.413045 -0.711473
vn -0.413045 0.568508 -0.711472
vn -0.413045 0.568508 -0.711472
vn -0.217151 0.668321 -0.711472
vn -0.217151 0.668321 -0.711472
vn 0.000000 0.702714 -0.711473
vn 0.000000 0.702714 -0.711473
vn 0.217150 0.668320 -0.711473
vn 0.217150 0.668321 -0.711473
vn 0.413045 0.568508 -0.711472
vn 0.413045 0.568508 -0.711472
vn 0.568508 0.413045 -0.711472
vn 0.568508 0.413045 -0.711472
vn 0.668521 0.216530 -0.711474
vn 0.668521 0.216531 -0.711474
vn 0.706267 0.018281 -0.707709
vn 0.706267 0.018281 -0.707709
vn 0.707105 0.000000 -0.707108
vn 0.707105 0.000000 -0.707108
vn 0.000000 -0.707107 -0.707107
vn 0.000000 -0.707107 -0.707107
vn 0.000000 -0.707107 -0.707107
vn 0.000000 -0.707107 -0.707107
vn 0.706263 -0.018398 -0.707711
vn 0.706263 -0.018398 -0.707711
vn 0.707107 0.000000 -0.707107
vn 0.707107 0.000000 -0.707107
vn 0.668065 -0.217933 -0.711473
vn 0.668065 -0.217933 -0.711473
vn 0.568507 -0.413045 -0.711473
vn 0.568507 -0.413045 -0.711473
vn 0.413045 -0.568506 -0.711474
vn 0.413045 -0.568506 -0.711474
vn 0.217151 -0.668318 -0.711475
vn 0.217151 -0.668318 -0.711475
vn 0.000000 -0.702713 -0.711473
vn 0.000000 -0.702713 -0.711473
vn -0.217151 -0.668320 -0.711473
vn -0.217151 -0.668320 -0.711473
vn -0.413044 -0.568506 -0.711474
vn -0.413044 -0.568506 -0.711474
vn -0.568507 -0.413044 -0.711474
vn -0.568507 -0.413044 -0.711474
vn -0.668065 -0.217933 -0.711473
vn -0.668065 -0.217933 -0.711473
vn -0.706263 -0.018398 -0.707711
vn -0.706263 -0.018398 -0.707711
vn -0.707107 0.000000 -0.707107
vn -0.707107 0.000000 -0.707107
vn 0.000000 0.707108 -0.707106
vn 0.000000 0.707108 -0.707106
vn 0.000000 0.707108 -0.707106
vn 0.000000 0.707108 -0.707106
vn -0.999663 0.025948 0.000000
vn -0.951056 0.309018 0.000000
vn -0.951056 0.309018 0.000000
vn -0.999663 0.025948 0.000000
vn -0.809017 0.587785 0.000000
vn -0.809017 0.587785 0.000000
vn -0.587786 0.809017 -0.000000
vn -0.587786 0.809017 -0.000000
vn -0.309018 0.951056 -0.000000
vn -0.309018 0.951056 -0.000000
vn 0.000000 1.000000 0.000000
vn 0.000000 1.000000 0.000000
vn 0.309018 0.951056 0.000000
vn 0.309018 0.951056 0.000000
vn 0.587785 0.809017 0.000000
vn 0.587785 0.809017 0.000000
vn 0.809017 0.587785 0.000000
vn 0.809017 0.587785 0.000000
vn 0.951057 0.309017 0.000000
vn 0.951057 0.309017 0.000000
vn 0.999663 0.025947 0.000000
vn 0.999663 0.025947 0.000000
vn -1.000000 0.000000 0.000000
vn -1.000000 0.000000 0.000000
vn 1.000000 0.000000 0.000000
vn 1.000000 0.000000 0.000000
vn 0.000000 -1.000000 0.000000
vn 0.000000 -1.000000 0.000000
vn 0.000000 -1.000000 0.000000
vn 0.000000 -1.000000 0.000000
vn -0.000001 0.000000 -1.000000
vn -0.000000 0.000000 -1.000000
vn 0.000000 0.000000 -1.000000
vn -0.000001 0.000000 -1.000000
vn 0.000000 0.000000 -1.000000
vn -0.000000 0.000000 -1.000000
vn 0.000000 0.000000 -1.000000
vn 0.000001 0.000000 -1.000000
vn 0.000000 0.000000 -1.000000
vn 0.000000 0.000000 -1.000000
vn -0.000000 0.000000 -1.000000
vn -0.000000 0.000000 -1.000000
vn -0.000001 0.000000 -1.000000
vn -0.000001 0.000000 -1.000000
vn -0.000001 0.000000 -1.000000
vn -0.000001 0.000000 -1.000000
vn 0.000000 0.000000 -1.000000
vn 0.000001 0.000000 -1.000000
vn 0.000001 0.000000 -1.000000
vn 0.000000 0.000000 -1.000000
vn 0.000000 0.000000 -1.000000
vn 0.000001 0.000000 -1.000000
vn -0.000000 0.000000 -1.000000
vn -0.000000 0.000000 -1.000000
vn 0.000000 0.000000 -1.000000
vn 0.000000 0.000000 -1.000000
vn 0.951056 -0.309018 -0.000000
vn 0.999663 -0.025948 -0.000000
vn 0.999663 -0.025948 -0.000000
vn 0.951056 -0.309018 -0.000000
vn 1.000000 0.000000 0.000000
vn 1.000000 0.000000 0.000000
vn 0.000000 1.000000 -0.000000
vn 0.000000 1.000000 -0.000000
vn 0.000000 1.000000 -0.000000
vn 0.000000 1.000000 -0.000000
vn -1.000000 0.000000 0.000000
vn -0.999663 -0.025948 -0.000000
vn -0.999663 -0.025948 -0.000000
vn -1.000000 0.000000 0.000000
vn -0.951056 -0.309017 -0.000000
vn -0.951056 -0.309017 -0.000000
vn -0.809017 -0.587785 0.000000
vn -0.809017 -0.587785 0.000000
vn -0.587785 -0.809017 0.000000
vn -0.587785 -0.809017 0.000000
vn -0.309018 -0.951056 -0.000000
vn -0.309018 -0.951056 -0.000000
vn -0.000001 -1.000000 -0.000000
vn -0.000001 -1.000000 -0.000000
vn 0.309018 -0.951056 -0.000000
vn 0.309018 -0.951056 -0.000000
vn 0.587786 -0.809016 0.000000
vn 0.587786 -0.809016 0.000000
vn 0.809016 -0.587786 0.000000
vn 0.809016 -0.587786 0.000000
s off
g polySurface15 pCylinder7
usemtl initialShadingGroup
f 645/1172/1125 644/1173/1126 657/1174/1127 658/1175/1128
f 646/1178/1129 645/1172/1130 658/1175/1131 659/1179/1132
f 647/1182/1133 646/1178/1134 659/1179/1135 660/1183/1136
f 648/1186/1137 647/1182/1138 660/1183/1139 661/1187/1140
f 649/1190/1141 648/1186/1142 661/1187/1143 662/1191/1144
f 650/1194/1145 649/1190/1146 662/1191/1147 663/1195/1148
f 651/1196/1149 650/1194/1150 663/1195/1151 664/1197/1152
f 652/1192/1153 651/1196/1154 664/1197/1155 665/1193/1156
f 653/1188/1157 652/1192/1158 665/1193/1159 666/1189/1160
f 654/1184/1161 653/1188/1162 666/1189/1163 667/1185/1164
f 644/1173/1165 655/1176/1166 668/1177/1167 657/1174/1168
f 656/1180/1169 654/1184/1170 667/1185/1171 669/1181/1172
f 655/1176/1173 656/1180/1174 669/1181/1175 668/1177/1176
s 1
f 670/1074/1177 671/1077/1178 693/1084/1179 692/1079/1180
f 671/1077/1178 670/1074/1177 672/1073/1181 673/1078/1182
f 673/1078/1182 672/1073/1181 674/1076/1183 675/1083/1184
f 675/1083/1184 674/1076/1183 676/1082/1185 677/1085/1186
f 677/1136/1186 676/1133/1185 678/1132/1187 679/1137/1188
f 679/1137/1188 678/1132/1187 680/1135/1189 681/1140/1190
f 681/1140/1190 680/1135/1189 682/1139/1191 683/1143/1192
f 683/1143/1192 682/1139/1191 684/1142/1193 685/1144/1194
f 685/1099/1194 684/1095/1193 686/1089/1195 687/1092/1196
f 687/1092/1196 686/1089/1195 688/1088/1197 689/1093/1198
f 689/1093/1198 688/1088/1197 690/1091/1199 691/1098/1200
f 691/1098/1200 690/1091/1199 694/1097/1201 695/1100/1202
s off
f 692/1146/1203 693/1149/1204 695/1150/1205 694/1147/1206
s 2
f 696/1107/1207 697/1103/1208 719/1106/1209 718/1111/1210
f 697/1103/1208 696/1107/1207 698/1108/1211 699/1104/1212
f 699/1104/1212 698/1108/1211 700/1112/1213 701/1110/1214
f 701/1110/1214 700/1112/1213 702/1115/1215 703/1114/1216
f 703/1169/1216 702/1171/1215 704/1170/1217 705/1166/1218
f 705/1166/1218 704/1170/1217 706/1167/1219 707/1162/1220
f 707/1162/1220 706/1167/1219 708/1163/1221 709/1159/1222
f 709/1159/1222 708/1163/1221 710/1164/1223 711/1160/1224
f 711/1198/1224 710/1199/1223 712/1200/1225 713/1201/1226
f 713/1125/1226 712/1129/1225 714/1126/1227 715/1121/1228
f 715/1121/1228 714/1126/1227 716/1122/1229 717/1118/1230
f 717/1118/1230 716/1122/1229 720/1123/1231 721/1119/1232
s off
f 718/1155/1233 719/1154/1234 721/1153/1235 720/1156/1236
s 3
f 644/1071/1237 645/1072/1238 672/1073/1239 670/1074/1240
f 645/1072/1238 646/1075/1241 674/1076/1242 672/1073/1239
f 646/1075/1241 647/1081/1243 676/1082/1244 674/1076/1242
f 647/1130/1243 648/1131/1245 678/1132/1246 676/1133/1244
f 648/1131/1245 649/1134/1247 680/1135/1248 678/1132/1246
f 649/1134/1247 650/1138/1249 682/1139/1250 680/1135/1248
f 650/1138/1249 651/1141/1251 684/1142/1252 682/1139/1250
f 651/1094/1251 652/1086/1253 686/1089/1254 684/1095/1252
f 652/1086/1253 653/1087/1255 688/1088/1256 686/1089/1254
f 653/1087/1255 654/1090/1257 690/1091/1258 688/1088/1256
f 644/1071/1237 670/1074/1240 692/1079/1259 655/1080/1260
f 690/1091/1258 654/1090/1257 656/1096/1261 694/1097/1262
s off
f 655/1145/1263 692/1146/1264 694/1147/1265 656/1148/1266
s 4
f 671/1220/1267 673/1224/1268 698/1225/1269 696/1221/1270
f 673/1224/1268 675/1222/1271 700/1223/1272 698/1225/1269
f 675/1222/1271 677/1218/1273 702/1219/1274 700/1223/1272
f 677/1218/1273 679/1214/1275 704/1215/1276 702/1219/1274
f 679/1214/1275 681/1210/1277 706/1211/1278 704/1215/1276
f 681/1210/1277 683/1206/1279 708/1207/1280 706/1211/1278
f 683/1206/1279 685/1202/1281 710/1199/1282 708/1207/1280
f 685/1202/1281 687/1203/1283 712/1200/1284 710/1199/1282
f 687/1203/1283 689/1204/1285 714/1205/1286 712/1200/1284
f 689/1204/1285 691/1208/1287 716/1209/1288 714/1205/1286
f 693/1216/1289 671/1220/1267 696/1221/1270 718/1217/1290
f 691/1208/1287 695/1212/1291 720/1213/1292 716/1209/1288
f 695/1212/1291 693/1216/1289 718/1217/1290 720/1213/1292
s 5
f 658/1101/1293 657/1102/1294 697/1103/1295 699/1104/1296
f 657/1102/1294 668/1105/1297 719/1106/1298 697/1103/1295
s off
f 668/1151/1299 669/1152/1300 721/1153/1301 719/1154/1302
s 5
f 669/1116/1303 667/1117/1304 717/1118/1305 721/1119/1306
f 667/1117/1304 666/1120/1307 715/1121/1308 717/1118/1305
f 666/1120/1307 665/1124/1309 713/1125/1310 715/1121/1308
f 665/1124/1309 664/1127/1311 711/1128/1312 713/1125/1310
f 664/1157/1311 663/1158/1313 709/1159/1314 711/1160/1312
f 663/1158/1313 662/1161/1315 707/1162/1316 709/1159/1314
f 662/1161/1315 661/1165/1317 705/1166/1318 707/1162/1316
f 661/1165/1317 660/1168/1319 703/1169/1320 705/1166/1318
f 660/1113/1319 659/1109/1321 701/1110/1322 703/1114/1320
f 659/1109/1321 658/1101/1293 699/1104/1296 701/1110/1322
g default
v 1.238145 -0.312060 -0.402298
v 1.238145 0.006191 -0.402298
v 1.053229 0.006191 -0.765216
v 1.053229 -0.312060 -0.765216
v 0.765216 0.006191 -1.053229
v 0.765216 -0.312060 -1.053229
v 0.402298 0.006191 -1.238145
v 0.402298 -0.312060 -1.238145
v 0.000000 0.006191 -1.301862
v 0.000000 -0.312060 -1.301862
v -0.402298 0.006191 -1.238145
v -0.402298 -0.312060 -1.238145
v -0.765216 0.006191 -1.053229
v -0.765216 -0.312060 -1.053229
v -1.053229 0.006191 -0.765216
v -1.053229 -0.312060 -0.765216
v -1.238145 0.006191 -0.402298
v -1.238145 -0.312060 -0.402298
v -1.301862 0.006191 0.000000
v -1.301862 -0.312060 0.000000
v -1.238145 0.006191 0.402298
v -1.238145 -0.312060 0.402298
v -1.053229 0.006191 0.765216
v -1.053229 -0.312060 0.765216
v -0.765216 0.006191 1.053228
v -0.765216 -0.312060 1.053228
v -0.402298 0.006191 1.238144
v -0.402298 -0.312060 1.238144
v 0.000000 0.006191 1.301862
v 0.000000 -0.312060 1.301862
v 0.402298 0.006191 1.238144
v 0.402298 -0.312060 1.238144
v 0.765216 0.006191 1.053228
v 0.765216 -0.312060 1.053228
v 1.053228 0.006191 0.765216
v 1.053228 -0.312060 0.765216
v 1.238144 0.006191 0.402298
v 1.238144 -0.312060 0.402298
v 1.301862 0.006191 0.000000
v 1.301862 -0.312060 0.000000
v 1.405104 0.006191 -0.456546
v 1.481708 -0.073364 -0.481436
v 1.557959 -0.073364 0.000000
v 1.477412 0.006191 0.000000
v 1.481708 -0.232505 -0.481436
v 1.405104 -0.312060 -0.456546
v 1.477412 -0.312060 0.000000
v 1.557959 -0.232505 0.000000
v 1.260416 -0.232505 -0.915746
v 1.195252 -0.312060 -0.868402
v 1.195252 0.006191 -0.868402
v 1.260416 -0.073364 -0.915746
v 0.915746 -0.232505 -1.260416
v 0.868402 -0.312060 -1.195252
v 0.868402 0.006191 -1.195252
v 0.915746 -0.073364 -1.260416
v 0.481436 -0.232505 -1.481707
v 0.456546 -0.312060 -1.405103
v 0.456546 0.006191 -1.405103
v 0.481436 -0.073364 -1.481707
v 0.000000 -0.232505 -1.557959
v 0.000000 -0.312060 -1.477413
v 0.000000 0.006191 -1.477413
v 0.000000 -0.073364 -1.557959
v -0.481436 -0.232505 -1.481707
v -0.456546 -0.312060 -1.405103
v -0.456546 0.006191 -1.405103
v -0.481436 -0.073364 -1.481707
v -0.915746 -0.232505 -1.260415
v -0.868402 -0.312060 -1.195252
v -0.868402 0.006191 -1.195252
v -0.915746 -0.073364 -1.260415
v -1.260415 -0.232505 -0.915746
v -1.195252 -0.312060 -0.868402
v -1.195252 0.006191 -0.868402
v -1.260415 -0.073364 -0.915746
v -1.481707 -0.232505 -0.481436
v -1.405103 -0.312060 -0.456546
v -1.405103 0.006191 -0.456546
v -1.481707 -0.073364 -0.481436
v -1.557959 -0.232505 0.000000
v -1.477412 -0.312060 0.000000
v -1.477412 0.006191 0.000000
v -1.557959 -0.073364 0.000000
v -1.481707 -0.232505 0.481436
v -1.405103 -0.312060 0.456546
v -1.405103 0.006191 0.456546
v -1.481707 -0.073364 0.481436
v -1.260415 -0.232505 0.915746
v -1.195252 -0.312060 0.868402
v -1.195252 0.006191 0.868402
v -1.260415 -0.073364 0.915746
v -0.915746 -0.232505 1.260415
v -0.868402 -0.312060 1.195252
v -0.868402 0.006191 1.195252
v -0.915746 -0.073364 1.260415
v -0.481436 -0.232505 1.481707
v -0.456546 -0.312060 1.405103
v -0.456546 0.006191 1.405103
v -0.481436 -0.073364 1.481707
v 0.000000 -0.232505 1.557959
v 0.000000 -0.312060 1.477413
v 0.000000 0.006191 1.477413
v 0.000000 -0.073364 1.557959
v 0.481436 -0.232505 1.481707
v 0.456546 -0.312060 1.405103
v 0.456546 0.006191 1.405103
v 0.481436 -0.073364 1.481707
v 0.915746 -0.232505 1.260415
v 0.868402 -0.312060 1.195252
v 0.868402 0.006191 1.195252
v 0.915746 -0.073364 1.260415
v 1.260415 -0.232505 0.915746
v 1.195252 -0.312060 0.868402
v 1.195252 0.006191 0.868402
v 1.260415 -0.073364 0.915746
v 1.481707 -0.232505 0.481436
v 1.405103 -0.312060 0.456546
v 1.405103 0.006191 0.456546
v 1.481707 -0.073364 0.481436
vt 0.041471 0.725235
vt 0.050762 0.725415
vt 0.050262 0.753521
vt 0.040912 0.753335
vt 0.041812 0.696892
vt 0.051245 0.696978
vt 0.057366 0.725574
vt 0.056865 0.753636
vt 0.049711 0.781603
vt 0.040361 0.781417
vt 0.034906 0.725185
vt 0.034311 0.753222
vt 0.035176 0.697646
vt 0.042066 0.668229
vt 0.051427 0.668307
vt 0.057937 0.697921
vt 0.056312 0.781716
vt 0.049153 0.809705
vt 0.039860 0.809522
vt 0.033758 0.781301
vt 0.055719 0.809753
vt 0.048846 0.838054
vt 0.039342 0.837954
vt 0.033256 0.809361
vt 0.055480 0.837295
vt 0.032652 0.837007
vt 0.783432 0.799916
vt 0.774004 0.799700
vt 0.774880 0.771284
vt 0.784164 0.771591
vt 0.782782 0.828562
vt 0.773426 0.828355
vt 0.767329 0.798665
vt 0.768282 0.771034
vt 0.775769 0.743200
vt 0.785105 0.743509
vt 0.790075 0.799254
vt 0.790725 0.771731
vt 0.769174 0.742996
vt 0.776710 0.715117
vt 0.785994 0.715424
vt 0.791700 0.743712
vt 0.770149 0.714977
vt 0.777443 0.686792
vt 0.786870 0.687008
vt 0.792592 0.715674
vt 0.770800 0.687454
vt 0.778092 0.658146
vt 0.787448 0.658353
vt 0.793545 0.688043
vt 0.493357 0.534395
vt 0.488284 0.538692
vt 0.468787 0.519935
vt 0.472582 0.514489
vt 0.480040 0.544940
vt 0.462935 0.528364
vt 0.444561 0.507936
vt 0.446550 0.501588
vt 0.441513 0.517762
vt 0.491178 0.566079
vt 0.500921 0.562719
vt 0.417777 0.503997
vt 0.417719 0.497342
vt 0.417887 0.514289
vt 0.495230 0.589667
vt 0.505533 0.589498
vt 0.391078 0.508520
vt 0.388977 0.502205
vt 0.394338 0.518274
vt 0.491800 0.613373
vt 0.501638 0.616441
vt 0.367086 0.521050
vt 0.363180 0.515663
vt 0.373140 0.529342
vt 0.481117 0.634811
vt 0.489496 0.640816
vt 0.348034 0.540268
vt 0.342833 0.536075
vt 0.356415 0.546337
vt 0.464344 0.651893
vt 0.470435 0.660260
vt 0.345773 0.567739
vt 0.335953 0.564618
vt 0.443135 0.662894
vt 0.446338 0.672647
vt 0.342274 0.591417
vt 0.331965 0.591498
vt 0.448376 0.678981
vt 0.474077 0.665862
vt 0.419633 0.666808
vt 0.419719 0.677094
vt 0.346259 0.615028
vt 0.336502 0.618352
vt 0.419769 0.683748
vt 0.396024 0.663400
vt 0.393003 0.673227
vt 0.357455 0.636231
vt 0.349214 0.642482
vt 0.391035 0.679582
vt 0.374617 0.652866
vt 0.368761 0.661294
vt 0.364975 0.666745
vt 0.344145 0.646786
vt 0.227752 0.476183
vt 0.232910 0.480428
vt 0.212360 0.500634
vt 0.208508 0.495208
vt 0.186430 0.513835
vt 0.184393 0.507499
vt 0.202539 0.486854
vt 0.219433 0.470029
vt 0.157641 0.518414
vt 0.157648 0.511759
vt 0.181231 0.497714
vt 0.230289 0.448734
vt 0.240077 0.451955
vt 0.128851 0.513884
vt 0.130903 0.507556
vt 0.157641 0.501466
vt 0.234026 0.425091
vt 0.244334 0.425117
vt 0.102945 0.500726
vt 0.106795 0.495318
vt 0.134049 0.497761
vt 0.230279 0.401437
vt 0.240071 0.398225
vt 0.082370 0.480610
vt 0.087487 0.476364
vt 0.112732 0.486949
vt 0.219311 0.380137
vt 0.227604 0.374018
vt 0.095793 0.470201
vt 0.202317 0.363276
vt 0.208311 0.354843
vt 0.084867 0.448950
vt 0.075090 0.452211
vt 0.180987 0.352561
vt 0.184045 0.342770
vt 0.081050 0.425322
vt 0.070747 0.425385
vt 0.157432 0.348953
vt 0.157402 0.338666
vt 0.186023 0.336434
vt 0.211857 0.349217
vt 0.084719 0.401653
vt 0.074915 0.398473
vt 0.133881 0.352648
vt 0.130737 0.342855
vt 0.157395 0.332014
vt 0.095645 0.380313
vt 0.087330 0.374144
vt 0.112609 0.363447
vt 0.106634 0.355099
vt 0.128719 0.336515
vt 0.102792 0.349664
vt 0.082180 0.369889
vt 0.001125 0.332142
vt 0.010464 0.332234
vt 0.010182 0.360838
vt 0.000844 0.360746
vt 0.009901 0.389441
vt 0.000563 0.389349
vt 0.009620 0.418044
vt 0.000281 0.417952
vt 0.009339 0.446647
vt 0.000000 0.446555
vt 0.080085 0.786542
vt 0.070747 0.786450
vt 0.071028 0.757847
vt 0.080366 0.757939
vt 0.071309 0.729244
vt 0.080648 0.729336
vt 0.071590 0.700641
vt 0.080929 0.700732
vt 0.071872 0.672037
vt 0.081210 0.672129
vn 0.668321 0.711472 -0.217150
vn 0.668321 0.711472 -0.217150
vn 0.568507 0.711473 -0.413045
vn 0.568507 0.711473 -0.413045
vn 0.702714 0.711472 0.000001
vn 0.702714 0.711472 0.000001
vn 0.668321 0.711473 0.217150
vn 0.668321 0.711473 0.217150
vn 0.668321 -0.711472 -0.217150
vn 0.668321 -0.711472 -0.217150
vn 0.568507 -0.711473 -0.413045
vn 0.568507 -0.711473 -0.413045
vn 0.702714 -0.711472 0.000001
vn 0.702714 -0.711472 0.000001
vn 0.668321 -0.711472 0.217150
vn 0.668321 -0.711472 0.217150
vn 0.413045 -0.711473 -0.568507
vn 0.413045 -0.711473 -0.568507
vn 0.413045 0.711473 -0.568507
vn 0.413045 0.711473 -0.568507
vn 0.217150 -0.711473 -0.668320
vn 0.217150 -0.711473 -0.668321
vn 0.217150 0.711473 -0.668320
vn 0.217150 0.711473 -0.668320
vn -0.000000 -0.711473 -0.702714
vn -0.000000 -0.711473 -0.702714
vn -0.000000 0.711473 -0.702714
vn -0.000000 0.711473 -0.702714
vn -0.217150 -0.711473 -0.668320
vn -0.217150 -0.711473 -0.668320
vn -0.217150 0.711473 -0.668320
vn -0.217150 0.711473 -0.668320
vn -0.413045 -0.711473 -0.568507
vn -0.413045 -0.711473 -0.568507
vn -0.413045 0.711473 -0.568507
vn -0.413045 0.711473 -0.568507
vn -0.568507 -0.711473 -0.413044
vn -0.568507 -0.711473 -0.413044
vn -0.568507 0.711473 -0.413044
vn -0.568507 0.711473 -0.413044
vn -0.668321 -0.711473 -0.217150
vn -0.668321 -0.711473 -0.217150
vn -0.668321 0.711473 -0.217150
vn -0.668321 0.711473 -0.217150
vn -0.702714 -0.711473 0.000000
vn -0.702714 -0.711472 0.000000
vn -0.702714 0.711472 0.000000
vn -0.702714 0.711473 0.000000
vn -0.668321 -0.711473 0.217150
vn -0.668321 -0.711473 0.217150
vn -0.668320 0.711473 0.217150
vn -0.668320 0.711473 0.217150
vn -0.568507 -0.711473 0.413045
vn -0.568507 -0.711473 0.413045
vn -0.568507 0.711473 0.413045
vn -0.568507 0.711473 0.413045
vn -0.413045 -0.711473 0.568508
vn -0.413045 -0.711473 0.568508
vn -0.413045 0.711473 0.568507
vn -0.413045 0.711473 0.568507
vn -0.217150 -0.711473 0.668321
vn -0.217150 -0.711473 0.668321
vn -0.217150 0.711473 0.668320
vn -0.217150 0.711473 0.668320
vn 0.000000 -0.711473 0.702714
vn 0.000000 -0.711473 0.702714
vn 0.000000 0.711473 0.702714
vn 0.000000 0.711473 0.702714
vn 0.217150 -0.711473 0.668321
vn 0.217150 -0.711473 0.668320
vn 0.217150 0.711473 0.668320
vn 0.217150 0.711473 0.668320
vn 0.413045 -0.711473 0.568507
vn 0.413045 -0.711473 0.568507
vn 0.413045 0.711473 0.568507
vn 0.413045 0.711473 0.568507
vn 0.568507 -0.711473 0.413045
vn 0.568508 -0.711473 0.413045
vn 0.568507 0.711473 0.413045
vn 0.568507 0.711473 0.413045
vn 0.951057 0.000000 -0.309016
vn 0.951057 0.000000 -0.309016
vn 1.000000 0.000000 0.000001
vn 1.000000 0.000000 0.000001
vn 0.809017 0.000000 -0.587785
vn 0.809017 0.000000 -0.587785
vn 0.587785 0.000000 -0.809017
vn 0.587785 0.000000 -0.809017
vn 0.309017 0.000000 -0.951057
vn 0.309017 0.000000 -0.951057
vn 0.000000 0.000000 -1.000000
vn 0.000000 0.000000 -1.000000
vn -0.309017 0.000000 -0.951057
vn -0.309017 0.000000 -0.951057
vn -0.587785 0.000000 -0.809017
vn -0.587785 0.000000 -0.809017
vn -0.809017 0.000000 -0.587785
vn -0.809017 0.000000 -0.587785
vn -0.951057 0.000000 -0.309017
vn -0.951057 0.000000 -0.309017
vn -1.000000 0.000000 -0.000000
vn -1.000000 0.000000 -0.000000
vn -0.951057 0.000000 0.309017
vn -0.951057 0.000000 0.309017
vn -0.809017 0.000000 0.587785
vn -0.809017 0.000000 0.587785
vn -0.587785 0.000000 0.809017
vn -0.587785 0.000000 0.809017
vn -0.309017 0.000000 0.951057
vn -0.309017 0.000000 0.951057
vn 0.000000 0.000000 1.000000
vn 0.000000 0.000000 1.000000
vn 0.309017 0.000000 0.951057
vn 0.309017 0.000000 0.951057
vn 0.587785 0.000000 0.809017
vn 0.587785 0.000000 0.809017
vn 0.809017 0.000000 0.587785
vn 0.809017 0.000000 0.587785
vn 0.951057 0.000000 0.309017
vn 0.951057 0.000000 0.309017
vn 0.000000 1.000000 0.000000
vn 0.000000 1.000000 -0.000000
vn 0.000000 1.000000 -0.000000
vn 0.000000 1.000000 0.000000
vn 0.000000 -1.000000 -0.000000
vn 0.000000 -1.000000 0.000000
vn 0.000000 -1.000000 0.000000
vn 0.000000 -1.000000 -0.000000
vn 0.000000 -1.000000 -0.000000
vn 0.000000 -1.000000 0.000000
vn 0.000000 1.000000 0.000000
vn 0.000000 1.000000 0.000000
vn 0.000000 -1.000000 -0.000000
vn 0.000000 -1.000000 -0.000000
vn 0.000000 1.000000 0.000000
vn 0.000000 1.000000 0.000000
vn 0.000000 -1.000000 0.000000
vn 0.000000 -1.000000 0.000000
vn 0.000000 1.000000 0.000000
vn 0.000000 1.000000 0.000000
vn 0.000000 -1.000000 0.000000
vn 0.000000 -1.000000 0.000000
vn 0.000000 1.000000 0.000000
vn 0.000000 1.000000 0.000000
vn 0.000000 -1.000000 -0.000000
vn 0.000000 -1.000000 -0.000000
vn 0.000000 1.000000 0.000000
vn 0.000000 1.000000 0.000000
vn 0.000000 -1.000000 -0.000000
vn 0.000000 -1.000000 -0.000000
vn 0.000000 1.000000 0.000000
vn 0.000000 1.000000 0.000000
vn 0.000000 -1.000000 -0.000000
vn 0.000000 -1.000000 -0.000000
vn 0.000000 1.000000 -0.000000
vn 0.000000 1.000000 -0.000000
vn 0.000000 -1.000000 0.000000
vn 0.000000 -1.000000 0.000000
vn 0.000000 1.000000 0.000000
vn 0.000000 1.000000 -0.000000
vn 0.000000 -1.000000 0.000000
vn 0.000000 -1.000000 0.000000
vn 0.000000 1.000000 0.000000
vn 0.000000 1.000000 -0.000000
vn 0.000000 -1.000000 -0.000000
vn 0.000000 -1.000000 -0.000000
vn 0.000000 1.000000 -0.000000
vn 0.000000 1.000000 0.000000
vn 0.000000 -1.000000 0.000000
vn 0.000000 -1.000000 0.000000
vn 0.000000 1.000000 0.000000
vn 0.000000 1.000000 0.000000
vn 0.000000 -1.000000 -0.000000
vn 0.000000 -1.000000 0.000000
vn 0.000000 1.000000 -0.000000
vn 0.000000 1.000000 -0.000000
vn 0.000000 -1.000000 -0.000000
vn 0.000000 -1.000000 -0.000000
vn 0.000000 1.000000 -0.000000
vn 0.000000 1.000000 -0.000000
vn 0.000000 -1.000000 -0.000000
vn 0.000000 -1.000000 -0.000000
vn 0.000000 1.000000 0.000000
vn 0.000000 1.000000 0.000000
vn 0.000000 -1.000000 -0.000000
vn 0.000000 -1.000000 -0.000000
vn 0.000000 1.000000 0.000000
vn 0.000000 1.000000 0.000000
vn 0.000000 -1.000000 -0.000000
vn 0.000000 -1.000000 -0.000000
vn 0.000000 1.000000 -0.000000
vn 0.000000 1.000000 -0.000000
vn 0.000000 -1.000000 -0.000000
vn 0.000000 -1.000000 -0.000000
vn 0.000000 1.000000 0.000000
vn 0.000000 1.000000 0.000000
vn 0.000000 -1.000000 -0.000000
vn 0.000000 -1.000000 -0.000000
vn 0.000000 1.000000 -0.000000
vn 0.000000 1.000000 0.000000
s 1
g pSphere4 polySurface5
usemtl initialShadingGroup
f 762/1232/1323 763/1227/1324 773/1231/1325 772/1241/1326
f 763/1227/1324 762/1232/1323 765/1233/1327 764/1228/1328
f 764/1228/1328 765/1233/1327 840/1242/1329 841/1234/1330
s 2
f 766/1226/1331 767/1236/1332 771/1238/1333 770/1230/1334
f 767/1236/1332 766/1226/1331 769/1229/1335 768/1237/1336
f 768/1237/1336 769/1229/1335 838/1235/1337 839/1245/1338
f 770/1276/1334 771/1277/1333 775/1278/1339 774/1279/1340
s 1
f 772/1329/1326 773/1330/1325 777/1331/1341 776/1332/1342
s 2
f 774/1279/1340 775/1278/1339 779/1282/1343 778/1283/1344
s 1
f 776/1332/1342 777/1331/1341 781/1333/1345 780/1334/1346
s 2
f 778/1283/1344 779/1282/1343 783/1287/1347 782/1288/1348
s 1
f 780/1334/1346 781/1333/1345 785/1337/1349 784/1338/1350
s 2
f 782/1288/1348 783/1287/1347 787/1292/1351 786/1293/1352
s 1
f 784/1338/1350 785/1337/1349 789/1342/1353 788/1343/1354
s 2
f 786/1293/1352 787/1292/1351 791/1297/1355 790/1298/1356
s 1
f 788/1343/1354 789/1342/1353 793/1347/1357 792/1348/1358
s 2
f 790/1298/1356 791/1297/1355 795/1302/1359 794/1303/1360
s 1
f 792/1348/1358 793/1347/1357 797/1352/1361 796/1353/1362
s 2
f 794/1253/1360 795/1258/1359 799/1259/1363 798/1254/1364
s 1
f 796/1262/1362 797/1252/1361 801/1255/1365 800/1263/1366
s 2
f 798/1254/1364 799/1259/1363 803/1264/1367 802/1260/1368
s 1
f 800/1263/1366 801/1255/1365 805/1261/1369 804/1267/1370
s 2
f 802/1260/1368 803/1264/1367 807/1268/1371 806/1265/1372
s 1
f 804/1267/1370 805/1261/1369 809/1266/1373 808/1271/1374
s 2
f 806/1265/1372 807/1268/1371 811/1272/1375 810/1269/1376
s 1
f 808/1271/1374 809/1266/1373 813/1270/1377 812/1275/1378
s 2
f 810/1328/1376 811/1323/1375 815/1326/1379 814/1327/1380
s 1
f 812/1376/1378 813/1381/1377 817/1380/1381 816/1378/1382
s 2
f 814/1327/1380 815/1326/1379 819/1321/1383 818/1324/1384
s 1
f 816/1378/1382 817/1380/1381 821/1379/1385 820/1373/1386
s 2
f 818/1324/1384 819/1321/1383 823/1316/1387 822/1319/1388
s 1
f 820/1373/1386 821/1379/1385 825/1374/1389 824/1367/1390
s 2
f 822/1319/1388 823/1316/1387 827/1310/1391 826/1313/1392
s 1
f 824/1367/1390 825/1374/1389 829/1368/1393 828/1363/1394
s 2
f 826/1313/1392 827/1310/1391 831/1306/1395 830/1314/1396
s 1
f 828/1363/1394 829/1368/1393 833/1369/1397 832/1359/1398
s 2
f 830/1248/1396 831/1251/1395 835/1249/1399 834/1244/1400
s 1
f 832/1250/1398 833/1247/1397 837/1243/1401 836/1246/1402
s 2
f 834/1244/1400 835/1249/1399 839/1245/1338 838/1235/1337
s 1
f 836/1246/1402 837/1243/1401 841/1234/1330 840/1242/1329
s 3
f 766/1226/1403 763/1227/1404 764/1228/1405 769/1229/1406
f 763/1227/1404 766/1226/1403 770/1230/1407 773/1231/1408
f 773/1231/1408 770/1230/1407 774/1239/1409 777/1240/1410
f 777/1382/1410 774/1383/1409 778/1384/1411 781/1385/1412
f 781/1385/1412 778/1384/1411 782/1386/1413 785/1387/1414
f 785/1387/1414 782/1386/1413 786/1388/1415 789/1389/1416
f 789/1389/1416 786/1388/1415 790/1390/1417 793/1391/1418
f 793/1256/1418 790/1257/1417 794/1253/1419 797/1252/1420
f 797/1252/1420 794/1253/1419 798/1254/1421 801/1255/1422
f 801/1255/1422 798/1254/1421 802/1260/1423 805/1261/1424
f 805/1261/1424 802/1260/1423 806/1265/1425 809/1266/1426
f 809/1266/1426 806/1265/1425 810/1269/1427 813/1270/1428
f 813/1270/1428 810/1269/1427 814/1273/1429 817/1274/1430
f 817/1392/1430 814/1393/1429 818/1394/1431 821/1395/1432
f 821/1395/1432 818/1394/1431 822/1396/1433 825/1397/1434
f 825/1397/1434 822/1396/1433 826/1398/1435 829/1399/1436
f 829/1399/1436 826/1398/1435 830/1400/1437 833/1401/1438
f 833/1247/1438 830/1248/1437 834/1244/1439 837/1243/1440
f 837/1243/1440 834/1244/1439 838/1235/1441 841/1234/1442
f 841/1234/1442 838/1235/1441 769/1229/1406 764/1228/1405
s 4
f 723/1340/1443 760/1345/1444 765/1346/1445 762/1341/1446
s 5
f 761/1290/1447 722/1285/1448 767/1286/1449 768/1291/1450
f 722/1285/1448 725/1280/1451 771/1277/1452 767/1286/1449
s 4
f 724/1336/1453 723/1340/1443 762/1341/1446 772/1329/1454
s 5
f 725/1280/1451 727/1281/1455 775/1278/1456 771/1277/1452
s 4
f 726/1335/1457 724/1336/1453 772/1329/1454 776/1332/1458
s 5
f 727/1281/1455 729/1284/1459 779/1282/1460 775/1278/1456
s 4
f 728/1339/1461 726/1335/1457 776/1332/1458 780/1334/1462
s 5
f 729/1284/1459 731/1289/1463 783/1287/1464 779/1282/1460
s 4
f 730/1344/1465 728/1339/1461 780/1334/1462 784/1338/1466
s 5
f 731/1289/1463 733/1294/1467 787/1292/1468 783/1287/1464
s 4
f 732/1349/1469 730/1344/1465 784/1338/1466 788/1343/1470
s 5
f 733/1294/1467 735/1299/1471 791/1297/1472 787/1292/1468
s 4
f 734/1354/1473 732/1349/1469 788/1343/1470 792/1348/1474
s 5
f 735/1299/1471 737/1304/1475 795/1302/1476 791/1297/1472
s 4
f 736/1357/1477 734/1354/1473 792/1348/1474 796/1353/1478
s 5
f 737/1304/1475 739/1307/1479 799/1308/1480 795/1302/1476
s 4
f 738/1360/1481 736/1357/1477 796/1353/1478 800/1361/1482
s 5
f 739/1307/1479 741/1311/1483 803/1312/1484 799/1308/1480
s 4
f 740/1364/1485 738/1360/1481 800/1361/1482 804/1365/1486
s 5
f 741/1311/1483 743/1317/1487 807/1318/1488 803/1312/1484
s 4
f 742/1370/1489 740/1364/1485 804/1365/1486 808/1371/1490
s 5
f 743/1317/1487 745/1322/1491 811/1323/1492 807/1318/1488
s 4
f 744/1375/1493 742/1370/1489 808/1371/1490 812/1376/1494
s 5
f 745/1322/1491 747/1325/1495 815/1326/1496 811/1323/1492
s 4
f 746/1377/1497 744/1375/1493 812/1376/1494 816/1378/1498
s 5
f 747/1325/1495 749/1320/1499 819/1321/1500 815/1326/1496
s 4
f 748/1372/1501 746/1377/1497 816/1378/1498 820/1373/1502
s 5
f 749/1320/1499 751/1315/1503 823/1316/1504 819/1321/1500
s 4
f 750/1366/1505 748/1372/1501 820/1373/1502 824/1367/1506
s 5
f 751/1315/1503 753/1309/1507 827/1310/1508 823/1316/1504
s 4
f 752/1362/1509 750/1366/1505 824/1367/1506 828/1363/1510
s 5
f 753/1309/1507 755/1305/1511 831/1306/1512 827/1310/1508
s 4
f 754/1358/1513 752/1362/1509 828/1363/1510 832/1359/1514
s 5
f 755/1305/1511 757/1300/1515 835/1301/1516 831/1306/1512
s 4
f 756/1355/1517 754/1358/1513 832/1359/1514 836/1356/1518
s 5
f 757/1300/1515 759/1295/1519 839/1296/1520 835/1301/1516
s 4
f 758/1350/1521 756/1355/1517 836/1356/1518 840/1351/1522
s 5
f 759/1295/1519 761/1290/1447 768/1291/1450 839/1296/1520
s 4
f 760/1345/1444 758/1350/1521 840/1351/1522 765/1346/1445
g default
v 1.238145 -4.785468 -0.402298
v 1.238145 -4.467217 -0.402298
v 1.053229 -4.467217 -0.765216
v 1.053229 -4.785468 -0.765216
v 0.765216 -4.467217 -1.053229
v 0.765216 -4.785468 -1.053229
v 0.402298 -4.467217 -1.238145
v 0.402298 -4.785468 -1.238145
v 0.000000 -4.467217 -1.301862
v 0.000000 -4.785468 -1.301862
v -0.402298 -4.467217 -1.238145
v -0.402298 -4.785468 -1.238145
v -0.765216 -4.467217 -1.053229
v -0.765216 -4.785468 -1.053229
v -1.053229 -4.467217 -0.765216
v -1.053229 -4.785468 -0.765216
v -1.238145 -4.467217 -0.402298
v -1.238145 -4.785468 -0.402298
v -1.301862 -4.467217 0.000000
v -1.301862 -4.785468 0.000000
v -1.238145 -4.467217 0.402298
v -1.238145 -4.785468 0.402298
v -1.053229 -4.467217 0.765216
v -1.053229 -4.785468 0.765216
v -0.765216 -4.467217 1.053228
v -0.765216 -4.785468 1.053228
v -0.402298 -4.467217 1.238144
v -0.402298 -4.785468 1.238144
v 0.000000 -4.467217 1.301862
v 0.000000 -4.785468 1.301862
v 0.402298 -4.467217 1.238144
v 0.402298 -4.785468 1.238144
v 0.765216 -4.467217 1.053228
v 0.765216 -4.785468 1.053228
v 1.053228 -4.467217 0.765216
v 1.053228 -4.785468 0.765216
v 1.238144 -4.467217 0.402298
v 1.238144 -4.785468 0.402298
v 1.301862 -4.467217 0.000000
v 1.301862 -4.785468 0.000000
v 1.405104 -4.467217 -0.456546
v 1.481708 -4.546772 -0.481436
v 1.557959 -4.546772 0.000000
v 1.477412 -4.467217 0.000000
v 1.481708 -4.705913 -0.481436
v 1.405104 -4.785468 -0.456546
v 1.477412 -4.785468 0.000000
v 1.557959 -4.705913 0.000000
v 1.260416 -4.705913 -0.915746
v 1.195252 -4.785468 -0.868402
v 1.195252 -4.467217 -0.868402
v 1.260416 -4.546772 -0.915746
v 0.915746 -4.705913 -1.260416
v 0.868402 -4.785468 -1.195252
v 0.868402 -4.467217 -1.195252
v 0.915746 -4.546772 -1.260416
v 0.481436 -4.705913 -1.481707
v 0.456546 -4.785468 -1.405103
v 0.456546 -4.467217 -1.405103
v 0.481436 -4.546772 -1.481707
v 0.000000 -4.705913 -1.557959
v 0.000000 -4.785468 -1.477413
v 0.000000 -4.467217 -1.477413
v 0.000000 -4.546772 -1.557959
v -0.481436 -4.705913 -1.481707
v -0.456546 -4.785468 -1.405103
v -0.456546 -4.467217 -1.405103
v -0.481436 -4.546772 -1.481707
v -0.915746 -4.705913 -1.260415
v -0.868402 -4.785468 -1.195252
v -0.868402 -4.467217 -1.195252
v -0.915746 -4.546772 -1.260415
v -1.260415 -4.705913 -0.915746
v -1.195252 -4.785468 -0.868402
v -1.195252 -4.467217 -0.868402
v -1.260415 -4.546772 -0.915746
v -1.481707 -4.705913 -0.481436
v -1.405103 -4.785468 -0.456546
v -1.405103 -4.467217 -0.456546
v -1.481707 -4.546772 -0.481436
v -1.557959 -4.705913 0.000000
v -1.477412 -4.785468 0.000000
v -1.477412 -4.467217 0.000000
v -1.557959 -4.546772 0.000000
v -1.481707 -4.705913 0.481436
v -1.405103 -4.785468 0.456546
v -1.405103 -4.467217 0.456546
v -1.481707 -4.546772 0.481436
v -1.260415 -4.705913 0.915746
v -1.195252 -4.785468 0.868402
v -1.195252 -4.467217 0.868402
v -1.260415 -4.546772 0.915746
v -0.915746 -4.705913 1.260415
v -0.868402 -4.785468 1.195252
v -0.868402 -4.467217 1.195252
v -0.915746 -4.546772 1.260415
v -0.481436 -4.705913 1.481707
v -0.456546 -4.785468 1.405103
v -0.456546 -4.467217 1.405103
v -0.481436 -4.546772 1.481707
v 0.000000 -4.705913 1.557959
v 0.000000 -4.785468 1.477413
v 0.000000 -4.467217 1.477413
v 0.000000 -4.546772 1.557959
v 0.481436 -4.705913 1.481707
v 0.456546 -4.785468 1.405103
v 0.456546 -4.467217 1.405103
v 0.481436 -4.546772 1.481707
v 0.915746 -4.705913 1.260415
v 0.868402 -4.785468 1.195252
v 0.868402 -4.467217 1.195252
v 0.915746 -4.546772 1.260415
v 1.260415 -4.705913 0.915746
v 1.195252 -4.785468 0.868402
v 1.195252 -4.467217 0.868402
v 1.260415 -4.546772 0.915746
v 1.481707 -4.705913 0.481436
v 1.405103 -4.785468 0.456546
v 1.405103 -4.467217 0.456546
v 1.481707 -4.546772 0.481436
vt 0.804861 0.673074
vt 0.814175 0.673527
vt 0.812928 0.701578
vt 0.803591 0.701155
vt 0.806088 0.644585
vt 0.815435 0.645456
vt 0.820772 0.673841
vt 0.819523 0.701861
vt 0.811650 0.729630
vt 0.802370 0.729243
vt 0.798305 0.672832
vt 0.796997 0.700874
vt 0.799431 0.645156
vt 0.810301 0.616014
vt 0.819567 0.617345
vt 0.822051 0.646127
vt 0.818233 0.729863
vt 0.810591 0.757656
vt 0.801205 0.757796
vt 0.795774 0.728926
vt 0.826052 0.619087
vt 0.817200 0.757493
vt 0.812674 0.785983
vt 0.803258 0.786651
vt 0.794539 0.756677
vt 0.819220 0.784714
vt 0.663677 0.796982
vt 0.654299 0.797393
vt 0.654638 0.768817
vt 0.663925 0.768937
vt 0.666578 0.825236
vt 0.657186 0.826177
vt 0.647604 0.796467
vt 0.648036 0.768692
vt 0.655046 0.740707
vt 0.664392 0.740859
vt 0.670279 0.796627
vt 0.670512 0.768978
vt 0.673086 0.823779
vt 0.648447 0.740616
vt 0.655503 0.712600
vt 0.664827 0.712784
vt 0.670992 0.740951
vt 0.648943 0.712548
vt 0.655906 0.684088
vt 0.665273 0.684688
vt 0.671430 0.712907
vt 0.649268 0.684851
vt 0.659290 0.655407
vt 0.668591 0.656469
vt 0.671906 0.685167
vt 0.675123 0.658023
vt 0.319027 0.534116
vt 0.313967 0.538429
vt 0.294403 0.519733
vt 0.298178 0.514274
vt 0.305745 0.544704
vt 0.288580 0.528182
vt 0.270124 0.507822
vt 0.272089 0.501467
vt 0.267113 0.517660
vt 0.316959 0.565810
vt 0.326691 0.562419
vt 0.243319 0.503982
vt 0.243236 0.497328
vt 0.243468 0.514274
vt 0.321095 0.589387
vt 0.331397 0.589187
vt 0.216631 0.508604
vt 0.214507 0.502297
vt 0.219927 0.518346
vt 0.317747 0.613106
vt 0.327593 0.616157
vt 0.192680 0.521224
vt 0.188752 0.515852
vt 0.198765 0.529493
vt 0.307108 0.634592
vt 0.315504 0.640653
vt 0.173698 0.540519
vt 0.168481 0.536347
vt 0.182102 0.546555
vt 0.290372 0.651681
vt 0.296454 0.659953
vt 0.171539 0.568001
vt 0.161706 0.564920
vt 0.300366 0.665337
vt 0.320708 0.644841
vt 0.269249 0.662759
vt 0.272515 0.672513
vt 0.168128 0.591695
vt 0.157819 0.591817
vt 0.274613 0.678827
vt 0.245759 0.666759
vt 0.245902 0.677051
vt 0.172202 0.615290
vt 0.162458 0.618655
vt 0.245986 0.683705
vt 0.222147 0.663455
vt 0.219174 0.673299
vt 0.183479 0.636448
vt 0.175264 0.642736
vt 0.217235 0.679663
vt 0.200704 0.653012
vt 0.194886 0.661467
vt 0.191125 0.666936
vt 0.170215 0.647063
vt 0.404674 0.447976
vt 0.408165 0.424319
vt 0.418469 0.424189
vt 0.414503 0.451078
vt 0.404094 0.400752
vt 0.413841 0.397411
vt 0.394044 0.469387
vt 0.402424 0.475383
vt 0.392942 0.379607
vt 0.401172 0.373406
vt 0.377322 0.486436
vt 0.383433 0.494779
vt 0.375809 0.362973
vt 0.381728 0.354503
vt 0.356164 0.497434
vt 0.359418 0.507170
vt 0.354397 0.352502
vt 0.357427 0.342695
vt 0.387098 0.500360
vt 0.361505 0.513489
vt 0.332648 0.501511
vt 0.332830 0.511785
vt 0.330849 0.348964
vt 0.330786 0.338683
vt 0.359385 0.336352
vt 0.385241 0.348860
vt 0.332935 0.518437
vt 0.309017 0.498135
vt 0.306077 0.507967
vt 0.307347 0.352883
vt 0.304155 0.343126
vt 0.330765 0.332032
vt 0.304178 0.514326
vt 0.287517 0.487645
vt 0.281638 0.496157
vt 0.286131 0.363879
vt 0.280053 0.355498
vt 0.302124 0.336788
vt 0.278165 0.501829
vt 0.270257 0.470951
vt 0.262029 0.477156
vt 0.269321 0.380961
vt 0.260945 0.374959
vt 0.276419 0.349891
vt 0.259181 0.449730
vt 0.249413 0.453022
vt 0.258690 0.402413
vt 0.248860 0.399327
vt 0.255194 0.426110
vt 0.244892 0.426216
vt 0.224249 0.681984
vt 0.233587 0.682076
vt 0.233306 0.710679
vt 0.223968 0.710588
vt 0.233025 0.739283
vt 0.223686 0.739191
vt 0.232744 0.767886
vt 0.223405 0.767794
vt 0.232463 0.796489
vt 0.223124 0.796397
vt 0.069201 0.785539
vt 0.059863 0.785447
vt 0.060144 0.756844
vt 0.069482 0.756936
vt 0.060425 0.728241
vt 0.069764 0.728333
vt 0.060706 0.699638
vt 0.070045 0.699730
vt 0.060987 0.671035
vt 0.070326 0.671126
vn 0.668322 0.711471 -0.217151
vn 0.668322 0.711471 -0.217151
vn 0.568508 0.711471 -0.413047
vn 0.568508 0.711471 -0.413047
vn 0.702716 0.711471 0.000001
vn 0.702716 0.711471 0.000001
vn 0.668322 0.711471 0.217151
vn 0.668322 0.711471 0.217151
vn 0.668320 -0.711473 -0.217150
vn 0.668320 -0.711473 -0.217149
vn 0.568507 -0.711474 -0.413044
vn 0.568507 -0.711474 -0.413044
vn 0.702713 -0.711473 0.000001
vn 0.702713 -0.711473 0.000001
vn 0.668320 -0.711473 0.217149
vn 0.668320 -0.711473 0.217149
vn 0.413044 -0.711474 -0.568506
vn 0.413044 -0.711474 -0.568506
vn 0.413045 0.711472 -0.568508
vn 0.413045 0.711472 -0.568508
vn 0.217150 -0.711473 -0.668320
vn 0.217150 -0.711473 -0.668320
vn 0.217151 0.711473 -0.668320
vn 0.217151 0.711473 -0.668320
vn 0.000000 -0.711473 -0.702714
vn 0.000000 -0.711473 -0.702714
vn -0.000000 0.711471 -0.702715
vn -0.000000 0.711471 -0.702715
vn -0.217150 -0.711473 -0.668320
vn -0.217150 -0.711473 -0.668320
vn -0.217150 0.711470 -0.668324
vn -0.217150 0.711470 -0.668324
vn -0.413044 -0.711473 -0.568507
vn -0.413044 -0.711473 -0.568507
vn -0.413045 0.711471 -0.568509
vn -0.413045 0.711471 -0.568509
vn -0.568507 -0.711474 -0.413043
vn -0.568507 -0.711474 -0.413043
vn -0.568508 0.711471 -0.413046
vn -0.568508 0.711471 -0.413046
vn -0.668320 -0.711474 -0.217149
vn -0.668320 -0.711474 -0.217149
vn -0.668322 0.711471 -0.217151
vn -0.668322 0.711471 -0.217151
vn -0.702713 -0.711473 0.000000
vn -0.702713 -0.711473 0.000000
vn -0.702715 0.711471 0.000000
vn -0.702715 0.711471 0.000000
vn -0.668320 -0.711474 0.217149
vn -0.668320 -0.711474 0.217149
vn -0.668322 0.711471 0.217151
vn -0.668322 0.711471 0.217151
vn -0.568507 -0.711474 0.413044
vn -0.568507 -0.711474 0.413044
vn -0.568508 0.711471 0.413046
vn -0.568508 0.711471 0.413047
vn -0.413044 -0.711474 0.568507
vn -0.413044 -0.711474 0.568507
vn -0.413045 0.711472 0.568508
vn -0.413045 0.711472 0.568508
vn -0.217150 -0.711474 0.668319
vn -0.217150 -0.711474 0.668319
vn -0.217151 0.711473 0.668320
vn -0.217151 0.711473 0.668320
vn -0.000000 -0.711474 0.702713
vn -0.000000 -0.711474 0.702713
vn 0.000000 0.711474 0.702713
vn 0.000000 0.711474 0.702713
vn 0.217150 -0.711474 0.668319
vn 0.217150 -0.711474 0.668319
vn 0.217151 0.711473 0.668320
vn 0.217151 0.711473 0.668320
vn 0.413044 -0.711474 0.568506
vn 0.413044 -0.711474 0.568506
vn 0.413045 0.711472 0.568508
vn 0.413045 0.711472 0.568508
vn 0.568507 -0.711474 0.413043
vn 0.568507 -0.711474 0.413043
vn 0.568508 0.711471 0.413046
vn 0.568508 0.711471 0.413046
vn 0.951057 0.000000 -0.309016
vn 0.951057 0.000000 -0.309016
vn 1.000000 0.000000 0.000001
vn 1.000000 0.000000 0.000001
vn 0.809017 0.000000 -0.587786
vn 0.809017 0.000000 -0.587786
vn 0.587785 0.000000 -0.809017
vn 0.587785 0.000000 -0.809017
vn 0.309017 0.000000 -0.951057
vn 0.309017 0.000000 -0.951057
vn 0.000000 0.000000 -1.000000
vn 0.000000 0.000000 -1.000000
vn -0.309018 0.000000 -0.951056
vn -0.309018 0.000000 -0.951056
vn -0.587786 0.000000 -0.809017
vn -0.587786 0.000000 -0.809017
vn -0.809017 0.000000 -0.587785
vn -0.809017 0.000000 -0.587785
vn -0.951057 0.000000 -0.309017
vn -0.951057 0.000000 -0.309017
vn -1.000000 0.000000 0.000000
vn -1.000000 0.000000 0.000000
vn -0.951057 0.000000 0.309017
vn -0.951057 0.000000 0.309017
vn -0.809017 0.000000 0.587785
vn -0.809017 0.000000 0.587785
vn -0.587785 0.000000 0.809017
vn -0.587785 0.000000 0.809017
vn -0.309017 0.000000 0.951057
vn -0.309017 0.000000 0.951057
vn 0.000000 0.000000 1.000000
vn 0.000000 0.000000 1.000000
vn 0.309017 0.000000 0.951057
vn 0.309017 0.000000 0.951057
vn 0.587785 0.000000 0.809017
vn 0.587785 0.000000 0.809017
vn 0.809017 0.000000 0.587785
vn 0.809017 0.000000 0.587785
vn 0.951057 0.000000 0.309017
vn 0.951057 0.000000 0.309017
vn 0.000000 1.000000 0.000000
vn 0.000000 1.000000 0.000000
vn 0.000000 1.000000 0.000000
vn 0.000000 1.000000 0.000000
vn 0.000000 -1.000000 0.000000
vn 0.000000 -1.000000 0.000000
vn 0.000000 -1.000000 0.000000
vn 0.000000 -1.000000 0.000000
vn 0.000000 -1.000000 0.000001
vn 0.000000 -1.000000 0.000001
vn 0.000000 1.000000 0.000001
vn 0.000000 1.000000 0.000001
vn 0.000000 -1.000000 0.000000
vn 0.000000 -1.000000 0.000000
vn 0.000000 1.000000 0.000001
vn 0.000000 1.000000 0.000001
vn 0.000000 -1.000000 -0.000001
vn 0.000000 -1.000000 -0.000001
vn 0.000000 1.000000 -0.000001
vn 0.000000 1.000000 -0.000001
vn 0.000000 -1.000000 -0.000000
vn 0.000000 -1.000000 -0.000000
vn 0.000000 1.000000 -0.000000
vn 0.000000 1.000000 -0.000000
vn 0.000000 -1.000000 0.000000
vn 0.000000 -1.000000 0.000000
vn 0.000000 1.000000 0.000001
vn 0.000000 1.000000 0.000001
vn 0.000000 -1.000000 -0.000000
vn 0.000000 -1.000000 -0.000000
vn 0.000000 1.000000 0.000001
vn 0.000000 1.000000 0.000001
vn 0.000000 -1.000000 -0.000000
vn 0.000000 -1.000000 -0.000000
vn 0.000000 1.000000 0.000001
vn 0.000000 1.000000 0.000001
vn 0.000000 -1.000000 -0.000000
vn 0.000000 -1.000000 -0.000000
vn 0.000000 1.000000 0.000000
vn 0.000000 1.000000 0.000000
vn 0.000000 -1.000000 0.000000
vn 0.000000 -1.000000 0.000000
vn 0.000000 1.000000 0.000000
vn 0.000000 1.000000 0.000000
vn 0.000000 -1.000000 0.000000
vn 0.000000 -1.000000 0.000000
vn 0.000000 1.000000 -0.000001
vn 0.000000 1.000000 -0.000001
vn 0.000000 -1.000000 -0.000000
vn 0.000000 -1.000000 -0.000000
vn 0.000000 1.000000 -0.000001
vn 0.000000 1.000000 -0.000001
vn 0.000000 -1.000000 -0.000000
vn 0.000000 -1.000000 -0.000000
vn 0.000000 1.000000 0.000001
vn 0.000000 1.000000 0.000001
vn 0.000000 -1.000000 0.000001
vn 0.000000 -1.000000 0.000001
vn 0.000000 1.000000 0.000001
vn 0.000000 1.000000 0.000001
vn 0.000000 -1.000000 0.000001
vn 0.000000 -1.000000 0.000001
vn 0.000000 1.000000 0.000002
vn 0.000000 1.000000 0.000002
vn 0.000000 -1.000000 -0.000000
vn 0.000000 -1.000000 -0.000000
vn 0.000000 1.000000 0.000001
vn 0.000000 1.000000 0.000001
vn 0.000000 -1.000000 -0.000001
vn 0.000000 -1.000000 -0.000001
vn 0.000000 1.000000 0.000001
vn 0.000000 1.000000 0.000001
vn 0.000000 -1.000000 0.000000
vn 0.000000 -1.000000 0.000000
vn 0.000000 1.000000 -0.000000
vn 0.000000 1.000000 -0.000000
vn 0.000000 -1.000000 0.000000
vn 0.000000 -1.000000 0.000000
vn 0.000000 1.000000 -0.000000
vn 0.000000 1.000000 -0.000000
s 1
g pSphere3
usemtl initialShadingGroup
f 882/1408/1523 883/1403/1524 893/1407/1525 892/1417/1526
f 883/1403/1524 882/1408/1523 885/1409/1527 884/1404/1528
f 884/1404/1528 885/1409/1527 960/1418/1529 961/1410/1530
s 2
f 886/1402/1531 887/1412/1532 891/1414/1533 890/1406/1534
f 887/1412/1532 886/1402/1531 889/1405/1535 888/1413/1536
f 888/1413/1536 889/1405/1535 958/1411/1537 959/1421/1538
f 890/1454/1534 891/1455/1533 895/1456/1539 894/1457/1540
s 1
f 892/1417/1526 893/1407/1525 897/1416/1541 896/1422/1542
s 2
f 894/1457/1540 895/1456/1539 899/1460/1543 898/1461/1544
s 1
f 896/1519/1542 897/1526/1541 901/1527/1545 900/1523/1546
s 2
f 898/1461/1544 899/1460/1543 903/1465/1547 902/1466/1548
s 1
f 900/1523/1546 901/1527/1545 905/1534/1549 904/1529/1550
s 2
f 902/1466/1548 903/1465/1547 907/1470/1551 906/1471/1552
s 1
f 904/1529/1550 905/1534/1549 909/1540/1553 908/1536/1554
s 2
f 906/1471/1552 907/1470/1551 911/1475/1555 910/1476/1556
s 1
f 908/1536/1554 909/1540/1553 913/1546/1557 912/1542/1558
s 2
f 910/1476/1556 911/1475/1555 915/1480/1559 914/1481/1560
s 1
f 912/1440/1558 913/1432/1557 917/1428/1561 916/1438/1562
s 2
f 914/1429/1560 915/1434/1559 919/1435/1563 918/1430/1564
s 1
f 916/1438/1562 917/1428/1561 921/1431/1565 920/1439/1566
s 2
f 918/1430/1564 919/1435/1563 923/1441/1567 922/1436/1568
s 1
f 920/1439/1566 921/1431/1565 925/1437/1569 924/1444/1570
s 2
f 922/1436/1568 923/1441/1567 927/1445/1571 926/1442/1572
s 1
f 924/1444/1570 925/1437/1569 929/1443/1573 928/1448/1574
s 2
f 926/1442/1572 927/1445/1571 931/1449/1575 930/1446/1576
s 1
f 928/1448/1574 929/1443/1573 933/1447/1577 932/1452/1578
s 2
f 930/1507/1576 931/1502/1575 935/1505/1579 934/1506/1580
s 1
f 932/1452/1578 933/1447/1577 937/1451/1581 936/1453/1582
s 2
f 934/1506/1580 935/1505/1579 939/1500/1583 938/1503/1584
s 1
f 936/1544/1582 937/1551/1581 941/1545/1585 940/1538/1586
s 2
f 938/1503/1584 939/1500/1583 943/1495/1587 942/1498/1588
s 1
f 940/1538/1586 941/1545/1585 945/1539/1589 944/1531/1590
s 2
f 942/1498/1588 943/1495/1587 947/1490/1591 946/1493/1592
s 1
f 944/1531/1590 945/1539/1589 949/1532/1593 948/1525/1594
s 2
f 946/1493/1592 947/1490/1591 951/1484/1595 950/1487/1596
s 1
f 948/1525/1594 949/1532/1593 953/1533/1597 952/1521/1598
s 2
f 950/1487/1596 951/1484/1595 955/1479/1599 954/1488/1600
s 1
f 952/1427/1598 953/1424/1597 957/1419/1601 956/1423/1602
s 2
f 954/1420/1600 955/1426/1599 959/1421/1538 958/1411/1537
s 1
f 956/1423/1602 957/1419/1601 961/1410/1530 960/1418/1529
s 3
f 886/1402/1603 883/1403/1604 884/1404/1605 889/1405/1606
f 883/1403/1604 886/1402/1603 890/1406/1607 893/1407/1608
f 893/1407/1608 890/1406/1607 894/1415/1609 897/1416/1610
f 897/1558/1610 894/1559/1609 898/1560/1611 901/1561/1612
f 901/1561/1612 898/1560/1611 902/1562/1613 905/1563/1614
f 905/1563/1614 902/1562/1613 906/1564/1615 909/1565/1616
f 909/1565/1616 906/1564/1615 910/1566/1617 913/1567/1618
f 913/1432/1618 910/1433/1617 914/1429/1619 917/1428/1620
f 917/1428/1620 914/1429/1619 918/1430/1621 921/1431/1622
f 921/1431/1622 918/1430/1621 922/1436/1623 925/1437/1624
f 925/1437/1624 922/1436/1623 926/1442/1625 929/1443/1626
f 929/1443/1626 926/1442/1625 930/1446/1627 933/1447/1628
f 933/1447/1628 930/1446/1627 934/1450/1629 937/1451/1630
f 937/1568/1630 934/1569/1629 938/1570/1631 941/1571/1632
f 941/1571/1632 938/1570/1631 942/1572/1633 945/1573/1634
f 945/1573/1634 942/1572/1633 946/1574/1635 949/1575/1636
f 949/1575/1636 946/1574/1635 950/1576/1637 953/1577/1638
f 953/1424/1638 950/1425/1637 954/1420/1639 957/1419/1640
f 957/1419/1640 954/1420/1639 958/1411/1641 961/1410/1642
f 961/1410/1642 958/1411/1641 889/1405/1606 884/1404/1605
s 4
f 843/1508/1643 880/1509/1644 885/1510/1645 882/1511/1646
s 5
f 881/1468/1647 842/1463/1648 887/1464/1649 888/1469/1650
f 842/1463/1648 845/1458/1651 891/1455/1652 887/1464/1649
s 4
f 844/1514/1653 843/1508/1643 882/1511/1646 892/1515/1654
s 5
f 845/1458/1651 847/1459/1655 895/1456/1656 891/1455/1652
s 4
f 846/1518/1657 844/1514/1653 892/1515/1654 896/1519/1658
s 5
f 847/1459/1655 849/1462/1659 899/1460/1660 895/1456/1656
s 4
f 848/1522/1661 846/1518/1657 896/1519/1658 900/1523/1662
s 5
f 849/1462/1659 851/1467/1663 903/1465/1664 899/1460/1660
s 4
f 850/1528/1665 848/1522/1661 900/1523/1662 904/1529/1666
s 5
f 851/1467/1663 853/1472/1667 907/1470/1668 903/1465/1664
s 4
f 852/1535/1669 850/1528/1665 904/1529/1666 908/1536/1670
s 5
f 853/1472/1667 855/1477/1671 911/1475/1672 907/1470/1668
s 4
f 854/1541/1673 852/1535/1669 908/1536/1670 912/1542/1674
s 5
f 855/1477/1671 857/1482/1675 915/1480/1676 911/1475/1672
s 4
f 856/1547/1677 854/1541/1673 912/1542/1674 916/1548/1678
s 5
f 857/1482/1675 859/1485/1679 919/1486/1680 915/1480/1676
s 4
f 858/1552/1681 856/1547/1677 916/1548/1678 920/1553/1682
s 5
f 859/1485/1679 861/1491/1683 923/1492/1684 919/1486/1680
s 4
f 860/1556/1685 858/1552/1681 920/1553/1682 924/1557/1686
s 5
f 861/1491/1683 863/1496/1687 927/1497/1688 923/1492/1684
s 4
f 862/1554/1689 860/1556/1685 924/1557/1686 928/1555/1690
s 5
f 863/1496/1687 865/1501/1691 931/1502/1692 927/1497/1688
s 4
f 864/1549/1693 862/1554/1689 928/1555/1690 932/1550/1694
s 5
f 865/1501/1691 867/1504/1695 935/1505/1696 931/1502/1692
s 4
f 866/1543/1697 864/1549/1693 932/1550/1694 936/1544/1698
s 5
f 867/1504/1695 869/1499/1699 939/1500/1700 935/1505/1696
s 4
f 868/1537/1701 866/1543/1697 936/1544/1698 940/1538/1702
s 5
f 869/1499/1699 871/1494/1703 943/1495/1704 939/1500/1700
s 4
f 870/1530/1705 868/1537/1701 940/1538/1702 944/1531/1706
s 5
f 871/1494/1703 873/1489/1707 947/1490/1708 943/1495/1704
s 4
f 872/1524/1709 870/1530/1705 944/1531/1706 948/1525/1710
s 5
f 873/1489/1707 875/1483/1711 951/1484/1712 947/1490/1708
s 4
f 874/1520/1713 872/1524/1709 948/1525/1710 952/1521/1714
s 5
f 875/1483/1711 877/1478/1715 955/1479/1716 951/1484/1712
s 4
f 876/1516/1717 874/1520/1713 952/1521/1714 956/1517/1718
s 5
f 877/1478/1715 879/1473/1719 959/1474/1720 955/1479/1716
s 4
f 878/1512/1721 876/1516/1717 956/1517/1718 960/1513/1722
s 5
f 879/1473/1719 881/1468/1647 888/1469/1650 959/1474/1720
s 4
f 880/1509/1644 878/1512/1721 960/1513/1722 885/1510/1645
g default
v -1.402682 -1.633240 -0.440682
v -1.402682 -1.497033 -0.419108
v -1.402682 -1.374158 -0.356501
v -1.402682 -1.276643 -0.258986
v -1.402682 -1.214036 -0.136112
v -1.402682 -1.192462 0.000096
v -1.402682 -1.214036 0.136304
v -1.402682 -1.276643 0.259179
v -1.402682 -1.374158 0.356693
v -1.402682 -1.497033 0.419301
v -1.402682 -1.633240 0.440874
v -1.402682 -2.328173 -0.440682
v -1.402682 -2.328173 0.440874
v -1.402682 -1.668540 -0.318243
v -1.402682 -1.570167 -0.302663
v -1.402682 -1.481424 -0.257446
v -1.402682 -1.410998 -0.187019
v -1.402682 -1.365781 -0.098276
v -1.402682 -1.350200 0.000096
v -1.402682 -1.365781 0.098469
v -1.402682 -1.410998 0.187212
v -1.402682 -1.481424 0.257638
v -1.402682 -1.570167 0.302855
v -1.402682 -1.668540 0.318436
v -1.402682 -2.170435 -0.318243
v -1.402682 -2.170435 0.318436
v -0.560071 -1.633240 -0.440682
v -0.521126 -1.636305 -0.401737
v -0.560071 -1.497033 -0.419108
v -0.521126 -1.509217 -0.381608
v -0.560071 -1.374158 -0.356501
v -0.521126 -1.397334 -0.324601
v -0.560071 -1.276644 -0.258986
v -0.521126 -1.308543 -0.235810
v -0.560071 -1.214036 -0.136112
v -0.521126 -1.251536 -0.123927
v -0.560071 -1.192462 0.000096
v -0.521126 -1.231893 0.000096
v -0.560071 -1.214036 0.136304
v -0.521126 -1.251536 0.124120
v -0.560071 -1.276644 0.259179
v -0.521126 -1.308543 0.236002
v -0.560071 -1.374158 0.356693
v -0.521126 -1.397334 0.324793
v -0.560071 -1.497033 0.419301
v -0.521126 -1.509217 0.381800
v -0.560071 -1.633240 0.440874
v -0.521126 -1.636305 0.401929
v -0.560071 -2.328173 -0.440682
v -0.521126 -2.289228 -0.401737
v -0.560071 -2.328173 0.440874
v -0.521126 -2.289228 0.401929
v -0.521126 -1.665475 -0.357188
v -0.560071 -1.668540 -0.318243
v -0.521126 -1.557983 -0.340163
v -0.560071 -1.570167 -0.302663
v -0.521126 -1.458248 -0.289346
v -0.560071 -1.481424 -0.257446
v -0.521126 -1.379098 -0.210196
v -0.560071 -1.410998 -0.187019
v -0.521126 -1.328280 -0.110461
v -0.560071 -1.365781 -0.098276
v -0.521126 -1.310769 0.000096
v -0.560071 -1.350200 0.000096
v -0.521126 -1.328280 0.110653
v -0.560071 -1.365781 0.098469
v -0.521126 -1.379098 0.210388
v -0.560071 -1.410998 0.187212
v -0.521126 -1.458248 0.289538
v -0.560071 -1.481424 0.257638
v -0.521126 -1.557983 0.340356
v -0.560071 -1.570167 0.302855
v -0.521126 -1.665475 0.357381
v -0.560071 -1.668540 0.318436
v -0.521126 -2.209381 -0.357188
v -0.560071 -2.170436 -0.318243
v -0.521126 -2.209381 0.357381
v -0.560071 -2.170436 0.318436
vt 0.604135 0.628863
vt 0.603603 0.637015
vt 0.554471 0.633752
vt 0.554950 0.625772
vt 0.603014 0.645161
vt 0.553795 0.641718
vt 0.551733 0.625610
vt 0.551271 0.633540
vt 0.556703 0.585303
vt 0.606393 0.587829
vt 0.602372 0.653274
vt 0.552888 0.649702
vt 0.550608 0.641276
vt 0.553364 0.587482
vt 0.549647 0.648772
vt 0.594269 0.741016
vt 0.593986 0.732865
vt 0.643292 0.731609
vt 0.643590 0.739606
vt 0.593755 0.724695
vt 0.643189 0.723622
vt 0.646771 0.739330
vt 0.646547 0.731542
vt 0.594575 0.749115
vt 0.644137 0.747655
vt 0.593183 0.683818
vt 0.642705 0.682929
vt 0.646408 0.723566
vt 0.647370 0.746856
vt 0.645974 0.685225
vt 0.918057 0.210143
vt 0.912257 0.209963
vt 0.913574 0.160389
vt 0.919482 0.160493
vt 0.883004 0.209289
vt 0.883937 0.160165
vt 0.913594 0.157170
vt 0.919534 0.157228
vt 0.923866 0.210352
vt 0.925374 0.160738
vt 0.881612 0.156921
vt 0.925679 0.157461
vt 0.929702 0.210576
vt 0.931216 0.161165
vt 0.932050 0.158073
vt 0.850918 0.915528
vt 0.880361 0.915366
vt 0.880767 0.964905
vt 0.851296 0.964861
vt 0.886178 0.915299
vt 0.886656 0.964853
vt 0.880790 0.968133
vt 0.848960 0.968084
vt 0.891999 0.915213
vt 0.892527 0.964606
vt 0.886830 0.968154
vt 0.897840 0.915121
vt 0.898375 0.964515
vt 0.893190 0.967708
vt 0.903726 0.946703
vt 0.911827 0.946725
vt 0.911451 0.996098
vt 0.903380 0.996323
vt 0.919968 0.946768
vt 0.919468 0.996119
vt 0.904052 0.999586
vt 0.911607 0.999285
vt 0.928116 0.946861
vt 0.927478 0.996302
vt 0.919426 0.999329
vt 0.936248 0.946997
vt 0.935510 0.996705
vt 0.927231 0.999513
vt 0.934786 1.000000
vt 0.934527 0.051760
vt 0.885080 0.051996
vt 0.884833 0.000263
vt 0.934280 0.000028
vt 0.881837 0.049726
vt 0.881612 0.002564
vt 0.712955 0.932666
vt 0.750284 0.931079
vt 0.752384 0.980482
vt 0.715055 0.982069
vt 0.712908 0.985395
vt 0.754804 0.983614
vt 0.765702 0.530011
vt 0.759858 0.530149
vt 0.758541 0.480643
vt 0.764396 0.480708
vt 0.754036 0.530293
vt 0.752652 0.480760
vt 0.758648 0.477354
vt 0.765037 0.477570
vt 0.748218 0.530458
vt 0.746763 0.481000
vt 0.752527 0.477499
vt 0.742394 0.530641
vt 0.740900 0.481399
vt 0.746414 0.477765
vt 0.740119 0.478355
vt 0.599891 0.863164
vt 0.598625 0.855171
vt 0.605811 0.853099
vt 0.606725 0.858872
vt 0.598625 0.814390
vt 0.605811 0.823646
vt 0.603565 0.870375
vt 0.609378 0.864080
vt 0.650358 0.814390
vt 0.643173 0.823646
vt 0.609288 0.876097
vt 0.613511 0.868213
vt 0.650358 0.855171
vt 0.643173 0.853099
vt 0.616499 0.879771
vt 0.618719 0.870866
vt 0.649092 0.863164
vt 0.642259 0.858872
vt 0.624492 0.881037
vt 0.624492 0.871781
vt 0.645418 0.870375
vt 0.639605 0.864080
vt 0.632485 0.879771
vt 0.630265 0.870866
vt 0.639696 0.876097
vt 0.635472 0.868213
vt 0.883104 0.790641
vt 0.884779 0.787646
vt 0.889397 0.792650
vt 0.886936 0.791250
vt 0.886018 0.783499
vt 0.891497 0.788992
vt 0.894953 0.795655
vt 0.892631 0.798624
vt 0.878965 0.780874
vt 0.878473 0.785446
vt 0.896439 0.803181
vt 0.893881 0.804988
vt 0.871605 0.780245
vt 0.871866 0.784894
vt 0.897859 0.841654
vt 0.895061 0.837050
vt 0.864403 0.781786
vt 0.865403 0.786264
vt 0.850528 0.843543
vt 0.852956 0.838733
vt 0.857987 0.785421
vt 0.859658 0.789515
vt 0.848960 0.805132
vt 0.851651 0.806739
vt 0.852971 0.790852
vt 0.855178 0.794367
vt 0.849856 0.797585
vt 0.852408 0.800363
vn -1.000000 0.000001 0.000001
vn -1.000000 0.000001 0.000001
vn -1.000000 0.000001 0.000001
vn -1.000000 0.000001 0.000001
vn -1.000000 -0.000001 -0.000003
vn -1.000000 -0.000001 -0.000003
vn -1.000000 -0.000001 -0.000003
vn -1.000000 -0.000001 -0.000003
vn -1.000000 0.000000 0.000003
vn -1.000000 0.000000 0.000003
vn -1.000000 0.000000 0.000003
vn -1.000000 0.000000 0.000003
vn -1.000000 0.000000 -0.000001
vn -1.000000 0.000000 -0.000001
vn -1.000000 0.000000 -0.000001
vn -1.000000 0.000000 -0.000001
vn -1.000000 0.000000 -0.000001
vn -1.000000 0.000000 -0.000001
vn -1.000000 0.000000 -0.000001
vn -1.000000 0.000000 -0.000001
vn -1.000000 0.000000 0.000000
vn -1.000000 0.000000 0.000000
vn -1.000000 0.000000 0.000000
vn -1.000000 0.000000 0.000000
vn -1.000000 0.000000 0.000001
vn -1.000000 0.000000 0.000001
vn -1.000000 0.000000 0.000001
vn -1.000000 0.000000 0.000001
vn -1.000000 -0.000001 -0.000001
vn -1.000000 -0.000001 -0.000001
vn -1.000000 -0.000001 -0.000001
vn -1.000000 -0.000001 -0.000001
vn -1.000000 -0.000000 0.000000
vn -1.000000 -0.000000 0.000000
vn -1.000000 -0.000000 0.000000
vn -1.000000 -0.000000 0.000000
vn -1.000000 0.000000 -0.000000
vn -1.000000 0.000000 -0.000000
vn -1.000000 0.000000 -0.000000
vn -1.000000 0.000000 -0.000000
vn -1.000000 0.000000 -0.000000
vn -1.000000 0.000000 -0.000000
vn -1.000000 0.000000 -0.000000
vn -1.000000 0.000000 -0.000000
vn -1.000000 0.000000 0.000000
vn -1.000000 0.000000 0.000000
vn -1.000000 0.000000 0.000000
vn -1.000000 0.000000 0.000000
vn -1.000000 0.000000 0.000000
vn -1.000000 0.000000 0.000000
vn -1.000000 0.000000 0.000000
vn -1.000000 0.000000 0.000000
vn 0.707708 0.018281 -0.706269
vn 0.707708 0.018281 -0.706268
vn 0.707107 0.000000 -0.707106
vn 0.707107 0.000000 -0.707106
vn 0.711473 0.216531 -0.668521
vn 0.711473 0.216531 -0.668521
vn 0.711473 0.413045 -0.568507
vn 0.711473 0.413045 -0.568507
vn 0.711472 0.568508 -0.413046
vn 0.711472 0.568508 -0.413045
vn 0.711472 0.668321 -0.217151
vn 0.711472 0.668321 -0.217151
vn 0.711473 0.702714 0.000000
vn 0.711473 0.702714 0.000000
vn 0.711473 0.668320 0.217151
vn 0.711473 0.668320 0.217151
vn 0.711472 0.568508 0.413045
vn 0.711472 0.568508 0.413045
vn 0.711472 0.413045 0.568508
vn 0.711472 0.413045 0.568508
vn 0.711473 0.216530 0.668521
vn 0.711473 0.216530 0.668521
vn 0.707708 0.018281 0.706268
vn 0.707708 0.018281 0.706268
vn 0.707107 0.000000 0.707106
vn 0.707107 0.000000 0.707106
vn 0.707107 -0.707107 -0.000000
vn 0.707107 -0.707107 -0.000000
vn 0.707107 -0.707107 -0.000000
vn 0.707107 -0.707107 -0.000000
vn 0.707711 -0.018398 0.706262
vn 0.707711 -0.018398 0.706262
vn 0.707107 0.000000 0.707106
vn 0.707107 0.000000 0.707106
vn 0.711473 -0.217933 0.668066
vn 0.711473 -0.217933 0.668066
vn 0.711473 -0.413045 0.568507
vn 0.711473 -0.413045 0.568507
vn 0.711473 -0.568506 0.413045
vn 0.711474 -0.568506 0.413045
vn 0.711475 -0.668318 0.217151
vn 0.711475 -0.668318 0.217151
vn 0.711473 -0.702713 -0.000000
vn 0.711473 -0.702713 0.000000
vn 0.711473 -0.668320 -0.217151
vn 0.711473 -0.668320 -0.217151
vn 0.711474 -0.568506 -0.413044
vn 0.711474 -0.568506 -0.413044
vn 0.711474 -0.413044 -0.568506
vn 0.711474 -0.413044 -0.568506
vn 0.711473 -0.217932 -0.668065
vn 0.711473 -0.217933 -0.668065
vn 0.707711 -0.018398 -0.706262
vn 0.707711 -0.018398 -0.706263
vn 0.707107 0.000000 -0.707106
vn 0.707107 0.000000 -0.707106
vn 0.707106 0.707108 -0.000000
vn 0.707106 0.707108 -0.000000
vn 0.707106 0.707108 -0.000000
vn 0.707106 0.707108 -0.000000
vn -0.000000 0.025948 -0.999663
vn -0.000000 0.309018 -0.951056
vn -0.000000 0.309018 -0.951056
vn -0.000000 0.025948 -0.999663
vn -0.000000 0.587785 -0.809017
vn -0.000000 0.587785 -0.809017
vn 0.000000 0.809017 -0.587786
vn 0.000000 0.809017 -0.587786
vn 0.000000 0.951056 -0.309018
vn 0.000000 0.951056 -0.309018
vn 0.000000 1.000000 0.000000
vn 0.000000 1.000000 0.000000
vn 0.000000 0.951056 0.309018
vn 0.000000 0.951056 0.309018
vn 0.000000 0.809017 0.587785
vn 0.000000 0.809017 0.587785
vn 0.000000 0.587785 0.809017
vn 0.000000 0.587785 0.809017
vn 0.000000 0.309017 0.951057
vn 0.000000 0.309017 0.951057
vn 0.000000 0.025947 0.999663
vn 0.000000 0.025947 0.999663
vn -0.000000 0.000000 -1.000000
vn -0.000000 0.000000 -1.000000
vn 0.000000 0.000000 1.000000
vn 0.000000 0.000000 1.000000
vn 0.000000 -1.000000 0.000000
vn 0.000000 -1.000000 0.000000
vn 0.000000 -1.000000 0.000000
vn 0.000000 -1.000000 0.000000
vn 1.000000 0.000000 -0.000000
vn 1.000000 0.000000 0.000000
vn 1.000000 0.000000 -0.000000
vn 1.000000 0.000000 -0.000000
vn 1.000000 0.000000 0.000000
vn 1.000000 0.000000 0.000000
vn 1.000000 0.000000 -0.000000
vn 1.000000 0.000000 -0.000000
vn 1.000000 0.000000 -0.000000
vn 1.000000 0.000000 -0.000000
vn 1.000000 0.000000 -0.000000
vn 1.000000 0.000000 -0.000000
vn 1.000000 0.000000 -0.000000
vn 1.000000 0.000000 -0.000000
vn 1.000000 0.000000 -0.000000
vn 1.000000 0.000000 -0.000000
vn 1.000000 0.000000 -0.000000
vn 1.000000 0.000000 -0.000001
vn 1.000000 0.000000 -0.000000
vn 1.000000 0.000000 0.000000
vn 1.000000 0.000000 0.000000
vn 1.000000 0.000000 -0.000000
vn 1.000000 0.000000 -0.000000
vn 1.000000 0.000000 -0.000000
vn 1.000000 0.000000 -0.000000
vn 1.000000 0.000000 -0.000000
vn 0.000000 -0.309018 0.951056
vn 0.000000 -0.025948 0.999663
vn 0.000000 -0.025948 0.999663
vn 0.000000 -0.309018 0.951056
vn 0.000000 0.000000 1.000000
vn 0.000000 0.000000 1.000000
vn 0.000000 1.000000 -0.000000
vn 0.000000 1.000000 -0.000000
vn 0.000000 1.000000 -0.000000
vn 0.000000 1.000000 -0.000000
vn -0.000000 0.000000 -1.000000
vn 0.000000 -0.025948 -0.999663
vn 0.000000 -0.025948 -0.999663
vn -0.000000 0.000000 -1.000000
vn 0.000000 -0.309017 -0.951056
vn 0.000000 -0.309017 -0.951056
vn -0.000000 -0.587785 -0.809017
vn -0.000000 -0.587785 -0.809017
vn -0.000000 -0.809017 -0.587785
vn -0.000000 -0.809017 -0.587785
vn 0.000000 -0.951056 -0.309018
vn 0.000000 -0.951056 -0.309018
vn 0.000000 -1.000000 -0.000001
vn 0.000000 -1.000000 -0.000001
vn 0.000000 -0.951056 0.309018
vn 0.000000 -0.951056 0.309018
vn 0.000000 -0.809016 0.587786
vn 0.000000 -0.809016 0.587786
vn 0.000000 -0.587786 0.809017
vn 0.000000 -0.587786 0.809017
s off
g pCylinder8 polySurface8
usemtl initialShadingGroup
f 963/1679/1723 962/1680/1724 975/1681/1725 976/1682/1726
f 964/1685/1727 963/1679/1728 976/1682/1729 977/1686/1730
f 965/1689/1731 964/1685/1732 977/1686/1733 978/1690/1734
f 966/1693/1735 965/1689/1736 978/1690/1737 979/1694/1738
f 967/1697/1739 966/1693/1740 979/1694/1741 980/1698/1742
f 968/1701/1743 967/1697/1744 980/1698/1745 981/1702/1746
f 969/1703/1747 968/1701/1748 981/1702/1749 982/1704/1750
f 970/1699/1751 969/1703/1752 982/1704/1753 983/1700/1754
f 971/1695/1755 970/1699/1756 983/1700/1757 984/1696/1758
f 972/1691/1759 971/1695/1760 984/1696/1761 985/1692/1762
f 962/1680/1763 973/1683/1764 986/1684/1765 975/1681/1766
f 974/1687/1767 972/1691/1768 985/1692/1769 987/1688/1770
f 973/1683/1771 974/1687/1772 987/1688/1773 986/1684/1774
s 1
f 988/1581/1775 989/1584/1776 1011/1591/1777 1010/1586/1778
f 989/1584/1776 988/1581/1775 990/1580/1779 991/1585/1780
f 991/1585/1780 990/1580/1779 992/1583/1781 993/1590/1782
f 993/1590/1782 992/1583/1781 994/1589/1783 995/1592/1784
f 995/1643/1784 994/1640/1783 996/1639/1785 997/1644/1786
f 997/1644/1786 996/1639/1785 998/1642/1787 999/1647/1788
f 999/1647/1788 998/1642/1787 1000/1646/1789 1001/1650/1790
f 1001/1650/1790 1000/1646/1789 1002/1649/1791 1003/1651/1792
f 1003/1606/1792 1002/1602/1791 1004/1596/1793 1005/1599/1794
f 1005/1599/1794 1004/1596/1793 1006/1595/1795 1007/1600/1796
f 1007/1600/1796 1006/1595/1795 1008/1598/1797 1009/1605/1798
f 1009/1605/1798 1008/1598/1797 1012/1604/1799 1013/1607/1800
s off
f 1010/1653/1801 1011/1656/1802 1013/1657/1803 1012/1654/1804
s 2
f 1014/1614/1805 1015/1610/1806 1037/1613/1807 1036/1618/1808
f 1015/1610/1806 1014/1614/1805 1016/1615/1809 1017/1611/1810
f 1017/1611/1810 1016/1615/1809 1018/1619/1811 1019/1617/1812
f 1019/1617/1812 1018/1619/1811 1020/1622/1813 1021/1621/1814
f 1021/1676/1814 1020/1678/1813 1022/1677/1815 1023/1673/1816
f 1023/1673/1816 1022/1677/1815 1024/1674/1817 1025/1669/1818
f 1025/1669/1818 1024/1674/1817 1026/1670/1819 1027/1666/1820
f 1027/1666/1820 1026/1670/1819 1028/1671/1821 1029/1667/1822
f 1029/1705/1822 1028/1706/1821 1030/1707/1823 1031/1708/1824
f 1031/1632/1824 1030/1636/1823 1032/1633/1825 1033/1628/1826
f 1033/1628/1826 1032/1633/1825 1034/1629/1827 1035/1625/1828
f 1035/1625/1828 1034/1629/1827 1038/1630/1829 1039/1626/1830
s off
f 1036/1662/1831 1037/1661/1832 1039/1660/1833 1038/1663/1834
s 3
f 962/1578/1835 963/1579/1836 990/1580/1837 988/1581/1838
f 963/1579/1836 964/1582/1839 992/1583/1840 990/1580/1837
f 964/1582/1839 965/1588/1841 994/1589/1842 992/1583/1840
f 965/1637/1841 966/1638/1843 996/1639/1844 994/1640/1842
f 966/1638/1843 967/1641/1845 998/1642/1846 996/1639/1844
f 967/1641/1845 968/1645/1847 1000/1646/1848 998/1642/1846
f 968/1645/1847 969/1648/1849 1002/1649/1850 1000/1646/1848
f 969/1601/1849 970/1593/1851 1004/1596/1852 1002/1602/1850
f 970/1593/1851 971/1594/1853 1006/1595/1854 1004/1596/1852
f 971/1594/1853 972/1597/1855 1008/1598/1856 1006/1595/1854
f 962/1578/1835 988/1581/1838 1010/1586/1857 973/1587/1858
f 1008/1598/1856 972/1597/1855 974/1603/1859 1012/1604/1860
s off
f 973/1652/1861 1010/1653/1862 1012/1654/1863 974/1655/1864
s 4
f 989/1727/1865 991/1731/1866 1016/1732/1867 1014/1728/1868
f 991/1731/1866 993/1729/1869 1018/1730/1870 1016/1732/1867
f 993/1729/1869 995/1725/1871 1020/1726/1872 1018/1730/1870
f 995/1725/1871 997/1721/1873 1022/1722/1874 1020/1726/1872
f 997/1721/1873 999/1717/1875 1024/1718/1876 1022/1722/1874
f 999/1717/1875 1001/1713/1877 1026/1714/1878 1024/1718/1876
f 1001/1713/1877 1003/1709/1879 1028/1706/1880 1026/1714/1878
f 1003/1709/1879 1005/1710/1881 1030/1707/1882 1028/1706/1880
f 1005/1710/1881 1007/1711/1883 1032/1712/1884 1030/1707/1882
f 1007/1711/1883 1009/1715/1885 1034/1716/1886 1032/1712/1884
f 1011/1723/1887 989/1727/1865 1014/1728/1868 1036/1724/1888
f 1009/1715/1885 1013/1719/1889 1038/1720/1890 1034/1716/1886
f 1013/1719/1889 1011/1723/1887 1036/1724/1888 1038/1720/1890
s 5
f 976/1608/1891 975/1609/1892 1015/1610/1893 1017/1611/1894
f 975/1609/1892 986/1612/1895 1037/1613/1896 1015/1610/1893
s off
f 986/1658/1897 987/1659/1898 1039/1660/1899 1037/1661/1900
s 5
f 987/1623/1901 985/1624/1902 1035/1625/1903 1039/1626/1904
f 985/1624/1902 984/1627/1905 1033/1628/1906 1035/1625/1903
f 984/1627/1905 983/1631/1907 1031/1632/1908 1033/1628/1906
f 983/1631/1907 982/1634/1909 1029/1635/1910 1031/1632/1908
f 982/1664/1909 981/1665/1911 1027/1666/1912 1029/1667/1910
f 981/1665/1911 980/1668/1913 1025/1669/1914 1027/1666/1912
f 980/1668/1913 979/1672/1915 1023/1673/1916 1025/1669/1914
f 979/1672/1915 978/1675/1917 1021/1676/1918 1023/1673/1916
f 978/1620/1917 977/1616/1919 1019/1617/1920 1021/1621/1918
f 977/1616/1919 976/1608/1891 1017/1611/1894 1019/1617/1920
g default
v 0.982091 1.949324 -0.319101
v 0.835417 1.949324 -0.606966
v 0.606966 1.949324 -0.835417
v 0.319101 1.949324 -0.982091
v 0.000000 1.949324 -1.032632
v -0.319101 1.949324 -0.982091
v -0.606966 1.949324 -0.835417
v -0.835417 1.949324 -0.606966
v -0.982091 1.949324 -0.319101
v -1.032632 1.949324 0.000000
v -0.982091 1.949324 0.319101
v -0.835416 1.949324 0.606966
v -0.606966 1.949324 0.835416
v -0.319101 1.949324 0.982091
v -0.000000 1.949324 1.032632
v 0.319101 1.949324 0.982091
v 0.606966 1.949324 0.835416
v 0.835416 1.949324 0.606966
v 0.982091 1.949324 0.319101
v 1.032631 1.949324 0.000000
v 1.258063 1.910200 -0.408770
v 1.070172 1.910200 -0.777526
v 0.777526 1.910200 -1.070172
v 0.408770 1.910200 -1.258063
v 0.000000 1.910200 -1.322805
v -0.408770 1.910200 -1.258063
v -0.777526 1.910200 -1.070172
v -1.070172 1.910200 -0.777526
v -1.258062 1.910200 -0.408769
v -1.322805 1.910200 0.000000
v -1.258062 1.910200 0.408770
v -1.070172 1.910200 0.777526
v -0.777526 1.910200 1.070172
v -0.408769 1.910200 1.258062
v 0.000000 1.910200 1.322805
v 0.408769 1.910200 1.258062
v 0.777526 1.910200 1.070172
v 1.070172 1.910200 0.777526
v 1.258062 1.910200 0.408769
v 1.322805 1.910200 0.000000
v 1.357218 1.812622 -0.440987
v 1.154518 1.812622 -0.838807
v 0.838807 1.812622 -1.154518
v 0.440987 1.812622 -1.357218
v 0.000000 1.812622 -1.427063
v -0.440987 1.812622 -1.357218
v -0.838807 1.812622 -1.154518
v -1.154518 1.812622 -0.838807
v -1.357218 1.812622 -0.440987
v -1.427063 1.812622 0.000000
v -1.357218 1.812622 0.440987
v -1.154518 1.812622 0.838807
v -0.838807 1.812622 1.154518
v -0.440987 1.812622 1.357218
v 0.000000 1.812622 1.427063
v 0.440987 1.812622 1.357218
v 0.838807 1.812622 1.154518
v 1.154518 1.812622 0.838807
v 1.357217 1.812622 0.440987
v 1.427063 1.812622 0.000000
v 1.357218 1.710047 -0.440987
v 1.154518 1.710047 -0.838807
v 0.838807 1.710047 -1.154518
v 0.440987 1.710047 -1.357218
v 0.000000 1.710047 -1.427063
v -0.440987 1.710047 -1.357218
v -0.838807 1.710047 -1.154518
v -1.154518 1.710047 -0.838807
v -1.357218 1.710047 -0.440987
v -1.427063 1.710047 0.000000
v -1.357218 1.710047 0.440987
v -1.154518 1.710047 0.838807
v -0.838807 1.710047 1.154518
v -0.440987 1.710047 1.357218
v 0.000000 1.710047 1.427063
v 0.440987 1.710047 1.357218
v 0.838807 1.710047 1.154518
v 1.154518 1.710047 0.838807
v 1.357217 1.710047 0.440987
v 1.427063 1.710047 0.000000
v 1.238145 1.579659 -0.402298
v 1.053229 1.579659 -0.765216
v 0.765216 1.579659 -1.053229
v 0.402298 1.579659 -1.238145
v 0.000000 1.579659 -1.301862
v -0.402298 1.579659 -1.238145
v -0.765216 1.579659 -1.053229
v -1.053229 1.579659 -0.765216
v -1.238145 1.579659 -0.402298
v -1.301862 1.579659 0.000000
v -1.238145 1.579659 0.402298
v -1.053229 1.579659 0.765216
v -0.765216 1.579659 1.053228
v -0.402298 1.579659 1.238144
v 0.000000 1.579659 1.301862
v 0.402298 1.579659 1.238144
v 0.765216 1.579659 1.053228
v 1.053228 1.579659 0.765216
v 1.238144 1.579659 0.402298
v 1.301862 1.579659 0.000000
v 1.053229 0.006191 -0.765216
v 1.238145 0.006191 -0.402298
v 1.301862 0.006191 0.000000
v 1.238144 0.006191 0.402298
v 1.053228 0.006191 0.765216
v 0.765216 0.006191 1.053228
v 0.402298 0.006191 1.238144
v 0.000000 0.006191 1.301862
v -0.402298 0.006191 1.238144
v -0.765216 0.006191 1.053228
v -1.053229 0.006191 0.765216
v -1.238145 0.006191 0.402298
v -1.301862 0.006191 0.000000
v -1.238145 0.006191 -0.402298
v -1.053229 0.006191 -0.765216
v -0.765216 0.006191 -1.053229
v -0.402298 0.006191 -1.238145
v 0.000000 0.006191 -1.301862
v 0.402298 0.006191 -1.238145
v 0.765216 0.006191 -1.053229
v 1.238147 -5.969347 -0.402298
v 1.053231 -5.969347 -0.765216
v 0.765218 -5.969347 -1.053229
v 0.402300 -5.969347 -1.238145
v 0.000002 -5.969347 -1.301862
v -0.402295 -5.969347 -1.238145
v -0.765213 -5.969347 -1.053229
v -1.053226 -5.969347 -0.765216
v -1.238142 -5.969347 -0.402298
v -1.301860 -5.969347 0.000000
v -1.238142 -5.969347 0.402298
v -1.053226 -5.969347 0.765216
v -0.765213 -5.969347 1.053228
v -0.402295 -5.969347 1.238144
v 0.000002 -5.969347 1.301862
v 0.402300 -5.969347 1.238144
v 0.765218 -5.969347 1.053228
v 1.053231 -5.969347 0.765216
v 1.238147 -5.969347 0.402298
v 1.301864 -5.969347 0.000000
v 1.238147 -0.312060 -0.402298
v 1.053231 -0.312060 -0.765216
v 1.301864 -0.312060 0.000000
v 1.238147 -0.312060 0.402298
v 1.053231 -0.312060 0.765216
v 0.765218 -0.312060 1.053228
v 0.402300 -0.312060 1.238144
v 0.000002 -0.312060 1.301862
v -0.402295 -0.312060 1.238144
v -0.765213 -0.312060 1.053228
v -1.053226 -0.312060 0.765216
v -1.238142 -0.312060 0.402298
v -1.301860 -0.312060 0.000000
v -1.238142 -0.312060 -0.402298
v -1.053226 -0.312060 -0.765216
v -0.765213 -0.312060 -1.053229
v -0.402295 -0.312060 -1.238145
v 0.000002 -0.312060 -1.301862
v 0.402300 -0.312060 -1.238145
v 0.765218 -0.312060 -1.053229
v 1.114119 1.512826 -0.891048
v 1.109359 1.579659 -0.805997
v 0.805997 1.579659 -1.109359
v 0.891048 1.512826 -1.114119
v 1.114119 0.006191 -0.891048
v 1.107308 0.006191 -0.804507
v 0.891048 0.006191 -1.114119
v 0.804507 0.006191 -1.107308
v -0.891048 1.512826 -1.114119
v -0.805997 1.579659 -1.109359
v -1.109359 1.579659 -0.805997
v -1.114119 1.512826 -0.891048
v -0.891048 0.006191 -1.114119
v -0.804507 0.006191 -1.107308
v -1.114119 0.006191 -0.891048
v -1.107308 0.006191 -0.804507
v -1.114119 1.512826 0.891048
v -1.109359 1.579659 0.805997
v -0.805997 1.579659 1.109359
v -0.891048 1.512826 1.114119
v -1.117705 0.067952 0.887462
v -1.109359 0.006191 0.805997
v -0.891048 0.073023 1.114119
v -0.805997 0.006191 1.109359
v 0.891047 1.512826 1.114119
v 0.805997 1.579659 1.109359
v 1.109359 1.579659 0.805997
v 1.114119 1.512826 0.891048
v 0.891047 0.006191 1.114119
v 0.804507 0.006191 1.107308
v 1.114119 0.006191 0.891048
v 1.107308 0.006191 0.804507
v 1.114122 -0.312060 -0.891048
v 1.107311 -0.312060 -0.804507
v 1.114122 -5.969347 -0.891048
v 1.107311 -5.969347 -0.804507
v 0.804509 -0.312060 -1.107308
v 0.891050 -0.312060 -1.114119
v 0.891050 -5.969347 -1.114119
v 0.804510 -5.969347 -1.107308
v -0.891045 -0.312060 -1.114119
v -0.804505 -0.312060 -1.107308
v -0.891045 -5.969347 -1.114119
v -0.804505 -5.969347 -1.107308
v -1.107306 -0.312060 -0.804507
v -1.114117 -0.312060 -0.891048
v -1.114117 -5.969347 -0.891048
v -1.107306 -5.969347 -0.804507
v -1.114117 -0.312060 0.891048
v -1.107306 -0.312060 0.804507
v -1.114117 -5.969347 0.891048
v -1.107306 -5.969347 0.804507
v -0.804504 -0.312060 1.107308
v -0.891045 -0.312060 1.114119
v -0.891045 -5.969347 1.114119
v -0.804504 -5.969347 1.107308
v 0.891050 -0.312060 1.114119
v 0.804509 -0.312060 1.107308
v 0.891050 -5.969347 1.114119
v 0.804509 -5.969347 1.107308
v 1.107310 -0.312060 0.804507
v 1.114121 -0.312060 0.891048
v 1.114121 -5.969347 0.891048
v 1.107310 -5.969347 0.804507
vt 0.819549 0.030978
vt 0.818429 0.055554
vt 0.812438 0.055258
vt 0.813451 0.030852
vt 0.827832 0.032248
vt 0.826701 0.055997
vt 0.817947 0.079751
vt 0.811963 0.079642
vt 0.802031 0.055024
vt 0.802603 0.030534
vt 0.819646 0.004972
vt 0.813626 0.004988
vt 0.826248 0.079971
vt 0.817553 0.103971
vt 0.811600 0.103997
vt 0.801535 0.079491
vt 0.709628 0.054133
vt 0.709937 0.030319
vt 0.803009 0.006166
vt 0.825880 0.103983
vt 0.817679 0.128754
vt 0.811589 0.128616
vt 0.801178 0.103940
vt 0.709182 0.078008
vt 0.709896 0.026415
vt 0.802509 0.026434
vt 0.826142 0.127708
vt 0.817270 0.154371
vt 0.811232 0.154334
vt 0.800975 0.128354
vt 0.708693 0.101904
vt 0.797972 0.021598
vt 0.709892 0.021309
vt 0.800782 0.153132
vt 0.708032 0.125756
vt 0.798434 0.003091
vt 0.804157 0.000000
vt 0.709899 0.002738
vt 0.800778 0.132436
vt 0.707910 0.129671
vt 0.796117 0.137125
vt 0.707796 0.134795
vt 0.801662 0.158830
vt 0.796120 0.155648
vt 0.707466 0.153357
vt 0.197329 0.771409
vt 0.197377 0.796190
vt 0.191286 0.796036
vt 0.191376 0.771417
vt 0.205656 0.771446
vt 0.205843 0.795168
vt 0.196937 0.821792
vt 0.190900 0.821749
vt 0.180672 0.795751
vt 0.180954 0.771331
vt 0.197799 0.747182
vt 0.191816 0.747055
vt 0.206099 0.747427
vt 0.180454 0.820542
vt 0.087728 0.792868
vt 0.088472 0.769026
vt 0.181389 0.746875
vt 0.198346 0.722971
vt 0.192355 0.722658
vt 0.206616 0.723436
vt 0.180460 0.799833
vt 0.087593 0.796783
vt 0.089041 0.745144
vt 0.181950 0.722397
vt 0.199518 0.698389
vt 0.193419 0.698245
vt 0.207798 0.699678
vt 0.175781 0.804508
vt 0.087462 0.801905
vt 0.089564 0.721289
vt 0.182568 0.697889
vt 0.199688 0.672378
vt 0.193668 0.672379
vt 0.181250 0.826234
vt 0.175719 0.823031
vt 0.087073 0.820466
vt 0.089946 0.697501
vt 0.183050 0.673528
vt 0.089912 0.693453
vt 0.182478 0.693785
vt 0.177949 0.688935
vt 0.093461 0.688660
vt 0.178474 0.670428
vt 0.184206 0.667352
vt 0.093829 0.669793
vt 0.275518 0.332060
vt 0.251615 0.332052
vt 0.251726 0.000061
vt 0.275629 0.000069
vt 0.227713 0.332044
vt 0.227823 0.000053
vt 0.279551 0.000070
vt 0.279441 0.332061
vt 0.203810 0.332036
vt 0.203921 0.000045
vt 0.284535 0.332063
vt 0.284646 0.000072
vt 0.179907 0.332028
vt 0.180018 0.000037
vt 0.303159 0.000078
vt 0.303048 0.332069
vt 0.175985 0.332026
vt 0.176095 0.000036
vt 0.170890 0.332025
vt 0.171001 0.000034
vt 0.152377 0.332018
vt 0.152488 0.000028
vt 0.051706 0.332100
vt 0.027804 0.332120
vt 0.027530 0.000129
vt 0.051433 0.000110
vt 0.023881 0.332123
vt 0.023607 0.000133
vt 0.075609 0.332081
vt 0.075335 0.000090
vt 0.018787 0.332127
vt 0.018513 0.000137
vt 0.099512 0.332061
vt 0.099238 0.000070
vt 0.000274 0.332143
vt 0.000000 0.000152
vt 0.123414 0.332041
vt 0.123140 0.000051
vt 0.127063 0.000047
vt 0.127337 0.332038
vt 0.132431 0.332034
vt 0.132157 0.000043
vt 0.150670 0.000028
vt 0.150944 0.332018
vt 0.676150 0.296524
vt 0.684999 0.279772
vt 0.701255 0.285370
vt 0.689882 0.307003
vt 0.688222 0.261069
vt 0.705417 0.261313
vt 0.662553 0.309666
vt 0.672304 0.323727
vt 0.685504 0.242285
vt 0.701899 0.237094
vt 0.696249 0.312474
vt 0.677044 0.330615
vt 0.645541 0.318052
vt 0.650589 0.334417
vt 0.677015 0.225294
vt 0.690992 0.215148
vt 0.653083 0.342420
vt 0.626800 0.320793
vt 0.626622 0.337937
vt 0.663702 0.211825
vt 0.673747 0.197980
vt 0.626560 0.346324
vt 0.608116 0.317636
vt 0.602728 0.333903
vt 0.646907 0.203116
vt 0.652274 0.186851
vt 0.678613 0.191145
vt 0.697511 0.209787
vt 0.600106 0.341871
vt 0.591282 0.308872
vt 0.581234 0.322710
vt 0.628260 0.200014
vt 0.628464 0.182859
vt 0.654881 0.178879
vt 0.576348 0.329531
vt 0.578022 0.295396
vt 0.564028 0.305511
vt 0.609551 0.202673
vt 0.604553 0.186288
vt 0.628541 0.174471
vt 0.557490 0.310847
vt 0.569590 0.278409
vt 0.553197 0.283601
vt 0.592559 0.210981
vt 0.582825 0.196912
vt 0.602095 0.178274
vt 0.566833 0.259625
vt 0.549647 0.259442
vt 0.578914 0.224137
vt 0.565188 0.213623
vt 0.578111 0.190005
vt 0.570015 0.240911
vt 0.553751 0.235336
vt 0.558843 0.208122
vt 0.626411 0.144016
vt 0.609509 0.127115
vt 0.611815 0.123941
vt 0.616894 0.123541
vt 0.629984 0.136632
vt 0.629585 0.141711
vt 0.624542 0.108539
vt 0.607641 0.125440
vt 0.604467 0.123135
vt 0.604067 0.118056
vt 0.617158 0.104965
vt 0.622237 0.105365
vt 0.686274 0.188528
vt 0.669372 0.171627
vt 0.671678 0.168453
vt 0.676756 0.168053
vt 0.689847 0.181144
vt 0.689447 0.186223
vt 0.620394 0.056654
vt 0.637295 0.039753
vt 0.640469 0.042058
vt 0.640869 0.047137
vt 0.627778 0.060228
vt 0.622699 0.059828
vt 0.680832 0.020501
vt 0.663930 0.003599
vt 0.666236 0.000425
vt 0.671314 0.000026
vt 0.684405 0.013116
vt 0.684005 0.018195
vt 0.580430 0.112859
vt 0.597332 0.129760
vt 0.595026 0.132934
vt 0.589948 0.133334
vt 0.576857 0.120243
vt 0.577257 0.115164
vt 0.983718 0.116989
vt 0.966816 0.133891
vt 0.963642 0.131585
vt 0.963243 0.126507
vt 0.976333 0.113416
vt 0.981412 0.113816
vt 0.602199 0.125246
vt 0.619100 0.142147
vt 0.616795 0.145321
vt 0.611716 0.145721
vt 0.598625 0.132630
vt 0.599025 0.127552
vt 0.569546 0.064037
vt 0.586448 0.080939
vt 0.584142 0.084113
vt 0.579064 0.084512
vt 0.565973 0.071422
vt 0.566373 0.066343
vt 0.571991 0.186140
vt 0.555089 0.169238
vt 0.557395 0.166064
vt 0.562473 0.165665
vt 0.575564 0.178755
vt 0.575164 0.183834
vt 0.533321 0.221178
vt 0.550222 0.204277
vt 0.553396 0.206582
vt 0.553796 0.211661
vt 0.540705 0.224752
vt 0.535627 0.224352
vt 0.593183 0.099428
vt 0.610085 0.082527
vt 0.613379 0.084920
vt 0.595577 0.102722
vt 0.977421 0.181536
vt 0.994322 0.198438
vt 0.991929 0.201732
vt 0.974127 0.183930
vt 0.673241 0.108896
vt 0.656340 0.125797
vt 0.653046 0.123404
vt 0.670848 0.105602
vt 0.609509 0.078270
vt 0.626844 0.061812
vt 0.630074 0.064290
vt 0.611816 0.081625
vt 0.617596 0.083307
vt 0.631383 0.070507
vt 0.702600 0.208671
vt 0.685698 0.191769
vt 0.688091 0.188475
vt 0.705894 0.206278
vt 0.790090 0.158297
vt 0.815774 0.159639
vt 0.815314 0.165640
vt 0.789815 0.164319
vt 0.813244 0.175759
vt 0.789209 0.174896
vt 0.764862 0.158077
vt 0.764884 0.164111
vt 0.812966 0.267772
vt 0.789088 0.267568
vt 0.764907 0.174754
vt 0.739602 0.158527
vt 0.739928 0.164537
vt 0.817319 0.175777
vt 0.816890 0.267798
vt 0.765367 0.267486
vt 0.740586 0.175200
vt 0.713807 0.160106
vt 0.714290 0.166087
vt 0.822307 0.179715
vt 0.821985 0.267831
vt 0.741680 0.267691
vt 0.716479 0.176361
vt 0.717932 0.268150
vt 0.714011 0.268235
vt 0.712403 0.176437
vt 0.707466 0.180437
vt 0.708917 0.268343
vt 0.478344 0.788761
vt 0.452668 0.787272
vt 0.453162 0.781274
vt 0.478654 0.782741
vt 0.455290 0.771167
vt 0.479320 0.772168
vt 0.503571 0.789126
vt 0.503582 0.783091
vt 0.456093 0.679158
vt 0.479969 0.679498
vt 0.503621 0.772448
vt 0.528832 0.788820
vt 0.528540 0.782808
vt 0.451215 0.771126
vt 0.452021 0.679108
vt 0.503690 0.679715
vt 0.527944 0.772142
vt 0.554636 0.787388
vt 0.554187 0.781404
vt 0.446248 0.767163
vt 0.446987 0.682959
vt 0.527378 0.679645
vt 0.552057 0.771118
vt 0.551127 0.679322
vt 0.555049 0.679260
vt 0.556133 0.771065
vt 0.561093 0.767094
vt 0.560144 0.679180
vt 0.385706 0.000083
vt 0.409609 0.000099
vt 0.409382 0.332090
vt 0.385480 0.332073
vt 0.413532 0.000102
vt 0.413305 0.332092
vt 0.361804 0.000067
vt 0.361577 0.332057
vt 0.418626 0.000105
vt 0.418399 0.332096
vt 0.337901 0.000050
vt 0.337674 0.332041
vt 0.313998 0.000034
vt 0.313772 0.332025
vt 0.309849 0.332022
vt 0.310076 0.000031
vt 0.304981 0.000028
vt 0.304755 0.332018
vt 0.452055 0.332042
vt 0.428152 0.332049
vt 0.428055 0.000059
vt 0.451957 0.000052
vt 0.424230 0.332050
vt 0.424132 0.000060
vt 0.475958 0.332035
vt 0.475860 0.000045
vt 0.419135 0.332052
vt 0.419038 0.000061
vt 0.499860 0.332028
vt 0.499763 0.000038
vt 0.523763 0.332021
vt 0.523665 0.000031
vt 0.527588 0.000029
vt 0.527686 0.332020
vt 0.532780 0.332018
vt 0.532682 0.000028
vn 0.108101 0.991033 -0.078540
vn 0.127081 0.991033 -0.041291
vn 0.127081 0.991033 -0.041291
vn 0.108101 0.991033 -0.078540
vn 0.078540 0.991033 -0.108101
vn 0.078540 0.991033 -0.108101
vn 0.041291 0.991033 -0.127081
vn 0.041291 0.991033 -0.127081
vn -0.000000 0.991033 -0.133621
vn 0.000000 0.991033 -0.133621
vn -0.041291 0.991033 -0.127081
vn -0.041291 0.991033 -0.127081
vn -0.078540 0.991033 -0.108101
vn -0.078540 0.991033 -0.108101
vn -0.108101 0.991033 -0.078540
vn -0.108101 0.991033 -0.078540
vn -0.127081 0.991033 -0.041291
vn -0.127081 0.991033 -0.041291
vn -0.133621 0.991033 -0.000000
vn -0.133621 0.991033 0.000000
vn -0.127081 0.991033 0.041291
vn -0.127081 0.991033 0.041291
vn -0.108101 0.991033 0.078540
vn -0.108101 0.991033 0.078540
vn -0.078540 0.991033 0.108101
vn -0.078540 0.991033 0.108101
vn -0.041291 0.991033 0.127080
vn -0.041291 0.991033 0.127080
vn -0.000000 0.991033 0.133620
vn 0.000000 0.991033 0.133620
vn 0.041291 0.991033 0.127081
vn 0.041291 0.991033 0.127081
vn 0.078540 0.991033 0.108101
vn 0.078540 0.991033 0.108101
vn 0.108101 0.991033 0.078540
vn 0.108101 0.991033 0.078540
vn 0.127081 0.991033 0.041291
vn 0.127081 0.991033 0.041291
vn 0.133621 0.991033 0.000000
vn 0.133621 0.991033 -0.000000
vn 0.552825 0.730110 -0.401651
vn 0.649885 0.730110 -0.211160
vn 0.649885 0.730110 -0.211160
vn 0.552825 0.730110 -0.401651
vn 0.401651 0.730110 -0.552825
vn 0.401651 0.730110 -0.552825
vn 0.211160 0.730110 -0.649885
vn 0.211160 0.730110 -0.649885
vn 0.000000 0.730111 -0.683329
vn 0.000000 0.730111 -0.683329
vn -0.211160 0.730110 -0.649885
vn -0.211160 0.730110 -0.649885
vn -0.401651 0.730110 -0.552825
vn -0.401651 0.730110 -0.552825
vn -0.552825 0.730110 -0.401651
vn -0.552825 0.730110 -0.401651
vn -0.649885 0.730110 -0.211161
vn -0.649885 0.730110 -0.211161
vn -0.683329 0.730110 -0.000000
vn -0.683329 0.730110 -0.000000
vn -0.649885 0.730111 0.211160
vn -0.649885 0.730111 0.211160
vn -0.552825 0.730111 0.401650
vn -0.552825 0.730111 0.401650
vn -0.401651 0.730110 0.552825
vn -0.401651 0.730110 0.552825
vn -0.211160 0.730110 0.649885
vn -0.211160 0.730110 0.649885
vn 0.000000 0.730110 0.683330
vn 0.000000 0.730110 0.683330
vn 0.211160 0.730110 0.649885
vn 0.211160 0.730110 0.649885
vn 0.401651 0.730111 0.552825
vn 0.401651 0.730111 0.552825
vn 0.552825 0.730110 0.401651
vn 0.552825 0.730110 0.401651
vn 0.649885 0.730110 0.211161
vn 0.649885 0.730110 0.211161
vn 0.683330 0.730110 0.000001
vn 0.683330 0.730110 0.000001
vn 0.809017 0.000000 -0.587785
vn 0.951057 0.000000 -0.309016
vn 0.951057 0.000000 -0.309016
vn 0.809017 0.000000 -0.587785
vn 0.587785 0.000000 -0.809017
vn 0.587785 0.000000 -0.809017
vn 0.309017 0.000000 -0.951057
vn 0.309017 0.000000 -0.951057
vn -0.000000 0.000000 -1.000000
vn -0.000000 0.000000 -1.000000
vn -0.309017 0.000000 -0.951057
vn -0.309017 0.000000 -0.951057
vn -0.587785 0.000000 -0.809017
vn -0.587785 0.000000 -0.809017
vn -0.809017 0.000000 -0.587785
vn -0.809017 0.000000 -0.587785
vn -0.951057 0.000000 -0.309017
vn -0.951057 0.000000 -0.309017
vn -1.000000 0.000000 0.000000
vn -1.000000 0.000000 0.000000
vn -0.951057 0.000000 0.309017
vn -0.951057 0.000000 0.309017
vn -0.809017 0.000000 0.587785
vn -0.809017 0.000000 0.587785
vn -0.587785 0.000000 0.809017
vn -0.587785 0.000000 0.809017
vn -0.309017 0.000000 0.951057
vn -0.309017 0.000000 0.951057
vn 0.000000 0.000000 1.000000
vn 0.000000 0.000000 1.000000
vn 0.309017 0.000000 0.951057
vn 0.309017 0.000000 0.951057
vn 0.587785 0.000000 0.809017
vn 0.587785 0.000000 0.809017
vn 0.809017 0.000000 0.587785
vn 0.809017 0.000000 0.587785
vn 0.951057 0.000000 0.309017
vn 0.951057 0.000000 0.309017
vn 1.000000 0.000000 0.000001
vn 1.000000 0.000000 0.000001
vn 0.583552 -0.692613 -0.423975
vn 0.686006 -0.692613 -0.222896
vn 0.686006 -0.692613 -0.222896
vn 0.583551 -0.692613 -0.423975
vn 0.423975 -0.692613 -0.583552
vn 0.423975 -0.692613 -0.583552
vn 0.222897 -0.692613 -0.686006
vn 0.222897 -0.692613 -0.686006
vn -0.000000 -0.692613 -0.721310
vn -0.000000 -0.692613 -0.721310
vn -0.222897 -0.692613 -0.686006
vn -0.222897 -0.692613 -0.686006
vn -0.423975 -0.692613 -0.583552
vn -0.423975 -0.692613 -0.583552
vn -0.583552 -0.692613 -0.423975
vn -0.583552 -0.692613 -0.423975
vn -0.686006 -0.692613 -0.222897
vn -0.686006 -0.692613 -0.222896
vn -0.721310 -0.692613 0.000000
vn -0.721310 -0.692613 0.000000
vn -0.686006 -0.692613 0.222897
vn -0.686006 -0.692613 0.222897
vn -0.583552 -0.692613 0.423975
vn -0.583552 -0.692613 0.423975
vn -0.423975 -0.692613 0.583551
vn -0.423975 -0.692613 0.583551
vn -0.222897 -0.692613 0.686006
vn -0.222897 -0.692613 0.686006
vn -0.000000 -0.692613 0.721309
vn -0.000000 -0.692613 0.721309
vn 0.222897 -0.692613 0.686006
vn 0.222897 -0.692613 0.686006
vn 0.423975 -0.692613 0.583552
vn 0.423975 -0.692613 0.583552
vn 0.583552 -0.692613 0.423975
vn 0.583552 -0.692613 0.423975
vn 0.686006 -0.692613 0.222897
vn 0.686007 -0.692613 0.222897
vn 0.721310 -0.692613 0.000000
vn 0.721310 -0.692613 0.000001
vn 0.891006 0.000000 -0.453991
vn 0.951057 0.000000 -0.309016
vn 0.951057 0.000000 -0.309016
vn 0.891006 0.000000 -0.453991
vn 0.309017 -0.000000 -0.951057
vn 0.453991 0.000000 -0.891007
vn 0.453991 0.000000 -0.891006
vn 0.309017 -0.000000 -0.951057
vn -0.000000 -0.000000 -1.000000
vn -0.000000 -0.000000 -1.000000
vn -0.309017 -0.000000 -0.951057
vn -0.309017 -0.000000 -0.951057
vn -0.453991 0.000000 -0.891006
vn -0.453991 0.000000 -0.891006
vn -0.951057 0.000000 -0.309017
vn -0.891007 -0.000000 -0.453990
vn -0.891007 -0.000000 -0.453990
vn -0.951057 0.000000 -0.309017
vn -1.000000 0.000000 0.000000
vn -1.000000 0.000000 0.000000
vn -0.951057 0.000000 0.309017
vn -0.951057 0.000000 0.309017
vn -0.891007 0.000000 0.453991
vn -0.891007 0.000000 0.453991
vn -0.309017 -0.000000 0.951057
vn -0.453991 -0.000000 0.891007
vn -0.453991 -0.000000 0.891007
vn -0.309017 -0.000000 0.951057
vn -0.000000 -0.000000 1.000000
vn -0.000000 -0.000000 1.000000
vn 0.309017 0.000000 0.951057
vn 0.309017 0.000000 0.951057
vn 0.453991 0.000000 0.891006
vn 0.453991 0.000000 0.891006
vn 0.951057 0.000000 0.309017
vn 0.891007 0.000000 0.453991
vn 0.891007 0.000000 0.453991
vn 0.951057 0.000000 0.309017
vn 1.000000 0.000000 0.000001
vn 1.000000 0.000000 0.000001
vn 0.891006 -0.000000 -0.453991
vn 0.951057 -0.000000 -0.309016
vn 0.951057 -0.000000 -0.309016
vn 0.891006 -0.000000 -0.453991
vn 0.707107 0.000000 -0.707107
vn 0.707107 0.000000 -0.707107
vn 0.707107 0.000000 -0.707107
vn 0.707107 0.000000 -0.707107
vn 0.309017 0.000000 -0.951057
vn 0.453991 0.000000 -0.891007
vn 0.453991 0.000000 -0.891007
vn 0.309017 0.000000 -0.951057
vn 0.000000 0.000000 -1.000000
vn 0.000000 0.000000 -1.000000
vn -0.309017 0.000000 -0.951057
vn -0.309017 0.000000 -0.951057
vn -0.453991 0.000000 -0.891006
vn -0.453991 0.000000 -0.891006
vn -0.707107 0.000000 -0.707107
vn -0.707107 0.000000 -0.707107
vn -0.707107 0.000000 -0.707107
vn -0.707107 0.000000 -0.707107
vn -0.951057 -0.000000 -0.309017
vn -0.891007 0.000000 -0.453990
vn -0.891007 0.000000 -0.453990
vn -0.951057 -0.000000 -0.309017
vn -1.000000 -0.000000 0.000000
vn -1.000000 -0.000000 0.000000
vn -0.951057 -0.000000 0.309017
vn -0.951057 -0.000000 0.309017
vn -0.891007 -0.000000 0.453990
vn -0.891007 -0.000000 0.453990
vn -0.707107 0.000000 0.707107
vn -0.707107 0.000000 0.707107
vn -0.707107 0.000000 0.707107
vn -0.707107 0.000000 0.707107
vn -0.309017 0.000000 0.951057
vn -0.453991 0.000000 0.891007
vn -0.453991 0.000000 0.891007
vn -0.309017 0.000000 0.951057
vn 0.000000 0.000000 1.000000
vn 0.000000 0.000000 1.000000
vn 0.309017 0.000000 0.951057
vn 0.309017 0.000000 0.951057
vn 0.453991 0.000000 0.891006
vn 0.453991 0.000000 0.891006
vn 0.707107 0.000000 0.707107
vn 0.707107 0.000000 0.707107
vn 0.707107 0.000000 0.707107
vn 0.707107 0.000000 0.707107
vn 0.951057 0.000000 0.309017
vn 0.891007 0.000000 0.453990
vn 0.891007 0.000000 0.453990
vn 0.951057 0.000000 0.309017
vn 1.000000 0.000000 0.000001
vn 1.000000 0.000000 0.000001
vn 0.000000 -1.000000 0.000000
vn 0.000000 -1.000000 0.000000
vn 0.000000 -1.000000 0.000000
vn 0.000000 -1.000000 0.000000
vn 0.000000 -1.000000 0.000000
vn 0.000000 -1.000000 0.000000
vn 0.000000 -1.000000 -0.000000
vn 0.000000 -1.000000 -0.000000
vn 0.000000 -1.000000 -0.000000
vn 0.000000 -1.000000 -0.000000
vn 0.000000 -1.000000 -0.000000
vn 0.000000 -1.000000 -0.000000
vn 0.000000 -1.000000 -0.000000
vn 0.000000 -1.000000 -0.000000
vn 0.000000 -1.000000 -0.000000
vn 0.000000 -1.000000 -0.000000
vn 0.000000 -1.000000 -0.000000
vn 0.000000 -1.000000 -0.000000
vn 0.000000 1.000000 0.000000
vn 0.000000 1.000000 0.000000
vn 0.000000 1.000000 0.000000
vn 0.000000 1.000000 0.000000
vn 0.000000 1.000000 0.000000
vn 0.000000 1.000000 0.000000
vn 0.587785 -0.000000 0.809017
vn 0.587785 -0.000000 0.809017
vn 0.587785 -0.000000 0.809017
vn 0.587785 -0.000000 0.809017
vn 0.000000 -1.000000 -0.000002
vn 0.000000 -1.000000 -0.000002
vn 0.000000 -1.000000 -0.000002
vn 0.000000 -1.000000 -0.000002
vn 0.000000 -1.000000 -0.000002
vn 0.000000 -1.000000 -0.000002
vn -0.809016 0.000000 -0.587786
vn -0.809016 0.000000 -0.587786
vn -0.809016 0.000000 -0.587786
vn -0.809016 0.000000 -0.587786
vn 0.000000 1.000000 -0.000000
vn 0.000000 1.000000 -0.000000
vn 0.000000 1.000000 -0.000000
vn 0.000000 1.000000 -0.000000
vn 0.000000 1.000000 -0.000000
vn 0.000000 1.000000 -0.000000
vn 0.809017 -0.000000 -0.587786
vn 0.809017 -0.000000 -0.587786
vn 0.809017 -0.000000 -0.587786
vn 0.809017 -0.000000 -0.587786
vn 0.000000 -1.000000 -0.000001
vn 0.000000 -1.000000 -0.000001
vn 0.000000 -1.000000 -0.000001
vn 0.000000 -1.000000 -0.000001
vn 0.000000 -1.000000 -0.000001
vn 0.000000 -1.000000 -0.000001
vn -0.587786 0.000000 0.809016
vn -0.587786 0.000000 0.809016
vn -0.587786 0.000000 0.809016
vn -0.587786 0.000000 0.809016
vn 0.000000 1.000000 -0.000000
vn 0.000000 1.000000 -0.000000
vn 0.000000 1.000000 -0.000000
vn 0.000000 1.000000 -0.000000
vn 0.000000 1.000000 -0.000000
vn 0.000000 1.000000 -0.000000
vn -0.587785 0.000000 -0.809017
vn -0.587785 0.000000 -0.809017
vn -0.587785 0.000000 -0.809017
vn -0.587785 0.000000 -0.809017
vn 0.000000 -1.000000 0.000002
vn 0.000000 -1.000000 0.000002
vn 0.000000 -1.000000 0.000002
vn 0.000000 -1.000000 0.000002
vn 0.000000 -1.000000 0.000002
vn 0.000000 -1.000000 0.000002
vn 0.809017 0.000000 0.587785
vn 0.809017 0.000000 0.587785
vn 0.809017 0.000000 0.587785
vn 0.809017 0.000000 0.587785
vn 0.000000 1.000000 0.000000
vn 0.000000 1.000000 0.000000
vn 0.000000 1.000000 0.000000
vn 0.000000 1.000000 0.000000
vn 0.000000 1.000000 0.000000
vn 0.000000 1.000000 0.000000
vn -0.809017 0.000000 0.587786
vn -0.809017 0.000000 0.587786
vn -0.809017 0.000000 0.587786
vn -0.809017 0.000000 0.587786
vn 0.000000 -1.000000 0.000001
vn 0.000000 -1.000000 0.000001
vn 0.000000 -1.000000 0.000001
vn 0.000000 -1.000000 0.000001
vn 0.000000 -1.000000 0.000001
vn 0.000000 -1.000000 0.000001
vn 0.587785 0.000000 -0.809017
vn 0.587785 0.000000 -0.809017
vn 0.587785 0.000000 -0.809017
vn 0.587785 0.000000 -0.809017
vn 0.997717 -0.000632 0.067524
vn 0.997717 -0.000632 0.067524
vn 0.997717 -0.000632 0.067524
vn 0.997718 -0.000632 0.067524
vn 0.512596 0.688833 -0.512596
vn 0.512596 0.688833 -0.512596
vn 0.512596 0.688833 -0.512596
vn 0.512596 0.688833 -0.512596
vn -0.067525 -0.000632 -0.997717
vn -0.067525 -0.000632 -0.997717
vn -0.067525 -0.000632 -0.997717
vn -0.067525 -0.000632 -0.997717
vn 0.067526 -0.000632 -0.997717
vn 0.067526 -0.000632 -0.997717
vn 0.067526 -0.000632 -0.997717
vn 0.067526 -0.000632 -0.997717
vn -0.512596 0.688834 -0.512595
vn -0.512596 0.688834 -0.512595
vn -0.512596 0.688834 -0.512595
vn -0.512596 0.688834 -0.512595
vn -0.997717 -0.000632 0.067525
vn -0.997717 -0.000632 0.067525
vn -0.997717 -0.000632 0.067525
vn -0.997717 -0.000632 0.067525
vn -0.996920 0.001277 -0.078420
vn -0.996920 0.001277 -0.078420
vn -0.996920 0.001277 -0.078420
vn -0.996920 0.001277 -0.078420
vn -0.512596 0.688834 0.512594
vn -0.512596 0.688834 0.512594
vn -0.512596 0.688834 0.512594
vn -0.512596 0.688834 0.512594
vn 0.055878 0.000000 0.998438
vn 0.055878 0.000000 0.998438
vn 0.055878 0.000000 0.998438
vn 0.055878 0.000000 0.998438
vn -0.499787 -0.702611 0.506509
vn -0.499787 -0.702611 0.506509
vn -0.499787 -0.702611 0.506509
vn -0.499787 -0.702611 0.506509
vn -0.067523 -0.000632 0.997718
vn -0.067523 -0.000632 0.997718
vn -0.067523 -0.000632 0.997718
vn -0.067523 -0.000632 0.997718
vn 0.512596 0.688833 0.512596
vn 0.512596 0.688833 0.512596
vn 0.512596 0.688833 0.512596
vn 0.512596 0.688833 0.512596
vn 0.997717 -0.000632 -0.067524
vn 0.997717 -0.000632 -0.067524
vn 0.997718 -0.000632 -0.067524
vn 0.997718 -0.000632 -0.067524
vn 0.996917 0.000000 0.078459
vn 0.996917 0.000000 0.078459
vn 0.996917 0.000000 0.078459
vn 0.996917 0.000000 0.078459
vn -0.078459 -0.000000 -0.996917
vn -0.078459 -0.000000 -0.996917
vn -0.078459 -0.000000 -0.996917
vn -0.078459 -0.000000 -0.996917
vn 0.078459 0.000000 -0.996917
vn 0.078459 0.000000 -0.996917
vn 0.078459 0.000000 -0.996917
vn 0.078459 0.000000 -0.996917
vn -0.996917 0.000000 0.078459
vn -0.996917 0.000000 0.078459
vn -0.996917 0.000000 0.078459
vn -0.996917 0.000000 0.078459
vn -0.996917 0.000000 -0.078458
vn -0.996917 0.000000 -0.078458
vn -0.996917 0.000000 -0.078458
vn -0.996917 0.000000 -0.078458
vn 0.078460 0.000000 0.996917
vn 0.078460 0.000000 0.996917
vn 0.078460 0.000000 0.996917
vn 0.078460 0.000000 0.996917
vn -0.078459 0.000000 0.996917
vn -0.078459 0.000000 0.996917
vn -0.078459 0.000000 0.996917
vn -0.078459 0.000000 0.996917
vn 0.996917 0.000000 -0.078459
vn 0.996917 0.000000 -0.078459
vn 0.996917 0.000000 -0.078459
vn 0.996917 0.000000 -0.078459
vn 0.707107 0.000000 -0.707107
vn 0.707107 0.000000 -0.707107
vn 0.707107 0.000000 -0.707107
vn 0.707107 0.000000 -0.707107
vn -0.707107 0.000000 -0.707106
vn -0.707107 0.000000 -0.707106
vn -0.707107 0.000000 -0.707106
vn -0.707107 0.000000 -0.707106
vn -0.707107 0.000000 0.707107
vn -0.707107 0.000000 0.707107
vn -0.707107 0.000000 0.707107
vn -0.707107 0.000000 0.707107
vn 0.707106 0.000000 0.707107
vn 0.707106 0.000000 0.707107
vn 0.707106 0.000000 0.707107
vn 0.707106 0.000000 0.707107
vn 0.000000 1.000000 -0.000001
vn 0.000000 1.000000 -0.000001
vn 0.000000 1.000000 -0.000001
vn 0.000000 1.000000 -0.000001
vn 0.587785 0.000000 0.809017
vn 0.587785 0.000000 0.809017
vn 0.587785 0.000000 0.809017
vn 0.587785 0.000000 0.809017
vn -0.809017 0.000000 -0.587785
vn -0.809017 0.000000 -0.587785
vn -0.809017 0.000000 -0.587785
vn -0.809017 0.000000 -0.587785
vn 0.000000 1.000000 0.000000
vn 0.000000 1.000000 0.000000
vn 0.000000 1.000000 0.000000
vn 0.000000 1.000000 0.000000
vn 0.809016 0.000000 -0.587786
vn 0.809016 0.000000 -0.587786
vn 0.809016 0.000000 -0.587786
vn 0.809016 0.000000 -0.587786
vn -0.587784 -0.000000 0.809018
vn -0.587784 -0.000000 0.809018
vn -0.587784 -0.000000 0.809018
vn -0.587784 -0.000000 0.809018
vn 0.000000 1.000000 0.000001
vn 0.000000 1.000000 0.000001
vn 0.000000 1.000000 0.000001
vn 0.000000 1.000000 0.000001
vn -0.587785 0.000000 -0.809017
vn -0.587785 0.000000 -0.809017
vn -0.587785 0.000000 -0.809017
vn -0.587785 0.000000 -0.809017
vn 0.000000 -1.000000 0.000000
vn 0.000000 -1.000000 0.000000
vn 0.000000 -1.000000 0.000000
vn 0.000000 -1.000000 0.000000
vn 0.809016 0.000000 0.587786
vn 0.809016 0.000000 0.587786
vn 0.809016 0.000000 0.587786
vn 0.809016 0.000000 0.587786
vn 0.000000 1.000000 -0.000001
vn 0.000000 1.000000 -0.000001
vn 0.000000 1.000000 -0.000001
vn 0.000000 1.000000 -0.000001
vn -0.809018 0.000000 0.587784
vn -0.809018 0.000000 0.587784
vn -0.809018 0.000000 0.587784
vn -0.809018 0.000000 0.587784
vn 0.587785 -0.000000 -0.809017
vn 0.587785 -0.000000 -0.809017
vn 0.587785 -0.000000 -0.809017
vn 0.587785 -0.000000 -0.809017
s 1
g polySurface2
usemtl initialShadingGroup
f 1041/1867/1921 1040/1868/1922 1060/1869/1923 1061/1870/1924
f 1042/1873/1925 1041/1867/1921 1061/1870/1924 1062/1874/1926
f 1043/1879/1927 1042/1873/1925 1062/1874/1926 1063/1880/1928
f 1044/1884/1929 1043/1879/1927 1063/1880/1928 1064/1885/1930
f 1045/1889/1931 1044/1884/1929 1064/1885/1930 1065/1890/1932
f 1046/1896/1933 1045/1889/1931 1065/1890/1932 1066/1897/1934
f 1047/1902/1935 1046/1896/1933 1066/1897/1934 1067/1903/1936
f 1048/1908/1937 1047/1902/1935 1067/1903/1936 1068/1909/1938
f 1049/1913/1939 1048/1908/1937 1068/1909/1938 1069/1914/1940
f 1050/1918/1941 1049/1913/1939 1069/1914/1940 1070/1919/1942
f 1051/1915/1943 1050/1918/1941 1070/1919/1942 1071/1916/1944
f 1052/1910/1945 1051/1915/1943 1071/1916/1944 1072/1911/1946
f 1053/1904/1947 1052/1910/1945 1072/1911/1946 1073/1905/1948
f 1054/1898/1949 1053/1904/1947 1073/1905/1948 1074/1899/1950
f 1055/1891/1951 1054/1898/1949 1074/1899/1950 1075/1892/1952
f 1056/1886/1953 1055/1891/1951 1075/1892/1952 1076/1887/1954
f 1057/1881/1955 1056/1886/1953 1076/1887/1954 1077/1882/1956
f 1058/1875/1957 1057/1881/1955 1077/1882/1956 1078/1876/1958
f 1059/1871/1959 1058/1875/1957 1078/1876/1958 1079/1872/1960
f 1040/1868/1922 1059/1871/1959 1079/1872/1960 1060/1869/1923
s 2
f 1061/1737/1961 1060/1738/1962 1080/1734/1963 1081/1733/1964
f 1062/1874/1965 1061/1870/1961 1081/1877/1964 1082/1878/1966
f 1063/1880/1967 1062/1874/1965 1082/1878/1966 1083/1883/1968
f 1064/1885/1969 1063/1880/1967 1083/1883/1968 1084/1888/1970
f 1065/1890/1971 1064/1885/1969 1084/1888/1970 1085/1895/1972
f 1066/1897/1973 1065/1890/1971 1085/1895/1972 1086/1901/1974
f 1067/1903/1975 1066/1897/1973 1086/1901/1974 1087/1907/1976
f 1068/1782/1977 1067/1783/1975 1087/1779/1976 1088/1778/1978
f 1069/1790/1979 1068/1782/1977 1088/1778/1978 1089/1788/1980
f 1070/1797/1981 1069/1790/1979 1089/1788/1980 1090/1795/1982
f 1071/1804/1983 1070/1797/1981 1090/1795/1982 1091/1802/1984
f 1072/1911/1985 1071/1916/1983 1091/1920/1984 1092/1917/1986
f 1073/1905/1987 1072/1911/1985 1092/1917/1986 1093/1912/1988
f 1074/1899/1989 1073/1905/1987 1093/1912/1988 1094/1906/1990
f 1075/1892/1991 1074/1899/1989 1094/1906/1990 1095/1900/1992
f 1076/1887/1993 1075/1892/1991 1095/1900/1992 1096/1893/1994
f 1077/1882/1995 1076/1887/1993 1096/1893/1994 1097/1894/1996
f 1078/1752/1997 1077/1759/1995 1097/1753/1996 1098/1746/1998
f 1079/1745/1999 1078/1752/1997 1098/1746/1998 1099/1739/2000
f 1060/1738/1962 1079/1745/1999 1099/1739/2000 1080/1734/1963
s 3
f 1081/1733/2001 1080/1734/2002 1100/1735/2003 1101/1736/2004
f 1082/1743/2005 1081/1733/2001 1101/1736/2004 1102/1744/2006
f 1083/2009/2007 1082/2010/2005 1102/2011/2006 1103/2012/2008
f 1084/2015/2009 1083/2009/2007 1103/2012/2008 1104/2016/2010
f 1085/2020/2011 1084/2015/2009 1104/2016/2010 1105/2021/2012
f 1086/2026/2013 1085/2020/2011 1105/2021/2012 1106/2027/2014
f 1087/1779/2015 1086/1784/2013 1106/1785/2014 1107/1780/2016
f 1088/1778/2017 1087/1779/2015 1107/1780/2016 1108/1781/2018
f 1089/1788/2019 1088/1778/2017 1108/1781/2018 1109/1789/2020
f 1090/1795/2021 1089/1788/2019 1109/1789/2020 1110/1796/2022
f 1091/1802/2023 1090/1795/2021 1110/1796/2022 1111/1803/2024
f 1092/1809/2025 1091/1802/2023 1111/1803/2024 1112/1810/2026
f 1093/2037/2027 1092/2038/2025 1112/2039/2026 1113/2040/2028
f 1094/2043/2029 1093/2037/2027 1113/2040/2028 1114/2044/2030
f 1095/2048/2031 1094/2043/2029 1114/2044/2030 1115/2049/2032
f 1096/2054/2033 1095/2048/2031 1115/2049/2032 1116/2055/2034
f 1097/1753/2035 1096/1760/2033 1116/1761/2034 1117/1754/2036
f 1098/1746/2037 1097/1753/2035 1117/1754/2036 1118/1747/2038
f 1099/1739/2039 1098/1746/2037 1118/1747/2038 1119/1740/2040
f 1080/1734/2002 1099/1739/2039 1119/1740/2040 1100/1735/2003
s 4
f 1101/1736/2041 1100/1735/2042 1120/1741/2043 1121/1742/2044
f 1102/1744/2045 1101/1736/2041 1121/1742/2044 1122/1751/2046
f 1103/2012/2047 1102/2011/2045 1122/2013/2046 1123/2014/2048
f 1104/2016/2049 1103/2012/2047 1123/2014/2048 1124/2019/2050
f 1105/2021/2051 1104/2016/2049 1124/2019/2050 1125/2025/2052
f 1106/2027/2053 1105/2021/2051 1125/2025/2052 1126/2031/2054
f 1107/1780/2055 1106/1785/2053 1126/1791/2054 1127/1786/2056
f 1108/1781/2057 1107/1780/2055 1127/1786/2056 1128/1787/2058
f 1109/1789/2059 1108/1781/2057 1128/1787/2058 1129/1794/2060
f 1110/1796/2061 1109/1789/2059 1129/1794/2060 1130/1801/2062
f 1111/1803/2063 1110/1796/2061 1130/1801/2062 1131/1808/2064
f 1112/1810/2065 1111/1803/2063 1131/1808/2064 1132/1815/2066
f 1113/2040/2067 1112/2039/2065 1132/2041/2066 1133/2042/2068
f 1114/2044/2069 1113/2040/2067 1133/2042/2068 1134/2047/2070
f 1115/2049/2071 1114/2044/2069 1134/2047/2070 1135/2053/2072
f 1116/2055/2073 1115/2049/2071 1135/2053/2072 1136/2059/2074
f 1117/1754/2075 1116/1761/2073 1136/1766/2074 1137/1762/2076
f 1118/1747/2077 1117/1754/2075 1137/1762/2076 1138/1755/2078
f 1119/1740/2079 1118/1747/2077 1138/1755/2078 1139/1748/2080
f 1100/1735/2042 1119/1740/2079 1139/1748/2080 1120/1741/2043
s 5
f 1121/1742/2081 1120/1741/2082 1141/1749/2083 1140/1750/2084
s 6
f 1123/2014/2085 1122/2013/2086 1159/2017/2087 1158/2018/2088
f 1124/2019/2089 1123/2014/2085 1158/2018/2088 1157/2024/2090
f 1125/2025/2091 1124/2019/2089 1157/2024/2090 1156/2030/2092
f 1126/2031/2093 1125/2025/2091 1156/2030/2092 1155/2032/2094
s 7
f 1128/1787/2095 1127/1786/2096 1154/1792/2097 1153/1793/2098
f 1129/1794/2099 1128/1787/2095 1153/1793/2098 1152/1800/2100
f 1130/1801/2101 1129/1794/2099 1152/1800/2100 1151/1807/2102
f 1131/1808/2103 1130/1801/2101 1151/1807/2102 1150/1814/2104
s 8
f 1133/2042/2105 1132/2041/2106 1149/2045/2107 1148/2046/2108
f 1134/2047/2109 1133/2042/2105 1148/2046/2108 1147/2052/2110
f 1135/2053/2111 1134/2047/2109 1147/2052/2110 1146/2058/2112
f 1136/2059/2113 1135/2053/2111 1146/2058/2112 1145/2060/2114
s 5
f 1138/1755/2115 1137/1762/2116 1144/1767/2117 1143/1763/2118
f 1139/1748/2119 1138/1755/2115 1143/1763/2118 1142/1756/2120
f 1120/1741/2082 1139/1748/2119 1142/1756/2120 1141/1749/2083
s 10
f 1181/1823/2121 1180/1824/2122 1160/1825/2123 1161/1826/2124
s off
f 1238/1837/2125 1237/1838/2126 1232/1833/2127 1234/1834/2128
s 11
f 1198/2065/2129 1199/2066/2130 1162/2067/2131 1163/2068/2132
f 1197/2071/2133 1198/2065/2129 1163/2068/2132 1164/2072/2134
f 1196/2075/2135 1197/2071/2133 1164/2072/2134 1165/2076/2136
f 1195/2077/2137 1196/2075/2135 1165/2076/2136 1166/2078/2138
s off
f 1246/1854/2139 1245/1853/2140 1240/1857/2141 1242/1858/2142
s 12
f 1193/1845/2143 1194/1846/2144 1167/1847/2145 1168/1848/2146
f 1192/1851/2147 1193/1845/2143 1168/1848/2146 1169/1852/2148
f 1191/1855/2149 1192/1851/2147 1169/1852/2148 1170/1856/2150
f 1190/1859/2151 1191/1855/2149 1170/1856/2150 1171/1860/2152
s off
f 1254/1865/2153 1253/1866/2154 1248/1863/2155 1250/1864/2156
s 13
f 1188/2083/2157 1189/2084/2158 1172/2085/2159 1173/2086/2160
f 1187/2089/2161 1188/2083/2157 1173/2086/2160 1174/2090/2162
f 1186/2093/2163 1187/2089/2161 1174/2090/2162 1175/2094/2164
f 1185/2095/2165 1186/2093/2163 1175/2094/2164 1176/2096/2166
s off
f 1262/1842/2167 1261/1841/2168 1256/1843/2169 1258/1844/2170
s 10
f 1183/1831/2171 1184/1835/2172 1177/1836/2173 1178/1832/2174
f 1182/1827/2175 1183/1831/2171 1178/1832/2174 1179/1828/2176
f 1180/1824/2122 1182/1827/2175 1179/1828/2176 1160/1825/2123
s off
f 1140/1921/2177 1159/1922/2178 1207/1923/2179 1206/1924/2180 1204/1925/2181 1205/1926/2182
f 1155/1927/2183 1154/1928/2184 1215/1929/2185 1214/1930/2186 1212/1931/2187 1213/1932/2188
f 1145/1933/2189 1144/1934/2190 1231/1935/2191 1230/1936/2192 1228/1937/2193 1229/1938/2194
f 1199/1939/2195 1181/1940/2196 1233/1941/2197 1232/1942/2198 1237/1943/2199 1236/1944/2200
f 1181/1823/2201 1161/1826/2202 1235/1829/2203 1233/1830/2204
f 1161/1945/2205 1162/1946/2206 1239/1947/2207 1238/1948/2208 1234/1949/2209 1235/1950/2210
f 1162/2067/2211 1199/2066/2212 1236/2069/2213 1239/2070/2214
f 1194/1951/2215 1195/1952/2216 1241/1953/2217 1240/1954/2218 1245/1955/2219 1244/1956/2220
f 1195/2077/2221 1166/2078/2222 1243/2079/2223 1241/2080/2224
f 1166/1957/2225 1167/1958/2226 1247/1959/2227 1246/1960/2228 1242/1961/2229 1243/1962/2230
f 1167/1847/2231 1194/1846/2232 1244/1849/2233 1247/1850/2234
f 1189/1963/2235 1190/1964/2236 1249/1965/2237 1248/1966/2238 1253/1967/2239 1252/1968/2240
f 1190/1859/2241 1171/1860/2242 1251/1861/2243 1249/1862/2244
f 1171/1969/2245 1172/1970/2246 1255/1971/2247 1254/1972/2248 1250/1973/2249 1251/1974/2250
f 1172/2085/2251 1189/2084/2252 1252/2087/2253 1255/2088/2254
f 1184/1975/2255 1185/1976/2256 1257/1977/2257 1256/1978/2258 1261/1979/2259 1260/1980/2260
f 1185/2095/2261 1176/2096/2262 1259/2097/2263 1257/2098/2264
f 1176/1981/2265 1177/1982/2266 1263/1983/2267 1262/1984/2268 1258/1985/2269 1259/1986/2270
f 1177/1836/2271 1184/1835/2272 1260/1839/2273 1263/1840/2274
f 1200/1764/2275 1201/1758/2276 1205/1757/2277 1204/1765/2278
f 1201/1758/2279 1200/1764/2280 1203/1768/2281 1202/1769/2282
f 1202/2022/2283 1203/2028/2284 1206/2029/2285 1207/2023/2286
f 1208/2035/2287 1209/2034/2288 1213/2033/2289 1212/2036/2290
f 1209/1811/2291 1208/1812/2292 1211/1805/2293 1210/1798/2294
f 1210/1798/2295 1211/1805/2296 1214/1806/2297 1215/1799/2298
f 1216/1818/2299 1217/1817/2300 1221/1816/2301 1220/1819/2302
f 1217/1817/2303 1216/1818/2304 1219/1820/2305 1218/1821/2306
f 1218/2050/2307 1219/2056/2308 1222/2057/2309 1223/2051/2310
f 1220/2003/2311 1221/2002/2312 1223/2001/2313 1222/2004/2314
f 1224/2063/2315 1225/2062/2316 1229/2061/2317 1228/2064/2318
f 1225/1775/2319 1224/1776/2320 1227/1773/2321 1226/1771/2322
f 1226/1771/2323 1227/1773/2324 1230/1774/2325 1231/1772/2326
f 1232/1833/2327 1233/1830/2328 1235/1829/2329 1234/1834/2330
f 1236/2069/2331 1237/2073/2332 1238/2074/2333 1239/2070/2334
f 1240/2081/2335 1241/2080/2336 1243/2079/2337 1242/2082/2338
f 1244/1849/2339 1245/1853/2340 1246/1854/2341 1247/1850/2342
f 1248/1863/2343 1249/1862/2344 1251/1861/2345 1250/1864/2346
f 1252/2087/2347 1253/2091/2348 1254/2092/2349 1255/2088/2350
f 1256/2099/2351 1257/2098/2352 1259/2097/2353 1258/2100/2354
f 1260/1839/2355 1261/1841/2356 1262/1842/2357 1263/1840/2358
f 1203/1768/2359 1200/1764/2360 1204/1765/2361 1206/1770/2362
f 1211/1805/2363 1208/1812/2364 1212/1813/2365 1214/1806/2366
f 1219/1820/2367 1216/1818/2368 1220/1819/2369 1222/1822/2370
f 1227/1773/2371 1224/1776/2372 1228/1777/2373 1230/1774/2374
f 1122/1987/2375 1121/1988/2376 1201/1989/2377 1202/1990/2378
f 1121/1742/2379 1140/1750/2380 1205/1757/2381 1201/1758/2382
f 1159/2017/2383 1122/2013/2384 1202/2022/2385 1207/2023/2386
f 1127/1991/2387 1126/1992/2388 1209/1993/2389 1210/1994/2390
f 1126/2031/2391 1155/2032/2392 1213/2033/2393 1209/2034/2394
f 1154/1792/2395 1127/1786/2396 1210/1798/2397 1215/1799/2398
f 1132/1995/2399 1131/1996/2400 1217/1997/2401 1218/1998/2402
f 1131/1808/2403 1150/1814/2404 1221/1816/2405 1217/1817/2406
f 1150/1999/2407 1149/2000/2408 1223/2001/2409 1221/2002/2410
f 1149/2045/2411 1132/2041/2412 1218/2050/2413 1223/2051/2414
f 1137/2005/2415 1136/2006/2416 1225/2007/2417 1226/2008/2418
f 1136/2059/2419 1145/2060/2420 1229/2061/2421 1225/2062/2422
f 1144/1767/2423 1137/1762/2424 1226/1771/2425 1231/1772/2426
g default
v -0.440778 0.697947 1.402778
v -0.419205 0.834155 1.402778
v -0.356597 0.957030 1.402778
v -0.259083 1.054544 1.402778
v -0.136208 1.117152 1.402778
v 0.000000 1.138725 1.402778
v 0.136208 1.117152 1.402778
v 0.259083 1.054544 1.402778
v 0.356597 0.957030 1.402778
v 0.419205 0.834155 1.402778
v 0.440778 0.697947 1.402778
v -0.440778 0.003014 1.402778
v 0.440778 0.003014 1.402778
v -0.318340 0.662648 1.402778
v -0.302759 0.761020 1.402778
v -0.257542 0.849763 1.402778
v -0.187115 0.920190 1.402778
v -0.098373 0.965407 1.402778
v 0.000000 0.980988 1.402778
v 0.098372 0.965407 1.402778
v 0.187115 0.920190 1.402778
v 0.257542 0.849763 1.402778
v 0.302759 0.761020 1.402778
v 0.318340 0.662648 1.402778
v -0.318340 0.160752 1.402778
v 0.318340 0.160752 1.402778
v -0.440778 0.697947 0.560167
v -0.401833 0.694882 0.521222
v -0.419205 0.834155 0.560167
v -0.381704 0.821970 0.521222
v -0.356597 0.957030 0.560167
v -0.324697 0.933853 0.521222
v -0.259083 1.054544 0.560167
v -0.235906 1.022644 0.521222
v -0.136208 1.117152 0.560167
v -0.124023 1.079651 0.521222
v 0.000000 1.138725 0.560167
v -0.000000 1.099295 0.521222
v 0.136208 1.117152 0.560167
v 0.124023 1.079651 0.521222
v 0.259083 1.054544 0.560167
v 0.235906 1.022644 0.521222
v 0.356597 0.957030 0.560167
v 0.324697 0.933853 0.521222
v 0.419205 0.834155 0.560167
v 0.381704 0.821970 0.521222
v 0.440778 0.697947 0.560167
v 0.401833 0.694882 0.521222
v -0.440778 0.003014 0.560167
v -0.401833 0.041959 0.521222
v 0.440778 0.003014 0.560167
v 0.401833 0.041959 0.521222
v -0.357285 0.665713 0.521222
v -0.318340 0.662648 0.560167
v -0.340260 0.773205 0.521222
v -0.302759 0.761020 0.560167
v -0.289442 0.872940 0.521222
v -0.257542 0.849763 0.560167
v -0.210292 0.952090 0.521222
v -0.187115 0.920190 0.560167
v -0.110557 1.002908 0.521222
v -0.098373 0.965407 0.560167
v 0.000000 1.020418 0.521222
v 0.000000 0.980988 0.560167
v 0.110557 1.002907 0.521222
v 0.098372 0.965407 0.560167
v 0.210292 0.952090 0.521222
v 0.187115 0.920190 0.560167
v 0.289442 0.872940 0.521222
v 0.257542 0.849763 0.560167
v 0.340259 0.773205 0.521222
v 0.302759 0.761020 0.560167
v 0.357285 0.665713 0.521222
v 0.318340 0.662648 0.560167
v -0.357285 0.121807 0.521222
v -0.318340 0.160752 0.560167
v 0.357285 0.121807 0.521222
v 0.318340 0.160752 0.560167
vt 0.359243 0.398671
vt 0.358711 0.406822
vt 0.309579 0.403560
vt 0.310058 0.395579
vt 0.358122 0.414968
vt 0.308903 0.411525
vt 0.306841 0.395418
vt 0.306379 0.403348
vt 0.311811 0.355110
vt 0.361500 0.357637
vt 0.357480 0.423082
vt 0.307996 0.419509
vt 0.305716 0.411084
vt 0.308472 0.357290
vt 0.304755 0.418580
vt 0.240536 0.806490
vt 0.240252 0.798340
vt 0.289559 0.797083
vt 0.289857 0.805081
vt 0.240021 0.790170
vt 0.289456 0.789097
vt 0.293038 0.804805
vt 0.292813 0.797017
vt 0.240842 0.814589
vt 0.290404 0.813130
vt 0.239450 0.749292
vt 0.288972 0.748403
vt 0.292675 0.789041
vt 0.293637 0.812330
vt 0.292241 0.750699
vt 0.788340 0.939921
vt 0.782528 0.939839
vt 0.782978 0.890243
vt 0.788872 0.890287
vt 0.753244 0.939653
vt 0.753367 0.890465
vt 0.782978 0.887016
vt 0.789016 0.886996
vt 0.794173 0.940018
vt 0.794728 0.890551
vt 0.751003 0.887256
vt 0.795433 0.887417
vt 0.800014 0.940117
vt 0.800576 0.890650
vt 0.573373 0.905206
vt 0.602816 0.905045
vt 0.603223 0.954583
vt 0.573752 0.954539
vt 0.608634 0.904977
vt 0.609111 0.954531
vt 0.603246 0.957811
vt 0.571415 0.957762
vt 0.614454 0.904892
vt 0.614982 0.954284
vt 0.609285 0.957833
vt 0.620296 0.904800
vt 0.620830 0.954193
vt 0.615645 0.957386
vt 0.953556 0.787881
vt 0.961655 0.788042
vt 0.960432 0.837402
vt 0.952359 0.837488
vt 0.969795 0.788225
vt 0.968448 0.837560
vt 0.952974 0.840761
vt 0.960533 0.840591
vt 0.977940 0.788458
vt 0.976453 0.837880
vt 0.968350 0.840769
vt 0.986068 0.788733
vt 0.984477 0.838421
vt 0.976151 0.841087
vt 0.983697 0.841703
vt 0.488279 0.920466
vt 0.438832 0.920702
vt 0.438585 0.868970
vt 0.488032 0.868734
vt 0.435589 0.918432
vt 0.435364 0.871270
vt 0.620440 0.564576
vt 0.657769 0.562990
vt 0.659869 0.612393
vt 0.622540 0.613979
vt 0.620394 0.617306
vt 0.662289 0.615525
vt 0.999710 0.379430
vt 0.993866 0.379568
vt 0.992549 0.330062
vt 0.998404 0.330127
vt 0.988044 0.379712
vt 0.986660 0.330178
vt 0.992656 0.326773
vt 0.999045 0.326988
vt 0.982226 0.379877
vt 0.980771 0.330419
vt 0.986536 0.326918
vt 0.976403 0.380060
vt 0.974908 0.330818
vt 0.980422 0.327184
vt 0.974127 0.327774
vt 0.828457 0.093578
vt 0.827191 0.085585
vt 0.834377 0.083514
vt 0.835291 0.089286
vt 0.827191 0.044804
vt 0.834377 0.054061
vt 0.832132 0.100789
vt 0.837944 0.094494
vt 0.878924 0.044804
vt 0.871739 0.054060
vt 0.837854 0.106512
vt 0.842077 0.098627
vt 0.878924 0.085585
vt 0.871739 0.083514
vt 0.845065 0.110186
vt 0.847285 0.101281
vt 0.877658 0.093578
vt 0.870825 0.089286
vt 0.853058 0.111452
vt 0.853058 0.102195
vt 0.873984 0.100789
vt 0.868171 0.094494
vt 0.861051 0.110186
vt 0.858831 0.101281
vt 0.868262 0.106512
vt 0.864039 0.098627
vt 0.033098 0.440946
vt 0.029514 0.444367
vt 0.032472 0.438437
vt 0.034188 0.439903
vt 0.026464 0.440982
vt 0.031384 0.434690
vt 0.038025 0.433112
vt 0.038732 0.437986
vt 0.023309 0.448106
vt 0.025677 0.450811
vt 0.045098 0.431167
vt 0.045600 0.435741
vt 0.021768 0.456014
vt 0.024626 0.457149
vt 0.052838 0.431202
vt 0.052669 0.435820
vt 0.023940 0.494793
vt 0.026378 0.489034
vt 0.060689 0.433744
vt 0.058977 0.437953
vt 0.070179 0.493828
vt 0.067071 0.488433
vt 0.066177 0.441288
vt 0.063212 0.445287
vt 0.071143 0.456736
vt 0.068287 0.458028
vt 0.069619 0.448893
vt 0.067169 0.451714
vt 0.056983 0.440375
vt 0.059846 0.442819
vn -0.000001 0.000001 1.000000
vn -0.000001 0.000001 1.000000
vn -0.000001 0.000001 1.000000
vn -0.000001 0.000001 1.000000
vn 0.000001 -0.000001 1.000000
vn 0.000001 -0.000001 1.000000
vn 0.000001 -0.000001 1.000000
vn 0.000001 -0.000001 1.000000
vn 0.000001 -0.000001 1.000000
vn 0.000001 -0.000001 1.000000
vn 0.000001 -0.000001 1.000000
vn 0.000001 -0.000001 1.000000
vn 0.000001 0.000000 1.000000
vn 0.000001 0.000000 1.000000
vn 0.000001 0.000000 1.000000
vn 0.000001 0.000000 1.000000
vn 0.000001 0.000000 1.000000
vn 0.000001 0.000000 1.000000
vn 0.000001 0.000000 1.000000
vn 0.000001 0.000000 1.000000
vn -0.000001 0.000000 1.000000
vn -0.000001 0.000000 1.000000
vn -0.000001 0.000000 1.000000
vn -0.000001 0.000000 1.000000
vn 0.000001 0.000000 1.000000
vn 0.000001 0.000000 1.000000
vn 0.000001 0.000000 1.000000
vn 0.000001 0.000000 1.000000
vn -0.000001 -0.000001 1.000000
vn -0.000001 -0.000001 1.000000
vn -0.000001 -0.000001 1.000000
vn -0.000001 -0.000001 1.000000
vn -0.000000 -0.000001 1.000000
vn -0.000000 -0.000001 1.000000
vn -0.000000 -0.000001 1.000000
vn -0.000000 -0.000001 1.000000
vn 0.000001 0.000001 1.000000
vn 0.000001 0.000001 1.000000
vn 0.000001 0.000001 1.000000
vn 0.000001 0.000001 1.000000
vn 0.000001 0.000000 1.000000
vn 0.000001 0.000000 1.000000
vn 0.000001 0.000000 1.000000
vn 0.000001 0.000000 1.000000
vn -0.000000 0.000000 1.000000
vn -0.000000 0.000000 1.000000
vn -0.000000 0.000000 1.000000
vn -0.000000 0.000000 1.000000
vn 0.000000 0.000001 1.000000
vn 0.000000 0.000001 1.000000
vn 0.000000 0.000001 1.000000
vn 0.000000 0.000001 1.000000
vn -0.706268 0.018281 -0.707708
vn -0.706268 0.018281 -0.707708
vn -0.707106 0.000000 -0.707107
vn -0.707106 0.000000 -0.707107
vn -0.668521 0.216531 -0.711473
vn -0.668521 0.216531 -0.711473
vn -0.568508 0.413045 -0.711472
vn -0.568508 0.413045 -0.711472
vn -0.413045 0.568507 -0.711473
vn -0.413045 0.568507 -0.711473
vn -0.217150 0.668319 -0.711474
vn -0.217150 0.668320 -0.711474
vn 0.000000 0.702712 -0.711474
vn 0.000000 0.702712 -0.711474
vn 0.217150 0.668320 -0.711473
vn 0.217150 0.668320 -0.711473
vn 0.413045 0.568507 -0.711473
vn 0.413045 0.568508 -0.711473
vn 0.568507 0.413044 -0.711473
vn 0.568507 0.413045 -0.711473
vn 0.668521 0.216530 -0.711473
vn 0.668521 0.216530 -0.711473
vn 0.706268 0.018281 -0.707708
vn 0.706268 0.018281 -0.707708
vn 0.707106 0.000000 -0.707107
vn 0.707106 0.000000 -0.707107
vn 0.000000 -0.707106 -0.707107
vn 0.000000 -0.707106 -0.707107
vn 0.000000 -0.707106 -0.707107
vn 0.000000 -0.707106 -0.707107
vn 0.706262 -0.018398 -0.707711
vn 0.706262 -0.018398 -0.707711
vn 0.707107 0.000000 -0.707107
vn 0.707107 0.000000 -0.707107
vn 0.668065 -0.217933 -0.711473
vn 0.668065 -0.217933 -0.711473
vn 0.568506 -0.413044 -0.711474
vn 0.568506 -0.413044 -0.711474
vn 0.413044 -0.568506 -0.711474
vn 0.413044 -0.568506 -0.711474
vn 0.217151 -0.668320 -0.711474
vn 0.217151 -0.668320 -0.711473
vn -0.000000 -0.702713 -0.711474
vn -0.000000 -0.702713 -0.711474
vn -0.217151 -0.668319 -0.711474
vn -0.217151 -0.668320 -0.711474
vn -0.413044 -0.568507 -0.711474
vn -0.413044 -0.568507 -0.711474
vn -0.568507 -0.413044 -0.711473
vn -0.568507 -0.413044 -0.711473
vn -0.668066 -0.217933 -0.711473
vn -0.668066 -0.217933 -0.711473
vn -0.706262 -0.018398 -0.707711
vn -0.706262 -0.018398 -0.707711
vn -0.707107 0.000000 -0.707107
vn -0.707107 0.000000 -0.707107
vn 0.000000 0.707107 -0.707107
vn 0.000000 0.707107 -0.707107
vn 0.000000 0.707107 -0.707107
vn 0.000000 0.707107 -0.707107
vn -0.999663 0.025948 -0.000000
vn -0.951056 0.309018 -0.000000
vn -0.951056 0.309017 -0.000000
vn -0.999663 0.025948 -0.000000
vn -0.809017 0.587786 0.000000
vn -0.809017 0.587786 0.000000
vn -0.587786 0.809017 0.000000
vn -0.587786 0.809017 0.000000
vn -0.309018 0.951056 0.000000
vn -0.309018 0.951056 0.000000
vn 0.000000 1.000000 -0.000000
vn 0.000000 1.000000 -0.000000
vn 0.309018 0.951056 -0.000000
vn 0.309018 0.951056 -0.000000
vn 0.587786 0.809017 0.000000
vn 0.587786 0.809017 0.000000
vn 0.809017 0.587785 0.000000
vn 0.809017 0.587785 0.000000
vn 0.951057 0.309017 0.000000
vn 0.951057 0.309017 0.000000
vn 0.999663 0.025947 0.000000
vn 0.999663 0.025947 0.000000
vn -1.000000 0.000000 0.000000
vn -1.000000 0.000000 0.000000
vn 1.000000 0.000000 0.000000
vn 1.000000 0.000000 0.000000
vn 0.000000 -1.000000 -0.000000
vn 0.000000 -1.000000 -0.000000
vn 0.000000 -1.000000 -0.000000
vn 0.000000 -1.000000 -0.000000
vn 0.000000 0.000000 -1.000000
vn 0.000000 0.000000 -1.000000
vn 0.000000 0.000000 -1.000000
vn -0.000000 0.000000 -1.000000
vn 0.000000 0.000000 -1.000000
vn 0.000000 0.000000 -1.000000
vn -0.000000 0.000000 -1.000000
vn -0.000000 0.000000 -1.000000
vn 0.000000 -0.000000 -1.000000
vn -0.000000 -0.000000 -1.000000
vn 0.000000 -0.000000 -1.000000
vn -0.000000 -0.000000 -1.000000
vn -0.000000 -0.000000 -1.000000
vn -0.000000 -0.000000 -1.000000
vn 0.000000 0.000000 -1.000000
vn 0.000000 0.000000 -1.000000
vn 0.000000 0.000000 -1.000000
vn 0.000000 0.000000 -1.000000
vn -0.000000 0.000000 -1.000000
vn -0.000000 0.000000 -1.000000
vn -0.000000 0.000000 -1.000000
vn -0.000000 0.000000 -1.000000
vn -0.000000 0.000000 -1.000000
vn -0.000000 0.000000 -1.000000
vn -0.000000 0.000000 -1.000000
vn -0.000000 0.000000 -1.000000
vn 0.951056 -0.309018 0.000000
vn 0.999663 -0.025948 0.000000
vn 0.999663 -0.025948 0.000000
vn 0.951056 -0.309018 0.000000
vn 1.000000 0.000000 0.000000
vn 1.000000 0.000000 0.000000
vn 0.000000 1.000000 0.000000
vn 0.000000 1.000000 0.000000
vn 0.000000 1.000000 0.000000
vn 0.000000 1.000000 0.000000
vn -1.000000 0.000000 0.000000
vn -0.999663 -0.025948 0.000000
vn -0.999663 -0.025948 0.000000
vn -1.000000 0.000000 0.000000
vn -0.951057 -0.309017 0.000000
vn -0.951056 -0.309017 0.000000
vn -0.809017 -0.587785 0.000000
vn -0.809017 -0.587785 0.000000
vn -0.587785 -0.809017 0.000000
vn -0.587785 -0.809017 0.000000
vn -0.309018 -0.951056 0.000000
vn -0.309018 -0.951056 0.000000
vn -0.000001 -1.000000 0.000000
vn -0.000001 -1.000000 0.000000
vn 0.309018 -0.951056 0.000000
vn 0.309018 -0.951056 0.000000
vn 0.587786 -0.809017 0.000000
vn 0.587786 -0.809017 0.000000
vn 0.809017 -0.587786 0.000000
vn 0.809017 -0.587786 0.000000
s off
g pCylinder7 polySurface13
usemtl initialShadingGroup
f 1265/2201/2427 1264/2202/2428 1277/2203/2429 1278/2204/2430
f 1266/2207/2431 1265/2201/2432 1278/2204/2433 1279/2208/2434
f 1267/2211/2435 1266/2207/2436 1279/2208/2437 1280/2212/2438
f 1268/2215/2439 1267/2211/2440 1280/2212/2441 1281/2216/2442
f 1269/2219/2443 1268/2215/2444 1281/2216/2445 1282/2220/2446
f 1270/2223/2447 1269/2219/2448 1282/2220/2449 1283/2224/2450
f 1271/2225/2451 1270/2223/2452 1283/2224/2453 1284/2226/2454
f 1272/2221/2455 1271/2225/2456 1284/2226/2457 1285/2222/2458
f 1273/2217/2459 1272/2221/2460 1285/2222/2461 1286/2218/2462
f 1274/2213/2463 1273/2217/2464 1286/2218/2465 1287/2214/2466
f 1264/2202/2467 1275/2205/2468 1288/2206/2469 1277/2203/2470
f 1276/2209/2471 1274/2213/2472 1287/2214/2473 1289/2210/2474
f 1275/2205/2475 1276/2209/2476 1289/2210/2477 1288/2206/2478
s 1
f 1290/2104/2479 1291/2107/2480 1313/2114/2481 1312/2109/2482
f 1291/2107/2480 1290/2104/2479 1292/2103/2483 1293/2108/2484
f 1293/2108/2484 1292/2103/2483 1294/2106/2485 1295/2113/2486
f 1295/2113/2486 1294/2106/2485 1296/2112/2487 1297/2115/2488
f 1297/2165/2488 1296/2162/2487 1298/2161/2489 1299/2166/2490
f 1299/2166/2490 1298/2161/2489 1300/2164/2491 1301/2169/2492
f 1301/2169/2492 1300/2164/2491 1302/2168/2493 1303/2172/2494
f 1303/2172/2494 1302/2168/2493 1304/2171/2495 1305/2173/2496
f 1305/2129/2496 1304/2125/2495 1306/2119/2497 1307/2122/2498
f 1307/2122/2498 1306/2119/2497 1308/2118/2499 1309/2123/2500
f 1309/2123/2500 1308/2118/2499 1310/2121/2501 1311/2128/2502
f 1311/2128/2502 1310/2121/2501 1314/2127/2503 1315/2130/2504
s off
f 1312/2175/2505 1313/2178/2506 1315/2179/2507 1314/2176/2508
s 2
f 1316/2137/2509 1317/2133/2510 1339/2136/2511 1338/2141/2512
f 1317/2133/2510 1316/2137/2509 1318/2138/2513 1319/2134/2514
f 1319/2134/2514 1318/2138/2513 1320/2142/2515 1321/2140/2516
f 1321/2227/2516 1320/2228/2515 1322/2229/2517 1323/2230/2518
f 1323/2198/2518 1322/2200/2517 1324/2199/2519 1325/2195/2520
f 1325/2195/2520 1324/2199/2519 1326/2196/2521 1327/2191/2522
f 1327/2191/2522 1326/2196/2521 1328/2192/2523 1329/2188/2524
f 1329/2188/2524 1328/2192/2523 1330/2193/2525 1331/2189/2526
f 1331/2255/2526 1330/2246/2525 1332/2250/2527 1333/2256/2528
f 1333/2154/2528 1332/2158/2527 1334/2155/2529 1335/2150/2530
f 1335/2150/2530 1334/2155/2529 1336/2151/2531 1337/2147/2532
f 1337/2147/2532 1336/2151/2531 1340/2152/2533 1341/2148/2534
s off
f 1338/2184/2535 1339/2183/2536 1341/2182/2537 1340/2185/2538
s 3
f 1264/2101/2539 1265/2102/2540 1292/2103/2541 1290/2104/2542
f 1265/2102/2540 1266/2105/2543 1294/2106/2544 1292/2103/2541
f 1266/2105/2543 1267/2111/2545 1296/2112/2546 1294/2106/2544
f 1267/2159/2545 1268/2160/2547 1298/2161/2548 1296/2162/2546
f 1268/2160/2547 1269/2163/2549 1300/2164/2550 1298/2161/2548
f 1269/2163/2549 1270/2167/2551 1302/2168/2552 1300/2164/2550
f 1270/2167/2551 1271/2170/2553 1304/2171/2554 1302/2168/2552
f 1271/2124/2553 1272/2116/2555 1306/2119/2556 1304/2125/2554
f 1272/2116/2555 1273/2117/2557 1308/2118/2558 1306/2119/2556
f 1273/2117/2557 1274/2120/2559 1310/2121/2560 1308/2118/2558
f 1264/2101/2539 1290/2104/2542 1312/2109/2561 1275/2110/2562
f 1310/2121/2560 1274/2120/2559 1276/2126/2563 1314/2127/2564
s off
f 1275/2174/2565 1312/2175/2566 1314/2176/2567 1276/2177/2568
s 4
f 1291/2239/2569 1293/2235/2570 1318/2236/2571 1316/2240/2572
f 1293/2235/2570 1295/2231/2573 1320/2228/2574 1318/2236/2571
f 1295/2231/2573 1297/2232/2575 1322/2229/2576 1320/2228/2574
f 1297/2232/2575 1299/2233/2577 1324/2234/2578 1322/2229/2576
f 1299/2233/2577 1301/2237/2579 1326/2238/2580 1324/2234/2578
f 1301/2237/2579 1303/2241/2581 1328/2242/2582 1326/2238/2580
f 1303/2241/2581 1305/2245/2583 1330/2246/2584 1328/2242/2582
f 1305/2245/2583 1307/2249/2585 1332/2250/2586 1330/2246/2584
f 1307/2249/2585 1309/2253/2587 1334/2254/2588 1332/2250/2586
f 1309/2253/2587 1311/2251/2589 1336/2252/2590 1334/2254/2588
f 1313/2243/2591 1291/2239/2569 1316/2240/2572 1338/2244/2592
f 1311/2251/2589 1315/2247/2593 1340/2248/2594 1336/2252/2590
f 1315/2247/2593 1313/2243/2591 1338/2244/2592 1340/2248/2594
s 5
f 1278/2131/2595 1277/2132/2596 1317/2133/2597 1319/2134/2598
f 1277/2132/2596 1288/2135/2599 1339/2136/2600 1317/2133/2597
s off
f 1288/2180/2601 1289/2181/2602 1341/2182/2603 1339/2183/2604
s 5
f 1289/2145/2605 1287/2146/2606 1337/2147/2607 1341/2148/2608
f 1287/2146/2606 1286/2149/2609 1335/2150/2610 1337/2147/2607
f 1286/2149/2609 1285/2153/2611 1333/2154/2612 1335/2150/2610
f 1285/2153/2611 1284/2156/2613 1331/2157/2614 1333/2154/2612
f 1284/2186/2613 1283/2187/2615 1329/2188/2616 1331/2189/2614
f 1283/2187/2615 1282/2190/2617 1327/2191/2618 1329/2188/2616
f 1282/2190/2617 1281/2194/2619 1325/2195/2620 1327/2191/2618
f 1281/2194/2619 1280/2197/2621 1323/2198/2622 1325/2195/2620
f 1280/2143/2621 1279/2139/2623 1321/2140/2624 1323/2144/2622
f 1279/2139/2623 1278/2131/2595 1319/2134/2598 1321/2140/2624
g default
v -0.440778 -3.732237 -0.521030
v -0.419205 -3.596029 -0.521030
v -0.356597 -3.473154 -0.521030
v -0.259083 -3.375640 -0.521030
v -0.136208 -3.313032 -0.521030
v 0.000000 -3.291459 -0.521030
v 0.136208 -3.313032 -0.521030
v 0.259083 -3.375640 -0.521030
v 0.356597 -3.473154 -0.521030
v 0.419205 -3.596029 -0.521030
v 0.440778 -3.732237 -0.521030
v -0.440778 -4.427170 -0.521030
v 0.440778 -4.427170 -0.521030
v -0.318340 -3.767536 -0.521030
v -0.302759 -3.669164 -0.521030
v -0.257542 -3.580421 -0.521030
v -0.187115 -3.509994 -0.521030
v -0.098373 -3.464777 -0.521030
v 0.000000 -3.449196 -0.521030
v 0.098372 -3.464777 -0.521030
v 0.187115 -3.509994 -0.521030
v 0.257542 -3.580421 -0.521030
v 0.302759 -3.669164 -0.521030
v 0.318340 -3.767536 -0.521030
v -0.318340 -4.269432 -0.521030
v 0.318340 -4.269432 -0.521030
v -0.440778 -3.732237 -1.363641
v -0.401833 -3.735301 -1.402586
v -0.419205 -3.596029 -1.363641
v -0.381704 -3.608213 -1.402586
v -0.356597 -3.473154 -1.363641
v -0.324697 -3.496330 -1.402586
v -0.259083 -3.375640 -1.363641
v -0.235906 -3.407539 -1.402586
v -0.136208 -3.313032 -1.363641
v -0.124023 -3.350533 -1.402586
v 0.000000 -3.291458 -1.363641
v -0.000000 -3.330889 -1.402586
v 0.136208 -3.313032 -1.363641
v 0.124023 -3.350533 -1.402586
v 0.259083 -3.375640 -1.363641
v 0.235906 -3.407539 -1.402586
v 0.356597 -3.473154 -1.363641
v 0.324697 -3.496330 -1.402586
v 0.419205 -3.596029 -1.363641
v 0.381704 -3.608213 -1.402586
v 0.440778 -3.732237 -1.363641
v 0.401833 -3.735301 -1.402586
v -0.440778 -4.427170 -1.363641
v -0.401833 -4.388225 -1.402586
v 0.440778 -4.427170 -1.363641
v 0.401833 -4.388225 -1.402586
v -0.357285 -3.764471 -1.402586
v -0.318340 -3.767536 -1.363641
v -0.340260 -3.656979 -1.402586
v -0.302759 -3.669163 -1.363641
v -0.289442 -3.557244 -1.402586
v -0.257542 -3.580421 -1.363641
v -0.210292 -3.478094 -1.402586
v -0.187115 -3.509994 -1.363641
v -0.110557 -3.427276 -1.402586
v -0.098373 -3.464777 -1.363641
v 0.000000 -3.409766 -1.402586
v 0.000000 -3.449196 -1.363641
v 0.110557 -3.427277 -1.402586
v 0.098372 -3.464777 -1.363641
v 0.210292 -3.478094 -1.402586
v 0.187115 -3.509994 -1.363641
v 0.289442 -3.557244 -1.402586
v 0.257542 -3.580421 -1.363641
v 0.340259 -3.656979 -1.402586
v 0.302759 -3.669163 -1.363641
v 0.357285 -3.764471 -1.402586
v 0.318340 -3.767536 -1.363641
v -0.357285 -4.308377 -1.402586
v -0.318340 -4.269432 -1.363641
v 0.357285 -4.308377 -1.402586
v 0.318340 -4.269432 -1.363641
vt 0.272170 0.563944
vt 0.271638 0.572095
vt 0.222506 0.568833
vt 0.222985 0.560852
vt 0.271049 0.580241
vt 0.221830 0.576798
vt 0.219768 0.560691
vt 0.219306 0.568621
vt 0.224738 0.520383
vt 0.274428 0.522910
vt 0.270407 0.588355
vt 0.220923 0.584782
vt 0.218643 0.576357
vt 0.221399 0.522563
vt 0.217682 0.583853
vt 0.431008 0.860980
vt 0.430724 0.852830
vt 0.480031 0.851573
vt 0.480329 0.859571
vt 0.430493 0.844660
vt 0.479928 0.843587
vt 0.483509 0.859295
vt 0.483285 0.851507
vt 0.431314 0.869079
vt 0.480875 0.867620
vt 0.429922 0.803782
vt 0.479444 0.802893
vt 0.483146 0.843531
vt 0.484109 0.866820
vt 0.482713 0.805189
vt 0.918949 0.532844
vt 0.913137 0.532762
vt 0.913587 0.483165
vt 0.919482 0.483210
vt 0.883853 0.532576
vt 0.883976 0.483387
vt 0.913587 0.479939
vt 0.919625 0.479919
vt 0.924782 0.532941
vt 0.925337 0.483474
vt 0.881612 0.480179
vt 0.926042 0.480339
vt 0.930623 0.533039
vt 0.931186 0.483573
vt 0.905338 0.894139
vt 0.934781 0.893977
vt 0.935188 0.943516
vt 0.905716 0.943472
vt 0.940599 0.893910
vt 0.941076 0.943464
vt 0.935211 0.946744
vt 0.903380 0.946695
vt 0.946419 0.893825
vt 0.946947 0.943217
vt 0.941250 0.946765
vt 0.952261 0.893732
vt 0.952795 0.943126
vt 0.947610 0.946319
vt 0.142691 0.937527
vt 0.150790 0.937688
vt 0.149567 0.987048
vt 0.141493 0.987134
vt 0.158929 0.937871
vt 0.157582 0.987206
vt 0.142109 0.990407
vt 0.149668 0.990237
vt 0.167074 0.938104
vt 0.165588 0.987526
vt 0.157485 0.990415
vt 0.175203 0.938379
vt 0.173612 0.988067
vt 0.165286 0.990733
vt 0.172832 0.991349
vt 0.597120 0.905049
vt 0.547673 0.905285
vt 0.547426 0.853552
vt 0.596873 0.853316
vt 0.544430 0.903015
vt 0.544205 0.855853
vt 0.185076 0.929158
vt 0.222405 0.927571
vt 0.224505 0.976974
vt 0.187176 0.978561
vt 0.185030 0.981887
vt 0.226925 0.980106
vt 0.760260 0.469049
vt 0.754416 0.469187
vt 0.753099 0.419682
vt 0.758954 0.419746
vt 0.748594 0.469332
vt 0.747210 0.419798
vt 0.753206 0.416392
vt 0.759595 0.416608
vt 0.742776 0.469497
vt 0.741320 0.420038
vt 0.747085 0.416537
vt 0.736952 0.469679
vt 0.735458 0.420438
vt 0.740972 0.416803
vt 0.734677 0.417394
vt 0.828457 0.495236
vt 0.827191 0.487243
vt 0.834377 0.485171
vt 0.835291 0.490944
vt 0.827191 0.446461
vt 0.834377 0.455718
vt 0.832132 0.502446
vt 0.837944 0.496152
vt 0.878924 0.446461
vt 0.871739 0.455718
vt 0.837854 0.508169
vt 0.842077 0.500285
vt 0.878924 0.487243
vt 0.871739 0.485171
vt 0.845065 0.511843
vt 0.847285 0.502938
vt 0.877658 0.495236
vt 0.870825 0.490944
vt 0.853058 0.513109
vt 0.853058 0.503852
vt 0.873984 0.502446
vt 0.868171 0.496152
vt 0.861051 0.511843
vt 0.858831 0.502938
vt 0.868262 0.508169
vt 0.864039 0.500285
vt 0.390397 0.852092
vt 0.387610 0.854595
vt 0.391002 0.847486
vt 0.392959 0.849759
vt 0.384784 0.851096
vt 0.389079 0.843616
vt 0.396444 0.840349
vt 0.397158 0.844905
vt 0.381989 0.858156
vt 0.384524 0.860756
vt 0.404155 0.839559
vt 0.404147 0.844282
vt 0.380943 0.865523
vt 0.383623 0.867143
vt 0.411796 0.840966
vt 0.411305 0.845718
vt 0.381374 0.903605
vt 0.383974 0.898888
vt 0.420045 0.842864
vt 0.418885 0.846802
vt 0.428241 0.903834
vt 0.425643 0.899064
vt 0.424818 0.850442
vt 0.421731 0.853762
vt 0.428565 0.865219
vt 0.425892 0.866784
vt 0.427431 0.857624
vt 0.424961 0.860256
vt 0.417155 0.848872
vt 0.420167 0.851290
vn -0.000000 0.000000 1.000000
vn -0.000000 0.000000 1.000000
vn -0.000000 0.000000 1.000000
vn -0.000000 0.000000 1.000000
vn 0.000000 0.000000 1.000000
vn 0.000000 0.000000 1.000000
vn 0.000000 0.000000 1.000000
vn 0.000000 0.000000 1.000000
vn 0.000000 0.000000 1.000000
vn 0.000000 0.000000 1.000000
vn 0.000000 0.000000 1.000000
vn 0.000000 0.000000 1.000000
vn -0.000000 0.000000 1.000000
vn -0.000000 0.000000 1.000000
vn -0.000000 0.000000 1.000000
vn -0.000000 0.000000 1.000000
vn 0.000000 0.000000 1.000000
vn 0.000000 0.000000 1.000000
vn 0.000000 0.000000 1.000000
vn 0.000000 0.000000 1.000000
vn 0.000000 0.000000 1.000000
vn 0.000000 0.000000 1.000000
vn 0.000000 0.000000 1.000000
vn 0.000000 0.000000 1.000000
vn 0.000000 0.000000 1.000000
vn 0.000000 0.000000 1.000000
vn 0.000000 0.000000 1.000000
vn 0.000000 0.000000 1.000000
vn 0.000000 0.000000 1.000000
vn 0.000000 0.000000 1.000000
vn 0.000000 0.000000 1.000000
vn 0.000000 0.000000 1.000000
vn 0.000000 0.000000 1.000000
vn 0.000000 0.000000 1.000000
vn 0.000000 0.000000 1.000000
vn 0.000000 0.000000 1.000000
vn 0.000000 0.000000 1.000000
vn 0.000000 0.000000 1.000000
vn 0.000000 0.000000 1.000000
vn 0.000000 0.000000 1.000000
vn -0.000001 -0.000000 1.000000
vn -0.000001 -0.000000 1.000000
vn -0.000001 -0.000000 1.000000
vn -0.000001 -0.000000 1.000000
vn 0.000000 -0.000000 1.000000
vn 0.000000 -0.000000 1.000000
vn 0.000000 -0.000000 1.000000
vn 0.000000 -0.000000 1.000000
vn 0.000000 -0.000000 1.000000
vn 0.000000 -0.000000 1.000000
vn 0.000000 -0.000000 1.000000
vn 0.000000 -0.000000 1.000000
vn -0.706269 0.018281 -0.707708
vn -0.706269 0.018281 -0.707708
vn -0.707107 0.000000 -0.707107
vn -0.707107 0.000000 -0.707107
vn -0.668521 0.216531 -0.711473
vn -0.668521 0.216531 -0.711473
vn -0.568507 0.413045 -0.711473
vn -0.568507 0.413045 -0.711473
vn -0.413046 0.568508 -0.711471
vn -0.413046 0.568509 -0.711471
vn -0.217151 0.668319 -0.711474
vn -0.217151 0.668319 -0.711474
vn 0.000000 0.702709 -0.711477
vn -0.000000 0.702709 -0.711477
vn 0.217150 0.668320 -0.711473
vn 0.217150 0.668320 -0.711473
vn 0.413046 0.568508 -0.711471
vn 0.413045 0.568509 -0.711471
vn 0.568508 0.413044 -0.711473
vn 0.568507 0.413045 -0.711473
vn 0.668522 0.216530 -0.711473
vn 0.668522 0.216531 -0.711473
vn 0.706269 0.018280 -0.707708
vn 0.706269 0.018281 -0.707708
vn 0.707107 0.000000 -0.707107
vn 0.707107 0.000000 -0.707107
vn 0.000000 -0.707104 -0.707109
vn 0.000000 -0.707104 -0.707109
vn 0.000000 -0.707104 -0.707109
vn 0.000000 -0.707104 -0.707109
vn 0.706262 -0.018398 -0.707711
vn 0.706262 -0.018398 -0.707711
vn 0.707106 0.000000 -0.707107
vn 0.707106 0.000000 -0.707107
vn 0.668066 -0.217933 -0.711473
vn 0.668066 -0.217933 -0.711473
vn 0.568506 -0.413044 -0.711475
vn 0.568506 -0.413043 -0.711475
vn 0.413043 -0.568504 -0.711476
vn 0.413044 -0.568504 -0.711476
vn 0.217150 -0.668319 -0.711474
vn 0.217150 -0.668319 -0.711474
vn -0.000001 -0.702714 -0.711472
vn -0.000001 -0.702714 -0.711472
vn -0.217151 -0.668320 -0.711473
vn -0.217151 -0.668320 -0.711473
vn -0.413042 -0.568505 -0.711476
vn -0.413043 -0.568505 -0.711476
vn -0.568506 -0.413043 -0.711474
vn -0.568507 -0.413043 -0.711474
vn -0.668067 -0.217932 -0.711472
vn -0.668067 -0.217933 -0.711472
vn -0.706262 -0.018398 -0.707711
vn -0.706262 -0.018398 -0.707711
vn -0.707106 0.000000 -0.707107
vn -0.707106 0.000000 -0.707107
vn 0.000000 0.707111 -0.707103
vn 0.000000 0.707111 -0.707103
vn 0.000000 0.707111 -0.707103
vn 0.000000 0.707111 -0.707103
vn -0.999663 0.025948 0.000000
vn -0.951056 0.309017 0.000000
vn -0.951056 0.309018 0.000000
vn -0.999663 0.025948 0.000000
vn -0.809017 0.587786 0.000000
vn -0.809017 0.587786 0.000000
vn -0.587785 0.809017 0.000000
vn -0.587785 0.809017 0.000000
vn -0.309018 0.951056 0.000000
vn -0.309018 0.951056 0.000000
vn 0.000000 1.000000 0.000000
vn 0.000000 1.000000 0.000000
vn 0.309018 0.951056 0.000000
vn 0.309018 0.951056 0.000000
vn 0.587785 0.809017 0.000000
vn 0.587785 0.809017 0.000000
vn 0.809017 0.587785 0.000000
vn 0.809017 0.587785 0.000000
vn 0.951057 0.309017 -0.000000
vn 0.951057 0.309017 -0.000000
vn 0.999663 0.025947 -0.000000
vn 0.999663 0.025947 -0.000000
vn -1.000000 -0.000000 0.000000
vn -1.000000 -0.000000 0.000000
vn 1.000000 0.000000 0.000000
vn 1.000000 0.000000 0.000000
vn 0.000000 -1.000000 0.000000
vn 0.000000 -1.000000 0.000000
vn 0.000000 -1.000000 0.000000
vn 0.000000 -1.000000 0.000000
vn -0.000000 0.000000 -1.000000
vn 0.000001 0.000000 -1.000000
vn 0.000000 0.000000 -1.000000
vn -0.000001 0.000000 -1.000000
vn -0.000000 0.000000 -1.000000
vn 0.000000 0.000000 -1.000000
vn 0.000000 0.000000 -1.000000
vn -0.000000 0.000000 -1.000000
vn 0.000000 0.000000 -1.000000
vn 0.000000 0.000000 -1.000000
vn 0.000000 0.000000 -1.000000
vn 0.000000 0.000000 -1.000000
vn -0.000000 0.000000 -1.000000
vn -0.000001 0.000000 -1.000000
vn -0.000001 0.000000 -1.000000
vn -0.000001 0.000000 -1.000000
vn 0.000000 0.000000 -1.000000
vn 0.000000 0.000000 -1.000000
vn -0.000000 0.000000 -1.000000
vn -0.000001 0.000000 -1.000000
vn -0.000001 0.000000 -1.000000
vn -0.000000 0.000000 -1.000000
vn -0.000000 0.000000 -1.000000
vn -0.000000 0.000000 -1.000000
vn -0.000000 0.000000 -1.000000
vn -0.000000 0.000000 -1.000000
vn 0.951056 -0.309018 -0.000000
vn 0.999663 -0.025948 -0.000000
vn 0.999663 -0.025948 -0.000000
vn 0.951056 -0.309018 -0.000000
vn 1.000000 0.000000 0.000000
vn 1.000000 0.000000 0.000000
vn 0.000000 1.000000 0.000000
vn 0.000000 1.000000 0.000000
vn 0.000000 1.000000 0.000000
vn 0.000000 1.000000 0.000000
vn -1.000000 0.000000 0.000000
vn -0.999663 -0.025948 -0.000000
vn -0.999663 -0.025948 -0.000000
vn -1.000000 0.000000 0.000000
vn -0.951056 -0.309017 -0.000000
vn -0.951056 -0.309017 -0.000000
vn -0.809017 -0.587785 0.000000
vn -0.809017 -0.587785 0.000000
vn -0.587785 -0.809017 0.000000
vn -0.587785 -0.809017 0.000000
vn -0.309018 -0.951056 0.000000
vn -0.309018 -0.951056 0.000000
vn -0.000001 -1.000000 0.000000
vn -0.000001 -1.000000 0.000000
vn 0.309018 -0.951056 0.000000
vn 0.309018 -0.951056 0.000000
vn 0.587787 -0.809016 0.000000
vn 0.587787 -0.809016 0.000000
vn 0.809017 -0.587786 0.000000
vn 0.809017 -0.587786 0.000000
s off
g pCylinder7 polySurface16
usemtl initialShadingGroup
f 1343/2357/2625 1342/2358/2626 1355/2359/2627 1356/2360/2628
f 1344/2363/2629 1343/2357/2630 1356/2360/2631 1357/2364/2632
f 1345/2367/2633 1344/2363/2634 1357/2364/2635 1358/2368/2636
f 1346/2371/2637 1345/2367/2638 1358/2368/2639 1359/2372/2640
f 1347/2375/2641 1346/2371/2642 1359/2372/2643 1360/2376/2644
f 1348/2379/2645 1347/2375/2646 1360/2376/2647 1361/2380/2648
f 1349/2381/2649 1348/2379/2650 1361/2380/2651 1362/2382/2652
f 1350/2377/2653 1349/2381/2654 1362/2382/2655 1363/2378/2656
f 1351/2373/2657 1350/2377/2658 1363/2378/2659 1364/2374/2660
f 1352/2369/2661 1351/2373/2662 1364/2374/2663 1365/2370/2664
f 1342/2358/2665 1353/2361/2666 1366/2362/2667 1355/2359/2668
f 1354/2365/2669 1352/2369/2670 1365/2370/2671 1367/2366/2672
f 1353/2361/2673 1354/2365/2674 1367/2366/2675 1366/2362/2676
s 1
f 1368/2260/2677 1369/2263/2678 1391/2270/2679 1390/2265/2680
f 1369/2263/2678 1368/2260/2677 1370/2259/2681 1371/2264/2682
f 1371/2264/2682 1370/2259/2681 1372/2262/2683 1373/2269/2684
f 1373/2269/2684 1372/2262/2683 1374/2268/2685 1375/2271/2686
f 1375/2321/2686 1374/2318/2685 1376/2317/2687 1377/2322/2688
f 1377/2322/2688 1376/2317/2687 1378/2320/2689 1379/2325/2690
f 1379/2325/2690 1378/2320/2689 1380/2324/2691 1381/2328/2692
f 1381/2328/2692 1380/2324/2691 1382/2327/2693 1383/2329/2694
f 1383/2285/2694 1382/2281/2693 1384/2275/2695 1385/2278/2696
f 1385/2278/2696 1384/2275/2695 1386/2274/2697 1387/2279/2698
f 1387/2279/2698 1386/2274/2697 1388/2277/2699 1389/2284/2700
f 1389/2284/2700 1388/2277/2699 1392/2283/2701 1393/2286/2702
s off
f 1390/2331/2703 1391/2334/2704 1393/2335/2705 1392/2332/2706
s 2
f 1394/2293/2707 1395/2289/2708 1417/2292/2709 1416/2297/2710
f 1395/2289/2708 1394/2293/2707 1396/2294/2711 1397/2290/2712
f 1397/2290/2712 1396/2294/2711 1398/2298/2713 1399/2296/2714
f 1399/2383/2714 1398/2384/2713 1400/2385/2715 1401/2386/2716
f 1401/2354/2716 1400/2356/2715 1402/2355/2717 1403/2351/2718
f 1403/2351/2718 1402/2355/2717 1404/2352/2719 1405/2347/2720
f 1405/2347/2720 1404/2352/2719 1406/2348/2721 1407/2344/2722
f 1407/2344/2722 1406/2348/2721 1408/2349/2723 1409/2345/2724
f 1409/2411/2724 1408/2402/2723 1410/2406/2725 1411/2412/2726
f 1411/2310/2726 1410/2314/2725 1412/2311/2727 1413/2306/2728
f 1413/2306/2728 1412/2311/2727 1414/2307/2729 1415/2303/2730
f 1415/2303/2730 1414/2307/2729 1418/2308/2731 1419/2304/2732
s off
f 1416/2340/2733 1417/2339/2734 1419/2338/2735 1418/2341/2736
s 3
f 1342/2257/2737 1343/2258/2738 1370/2259/2739 1368/2260/2740
f 1343/2258/2738 1344/2261/2741 1372/2262/2742 1370/2259/2739
f 1344/2261/2741 1345/2267/2743 1374/2268/2744 1372/2262/2742
f 1345/2315/2743 1346/2316/2745 1376/2317/2746 1374/2318/2744
f 1346/2316/2745 1347/2319/2747 1378/2320/2748 1376/2317/2746
f 1347/2319/2747 1348/2323/2749 1380/2324/2750 1378/2320/2748
f 1348/2323/2749 1349/2326/2751 1382/2327/2752 1380/2324/2750
f 1349/2280/2751 1350/2272/2753 1384/2275/2754 1382/2281/2752
f 1350/2272/2753 1351/2273/2755 1386/2274/2756 1384/2275/2754
f 1351/2273/2755 1352/2276/2757 1388/2277/2758 1386/2274/2756
f 1342/2257/2737 1368/2260/2740 1390/2265/2759 1353/2266/2760
f 1388/2277/2758 1352/2276/2757 1354/2282/2761 1392/2283/2762
s off
f 1353/2330/2763 1390/2331/2764 1392/2332/2765 1354/2333/2766
s 4
f 1369/2395/2767 1371/2391/2768 1396/2392/2769 1394/2396/2770
f 1371/2391/2768 1373/2387/2771 1398/2384/2772 1396/2392/2769
f 1373/2387/2771 1375/2388/2773 1400/2385/2774 1398/2384/2772
f 1375/2388/2773 1377/2389/2775 1402/2390/2776 1400/2385/2774
f 1377/2389/2775 1379/2393/2777 1404/2394/2778 1402/2390/2776
f 1379/2393/2777 1381/2397/2779 1406/2398/2780 1404/2394/2778
f 1381/2397/2779 1383/2401/2781 1408/2402/2782 1406/2398/2780
f 1383/2401/2781 1385/2405/2783 1410/2406/2784 1408/2402/2782
f 1385/2405/2783 1387/2409/2785 1412/2410/2786 1410/2406/2784
f 1387/2409/2785 1389/2407/2787 1414/2408/2788 1412/2410/2786
f 1391/2399/2789 1369/2395/2767 1394/2396/2770 1416/2400/2790
f 1389/2407/2787 1393/2403/2791 1418/2404/2792 1414/2408/2788
f 1393/2403/2791 1391/2399/2789 1416/2400/2790 1418/2404/2792
s 5
f 1356/2287/2793 1355/2288/2794 1395/2289/2795 1397/2290/2796
f 1355/2288/2794 1366/2291/2797 1417/2292/2798 1395/2289/2795
s off
f 1366/2336/2799 1367/2337/2800 1419/2338/2801 1417/2339/2802
s 5
f 1367/2301/2803 1365/2302/2804 1415/2303/2805 1419/2304/2806
f 1365/2302/2804 1364/2305/2807 1413/2306/2808 1415/2303/2805
f 1364/2305/2807 1363/2309/2809 1411/2310/2810 1413/2306/2808
f 1363/2309/2809 1362/2312/2811 1409/2313/2812 1411/2310/2810
f 1362/2342/2811 1361/2343/2813 1407/2344/2814 1409/2345/2812
f 1361/2343/2813 1360/2346/2815 1405/2347/2816 1407/2344/2814
f 1360/2346/2815 1359/2350/2817 1403/2351/2818 1405/2347/2816
f 1359/2350/2817 1358/2353/2819 1401/2354/2820 1403/2351/2818
f 1358/2299/2819 1357/2295/2821 1399/2296/2822 1401/2300/2820
f 1357/2295/2821 1356/2287/2793 1397/2290/2796 1399/2296/2822
g default
v 0.521126 -3.732237 -0.440682
v 0.521126 -3.596029 -0.419108
v 0.521126 -3.473154 -0.356501
v 0.521126 -3.375640 -0.258986
v 0.521126 -3.313032 -0.136112
v 0.521126 -3.291459 0.000096
v 0.521126 -3.313032 0.136304
v 0.521126 -3.375640 0.259179
v 0.521126 -3.473154 0.356693
v 0.521126 -3.596029 0.419301
v 0.521126 -3.732237 0.440874
v 0.521126 -4.427170 -0.440682
v 0.521126 -4.427170 0.440874
v 0.521126 -3.767536 -0.318243
v 0.521126 -3.669164 -0.302663
v 0.521126 -3.580421 -0.257446
v 0.521126 -3.509994 -0.187019
v 0.521126 -3.464777 -0.098276
v 0.521126 -3.449196 0.000096
v 0.521126 -3.464777 0.098469
v 0.521126 -3.509994 0.187212
v 0.521126 -3.580421 0.257638
v 0.521126 -3.669164 0.302855
v 0.521126 -3.767536 0.318436
v 0.521126 -4.269432 -0.318243
v 0.521126 -4.269432 0.318436
v 1.363737 -3.732237 -0.440682
v 1.402682 -3.735301 -0.401737
v 1.363737 -3.596029 -0.419108
v 1.402682 -3.608213 -0.381608
v 1.363737 -3.473154 -0.356501
v 1.402682 -3.496330 -0.324601
v 1.363737 -3.375640 -0.258986
v 1.402682 -3.407539 -0.235810
v 1.363737 -3.313032 -0.136112
v 1.402682 -3.350533 -0.123927
v 1.363737 -3.291458 0.000096
v 1.402682 -3.330889 0.000096
v 1.363737 -3.313032 0.136304
v 1.402682 -3.350533 0.124120
v 1.363737 -3.375640 0.259179
v 1.402682 -3.407539 0.236002
v 1.363737 -3.473154 0.356693
v 1.402682 -3.496330 0.324793
v 1.363737 -3.596029 0.419301
v 1.402682 -3.608213 0.381800
v 1.363737 -3.732237 0.440874
v 1.402682 -3.735301 0.401929
v 1.363737 -4.427170 -0.440682
v 1.402682 -4.388225 -0.401737
v 1.363737 -4.427170 0.440874
v 1.402682 -4.388225 0.401929
v 1.402682 -3.764471 -0.357188
v 1.363737 -3.767536 -0.318243
v 1.402682 -3.656979 -0.340163
v 1.363737 -3.669163 -0.302663
v 1.402682 -3.557244 -0.289346
v 1.363737 -3.580421 -0.257446
v 1.402682 -3.478094 -0.210196
v 1.363737 -3.509994 -0.187019
v 1.402682 -3.427276 -0.110461
v 1.363737 -3.464777 -0.098276
v 1.402682 -3.409766 0.000096
v 1.363737 -3.449196 0.000096
v 1.402682 -3.427277 0.110653
v 1.363737 -3.464777 0.098469
v 1.402682 -3.478094 0.210388
v 1.363737 -3.509994 0.187212
v 1.402682 -3.557244 0.289538
v 1.363737 -3.580421 0.257638
v 1.402682 -3.656979 0.340356
v 1.363737 -3.669163 0.302855
v 1.402682 -3.764471 0.357381
v 1.363737 -3.767536 0.318436
v 1.402682 -4.308377 -0.357188
v 1.363737 -4.269432 -0.318243
v 1.402682 -4.308377 0.357381
v 1.363737 -4.269432 0.318436
vt 0.342917 0.463572
vt 0.342385 0.471723
vt 0.293253 0.468461
vt 0.293732 0.460480
vt 0.341796 0.479869
vt 0.292577 0.476426
vt 0.290515 0.460319
vt 0.290053 0.468249
vt 0.295485 0.420011
vt 0.345174 0.422538
vt 0.341154 0.487983
vt 0.291670 0.484410
vt 0.289390 0.475985
vt 0.292146 0.422191
vt 0.288429 0.483481
vt 0.485428 0.846909
vt 0.485145 0.838758
vt 0.534451 0.837502
vt 0.534749 0.845499
vt 0.484913 0.830588
vt 0.534348 0.829516
vt 0.537930 0.845223
vt 0.537705 0.837435
vt 0.485734 0.855008
vt 0.535296 0.853548
vt 0.484342 0.789711
vt 0.533864 0.788822
vt 0.537567 0.829459
vt 0.538529 0.852749
vt 0.537133 0.791118
vt 0.918949 0.585864
vt 0.913137 0.585782
vt 0.913587 0.536186
vt 0.919482 0.536230
vt 0.883853 0.585597
vt 0.883976 0.536408
vt 0.913587 0.532959
vt 0.919625 0.532939
vt 0.924782 0.585961
vt 0.925337 0.536494
vt 0.881612 0.533199
vt 0.926042 0.533360
vt 0.930623 0.586060
vt 0.931186 0.536594
vt 0.905338 0.841208
vt 0.934781 0.841047
vt 0.935188 0.890585
vt 0.905716 0.890541
vt 0.940599 0.840979
vt 0.941076 0.890533
vt 0.935211 0.893813
vt 0.903380 0.893764
vt 0.946419 0.840894
vt 0.946947 0.890286
vt 0.941250 0.893835
vt 0.952261 0.840802
vt 0.952795 0.890195
vt 0.947610 0.893388
vt 0.958998 0.841234
vt 0.967097 0.841395
vt 0.965874 0.890755
vt 0.957801 0.890841
vt 0.975237 0.841578
vt 0.973890 0.890913
vt 0.958416 0.894114
vt 0.965975 0.893944
vt 0.983382 0.841811
vt 0.981895 0.891233
vt 0.973792 0.894122
vt 0.991510 0.842086
vt 0.989919 0.891774
vt 0.981593 0.894440
vt 0.989139 0.895056
vt 0.542699 0.906395
vt 0.493252 0.906631
vt 0.493006 0.854898
vt 0.542453 0.854662
vt 0.490009 0.904361
vt 0.489784 0.857199
vt 0.941521 0.682428
vt 0.978850 0.680842
vt 0.980950 0.730245
vt 0.943621 0.731831
vt 0.941474 0.735158
vt 0.983370 0.733377
vt 0.286801 0.449395
vt 0.280957 0.449533
vt 0.279641 0.400027
vt 0.285495 0.400092
vt 0.275135 0.449677
vt 0.273752 0.400143
vt 0.279747 0.396738
vt 0.286137 0.396954
vt 0.269318 0.449842
vt 0.267862 0.400384
vt 0.273627 0.396883
vt 0.263494 0.450025
vt 0.261999 0.400783
vt 0.267514 0.397149
vt 0.261218 0.397739
vt 0.828457 0.293509
vt 0.827191 0.285516
vt 0.834377 0.283445
vt 0.835291 0.289217
vt 0.827191 0.244735
vt 0.834377 0.253991
vt 0.832132 0.300720
vt 0.837944 0.294425
vt 0.878924 0.244735
vt 0.871739 0.253991
vt 0.837854 0.306443
vt 0.842077 0.298558
vt 0.878924 0.285516
vt 0.871739 0.283445
vt 0.845065 0.310117
vt 0.847285 0.301212
vt 0.877658 0.293509
vt 0.870825 0.289217
vt 0.853058 0.311383
vt 0.853058 0.302126
vt 0.873984 0.300720
vt 0.868171 0.294425
vt 0.861051 0.310117
vt 0.858831 0.301212
vt 0.868262 0.306443
vt 0.864039 0.298558
vt 0.863855 0.855124
vt 0.861068 0.857627
vt 0.864460 0.850518
vt 0.866418 0.852792
vt 0.858242 0.854128
vt 0.862537 0.846648
vt 0.869902 0.843381
vt 0.870616 0.847937
vt 0.855447 0.861189
vt 0.857983 0.863788
vt 0.877613 0.842592
vt 0.877606 0.847315
vt 0.854402 0.868555
vt 0.857081 0.870176
vt 0.885255 0.843998
vt 0.884763 0.848750
vt 0.854832 0.906638
vt 0.857432 0.901920
vt 0.893504 0.845896
vt 0.892343 0.849835
vt 0.901699 0.906866
vt 0.899102 0.902096
vt 0.898277 0.853475
vt 0.895189 0.856795
vt 0.902023 0.868252
vt 0.899350 0.869816
vt 0.900889 0.860657
vt 0.898419 0.863289
vt 0.890614 0.851904
vt 0.893625 0.854322
vn -1.000000 0.000000 -0.000000
vn -1.000000 0.000000 -0.000000
vn -1.000000 0.000000 -0.000000
vn -1.000000 0.000000 -0.000000
vn -1.000000 0.000000 0.000000
vn -1.000000 0.000000 0.000000
vn -1.000000 0.000000 0.000000
vn -1.000000 0.000000 0.000000
vn -1.000000 0.000000 0.000000
vn -1.000000 0.000000 0.000000
vn -1.000000 0.000000 0.000000
vn -1.000000 0.000000 0.000000
vn -1.000000 0.000000 -0.000000
vn -1.000000 0.000000 -0.000000
vn -1.000000 0.000000 -0.000000
vn -1.000000 0.000000 -0.000000
vn -1.000000 0.000000 0.000000
vn -1.000000 0.000000 0.000000
vn -1.000000 0.000000 0.000000
vn -1.000000 0.000000 0.000000
vn -1.000000 0.000000 0.000000
vn -1.000000 0.000000 0.000000
vn -1.000000 0.000000 0.000000
vn -1.000000 0.000000 0.000000
vn -1.000000 0.000000 0.000000
vn -1.000000 0.000000 0.000000
vn -1.000000 0.000000 0.000000
vn -1.000000 0.000000 0.000000
vn -1.000000 0.000000 0.000000
vn -1.000000 0.000000 0.000000
vn -1.000000 0.000000 0.000000
vn -1.000000 0.000000 0.000000
vn -1.000000 0.000000 0.000000
vn -1.000000 0.000000 0.000000
vn -1.000000 0.000000 0.000000
vn -1.000000 0.000000 0.000000
vn -1.000000 0.000000 0.000000
vn -1.000000 0.000000 0.000000
vn -1.000000 0.000000 0.000000
vn -1.000000 0.000000 0.000000
vn -1.000000 -0.000000 -0.000001
vn -1.000000 -0.000000 -0.000001
vn -1.000000 -0.000000 -0.000001
vn -1.000000 -0.000000 -0.000001
vn -1.000000 -0.000000 0.000000
vn -1.000000 -0.000000 0.000000
vn -1.000000 -0.000000 0.000000
vn -1.000000 -0.000000 0.000000
vn -1.000000 -0.000000 0.000000
vn -1.000000 -0.000000 0.000000
vn -1.000000 -0.000000 0.000000
vn -1.000000 -0.000000 0.000000
vn 0.707708 0.018281 -0.706269
vn 0.707708 0.018281 -0.706269
vn 0.707107 0.000000 -0.707107
vn 0.707107 0.000000 -0.707107
vn 0.711473 0.216531 -0.668521
vn 0.711473 0.216531 -0.668521
vn 0.711473 0.413045 -0.568507
vn 0.711473 0.413045 -0.568507
vn 0.711471 0.568508 -0.413046
vn 0.711471 0.568509 -0.413046
vn 0.711474 0.668319 -0.217151
vn 0.711474 0.668319 -0.217151
vn 0.711477 0.702709 0.000000
vn 0.711477 0.702709 -0.000000
vn 0.711473 0.668320 0.217150
vn 0.711473 0.668320 0.217150
vn 0.711471 0.568508 0.413046
vn 0.711471 0.568509 0.413045
vn 0.711473 0.413044 0.568508
vn 0.711473 0.413045 0.568507
vn 0.711473 0.216530 0.668522
vn 0.711473 0.216531 0.668522
vn 0.707708 0.018280 0.706269
vn 0.707708 0.018281 0.706269
vn 0.707107 0.000000 0.707107
vn 0.707107 0.000000 0.707107
vn 0.707109 -0.707104 -0.000000
vn 0.707109 -0.707104 -0.000000
vn 0.707109 -0.707104 -0.000000
vn 0.707109 -0.707104 -0.000000
vn 0.707711 -0.018398 0.706262
vn 0.707711 -0.018398 0.706262
vn 0.707107 0.000000 0.707106
vn 0.707107 0.000000 0.707106
vn 0.711473 -0.217933 0.668066
vn 0.711473 -0.217933 0.668066
vn 0.711475 -0.413044 0.568506
vn 0.711475 -0.413043 0.568506
vn 0.711476 -0.568504 0.413043
vn 0.711476 -0.568504 0.413044
vn 0.711474 -0.668319 0.217150
vn 0.711474 -0.668319 0.217150
vn 0.711472 -0.702714 -0.000001
vn 0.711472 -0.702714 -0.000001
vn 0.711473 -0.668320 -0.217151
vn 0.711473 -0.668320 -0.217151
vn 0.711476 -0.568505 -0.413042
vn 0.711476 -0.568505 -0.413043
vn 0.711474 -0.413043 -0.568506
vn 0.711474 -0.413043 -0.568507
vn 0.711472 -0.217932 -0.668067
vn 0.711472 -0.217933 -0.668067
vn 0.707711 -0.018398 -0.706262
vn 0.707711 -0.018398 -0.706262
vn 0.707107 0.000000 -0.707106
vn 0.707107 0.000000 -0.707106
vn 0.707103 0.707111 -0.000000
vn 0.707103 0.707111 -0.000000
vn 0.707103 0.707111 -0.000000
vn 0.707103 0.707111 -0.000000
vn -0.000000 0.025948 -0.999663
vn -0.000000 0.309017 -0.951056
vn -0.000000 0.309018 -0.951056
vn -0.000000 0.025948 -0.999663
vn -0.000000 0.587786 -0.809017
vn -0.000000 0.587786 -0.809017
vn -0.000000 0.809017 -0.587785
vn -0.000000 0.809017 -0.587785
vn -0.000000 0.951056 -0.309018
vn -0.000000 0.951056 -0.309018
vn -0.000000 1.000000 0.000000
vn -0.000000 1.000000 0.000000
vn -0.000000 0.951056 0.309018
vn -0.000000 0.951056 0.309018
vn 0.000000 0.809017 0.587785
vn 0.000000 0.809017 0.587785
vn 0.000000 0.587785 0.809017
vn 0.000000 0.587785 0.809017
vn 0.000000 0.309017 0.951057
vn 0.000000 0.309017 0.951057
vn 0.000000 0.025947 0.999663
vn 0.000000 0.025947 0.999663
vn -0.000000 -0.000000 -1.000000
vn -0.000000 -0.000000 -1.000000
vn 0.000000 0.000000 1.000000
vn 0.000000 0.000000 1.000000
vn 0.000000 -1.000000 0.000000
vn 0.000000 -1.000000 0.000000
vn 0.000000 -1.000000 0.000000
vn 0.000000 -1.000000 0.000000
vn 1.000000 0.000000 -0.000000
vn 1.000000 0.000000 0.000001
vn 1.000000 0.000000 0.000000
vn 1.000000 0.000000 -0.000001
vn 1.000000 0.000000 -0.000000
vn 1.000000 0.000000 0.000000
vn 1.000000 0.000000 0.000000
vn 1.000000 0.000000 -0.000000
vn 1.000000 0.000000 0.000000
vn 1.000000 0.000000 0.000000
vn 1.000000 0.000000 0.000000
vn 1.000000 0.000000 0.000000
vn 1.000000 0.000000 -0.000000
vn 1.000000 0.000000 -0.000001
vn 1.000000 0.000000 -0.000001
vn 1.000000 0.000000 -0.000001
vn 1.000000 0.000000 -0.000000
vn 1.000000 0.000000 -0.000000
vn 1.000000 0.000000 -0.000000
vn 1.000000 0.000000 -0.000001
vn 1.000000 0.000000 -0.000001
vn 1.000000 0.000000 -0.000000
vn 1.000000 0.000000 -0.000000
vn 1.000000 0.000000 -0.000000
vn 1.000000 0.000000 -0.000000
vn 1.000000 0.000000 -0.000000
vn 0.000000 -0.309018 0.951056
vn 0.000000 -0.025948 0.999663
vn 0.000000 -0.025948 0.999663
vn 0.000000 -0.309018 0.951056
vn 0.000000 0.000000 1.000000
vn 0.000000 0.000000 1.000000
vn 0.000000 1.000000 0.000000
vn 0.000000 1.000000 0.000000
vn 0.000000 1.000000 0.000000
vn 0.000000 1.000000 0.000000
vn -0.000000 0.000000 -1.000000
vn 0.000000 -0.025948 -0.999663
vn 0.000000 -0.025948 -0.999663
vn -0.000000 0.000000 -1.000000
vn 0.000000 -0.309017 -0.951056
vn 0.000000 -0.309017 -0.951056
vn -0.000000 -0.587785 -0.809017
vn -0.000000 -0.587785 -0.809017
vn -0.000000 -0.809017 -0.587785
vn -0.000000 -0.809017 -0.587785
vn -0.000000 -0.951056 -0.309018
vn -0.000000 -0.951056 -0.309018
vn -0.000000 -1.000000 -0.000001
vn -0.000000 -1.000000 -0.000001
vn 0.000000 -0.951056 0.309018
vn 0.000000 -0.951056 0.309018
vn 0.000000 -0.809016 0.587787
vn 0.000000 -0.809016 0.587787
vn 0.000000 -0.587786 0.809017
vn 0.000000 -0.587786 0.809017
s off
g pCylinder8 polySurface10
usemtl initialShadingGroup
f 1421/2513/2823 1420/2514/2824 1433/2515/2825 1434/2516/2826
f 1422/2519/2827 1421/2513/2828 1434/2516/2829 1435/2520/2830
f 1423/2523/2831 1422/2519/2832 1435/2520/2833 1436/2524/2834
f 1424/2527/2835 1423/2523/2836 1436/2524/2837 1437/2528/2838
f 1425/2531/2839 1424/2527/2840 1437/2528/2841 1438/2532/2842
f 1426/2535/2843 1425/2531/2844 1438/2532/2845 1439/2536/2846
f 1427/2537/2847 1426/2535/2848 1439/2536/2849 1440/2538/2850
f 1428/2533/2851 1427/2537/2852 1440/2538/2853 1441/2534/2854
f 1429/2529/2855 1428/2533/2856 1441/2534/2857 1442/2530/2858
f 1430/2525/2859 1429/2529/2860 1442/2530/2861 1443/2526/2862
f 1420/2514/2863 1431/2517/2864 1444/2518/2865 1433/2515/2866
f 1432/2521/2867 1430/2525/2868 1443/2526/2869 1445/2522/2870
f 1431/2517/2871 1432/2521/2872 1445/2522/2873 1444/2518/2874
s 1
f 1446/2416/2875 1447/2419/2876 1469/2426/2877 1468/2421/2878
f 1447/2419/2876 1446/2416/2875 1448/2415/2879 1449/2420/2880
f 1449/2420/2880 1448/2415/2879 1450/2418/2881 1451/2425/2882
f 1451/2425/2882 1450/2418/2881 1452/2424/2883 1453/2427/2884
f 1453/2477/2884 1452/2474/2883 1454/2473/2885 1455/2478/2886
f 1455/2478/2886 1454/2473/2885 1456/2476/2887 1457/2481/2888
f 1457/2481/2888 1456/2476/2887 1458/2480/2889 1459/2484/2890
f 1459/2484/2890 1458/2480/2889 1460/2483/2891 1461/2485/2892
f 1461/2441/2892 1460/2437/2891 1462/2431/2893 1463/2434/2894
f 1463/2434/2894 1462/2431/2893 1464/2430/2895 1465/2435/2896
f 1465/2435/2896 1464/2430/2895 1466/2433/2897 1467/2440/2898
f 1467/2440/2898 1466/2433/2897 1470/2439/2899 1471/2442/2900
s off
f 1468/2487/2901 1469/2490/2902 1471/2491/2903 1470/2488/2904
s 2
f 1472/2449/2905 1473/2445/2906 1495/2448/2907 1494/2453/2908
f 1473/2445/2906 1472/2449/2905 1474/2450/2909 1475/2446/2910
f 1475/2446/2910 1474/2450/2909 1476/2454/2911 1477/2452/2912
f 1477/2539/2912 1476/2540/2911 1478/2541/2913 1479/2542/2914
f 1479/2510/2914 1478/2512/2913 1480/2511/2915 1481/2507/2916
f 1481/2507/2916 1480/2511/2915 1482/2508/2917 1483/2503/2918
f 1483/2503/2918 1482/2508/2917 1484/2504/2919 1485/2500/2920
f 1485/2500/2920 1484/2504/2919 1486/2505/2921 1487/2501/2922
f 1487/2567/2922 1486/2558/2921 1488/2562/2923 1489/2568/2924
f 1489/2466/2924 1488/2470/2923 1490/2467/2925 1491/2462/2926
f 1491/2462/2926 1490/2467/2925 1492/2463/2927 1493/2459/2928
f 1493/2459/2928 1492/2463/2927 1496/2464/2929 1497/2460/2930
s off
f 1494/2496/2931 1495/2495/2932 1497/2494/2933 1496/2497/2934
s 3
f 1420/2413/2935 1421/2414/2936 1448/2415/2937 1446/2416/2938
f 1421/2414/2936 1422/2417/2939 1450/2418/2940 1448/2415/2937
f 1422/2417/2939 1423/2423/2941 1452/2424/2942 1450/2418/2940
f 1423/2471/2941 1424/2472/2943 1454/2473/2944 1452/2474/2942
f 1424/2472/2943 1425/2475/2945 1456/2476/2946 1454/2473/2944
f 1425/2475/2945 1426/2479/2947 1458/2480/2948 1456/2476/2946
f 1426/2479/2947 1427/2482/2949 1460/2483/2950 1458/2480/2948
f 1427/2436/2949 1428/2428/2951 1462/2431/2952 1460/2437/2950
f 1428/2428/2951 1429/2429/2953 1464/2430/2954 1462/2431/2952
f 1429/2429/2953 1430/2432/2955 1466/2433/2956 1464/2430/2954
f 1420/2413/2935 1446/2416/2938 1468/2421/2957 1431/2422/2958
f 1466/2433/2956 1430/2432/2955 1432/2438/2959 1470/2439/2960
s off
f 1431/2486/2961 1468/2487/2962 1470/2488/2963 1432/2489/2964
s 4
f 1447/2551/2965 1449/2547/2966 1474/2548/2967 1472/2552/2968
f 1449/2547/2966 1451/2543/2969 1476/2540/2970 1474/2548/2967
f 1451/2543/2969 1453/2544/2971 1478/2541/2972 1476/2540/2970
f 1453/2544/2971 1455/2545/2973 1480/2546/2974 1478/2541/2972
f 1455/2545/2973 1457/2549/2975 1482/2550/2976 1480/2546/2974
f 1457/2549/2975 1459/2553/2977 1484/2554/2978 1482/2550/2976
f 1459/2553/2977 1461/2557/2979 1486/2558/2980 1484/2554/2978
f 1461/2557/2979 1463/2561/2981 1488/2562/2982 1486/2558/2980
f 1463/2561/2981 1465/2565/2983 1490/2566/2984 1488/2562/2982
f 1465/2565/2983 1467/2563/2985 1492/2564/2986 1490/2566/2984
f 1469/2555/2987 1447/2551/2965 1472/2552/2968 1494/2556/2988
f 1467/2563/2985 1471/2559/2989 1496/2560/2990 1492/2564/2986
f 1471/2559/2989 1469/2555/2987 1494/2556/2988 1496/2560/2990
s 5
f 1434/2443/2991 1433/2444/2992 1473/2445/2993 1475/2446/2994
f 1433/2444/2992 1444/2447/2995 1495/2448/2996 1473/2445/2993
s off
f 1444/2492/2997 1445/2493/2998 1497/2494/2999 1495/2495/3000
s 5
f 1445/2457/3001 1443/2458/3002 1493/2459/3003 1497/2460/3004
f 1443/2458/3002 1442/2461/3005 1491/2462/3006 1493/2459/3003
f 1442/2461/3005 1441/2465/3007 1489/2466/3008 1491/2462/3006
f 1441/2465/3007 1440/2468/3009 1487/2469/3010 1489/2466/3008
f 1440/2498/3009 1439/2499/3011 1485/2500/3012 1487/2501/3010
f 1439/2499/3011 1438/2502/3013 1483/2503/3014 1485/2500/3012
f 1438/2502/3013 1437/2506/3015 1481/2507/3016 1483/2503/3014
f 1437/2506/3015 1436/2509/3017 1479/2510/3018 1481/2507/3016
f 1436/2455/3017 1435/2451/3019 1477/2452/3020 1479/2456/3018
f 1435/2451/3019 1434/2443/2991 1475/2446/2994 1477/2452/3020
g default
v 0.521126 0.697947 -0.440682
v 0.521126 0.834155 -0.419108
v 0.521126 0.957030 -0.356501
v 0.521126 1.054544 -0.258986
v 0.521126 1.117152 -0.136112
v 0.521126 1.138725 0.000096
v 0.521126 1.117152 0.136304
v 0.521126 1.054544 0.259179
v 0.521126 0.957030 0.356693
v 0.521126 0.834155 0.419301
v 0.521126 0.697947 0.440874
v 0.521126 0.003014 -0.440682
v 0.521126 0.003014 0.440874
v 0.521126 0.662648 -0.318243
v 0.521126 0.761020 -0.302663
v 0.521126 0.849763 -0.257446
v 0.521126 0.920190 -0.187019
v 0.521126 0.965407 -0.098276
v 0.521126 0.980988 0.000096
v 0.521126 0.965407 0.098469
v 0.521126 0.920190 0.187212
v 0.521126 0.849763 0.257638
v 0.521126 0.761020 0.302855
v 0.521126 0.662648 0.318436
v 0.521126 0.160752 -0.318243
v 0.521126 0.160752 0.318436
v 1.363737 0.697947 -0.440682
v 1.402682 0.694882 -0.401737
v 1.363737 0.834155 -0.419108
v 1.402682 0.821970 -0.381608
v 1.363737 0.957030 -0.356501
v 1.402682 0.933853 -0.324601
v 1.363737 1.054544 -0.258986
v 1.402682 1.022644 -0.235810
v 1.363737 1.117152 -0.136112
v 1.402682 1.079651 -0.123927
v 1.363737 1.138725 0.000096
v 1.402682 1.099295 0.000096
v 1.363737 1.117152 0.136304
v 1.402682 1.079651 0.124120
v 1.363737 1.054544 0.259179
v 1.402682 1.022644 0.236002
v 1.363737 0.957030 0.356693
v 1.402682 0.933853 0.324793
v 1.363737 0.834155 0.419301
v 1.402682 0.821970 0.381800
v 1.363737 0.697947 0.440874
v 1.402682 0.694882 0.401929
v 1.363737 0.003014 -0.440682
v 1.402682 0.041959 -0.401737
v 1.363737 0.003014 0.440874
v 1.402682 0.041959 0.401929
v 1.402682 0.665713 -0.357188
v 1.363737 0.662648 -0.318243
v 1.402682 0.773205 -0.340163
v 1.363737 0.761020 -0.302663
v 1.402682 0.872940 -0.289346
v 1.363737 0.849763 -0.257446
v 1.402682 0.952090 -0.210196
v 1.363737 0.920190 -0.187019
v 1.402682 1.002908 -0.110461
v 1.363737 0.965407 -0.098276
v 1.402682 1.020418 0.000096
v 1.363737 0.980988 0.000096
v 1.402682 1.002907 0.110653
v 1.363737 0.965407 0.098469
v 1.402682 0.952090 0.210388
v 1.363737 0.920190 0.187212
v 1.402682 0.872940 0.289538
v 1.363737 0.849763 0.257638
v 1.402682 0.773205 0.340356
v 1.363737 0.761020 0.302855
v 1.402682 0.665713 0.357381
v 1.363737 0.662648 0.318436
v 1.402682 0.121807 -0.357188
v 1.363737 0.160752 -0.318243
v 1.402682 0.121807 0.357381
v 1.363737 0.160752 0.318436
vt 0.767396 0.311700
vt 0.766865 0.319851
vt 0.717732 0.316588
vt 0.718211 0.308608
vt 0.766276 0.327997
vt 0.717056 0.324554
vt 0.714995 0.308447
vt 0.714533 0.316377
vt 0.719965 0.268139
vt 0.769654 0.270666
vt 0.765634 0.336111
vt 0.716150 0.332538
vt 0.713869 0.324113
vt 0.716626 0.270319
vt 0.712908 0.331609
vt 0.713994 0.752257
vt 0.713711 0.744107
vt 0.763017 0.742850
vt 0.763315 0.750848
vt 0.713480 0.735936
vt 0.762914 0.734864
vt 0.766496 0.750571
vt 0.766272 0.742783
vt 0.714300 0.760356
vt 0.763862 0.758897
vt 0.712908 0.695059
vt 0.762430 0.694170
vt 0.766133 0.734807
vt 0.767095 0.758097
vt 0.765699 0.696466
vt 0.162504 0.937672
vt 0.156693 0.937590
vt 0.157142 0.887993
vt 0.163037 0.888037
vt 0.127408 0.937404
vt 0.127532 0.888215
vt 0.157142 0.884767
vt 0.163180 0.884747
vt 0.168337 0.937769
vt 0.168892 0.888301
vt 0.125167 0.885006
vt 0.169597 0.885167
vt 0.174178 0.937867
vt 0.174741 0.888401
vt 0.274061 0.926859
vt 0.303503 0.926698
vt 0.303910 0.976237
vt 0.274439 0.976193
vt 0.309321 0.926631
vt 0.309798 0.976185
vt 0.303933 0.979465
vt 0.272102 0.979415
vt 0.315142 0.926545
vt 0.315670 0.975937
vt 0.309973 0.979486
vt 0.320983 0.926453
vt 0.321518 0.975847
vt 0.316332 0.979040
vt 0.676011 0.694970
vt 0.684111 0.695130
vt 0.682887 0.744490
vt 0.674814 0.744576
vt 0.692250 0.695313
vt 0.690903 0.744649
vt 0.675429 0.747850
vt 0.682989 0.747679
vt 0.700395 0.695546
vt 0.698909 0.744968
vt 0.690806 0.747857
vt 0.708524 0.695821
vt 0.706933 0.745509
vt 0.698607 0.748175
vt 0.706152 0.748792
vt 0.678751 0.932325
vt 0.629304 0.932561
vt 0.629057 0.880829
vt 0.678504 0.880593
vt 0.626061 0.930291
vt 0.625836 0.883129
vt 0.272149 0.564558
vt 0.309478 0.562971
vt 0.311578 0.612374
vt 0.274249 0.613961
vt 0.272102 0.617287
vt 0.313998 0.615507
vt 0.199729 0.614793
vt 0.193885 0.614931
vt 0.192568 0.565425
vt 0.198423 0.565490
vt 0.188062 0.615075
vt 0.186679 0.565542
vt 0.192675 0.562136
vt 0.199064 0.562352
vt 0.182245 0.615240
vt 0.180789 0.565782
vt 0.186554 0.562281
vt 0.176421 0.615423
vt 0.174927 0.566181
vt 0.180441 0.562547
vt 0.174146 0.563137
vt 0.823015 0.416109
vt 0.821749 0.408116
vt 0.828935 0.406044
vt 0.829849 0.411817
vt 0.821749 0.367335
vt 0.828935 0.376591
vt 0.826689 0.423320
vt 0.832502 0.417025
vt 0.873482 0.367335
vt 0.866297 0.376591
vt 0.832412 0.429042
vt 0.836635 0.421158
vt 0.873482 0.408116
vt 0.866297 0.406044
vt 0.839623 0.432716
vt 0.841843 0.423811
vt 0.872216 0.416109
vt 0.865383 0.411817
vt 0.847616 0.433982
vt 0.847616 0.424726
vt 0.868542 0.423320
vt 0.862729 0.417025
vt 0.855609 0.432716
vt 0.853389 0.423811
vt 0.862820 0.429042
vt 0.858597 0.421158
vt 0.071193 0.830386
vt 0.067608 0.833807
vt 0.070566 0.827877
vt 0.072282 0.829343
vt 0.064559 0.830422
vt 0.069478 0.824130
vt 0.076119 0.822553
vt 0.076826 0.827426
vt 0.061403 0.837546
vt 0.063772 0.840251
vt 0.083192 0.820607
vt 0.083695 0.825181
vt 0.059863 0.845455
vt 0.062720 0.846589
vt 0.090932 0.820643
vt 0.090763 0.825260
vt 0.062035 0.884233
vt 0.064472 0.878474
vt 0.098783 0.823185
vt 0.097071 0.827393
vt 0.108273 0.883269
vt 0.105166 0.877873
vt 0.104272 0.830728
vt 0.101306 0.834727
vt 0.109237 0.846176
vt 0.106382 0.847468
vt 0.107714 0.838333
vt 0.105264 0.841154
vt 0.095077 0.829815
vt 0.097940 0.832259
vn -1.000000 0.000001 0.000000
vn -1.000000 0.000001 0.000000
vn -1.000000 0.000001 0.000000
vn -1.000000 0.000001 0.000000
vn -1.000000 -0.000001 0.000000
vn -1.000000 -0.000001 0.000000
vn -1.000000 -0.000001 0.000000
vn -1.000000 -0.000001 0.000000
vn -1.000000 -0.000000 0.000000
vn -1.000000 -0.000000 0.000000
vn -1.000000 -0.000000 0.000000
vn -1.000000 -0.000000 0.000000
vn -1.000000 0.000000 -0.000000
vn -1.000000 0.000000 -0.000000
vn -1.000000 0.000000 -0.000000
vn -1.000000 0.000000 -0.000000
vn -1.000000 0.000000 0.000000
vn -1.000000 0.000000 0.000000
vn -1.000000 0.000000 0.000000
vn -1.000000 0.000000 0.000000
vn -1.000000 0.000000 0.000000
vn -1.000000 0.000000 0.000000
vn -1.000000 0.000000 0.000000
vn -1.000000 0.000000 0.000000
vn -1.000000 0.000000 0.000000
vn -1.000000 0.000000 0.000000
vn -1.000000 0.000000 0.000000
vn -1.000000 0.000000 0.000000
vn -1.000000 -0.000000 0.000000
vn -1.000000 -0.000000 0.000000
vn -1.000000 -0.000000 0.000000
vn -1.000000 -0.000000 0.000000
vn -1.000000 -0.000001 0.000000
vn -1.000000 -0.000001 0.000000
vn -1.000000 -0.000001 0.000000
vn -1.000000 -0.000001 0.000000
vn -1.000000 0.000001 0.000000
vn -1.000000 0.000001 0.000000
vn -1.000000 0.000001 0.000000
vn -1.000000 0.000001 0.000000
vn -1.000000 0.000000 0.000000
vn -1.000000 0.000000 0.000000
vn -1.000000 0.000000 0.000000
vn -1.000000 0.000000 0.000000
vn -1.000000 0.000000 -0.000000
vn -1.000000 0.000000 -0.000000
vn -1.000000 0.000000 -0.000000
vn -1.000000 0.000000 -0.000000
vn -1.000000 0.000001 0.000000
vn -1.000000 0.000001 0.000000
vn -1.000000 0.000001 0.000000
vn -1.000000 0.000001 0.000000
vn 0.707708 0.018281 -0.706268
vn 0.707708 0.018281 -0.706268
vn 0.707108 0.000000 -0.707106
vn 0.707108 0.000000 -0.707106
vn 0.711473 0.216531 -0.668521
vn 0.711473 0.216531 -0.668521
vn 0.711473 0.413045 -0.568507
vn 0.711473 0.413045 -0.568507
vn 0.711472 0.568507 -0.413046
vn 0.711472 0.568507 -0.413045
vn 0.711474 0.668319 -0.217150
vn 0.711474 0.668319 -0.217150
vn 0.711474 0.702712 0.000001
vn 0.711474 0.702712 0.000001
vn 0.711473 0.668320 0.217150
vn 0.711473 0.668320 0.217150
vn 0.711473 0.568507 0.413045
vn 0.711473 0.568507 0.413045
vn 0.711473 0.413045 0.568507
vn 0.711473 0.413045 0.568507
vn 0.711474 0.216530 0.668521
vn 0.711474 0.216530 0.668520
vn 0.707709 0.018281 0.706268
vn 0.707708 0.018281 0.706268
vn 0.707108 0.000000 0.707106
vn 0.707108 0.000000 0.707106
vn 0.707107 -0.707106 -0.000000
vn 0.707107 -0.707106 -0.000000
vn 0.707107 -0.707106 -0.000000
vn 0.707107 -0.707106 -0.000000
vn 0.707711 -0.018398 0.706263
vn 0.707711 -0.018398 0.706263
vn 0.707106 0.000000 0.707107
vn 0.707106 0.000000 0.707107
vn 0.711473 -0.217933 0.668065
vn 0.711473 -0.217933 0.668065
vn 0.711474 -0.413044 0.568507
vn 0.711474 -0.413044 0.568507
vn 0.711474 -0.568506 0.413045
vn 0.711474 -0.568506 0.413045
vn 0.711473 -0.668320 0.217151
vn 0.711473 -0.668320 0.217151
vn 0.711473 -0.702713 -0.000000
vn 0.711473 -0.702713 -0.000000
vn 0.711474 -0.668320 -0.217150
vn 0.711474 -0.668320 -0.217150
vn 0.711474 -0.568507 -0.413044
vn 0.711474 -0.568507 -0.413044
vn 0.711473 -0.413044 -0.568507
vn 0.711473 -0.413044 -0.568507
vn 0.711473 -0.217932 -0.668066
vn 0.711473 -0.217933 -0.668066
vn 0.707711 -0.018398 -0.706263
vn 0.707711 -0.018398 -0.706263
vn 0.707106 0.000000 -0.707107
vn 0.707106 0.000000 -0.707107
vn 0.707107 0.707107 -0.000000
vn 0.707107 0.707107 -0.000000
vn 0.707107 0.707107 -0.000000
vn 0.707107 0.707107 -0.000000
vn 0.000000 0.025948 -0.999663
vn 0.000000 0.309018 -0.951056
vn 0.000000 0.309018 -0.951056
vn 0.000000 0.025948 -0.999663
vn -0.000000 0.587786 -0.809017
vn -0.000000 0.587786 -0.809017
vn -0.000000 0.809017 -0.587786
vn -0.000000 0.809017 -0.587786
vn -0.000000 0.951056 -0.309018
vn -0.000000 0.951056 -0.309018
vn 0.000000 1.000000 0.000000
vn 0.000000 1.000000 0.000000
vn 0.000000 0.951056 0.309018
vn 0.000000 0.951056 0.309018
vn -0.000000 0.809017 0.587786
vn -0.000000 0.809017 0.587786
vn -0.000000 0.587785 0.809017
vn -0.000000 0.587785 0.809017
vn 0.000000 0.309017 0.951057
vn 0.000000 0.309017 0.951057
vn 0.000000 0.025947 0.999663
vn 0.000000 0.025947 0.999663
vn -0.000000 0.000000 -1.000000
vn -0.000000 0.000000 -1.000000
vn 0.000000 0.000000 1.000000
vn 0.000000 0.000000 1.000000
vn 0.000000 -1.000000 -0.000000
vn 0.000000 -1.000000 -0.000000
vn 0.000000 -1.000000 -0.000000
vn 0.000000 -1.000000 -0.000000
vn 1.000000 0.000000 0.000001
vn 1.000000 0.000000 -0.000000
vn 1.000000 0.000000 0.000000
vn 1.000000 0.000000 0.000001
vn 1.000000 0.000000 -0.000000
vn 1.000000 0.000000 -0.000001
vn 1.000000 0.000000 0.000001
vn 1.000000 0.000000 0.000000
vn 1.000000 0.000000 0.000001
vn 1.000000 0.000000 0.000001
vn 1.000000 0.000000 0.000000
vn 1.000000 0.000000 0.000000
vn 1.000000 0.000000 -0.000000
vn 1.000000 0.000000 -0.000000
vn 1.000000 0.000000 0.000000
vn 1.000000 0.000000 0.000001
vn 1.000000 0.000000 0.000001
vn 1.000000 0.000000 0.000001
vn 1.000000 0.000000 0.000000
vn 1.000000 0.000000 -0.000000
vn 1.000000 0.000000 -0.000001
vn 1.000000 0.000000 -0.000001
vn 1.000000 0.000000 0.000000
vn 1.000000 0.000000 0.000000
vn 1.000000 0.000000 -0.000000
vn 1.000000 0.000000 -0.000000
vn 0.000000 -0.309018 0.951056
vn 0.000000 -0.025948 0.999663
vn 0.000000 -0.025948 0.999663
vn 0.000000 -0.309018 0.951056
vn 0.000000 0.000000 1.000000
vn 0.000000 0.000000 1.000000
vn 0.000000 1.000000 0.000000
vn 0.000000 1.000000 0.000000
vn 0.000000 1.000000 0.000000
vn 0.000000 1.000000 0.000000
vn -0.000000 0.000000 -1.000000
vn -0.000000 -0.025948 -0.999663
vn -0.000000 -0.025948 -0.999663
vn -0.000000 0.000000 -1.000000
vn -0.000000 -0.309017 -0.951057
vn -0.000000 -0.309017 -0.951056
vn -0.000000 -0.587785 -0.809017
vn -0.000000 -0.587785 -0.809017
vn -0.000000 -0.809017 -0.587785
vn -0.000000 -0.809017 -0.587785
vn -0.000000 -0.951056 -0.309018
vn -0.000000 -0.951056 -0.309018
vn -0.000000 -1.000000 -0.000001
vn -0.000000 -1.000000 -0.000001
vn 0.000000 -0.951056 0.309018
vn 0.000000 -0.951056 0.309018
vn 0.000000 -0.809017 0.587786
vn 0.000000 -0.809017 0.587786
vn 0.000000 -0.587786 0.809017
vn 0.000000 -0.587786 0.809017
s off
g pCylinder8 polySurface6
usemtl initialShadingGroup
f 1499/2669/3021 1498/2670/3022 1511/2671/3023 1512/2672/3024
f 1500/2675/3025 1499/2669/3026 1512/2672/3027 1513/2676/3028
f 1501/2679/3029 1500/2675/3030 1513/2676/3031 1514/2680/3032
f 1502/2683/3033 1501/2679/3034 1514/2680/3035 1515/2684/3036
f 1503/2687/3037 1502/2683/3038 1515/2684/3039 1516/2688/3040
f 1504/2691/3041 1503/2687/3042 1516/2688/3043 1517/2692/3044
f 1505/2693/3045 1504/2691/3046 1517/2692/3047 1518/2694/3048
f 1506/2689/3049 1505/2693/3050 1518/2694/3051 1519/2690/3052
f 1507/2685/3053 1506/2689/3054 1519/2690/3055 1520/2686/3056
f 1508/2681/3057 1507/2685/3058 1520/2686/3059 1521/2682/3060
f 1498/2670/3061 1509/2673/3062 1522/2674/3063 1511/2671/3064
f 1510/2677/3065 1508/2681/3066 1521/2682/3067 1523/2678/3068
f 1509/2673/3069 1510/2677/3070 1523/2678/3071 1522/2674/3072
s 1
f 1524/2572/3073 1525/2575/3074 1547/2582/3075 1546/2577/3076
f 1525/2575/3074 1524/2572/3073 1526/2571/3077 1527/2576/3078
f 1527/2576/3078 1526/2571/3077 1528/2574/3079 1529/2581/3080
f 1529/2581/3080 1528/2574/3079 1530/2580/3081 1531/2583/3082
f 1531/2633/3082 1530/2630/3081 1532/2629/3083 1533/2634/3084
f 1533/2634/3084 1532/2629/3083 1534/2632/3085 1535/2637/3086
f 1535/2637/3086 1534/2632/3085 1536/2636/3087 1537/2640/3088
f 1537/2640/3088 1536/2636/3087 1538/2639/3089 1539/2641/3090
f 1539/2597/3090 1538/2593/3089 1540/2587/3091 1541/2590/3092
f 1541/2590/3092 1540/2587/3091 1542/2586/3093 1543/2591/3094
f 1543/2591/3094 1542/2586/3093 1544/2589/3095 1545/2596/3096
f 1545/2596/3096 1544/2589/3095 1548/2595/3097 1549/2598/3098
s off
f 1546/2643/3099 1547/2646/3100 1549/2647/3101 1548/2644/3102
s 2
f 1550/2605/3103 1551/2601/3104 1573/2604/3105 1572/2609/3106
f 1551/2601/3104 1550/2605/3103 1552/2606/3107 1553/2602/3108
f 1553/2602/3108 1552/2606/3107 1554/2610/3109 1555/2608/3110
f 1555/2695/3110 1554/2696/3109 1556/2697/3111 1557/2698/3112
f 1557/2666/3112 1556/2668/3111 1558/2667/3113 1559/2663/3114
f 1559/2663/3114 1558/2667/3113 1560/2664/3115 1561/2659/3116
f 1561/2659/3116 1560/2664/3115 1562/2660/3117 1563/2656/3118
f 1563/2656/3118 1562/2660/3117 1564/2661/3119 1565/2657/3120
f 1565/2723/3120 1564/2714/3119 1566/2718/3121 1567/2724/3122
f 1567/2622/3122 1566/2626/3121 1568/2623/3123 1569/2618/3124
f 1569/2618/3124 1568/2623/3123 1570/2619/3125 1571/2615/3126
f 1571/2615/3126 1570/2619/3125 1574/2620/3127 1575/2616/3128
s off
f 1572/2652/3129 1573/2651/3130 1575/2650/3131 1574/2653/3132
s 3
f 1498/2569/3133 1499/2570/3134 1526/2571/3135 1524/2572/3136
f 1499/2570/3134 1500/2573/3137 1528/2574/3138 1526/2571/3135
f 1500/2573/3137 1501/2579/3139 1530/2580/3140 1528/2574/3138
f 1501/2627/3139 1502/2628/3141 1532/2629/3142 1530/2630/3140
f 1502/2628/3141 1503/2631/3143 1534/2632/3144 1532/2629/3142
f 1503/2631/3143 1504/2635/3145 1536/2636/3146 1534/2632/3144
f 1504/2635/3145 1505/2638/3147 1538/2639/3148 1536/2636/3146
f 1505/2592/3147 1506/2584/3149 1540/2587/3150 1538/2593/3148
f 1506/2584/3149 1507/2585/3151 1542/2586/3152 1540/2587/3150
f 1507/2585/3151 1508/2588/3153 1544/2589/3154 1542/2586/3152
f 1498/2569/3133 1524/2572/3136 1546/2577/3155 1509/2578/3156
f 1544/2589/3154 1508/2588/3153 1510/2594/3157 1548/2595/3158
s off
f 1509/2642/3159 1546/2643/3160 1548/2644/3161 1510/2645/3162
s 4
f 1525/2707/3163 1527/2703/3164 1552/2704/3165 1550/2708/3166
f 1527/2703/3164 1529/2699/3167 1554/2696/3168 1552/2704/3165
f 1529/2699/3167 1531/2700/3169 1556/2697/3170 1554/2696/3168
f 1531/2700/3169 1533/2701/3171 1558/2702/3172 1556/2697/3170
f 1533/2701/3171 1535/2705/3173 1560/2706/3174 1558/2702/3172
f 1535/2705/3173 1537/2709/3175 1562/2710/3176 1560/2706/3174
f 1537/2709/3175 1539/2713/3177 1564/2714/3178 1562/2710/3176
f 1539/2713/3177 1541/2717/3179 1566/2718/3180 1564/2714/3178
f 1541/2717/3179 1543/2721/3181 1568/2722/3182 1566/2718/3180
f 1543/2721/3181 1545/2719/3183 1570/2720/3184 1568/2722/3182
f 1547/2711/3185 1525/2707/3163 1550/2708/3166 1572/2712/3186
f 1545/2719/3183 1549/2715/3187 1574/2716/3188 1570/2720/3184
f 1549/2715/3187 1547/2711/3185 1572/2712/3186 1574/2716/3188
s 5
f 1512/2599/3189 1511/2600/3190 1551/2601/3191 1553/2602/3192
f 1511/2600/3190 1522/2603/3193 1573/2604/3194 1551/2601/3191
s off
f 1522/2648/3195 1523/2649/3196 1575/2650/3197 1573/2651/3198
s 5
f 1523/2613/3199 1521/2614/3200 1571/2615/3201 1575/2616/3202
f 1521/2614/3200 1520/2617/3203 1569/2618/3204 1571/2615/3201
f 1520/2617/3203 1519/2621/3205 1567/2622/3206 1569/2618/3204
f 1519/2621/3205 1518/2624/3207 1565/2625/3208 1567/2622/3206
f 1518/2654/3207 1517/2655/3209 1563/2656/3210 1565/2657/3208
f 1517/2655/3209 1516/2658/3211 1561/2659/3212 1563/2656/3210
f 1516/2658/3211 1515/2662/3213 1559/2663/3214 1561/2659/3212
f 1515/2662/3213 1514/2665/3215 1557/2666/3216 1559/2663/3214
f 1514/2611/3215 1513/2607/3217 1555/2608/3218 1557/2612/3216
f 1513/2607/3217 1512/2599/3189 1553/2602/3192 1555/2608/3218
g default
v 0.210735 5.082106 -0.068472
v 0.179262 5.082106 -0.130242
v 0.130242 5.082106 -0.179262
v 0.068472 5.082106 -0.210735
v 0.000000 5.082106 -0.221580
v -0.068472 5.082106 -0.210735
v -0.130242 5.082106 -0.179262
v -0.179262 5.082106 -0.130242
v -0.210735 5.082106 -0.068472
v -0.221580 5.082106 0.000000
v -0.210735 5.082106 0.068472
v -0.179262 5.082106 0.130242
v -0.130242 5.082106 0.179262
v -0.068472 5.082106 0.210735
v -0.000000 5.082106 0.221580
v 0.068472 5.082106 0.210735
v 0.130242 5.082106 0.179262
v 0.179262 5.082106 0.130242
v 0.210735 5.082106 0.068472
v 0.221580 5.082106 0.000000
v 0.212180 5.103489 -0.068941
v 0.180491 5.103489 -0.131134
v 0.131134 5.103489 -0.180491
v 0.068941 5.103489 -0.212180
v 0.000000 5.103489 -0.223099
v -0.068941 5.103489 -0.212180
v -0.131134 5.103489 -0.180491
v -0.180491 5.103489 -0.131134
v -0.212180 5.103489 -0.068941
v -0.223099 5.103489 0.000000
v -0.212180 5.103489 0.068941
v -0.180491 5.103489 0.131134
v -0.131134 5.103489 0.180491
v -0.068941 5.103489 0.212180
v -0.000000 5.103489 0.223099
v 0.068941 5.103489 0.212180
v 0.131134 5.103489 0.180491
v 0.180491 5.103489 0.131134
v 0.212180 5.103489 0.068941
v 0.223099 5.103489 0.000000
v 0.216371 5.122780 -0.070303
v 0.184056 5.122780 -0.133725
v 0.133725 5.122780 -0.184056
v 0.070303 5.122780 -0.216371
v 0.000000 5.122780 -0.227506
v -0.070303 5.122780 -0.216371
v -0.133725 5.122780 -0.184056
v -0.184056 5.122780 -0.133725
v -0.216371 5.122780 -0.070303
v -0.227506 5.122780 0.000000
v -0.216371 5.122780 0.070303
v -0.184056 5.122780 0.133725
v -0.133725 5.122780 0.184056
v -0.070303 5.122780 0.216371
v -0.000000 5.122780 0.227506
v 0.070303 5.122780 0.216371
v 0.133725 5.122780 0.184056
v 0.184056 5.122780 0.133725
v 0.216371 5.122780 0.070303
v 0.227506 5.122780 0.000000
v 0.222900 5.138089 -0.072425
v 0.189610 5.138089 -0.137760
v 0.137760 5.138089 -0.189610
v 0.072425 5.138089 -0.222900
v 0.000000 5.138089 -0.234371
v -0.072425 5.138089 -0.222900
v -0.137760 5.138089 -0.189610
v -0.189610 5.138089 -0.137760
v -0.222900 5.138089 -0.072425
v -0.234371 5.138089 0.000000
v -0.222900 5.138089 0.072425
v -0.189610 5.138089 0.137760
v -0.137760 5.138089 0.189610
v -0.072425 5.138089 0.222900
v -0.000000 5.138089 0.234371
v 0.072425 5.138089 0.222900
v 0.137760 5.138089 0.189610
v 0.189610 5.138089 0.137760
v 0.222900 5.138089 0.072425
v 0.234371 5.138089 0.000000
v 0.231127 5.147918 -0.075098
v 0.196608 5.147918 -0.142844
v 0.142844 5.147918 -0.196608
v 0.075098 5.147918 -0.231127
v 0.000000 5.147918 -0.243021
v -0.075098 5.147918 -0.231127
v -0.142844 5.147918 -0.196608
v -0.196608 5.147918 -0.142844
v -0.231127 5.147918 -0.075098
v -0.243021 5.147918 0.000000
v -0.231127 5.147918 0.075098
v -0.196608 5.147918 0.142844
v -0.142844 5.147918 0.196608
v -0.075098 5.147918 0.231127
v -0.000000 5.147918 0.243021
v 0.075098 5.147918 0.231127
v 0.142844 5.147918 0.196608
v 0.196608 5.147918 0.142844
v 0.231127 5.147918 0.075098
v 0.243021 5.147918 0.000000
v 0.240246 5.151305 -0.078061
v 0.204365 5.151305 -0.148480
v 0.148480 5.151305 -0.204365
v 0.078061 5.151305 -0.240246
v 0.000000 5.151305 -0.252609
v -0.078061 5.151305 -0.240246
v -0.148480 5.151305 -0.204365
v -0.204365 5.151305 -0.148480
v -0.240246 5.151305 -0.078061
v -0.252609 5.151305 0.000000
v -0.240246 5.151305 0.078061
v -0.204365 5.151305 0.148480
v -0.148480 5.151305 0.204365
v -0.078061 5.151305 0.240246
v -0.000000 5.151305 0.252609
v 0.078061 5.151305 0.240246
v 0.148480 5.151305 0.204365
v 0.204365 5.151305 0.148480
v 0.240246 5.151305 0.078061
v 0.252609 5.151305 0.000000
v 0.249365 5.147918 -0.081024
v 0.212123 5.147918 -0.154116
v 0.154116 5.147918 -0.212123
v 0.081024 5.147918 -0.249365
v 0.000000 5.147918 -0.262198
v -0.081024 5.147918 -0.249365
v -0.154116 5.147918 -0.212123
v -0.212123 5.147918 -0.154116
v -0.249365 5.147918 -0.081024
v -0.262198 5.147918 0.000000
v -0.249365 5.147918 0.081024
v -0.212123 5.147918 0.154116
v -0.154116 5.147918 0.212123
v -0.081024 5.147918 0.249365
v -0.000000 5.147918 0.262198
v 0.081024 5.147918 0.249365
v 0.154116 5.147918 0.212123
v 0.212123 5.147918 0.154116
v 0.249365 5.147918 0.081024
v 0.262198 5.147918 0.000000
v 0.257592 5.138089 -0.083697
v 0.219121 5.138089 -0.159200
v 0.159200 5.138089 -0.219121
v 0.083697 5.138089 -0.257592
v 0.000000 5.138089 -0.270848
v -0.083697 5.138089 -0.257592
v -0.159200 5.138089 -0.219121
v -0.219121 5.138089 -0.159200
v -0.257592 5.138089 -0.083697
v -0.270848 5.138089 0.000000
v -0.257592 5.138089 0.083697
v -0.219121 5.138089 0.159200
v -0.159200 5.138089 0.219121
v -0.083697 5.138089 0.257592
v -0.000000 5.138089 0.270848
v 0.083697 5.138089 0.257592
v 0.159200 5.138089 0.219121
v 0.219121 5.138089 0.159200
v 0.257592 5.138089 0.083697
v 0.270848 5.138089 0.000000
v 0.264120 5.122780 -0.085818
v 0.224674 5.122780 -0.163235
v 0.163235 5.122780 -0.224674
v 0.085818 5.122780 -0.264120
v 0.000000 5.122780 -0.277713
v -0.085818 5.122780 -0.264120
v -0.163235 5.122780 -0.224674
v -0.224674 5.122780 -0.163235
v -0.264120 5.122780 -0.085818
v -0.277713 5.122780 0.000000
v -0.264120 5.122780 0.085818
v -0.224674 5.122780 0.163235
v -0.163235 5.122780 0.224674
v -0.085818 5.122780 0.264120
v -0.000000 5.122780 0.277713
v 0.085818 5.122780 0.264120
v 0.163235 5.122780 0.224674
v 0.224674 5.122780 0.163235
v 0.264120 5.122780 0.085818
v 0.277713 5.122780 0.000000
v 0.268312 5.103489 -0.087180
v 0.228240 5.103489 -0.165826
v 0.165826 5.103489 -0.228240
v 0.087180 5.103489 -0.268312
v 0.000000 5.103489 -0.282120
v -0.087180 5.103489 -0.268312
v -0.165826 5.103489 -0.228240
v -0.228240 5.103489 -0.165826
v -0.268312 5.103489 -0.087180
v -0.282120 5.103489 0.000000
v -0.268312 5.103489 0.087180
v -0.228240 5.103489 0.165826
v -0.165826 5.103489 0.228240
v -0.087180 5.103489 0.268312
v -0.000000 5.103489 0.282120
v 0.087180 5.103489 0.268312
v 0.165826 5.103489 0.228240
v 0.228240 5.103489 0.165826
v 0.268312 5.103489 0.087180
v 0.282120 5.103489 0.000000
v 0.269756 5.082106 -0.087649
v 0.229469 5.082106 -0.166719
v 0.166719 5.082106 -0.229469
v 0.087649 5.082106 -0.269756
v 0.000000 5.082106 -0.283639
v -0.087649 5.082106 -0.269756
v -0.166719 5.082106 -0.229469
v -0.229468 5.082106 -0.166719
v -0.269756 5.082106 -0.087649
v -0.283639 5.082106 0.000000
v -0.269756 5.082106 0.087649
v -0.229468 5.082106 0.166719
v -0.166719 5.082106 0.229468
v -0.087649 5.082106 0.269756
v -0.000000 5.082106 0.283639
v 0.087649 5.082106 0.269756
v 0.166719 5.082106 0.229468
v 0.229468 5.082106 0.166719
v 0.269756 5.082106 0.087649
v 0.283639 5.082106 0.000000
v 0.268312 5.060722 -0.087180
v 0.228240 5.060722 -0.165826
v 0.165826 5.060722 -0.228240
v 0.087180 5.060722 -0.268312
v 0.000000 5.060722 -0.282120
v -0.087180 5.060722 -0.268312
v -0.165826 5.060722 -0.228240
v -0.228240 5.060722 -0.165826
v -0.268312 5.060722 -0.087180
v -0.282120 5.060722 0.000000
v -0.268312 5.060722 0.087180
v -0.228240 5.060722 0.165826
v -0.165826 5.060722 0.228240
v -0.087180 5.060722 0.268312
v -0.000000 5.060722 0.282120
v 0.087180 5.060722 0.268312
v 0.165826 5.060722 0.228240
v 0.228240 5.060722 0.165826
v 0.268312 5.060722 0.087180
v 0.282120 5.060722 0.000000
v 0.264120 5.041432 -0.085818
v 0.224674 5.041432 -0.163235
v 0.163235 5.041432 -0.224674
v 0.085818 5.041432 -0.264120
v 0.000000 5.041432 -0.277713
v -0.085818 5.041432 -0.264120
v -0.163235 5.041432 -0.224674
v -0.224674 5.041432 -0.163235
v -0.264120 5.041432 -0.085818
v -0.277713 5.041432 0.000000
v -0.264120 5.041432 0.085818
v -0.224674 5.041432 0.163235
v -0.163235 5.041432 0.224674
v -0.085818 5.041432 0.264120
v -0.000000 5.041432 0.277713
v 0.085818 5.041432 0.264120
v 0.163235 5.041432 0.224674
v 0.224674 5.041432 0.163235
v 0.264120 5.041432 0.085818
v 0.277713 5.041432 0.000000
v 0.257592 5.026123 -0.083697
v 0.219121 5.026123 -0.159200
v 0.159200 5.026123 -0.219121
v 0.083697 5.026123 -0.257592
v 0.000000 5.026123 -0.270848
v -0.083697 5.026123 -0.257592
v -0.159200 5.026123 -0.219121
v -0.219121 5.026123 -0.159200
v -0.257592 5.026123 -0.083697
v -0.270848 5.026123 0.000000
v -0.257592 5.026123 0.083697
v -0.219121 5.026123 0.159200
v -0.159200 5.026123 0.219121
v -0.083697 5.026123 0.257592
v -0.000000 5.026123 0.270848
v 0.083697 5.026123 0.257592
v 0.159200 5.026123 0.219121
v 0.219121 5.026123 0.159200
v 0.257592 5.026123 0.083697
v 0.270848 5.026123 0.000000
v 0.249365 5.016294 -0.081024
v 0.212123 5.016294 -0.154116
v 0.154116 5.016294 -0.212123
v 0.081024 5.016294 -0.249365
v 0.000000 5.016294 -0.262198
v -0.081024 5.016294 -0.249365
v -0.154116 5.016294 -0.212123
v -0.212123 5.016294 -0.154116
v -0.249365 5.016294 -0.081024
v -0.262198 5.016294 0.000000
v -0.249365 5.016294 0.081024
v -0.212123 5.016294 0.154116
v -0.154116 5.016294 0.212123
v -0.081024 5.016294 0.249365
v -0.000000 5.016294 0.262198
v 0.081024 5.016294 0.249365
v 0.154116 5.016294 0.212123
v 0.212123 5.016294 0.154116
v 0.249365 5.016294 0.081024
v 0.262198 5.016294 0.000000
v 0.240246 5.012907 -0.078061
v 0.204365 5.012907 -0.148480
v 0.148480 5.012907 -0.204365
v 0.078061 5.012907 -0.240246
v 0.000000 5.012907 -0.252609
v -0.078061 5.012907 -0.240246
v -0.148480 5.012907 -0.204365
v -0.204365 5.012907 -0.148480
v -0.240246 5.012907 -0.078061
v -0.252609 5.012907 0.000000
v -0.240246 5.012907 0.078061
v -0.204365 5.012907 0.148480
v -0.148480 5.012907 0.204365
v -0.078061 5.012907 0.240246
v -0.000000 5.012907 0.252609
v 0.078061 5.012907 0.240246
v 0.148480 5.012907 0.204365
v 0.204365 5.012907 0.148480
v 0.240246 5.012907 0.078061
v 0.252609 5.012907 0.000000
v 0.231127 5.016294 -0.075098
v 0.196608 5.016294 -0.142844
v 0.142844 5.016294 -0.196608
v 0.075098 5.016294 -0.231127
v 0.000000 5.016294 -0.243021
v -0.075098 5.016294 -0.231127
v -0.142844 5.016294 -0.196608
v -0.196608 5.016294 -0.142844
v -0.231127 5.016294 -0.075098
v -0.243021 5.016294 0.000000
v -0.231127 5.016294 0.075098
v -0.196608 5.016294 0.142844
v -0.142844 5.016294 0.196608
v -0.075098 5.016294 0.231127
v -0.000000 5.016294 0.243021
v 0.075098 5.016294 0.231127
v 0.142844 5.016294 0.196608
v 0.196608 5.016294 0.142844
v 0.231127 5.016294 0.075098
v 0.243021 5.016294 0.000000
v 0.222900 5.026123 -0.072425
v 0.189610 5.026123 -0.137760
v 0.137760 5.026123 -0.189610
v 0.072425 5.026123 -0.222900
v 0.000000 5.026123 -0.234371
v -0.072425 5.026123 -0.222900
v -0.137760 5.026123 -0.189610
v -0.189610 5.026123 -0.137760
v -0.222900 5.026123 -0.072425
v -0.234371 5.026123 0.000000
v -0.222900 5.026123 0.072425
v -0.189610 5.026123 0.137760
v -0.137760 5.026123 0.189610
v -0.072425 5.026123 0.222900
v -0.000000 5.026123 0.234371
v 0.072425 5.026123 0.222900
v 0.137760 5.026123 0.189610
v 0.189610 5.026123 0.137760
v 0.222900 5.026123 0.072425
v 0.234371 5.026123 0.000000
v 0.216371 5.041432 -0.070303
v 0.184056 5.041432 -0.133725
v 0.133725 5.041432 -0.184056
v 0.070303 5.041432 -0.216371
v 0.000000 5.041432 -0.227506
v -0.070303 5.041432 -0.216371
v -0.133725 5.041432 -0.184056
v -0.184056 5.041432 -0.133725
v -0.216371 5.041432 -0.070303
v -0.227506 5.041432 0.000000
v -0.216371 5.041432 0.070303
v -0.184056 5.041432 0.133725
v -0.133725 5.041432 0.184056
v -0.070303 5.041432 0.216371
v -0.000000 5.041432 0.227506
v 0.070303 5.041432 0.216371
v 0.133725 5.041432 0.184056
v 0.184056 5.041432 0.133725
v 0.216371 5.041432 0.070303
v 0.227506 5.041432 0.000000
v 0.212180 5.060722 -0.068941
v 0.180491 5.060722 -0.131134
v 0.131134 5.060722 -0.180491
v 0.068941 5.060722 -0.212180
v 0.000000 5.060722 -0.223099
v -0.068941 5.060722 -0.212180
v -0.131134 5.060722 -0.180491
v -0.180491 5.060722 -0.131134
v -0.212180 5.060722 -0.068941
v -0.223099 5.060722 0.000000
v -0.212180 5.060722 0.068941
v -0.180491 5.060722 0.131134
v -0.131134 5.060722 0.180491
v -0.068941 5.060722 0.212180
v -0.000000 5.060722 0.223099
v 0.068941 5.060722 0.212180
v 0.131134 5.060722 0.180491
v 0.180491 5.060722 0.131134
v 0.212180 5.060722 0.068941
v 0.223099 5.060722 0.000000
vt 0.853659 0.079855
vt 0.853531 0.075700
vt 0.854798 0.075664
vt 0.854930 0.079825
vt 0.852387 0.079908
vt 0.852263 0.075741
vt 0.853412 0.071525
vt 0.854676 0.071488
vt 0.855965 0.075635
vt 0.856100 0.079813
vt 0.853808 0.083956
vt 0.855019 0.083942
vt 0.851216 0.079973
vt 0.851095 0.075781
vt 0.852148 0.071563
vt 0.852597 0.084033
vt 0.853294 0.067350
vt 0.854561 0.067309
vt 0.855841 0.071454
vt 0.856950 0.075611
vt 0.857088 0.079811
vt 0.856144 0.083984
vt 0.850226 0.080034
vt 0.850109 0.075815
vt 0.850983 0.071596
vt 0.851474 0.084159
vt 0.852027 0.067386
vt 0.853166 0.063196
vt 0.854437 0.063143
vt 0.855729 0.067269
vt 0.856826 0.071427
vt 0.857714 0.075594
vt 0.857853 0.079809
vt 0.857107 0.084061
vt 0.849459 0.080080
vt 0.849344 0.075839
vt 0.849999 0.071624
vt 0.850514 0.084307
vt 0.850860 0.067416
vt 0.851895 0.063226
vt 0.853017 0.059094
vt 0.854228 0.059017
vt 0.855609 0.063078
vt 0.856715 0.067236
vt 0.857590 0.071407
vt 0.857865 0.084150
vt 0.849234 0.071644
vt 0.849759 0.084452
vt 0.849874 0.067439
vt 0.850724 0.063237
vt 0.851805 0.059109
vt 0.855351 0.058891
vt 0.856598 0.063017
vt 0.857480 0.067212
vt 0.849110 0.067457
vt 0.849736 0.063239
vt 0.850680 0.059067
vt 0.856311 0.058744
vt 0.857365 0.062971
vt 0.848971 0.063242
vt 0.849717 0.058990
vt 0.857065 0.058599
vt 0.848960 0.058900
vt 0.592108 0.053992
vt 0.591964 0.049838
vt 0.593235 0.049781
vt 0.593376 0.053947
vt 0.590841 0.054033
vt 0.590693 0.049874
vt 0.591799 0.045738
vt 0.593010 0.045655
vt 0.594407 0.049711
vt 0.594543 0.053902
vt 0.592243 0.058167
vt 0.593507 0.058125
vt 0.589675 0.054067
vt 0.589523 0.049889
vt 0.590588 0.045757
vt 0.590979 0.058209
vt 0.594132 0.045525
vt 0.595396 0.049646
vt 0.595529 0.053864
vt 0.594672 0.058086
vt 0.592378 0.062341
vt 0.593645 0.062300
vt 0.588689 0.054094
vt 0.588535 0.049895
vt 0.589462 0.045719
vt 0.589814 0.058247
vt 0.591111 0.062387
vt 0.595092 0.045374
vt 0.596163 0.049597
vt 0.596294 0.053837
vt 0.595656 0.058055
vt 0.594812 0.062266
vt 0.592522 0.066495
vt 0.593793 0.066460
vt 0.587925 0.054115
vt 0.587770 0.049901
vt 0.588499 0.045646
vt 0.588830 0.058278
vt 0.589943 0.062432
vt 0.591251 0.066553
vt 0.595846 0.045226
vt 0.596421 0.058032
vt 0.595797 0.062239
vt 0.594964 0.066444
vt 0.592687 0.070596
vt 0.593898 0.070577
vt 0.587741 0.045559
vt 0.588066 0.058301
vt 0.588957 0.062469
vt 0.590079 0.066623
vt 0.591477 0.070678
vt 0.596561 0.062218
vt 0.595952 0.066438
vt 0.595024 0.070615
vt 0.588192 0.062496
vt 0.589090 0.066688
vt 0.590354 0.070808
vt 0.596716 0.066433
vt 0.595987 0.070688
vt 0.588323 0.066736
vt 0.589395 0.070960
vt 0.596745 0.070774
vt 0.588640 0.071107
vt 0.959978 0.096497
vt 0.960004 0.101552
vt 0.959023 0.101552
vt 0.959001 0.096476
vt 0.960740 0.096513
vt 0.960767 0.101553
vt 0.960027 0.106626
vt 0.959045 0.106629
vt 0.957865 0.101552
vt 0.957849 0.096460
vt 0.960084 0.091500
vt 0.959090 0.091397
vt 0.960791 0.106624
vt 0.960849 0.091609
vt 0.960040 0.111704
vt 0.959059 0.111709
vt 0.957885 0.106633
vt 0.956610 0.101555
vt 0.956600 0.096454
vt 0.957904 0.091321
vt 0.960804 0.111701
vt 0.960038 0.116771
vt 0.959059 0.116792
vt 0.957900 0.111715
vt 0.956628 0.106637
vt 0.955356 0.101559
vt 0.955351 0.096462
vt 0.956612 0.091290
vt 0.960803 0.116755
vt 0.960127 0.121795
vt 0.959128 0.121893
vt 0.957905 0.116811
vt 0.956646 0.111719
vt 0.955371 0.106641
vt 0.954197 0.101565
vt 0.954197 0.096481
vt 0.955318 0.091312
vt 0.960898 0.121688
vt 0.957938 0.121962
vt 0.956656 0.116820
vt 0.955391 0.111721
vt 0.954211 0.106645
vt 0.953216 0.101570
vt 0.953218 0.096502
vt 0.954128 0.091381
vt 0.956645 0.121984
vt 0.955408 0.116814
vt 0.954234 0.111722
vt 0.953229 0.106648
vt 0.952452 0.101573
vt 0.952453 0.096518
vt 0.953129 0.091478
vt 0.955352 0.121952
vt 0.954255 0.116797
vt 0.953253 0.111721
vt 0.952465 0.106649
vt 0.952359 0.091586
vt 0.954166 0.121876
vt 0.953278 0.116777
vt 0.952489 0.111721
vt 0.953172 0.121774
vt 0.952516 0.116761
vt 0.952407 0.121665
vt 0.981793 0.091111
vt 0.981774 0.096178
vt 0.980794 0.096196
vt 0.980811 0.091112
vt 0.982557 0.091110
vt 0.982539 0.096165
vt 0.981846 0.101202
vt 0.980846 0.101297
vt 0.979640 0.096211
vt 0.979653 0.091114
vt 0.981797 0.086033
vt 0.980815 0.086033
vt 0.982617 0.101097
vt 0.982561 0.086034
vt 0.979657 0.101362
vt 0.978391 0.096215
vt 0.978398 0.091114
vt 0.979655 0.086032
vt 0.981790 0.080959
vt 0.980809 0.080956
vt 0.982554 0.080962
vt 0.978363 0.101379
vt 0.977143 0.096205
vt 0.977144 0.091112
vt 0.978398 0.086032
vt 0.979652 0.080952
vt 0.981782 0.075903
vt 0.980805 0.075880
vt 0.982544 0.075922
vt 0.977070 0.101343
vt 0.975991 0.096185
vt 0.975986 0.091109
vt 0.977141 0.086032
vt 0.978397 0.080950
vt 0.979652 0.075859
vt 0.981905 0.070907
vt 0.980911 0.070801
vt 0.982669 0.071019
vt 0.975885 0.101263
vt 0.975014 0.096161
vt 0.975005 0.091105
vt 0.975981 0.086032
vt 0.977143 0.080950
vt 0.978404 0.075849
vt 0.979725 0.070721
vt 0.974891 0.101158
vt 0.974252 0.096142
vt 0.974242 0.091103
vt 0.974998 0.086031
vt 0.975984 0.080952
vt 0.977155 0.075853
vt 0.978433 0.070685
vt 0.974127 0.101046
vt 0.974235 0.086031
vt 0.975003 0.080954
vt 0.976001 0.075869
vt 0.977139 0.070703
vt 0.974239 0.080954
vt 0.975022 0.075886
vt 0.975949 0.070768
vt 0.974257 0.075900
vt 0.974949 0.070862
vt 0.974179 0.070967
vt 0.865006 0.080180
vt 0.867148 0.076199
vt 0.867714 0.076413
vt 0.865475 0.080559
vt 0.867956 0.071755
vt 0.868560 0.071786
vt 0.868280 0.076625
vt 0.865946 0.080939
vt 0.861688 0.083331
vt 0.862094 0.083785
vt 0.867352 0.067284
vt 0.867937 0.067130
vt 0.869164 0.071815
vt 0.862490 0.084240
vt 0.858261 0.086362
vt 0.858512 0.086888
vt 0.865399 0.063223
vt 0.865905 0.062894
vt 0.868521 0.066975
vt 0.858777 0.087419
vt 0.857809 0.085745
vt 0.861087 0.083854
vt 0.853716 0.087302
vt 0.853763 0.087907
vt 0.862204 0.059969
vt 0.862604 0.059498
vt 0.866415 0.062569
vt 0.863048 0.084784
vt 0.859139 0.088106
vt 0.853814 0.088510
vt 0.853656 0.086509
vt 0.849100 0.086560
vt 0.848870 0.087106
vt 0.858265 0.056786
vt 0.858498 0.056241
vt 0.863001 0.059034
vt 0.853888 0.089286
vt 0.848644 0.087661
vt 0.849406 0.085874
vt 0.845188 0.083387
vt 0.844805 0.083870
vt 0.861464 0.059545
vt 0.857955 0.057471
vt 0.853626 0.056036
vt 0.853581 0.055432
vt 0.858724 0.055686
vt 0.848361 0.088388
vt 0.844417 0.084341
vt 0.845922 0.083812
vt 0.841940 0.080145
vt 0.841449 0.080496
vt 0.853684 0.056828
vt 0.849058 0.056965
vt 0.848810 0.056439
vt 0.853531 0.054829
vt 0.859007 0.054960
vt 0.863519 0.058442
vt 0.843896 0.084932
vt 0.840956 0.080844
vt 0.839934 0.076076
vt 0.839357 0.076256
vt 0.849506 0.057585
vt 0.845590 0.059991
vt 0.845189 0.059533
vt 0.848547 0.055907
vt 0.853458 0.054053
vt 0.838779 0.076436
vt 0.839283 0.071592
vt 0.838680 0.071595
vt 0.846193 0.059469
vt 0.842221 0.063137
vt 0.841751 0.062754
vt 0.844798 0.059073
vt 0.848189 0.055218
vt 0.838076 0.071601
vt 0.840043 0.067131
vt 0.839466 0.066943
vt 0.841282 0.062369
vt 0.844244 0.058525
vt 0.838889 0.066759
vt 0.605265 0.049242
vt 0.607381 0.053731
vt 0.606796 0.053886
vt 0.604758 0.049573
vt 0.607965 0.058653
vt 0.607361 0.058611
vt 0.606211 0.054041
vt 0.604256 0.049907
vt 0.601779 0.045642
vt 0.601387 0.046111
vt 0.606934 0.063508
vt 0.606375 0.063274
vt 0.606757 0.058570
vt 0.601002 0.046597
vt 0.597355 0.042235
vt 0.597158 0.042804
vt 0.604461 0.067801
vt 0.604004 0.067404
vt 0.605816 0.063040
vt 0.596952 0.043365
vt 0.597618 0.041500
vt 0.602302 0.045051
vt 0.592095 0.041471
vt 0.592185 0.042069
vt 0.600895 0.071050
vt 0.600514 0.070580
vt 0.603549 0.067008
vt 0.600248 0.046165
vt 0.596667 0.044069
vt 0.592267 0.042669
vt 0.591965 0.040704
vt 0.587184 0.042617
vt 0.587472 0.043135
vt 0.597108 0.074143
vt 0.596860 0.073604
vt 0.600124 0.070110
vt 0.592364 0.043457
vt 0.587744 0.043649
vt 0.586790 0.041948
vt 0.583596 0.045734
vt 0.584001 0.046176
vt 0.601433 0.071614
vt 0.597447 0.074842
vt 0.592113 0.075145
vt 0.592079 0.074541
vt 0.596627 0.073070
vt 0.588226 0.044236
vt 0.584418 0.046615
vt 0.583016 0.045215
vt 0.580152 0.048958
vt 0.580626 0.049336
vt 0.592165 0.075923
vt 0.586962 0.074193
vt 0.587205 0.073644
vt 0.592049 0.073935
vt 0.596188 0.072446
vt 0.599496 0.070615
vt 0.585013 0.046087
vt 0.581098 0.049711
vt 0.577794 0.053218
vt 0.578362 0.053427
vt 0.586657 0.074911
vt 0.582843 0.070786
vt 0.583247 0.070329
vt 0.587453 0.073105
vt 0.592011 0.073140
vt 0.578930 0.053637
vt 0.576857 0.057985
vt 0.577462 0.058012
vt 0.582303 0.071359
vt 0.579480 0.067237
vt 0.579985 0.066905
vt 0.583646 0.069859
vt 0.587779 0.072429
vt 0.578067 0.058039
vt 0.577427 0.062811
vt 0.578011 0.062652
vt 0.580487 0.066571
vt 0.584365 0.070303
vt 0.578595 0.062493
vt 0.699998 0.034590
vt 0.699940 0.030495
vt 0.701174 0.030450
vt 0.701266 0.034569
vt 0.698731 0.034599
vt 0.698706 0.030489
vt 0.702320 0.030367
vt 0.702434 0.034540
vt 0.700043 0.038720
vt 0.701308 0.038706
vt 0.697565 0.034598
vt 0.697563 0.030440
vt 0.698778 0.038734
vt 0.703299 0.030266
vt 0.703420 0.034516
vt 0.702473 0.038693
vt 0.700089 0.042850
vt 0.701356 0.042841
vt 0.696582 0.034596
vt 0.696588 0.030367
vt 0.697613 0.038747
vt 0.698821 0.042871
vt 0.703457 0.038684
vt 0.702522 0.042842
vt 0.700147 0.046945
vt 0.701381 0.046951
vt 0.696630 0.038756
vt 0.697653 0.042899
vt 0.698913 0.046989
vt 0.703505 0.042844
vt 0.702524 0.046999
vt 0.696667 0.042924
vt 0.697767 0.047073
vt 0.703499 0.047073
vt 0.696788 0.047174
vt 0.536841 0.042843
vt 0.536906 0.046938
vt 0.535672 0.046984
vt 0.535574 0.042866
vt 0.538108 0.042832
vt 0.538140 0.046942
vt 0.534526 0.047070
vt 0.534406 0.042897
vt 0.536790 0.038713
vt 0.535525 0.038730
vt 0.539274 0.042831
vt 0.539283 0.046989
vt 0.538055 0.038697
vt 0.533548 0.047172
vt 0.533420 0.042923
vt 0.534360 0.038744
vt 0.536738 0.034584
vt 0.535471 0.034595
vt 0.540257 0.042832
vt 0.540258 0.047061
vt 0.539219 0.038683
vt 0.538005 0.034560
vt 0.533376 0.038755
vt 0.534305 0.034596
vt 0.536673 0.030488
vt 0.535439 0.030485
vt 0.540203 0.038672
vt 0.539173 0.034530
vt 0.537907 0.030442
vt 0.533322 0.034595
vt 0.534296 0.030438
vt 0.540159 0.034504
vt 0.539053 0.030357
vt 0.533321 0.030366
vt 0.540031 0.030254
vt 0.974459 0.131677
vt 0.974516 0.126631
vt 0.975506 0.126571
vt 0.975442 0.131687
vt 0.976682 0.126537
vt 0.976599 0.131699
vt 0.974361 0.136790
vt 0.975343 0.136809
vt 0.977959 0.126544
vt 0.977850 0.131719
vt 0.976501 0.136830
vt 0.974275 0.141900
vt 0.975255 0.141928
vt 0.979233 0.126594
vt 0.979102 0.131746
vt 0.977756 0.136853
vt 0.976410 0.141960
vt 0.974127 0.146928
vt 0.975108 0.147029
vt 0.980403 0.126678
vt 0.980256 0.131778
vt 0.979010 0.136876
vt 0.977661 0.141988
vt 0.976278 0.147112
vt 0.981384 0.126778
vt 0.981236 0.131807
vt 0.980169 0.136898
vt 0.978912 0.142007
vt 0.977552 0.147162
vt 0.981150 0.136916
vt 0.980069 0.142020
vt 0.978829 0.147169
vt 0.981052 0.142030
vt 0.980005 0.147136
vt 0.980995 0.147076
vt 0.687089 0.165877
vt 0.687126 0.170923
vt 0.686137 0.171002
vt 0.686106 0.165885
vt 0.684962 0.171057
vt 0.684949 0.165894
vt 0.687091 0.160762
vt 0.686109 0.160762
vt 0.683686 0.171074
vt 0.683697 0.165898
vt 0.684951 0.160762
vt 0.687081 0.155652
vt 0.686101 0.155642
vt 0.682410 0.171048
vt 0.682446 0.165894
vt 0.683696 0.160763
vt 0.684946 0.155632
vt 0.687135 0.150622
vt 0.686152 0.150539
vt 0.681239 0.170986
vt 0.681290 0.165884
vt 0.682441 0.160763
vt 0.683695 0.155627
vt 0.684981 0.150478
vt 0.680256 0.170904
vt 0.680311 0.165873
vt 0.681282 0.160763
vt 0.682443 0.155631
vt 0.683706 0.150452
vt 0.680301 0.160763
vt 0.681286 0.155640
vt 0.682429 0.150469
vt 0.680303 0.155649
vt 0.681254 0.150524
vt 0.680265 0.150603
vn -0.809017 0.000000 0.587785
vn -0.951057 0.000000 0.309016
vn -0.940896 0.145783 0.305715
vn -0.800374 0.145783 0.581506
vn -0.587785 0.000001 0.809017
vn -0.581506 0.145783 0.800374
vn -0.309017 0.000000 0.951057
vn -0.305716 0.145783 0.940896
vn 0.000000 0.000000 1.000000
vn 0.000000 0.145783 0.989317
vn 0.309017 0.000000 0.951056
vn 0.305716 0.145783 0.940896
vn 0.587785 0.000000 0.809017
vn 0.581506 0.145783 0.800374
vn 0.809017 0.000000 0.587785
vn 0.800374 0.145783 0.581506
vn 0.951057 0.000000 0.309017
vn 0.940896 0.145783 0.305716
vn 1.000000 0.000000 -0.000000
vn 0.989317 0.145783 0.000000
vn 0.951056 0.000001 -0.309017
vn 0.940896 0.145783 -0.305716
vn 0.809017 0.000001 -0.587785
vn 0.800374 0.145783 -0.581506
vn 0.587785 0.000000 -0.809017
vn 0.581506 0.145783 -0.800374
vn 0.309017 0.000000 -0.951056
vn 0.305716 0.145783 -0.940896
vn -0.000000 0.000000 -1.000000
vn 0.000000 0.145783 -0.989317
vn -0.309017 0.000000 -0.951056
vn -0.305716 0.145783 -0.940896
vn -0.587785 0.000000 -0.809017
vn -0.581506 0.145782 -0.800374
vn -0.809017 0.000001 -0.587785
vn -0.800374 0.145782 -0.581506
vn -0.951056 0.000000 -0.309017
vn -0.940896 0.145783 -0.305716
vn -1.000000 0.000000 -0.000001
vn -0.989317 0.145783 -0.000001
vn -0.903007 0.313834 0.293404
vn -0.768144 0.313835 0.558089
vn -0.558089 0.313834 0.768144
vn -0.293405 0.313835 0.903007
vn 0.000000 0.313835 0.949478
vn 0.293405 0.313835 0.903007
vn 0.558089 0.313834 0.768143
vn 0.768144 0.313834 0.558089
vn 0.903007 0.313834 0.293405
vn 0.949478 0.313834 0.000000
vn 0.903007 0.313834 -0.293405
vn 0.768144 0.313834 -0.558089
vn 0.558089 0.313834 -0.768144
vn 0.293405 0.313834 -0.903007
vn 0.000000 0.313834 -0.949478
vn -0.293405 0.313834 -0.903007
vn -0.558089 0.313835 -0.768143
vn -0.768143 0.313835 -0.558089
vn -0.903007 0.313834 -0.293405
vn -0.949478 0.313834 -0.000001
vn -0.804097 0.534011 0.261266
vn -0.684005 0.534011 0.496959
vn -0.496959 0.534011 0.684006
vn -0.261267 0.534012 0.804097
vn 0.000000 0.534012 0.845477
vn 0.261267 0.534011 0.804097
vn 0.496959 0.534012 0.684005
vn 0.684005 0.534012 0.496959
vn 0.804097 0.534011 0.261267
vn 0.845478 0.534010 0.000000
vn 0.804097 0.534011 -0.261267
vn 0.684005 0.534011 -0.496959
vn 0.496959 0.534011 -0.684005
vn 0.261267 0.534011 -0.804097
vn 0.000000 0.534011 -0.845477
vn -0.261267 0.534011 -0.804097
vn -0.496959 0.534011 -0.684005
vn -0.684005 0.534011 -0.496959
vn -0.804097 0.534011 -0.261267
vn -0.845478 0.534011 -0.000001
vn -0.538376 0.824349 0.174929
vn -0.457970 0.824349 0.332735
vn -0.332735 0.824349 0.457970
vn -0.174929 0.824349 0.538377
vn 0.000000 0.824349 0.566083
vn 0.174929 0.824349 0.538376
vn 0.332735 0.824349 0.457970
vn 0.457970 0.824349 0.332735
vn 0.538376 0.824349 0.174929
vn 0.566082 0.824349 0.000000
vn 0.538376 0.824349 -0.174929
vn 0.457970 0.824349 -0.332735
vn 0.332735 0.824349 -0.457970
vn 0.174929 0.824349 -0.538377
vn -0.000000 0.824348 -0.566083
vn -0.174929 0.824349 -0.538377
vn -0.332735 0.824348 -0.457970
vn -0.457971 0.824348 -0.332735
vn -0.538377 0.824348 -0.174929
vn -0.566083 0.824348 -0.000001
vn 0.037938 0.999204 -0.012327
vn 0.032272 0.999204 -0.023447
vn 0.023447 0.999204 -0.032272
vn 0.012327 0.999204 -0.037938
vn -0.000000 0.999204 -0.039890
vn -0.012327 0.999204 -0.037938
vn -0.023447 0.999204 -0.032272
vn -0.032272 0.999204 -0.023447
vn -0.037938 0.999204 -0.012327
vn -0.039890 0.999204 -0.000000
vn -0.037938 0.999204 0.012327
vn -0.032272 0.999204 0.023447
vn -0.023447 0.999204 0.032272
vn -0.012327 0.999204 0.037938
vn 0.000000 0.999204 0.039890
vn 0.012327 0.999204 0.037938
vn 0.023447 0.999204 0.032272
vn 0.032272 0.999204 0.023447
vn 0.037938 0.999204 0.012327
vn 0.039890 0.999204 0.000000
vn 0.577034 0.794908 -0.187489
vn 0.490854 0.794908 -0.356627
vn 0.356626 0.794909 -0.490854
vn 0.187490 0.794909 -0.577034
vn -0.000000 0.794909 -0.606729
vn -0.187490 0.794909 -0.577034
vn -0.356627 0.794909 -0.490854
vn -0.490854 0.794909 -0.356626
vn -0.577034 0.794908 -0.187490
vn -0.606730 0.794908 -0.000000
vn -0.577034 0.794908 0.187490
vn -0.490854 0.794908 0.356627
vn -0.356626 0.794908 0.490854
vn -0.187490 0.794909 0.577034
vn 0.000000 0.794908 0.606729
vn 0.187490 0.794908 0.577034
vn 0.356627 0.794908 0.490854
vn 0.490855 0.794908 0.356627
vn 0.577034 0.794908 0.187490
vn 0.606729 0.794908 0.000001
vn 0.814321 0.516599 -0.264588
vn 0.692703 0.516599 -0.503278
vn 0.503278 0.516599 -0.692703
vn 0.264589 0.516599 -0.814321
vn -0.000000 0.516599 -0.856228
vn -0.264589 0.516599 -0.814321
vn -0.503278 0.516599 -0.692703
vn -0.692703 0.516598 -0.503278
vn -0.814321 0.516598 -0.264589
vn -0.856228 0.516598 -0.000000
vn -0.814321 0.516598 0.264589
vn -0.692703 0.516598 0.503278
vn -0.503278 0.516598 0.692703
vn -0.264589 0.516599 0.814321
vn 0.000000 0.516599 0.856228
vn 0.264589 0.516599 0.814321
vn 0.503278 0.516599 0.692703
vn 0.692703 0.516598 0.503278
vn 0.814321 0.516599 0.264589
vn 0.856228 0.516599 0.000001
vn 0.905478 0.305863 -0.294207
vn 0.770245 0.305862 -0.559616
vn 0.559616 0.305862 -0.770245
vn 0.294207 0.305863 -0.905478
vn -0.000000 0.305862 -0.952076
vn -0.294208 0.305862 -0.905478
vn -0.559616 0.305862 -0.770245
vn -0.770245 0.305862 -0.559616
vn -0.905478 0.305863 -0.294207
vn -0.952076 0.305863 0.000000
vn -0.905478 0.305862 0.294208
vn -0.770245 0.305862 0.559616
vn -0.559616 0.305862 0.770246
vn -0.294208 0.305862 0.905478
vn 0.000000 0.305862 0.952076
vn 0.294208 0.305862 0.905478
vn 0.559616 0.305862 0.770245
vn 0.770245 0.305862 0.559616
vn 0.905478 0.305862 0.294207
vn 0.952076 0.305862 0.000001
vn 0.941330 0.142654 -0.305856
vn 0.800743 0.142654 -0.581774
vn 0.581774 0.142654 -0.800743
vn 0.305856 0.142654 -0.941330
vn -0.000000 0.142654 -0.989773
vn -0.305857 0.142654 -0.941330
vn -0.581774 0.142654 -0.800743
vn -0.800743 0.142654 -0.581774
vn -0.941330 0.142654 -0.305856
vn -0.989773 0.142653 0.000000
vn -0.941330 0.142654 0.305856
vn -0.800743 0.142654 0.581774
vn -0.581774 0.142654 0.800743
vn -0.305857 0.142654 0.941330
vn 0.000000 0.142654 0.989773
vn 0.305857 0.142653 0.941330
vn 0.581774 0.142654 0.800743
vn 0.800743 0.142654 0.581774
vn 0.941330 0.142654 0.305857
vn 0.989773 0.142653 0.000001
vn 0.951057 0.000000 -0.309016
vn 0.809017 0.000000 -0.587785
vn 0.587785 0.000000 -0.809017
vn 0.309017 -0.000000 -0.951056
vn -0.000000 -0.000000 -1.000000
vn -0.309017 0.000000 -0.951056
vn -0.587785 0.000000 -0.809017
vn -0.809017 -0.000000 -0.587785
vn -0.951057 0.000000 -0.309017
vn -1.000000 -0.000000 0.000000
vn -0.951057 -0.000000 0.309017
vn -0.809017 0.000000 0.587785
vn -0.587785 0.000000 0.809017
vn -0.309017 0.000000 0.951056
vn 0.000000 0.000000 1.000000
vn 0.309017 0.000000 0.951056
vn 0.587785 -0.000000 0.809017
vn 0.809017 0.000000 0.587785
vn 0.951056 0.000000 0.309017
vn 1.000000 -0.000000 0.000001
vn 0.941330 -0.142654 -0.305856
vn 0.800743 -0.142654 -0.581774
vn 0.581774 -0.142654 -0.800743
vn 0.305856 -0.142654 -0.941330
vn -0.000000 -0.142654 -0.989773
vn -0.305857 -0.142654 -0.941330
vn -0.581774 -0.142654 -0.800743
vn -0.800743 -0.142654 -0.581774
vn -0.941330 -0.142654 -0.305856
vn -0.989773 -0.142653 0.000000
vn -0.941330 -0.142654 0.305856
vn -0.800743 -0.142654 0.581774
vn -0.581774 -0.142654 0.800743
vn -0.305857 -0.142654 0.941330
vn 0.000000 -0.142654 0.989773
vn 0.305857 -0.142653 0.941330
vn 0.581774 -0.142654 0.800743
vn 0.800743 -0.142654 0.581774
vn 0.941330 -0.142654 0.305857
vn 0.989773 -0.142653 0.000001
vn 0.905478 -0.305863 -0.294207
vn 0.770245 -0.305862 -0.559616
vn 0.559616 -0.305862 -0.770245
vn 0.294207 -0.305863 -0.905478
vn -0.000000 -0.305862 -0.952076
vn -0.294208 -0.305862 -0.905478
vn -0.559616 -0.305862 -0.770245
vn -0.770246 -0.305862 -0.559616
vn -0.905478 -0.305863 -0.294207
vn -0.952076 -0.305862 0.000000
vn -0.905478 -0.305862 0.294208
vn -0.770245 -0.305862 0.559616
vn -0.559616 -0.305862 0.770246
vn -0.294208 -0.305862 0.905478
vn 0.000000 -0.305862 0.952076
vn 0.294208 -0.305862 0.905478
vn 0.559616 -0.305862 0.770245
vn 0.770245 -0.305862 0.559616
vn 0.905478 -0.305862 0.294207
vn 0.952076 -0.305862 0.000001
vn 0.814321 -0.516598 -0.264588
vn 0.692703 -0.516598 -0.503278
vn 0.503278 -0.516598 -0.692703
vn 0.264589 -0.516598 -0.814321
vn -0.000000 -0.516598 -0.856228
vn -0.264589 -0.516598 -0.814321
vn -0.503278 -0.516598 -0.692703
vn -0.692703 -0.516598 -0.503278
vn -0.814322 -0.516597 -0.264589
vn -0.856228 -0.516597 0.000000
vn -0.814322 -0.516597 0.264589
vn -0.692703 -0.516597 0.503278
vn -0.503278 -0.516598 0.692703
vn -0.264589 -0.516598 0.814321
vn 0.000000 -0.516598 0.856228
vn 0.264589 -0.516598 0.814321
vn 0.503278 -0.516598 0.692703
vn 0.692703 -0.516598 0.503278
vn 0.814321 -0.516598 0.264589
vn 0.856228 -0.516598 0.000001
vn 0.577035 -0.794908 -0.187489
vn 0.490854 -0.794908 -0.356627
vn 0.356627 -0.794908 -0.490855
vn 0.187490 -0.794908 -0.577034
vn -0.000000 -0.794908 -0.606729
vn -0.187490 -0.794908 -0.577034
vn -0.356627 -0.794908 -0.490854
vn -0.490855 -0.794908 -0.356627
vn -0.577034 -0.794908 -0.187490
vn -0.606730 -0.794908 -0.000000
vn -0.577034 -0.794908 0.187490
vn -0.490854 -0.794908 0.356627
vn -0.356627 -0.794908 0.490855
vn -0.187490 -0.794908 0.577034
vn 0.000000 -0.794908 0.606730
vn 0.187490 -0.794908 0.577034
vn 0.356627 -0.794908 0.490855
vn 0.490855 -0.794908 0.356627
vn 0.577034 -0.794908 0.187490
vn 0.606730 -0.794908 0.000001
vn 0.037938 -0.999204 -0.012327
vn 0.032272 -0.999204 -0.023447
vn 0.023447 -0.999204 -0.032272
vn 0.012327 -0.999204 -0.037938
vn -0.000000 -0.999204 -0.039890
vn -0.012327 -0.999204 -0.037938
vn -0.023447 -0.999204 -0.032272
vn -0.032272 -0.999204 -0.023447
vn -0.037938 -0.999204 -0.012327
vn -0.039890 -0.999204 -0.000000
vn -0.037938 -0.999204 0.012327
vn -0.032272 -0.999204 0.023447
vn -0.023447 -0.999204 0.032272
vn -0.012327 -0.999204 0.037938
vn 0.000000 -0.999204 0.039890
vn 0.012327 -0.999204 0.037938
vn 0.023447 -0.999204 0.032272
vn 0.032272 -0.999204 0.023447
vn 0.037938 -0.999204 0.012327
vn 0.039890 -0.999204 0.000000
vn -0.538376 -0.824349 0.174928
vn -0.457970 -0.824349 0.332735
vn -0.332735 -0.824349 0.457970
vn -0.174929 -0.824349 0.538376
vn 0.000000 -0.824349 0.566082
vn 0.174929 -0.824349 0.538376
vn 0.332735 -0.824349 0.457970
vn 0.457970 -0.824349 0.332735
vn 0.538376 -0.824349 0.174929
vn 0.566082 -0.824349 0.000000
vn 0.538376 -0.824349 -0.174929
vn 0.457970 -0.824349 -0.332735
vn 0.332735 -0.824349 -0.457970
vn 0.174929 -0.824349 -0.538376
vn -0.000000 -0.824349 -0.566082
vn -0.174929 -0.824349 -0.538376
vn -0.332735 -0.824349 -0.457970
vn -0.457970 -0.824349 -0.332735
vn -0.538376 -0.824349 -0.174929
vn -0.566083 -0.824349 -0.000001
vn -0.804097 -0.534011 0.261266
vn -0.684006 -0.534011 0.496959
vn -0.496959 -0.534011 0.684005
vn -0.261267 -0.534011 0.804097
vn 0.000000 -0.534012 0.845477
vn 0.261267 -0.534011 0.804097
vn 0.496959 -0.534011 0.684005
vn 0.684005 -0.534012 0.496959
vn 0.804097 -0.534011 0.261267
vn 0.845478 -0.534011 0.000000
vn 0.804097 -0.534011 -0.261267
vn 0.684005 -0.534011 -0.496959
vn 0.496959 -0.534011 -0.684006
vn 0.261267 -0.534011 -0.804097
vn -0.000000 -0.534011 -0.845477
vn -0.261267 -0.534011 -0.804097
vn -0.496959 -0.534011 -0.684005
vn -0.684006 -0.534011 -0.496959
vn -0.804097 -0.534011 -0.261267
vn -0.845477 -0.534011 -0.000001
vn -0.903007 -0.313835 0.293404
vn -0.768143 -0.313835 0.558089
vn -0.558089 -0.313835 0.768144
vn -0.293405 -0.313835 0.903007
vn 0.000000 -0.313835 0.949478
vn 0.293405 -0.313834 0.903007
vn 0.558089 -0.313834 0.768143
vn 0.768144 -0.313834 0.558089
vn 0.903007 -0.313834 0.293405
vn 0.949478 -0.313834 0.000000
vn 0.903007 -0.313835 -0.293405
vn 0.768143 -0.313835 -0.558089
vn 0.558089 -0.313835 -0.768144
vn 0.293405 -0.313834 -0.903007
vn -0.000000 -0.313834 -0.949478
vn -0.293405 -0.313834 -0.903007
vn -0.558089 -0.313834 -0.768144
vn -0.768144 -0.313834 -0.558089
vn -0.903007 -0.313834 -0.293405
vn -0.949478 -0.313834 -0.000001
vn -0.940896 -0.145783 0.305715
vn -0.800374 -0.145783 0.581506
vn -0.581506 -0.145782 0.800374
vn -0.305716 -0.145782 0.940896
vn -0.000000 -0.145782 0.989317
vn 0.305716 -0.145782 0.940896
vn 0.581506 -0.145782 0.800374
vn 0.800374 -0.145782 0.581506
vn 0.940896 -0.145782 0.305716
vn 0.989317 -0.145782 0.000000
vn 0.940896 -0.145782 -0.305716
vn 0.800374 -0.145782 -0.581506
vn 0.581506 -0.145782 -0.800374
vn 0.305716 -0.145782 -0.940896
vn -0.000000 -0.145782 -0.989317
vn -0.305716 -0.145782 -0.940896
vn -0.581506 -0.145782 -0.800374
vn -0.800374 -0.145782 -0.581506
vn -0.940896 -0.145782 -0.305716
vn -0.989317 -0.145782 -0.000001
s 1
g pTorus2
usemtl initialShadingGroup
f 1577/2725/3219 1576/2726/3220 1596/2727/3221 1597/2728/3222
f 1578/2735/3223 1577/2725/3219 1597/2728/3222 1598/2736/3224
f 1579/3137/3225 1578/3138/3223 1598/3139/3224 1599/3140/3226
f 1580/3145/3227 1579/3137/3225 1599/3140/3226 1600/3146/3228
f 1581/3153/3229 1580/3145/3227 1600/3146/3228 1601/3154/3230
f 1582/3161/3231 1581/3153/3229 1601/3154/3230 1602/3162/3232
f 1583/2789/3233 1582/2794/3231 1602/2795/3232 1603/2790/3234
f 1584/2788/3235 1583/2789/3233 1603/2790/3234 1604/2791/3236
f 1585/2798/3237 1584/2788/3235 1604/2791/3236 1605/2799/3238
f 1586/2808/3239 1585/2798/3237 1605/2799/3238 1606/2809/3240
f 1587/2820/3241 1586/2808/3239 1606/2809/3240 1607/2821/3242
f 1588/2832/3243 1587/2820/3241 1607/2821/3242 1608/2833/3244
f 1589/3172/3245 1588/3173/3243 1608/3174/3244 1609/3175/3246
f 1590/3180/3247 1589/3172/3245 1609/3175/3246 1610/3181/3248
f 1591/3188/3249 1590/3180/3247 1610/3181/3248 1611/3189/3250
f 1592/3196/3251 1591/3188/3249 1611/3189/3250 1612/3197/3252
f 1593/2752/3253 1592/2765/3251 1612/2766/3252 1613/2753/3254
f 1594/2741/3255 1593/2752/3253 1613/2753/3254 1614/2742/3256
f 1595/2731/3257 1594/2741/3255 1614/2742/3256 1615/2732/3258
f 1576/2726/3220 1595/2731/3257 1615/2732/3258 1596/2727/3221
f 1597/2728/3222 1596/2727/3221 1616/2733/3259 1617/2734/3260
f 1598/2736/3224 1597/2728/3222 1617/2734/3260 1618/2746/3261
f 1599/3140/3226 1598/3139/3224 1618/3143/3261 1619/3144/3262
f 1600/3146/3228 1599/3140/3226 1619/3144/3262 1620/3152/3263
f 1601/3154/3230 1600/3146/3228 1620/3152/3263 1621/3160/3264
f 1602/3162/3232 1601/3154/3230 1621/3160/3264 1622/3167/3265
f 1603/2790/3234 1602/2795/3232 1622/2804/3265 1623/2796/3266
f 1604/2791/3236 1603/2790/3234 1623/2796/3266 1624/2797/3267
f 1605/2799/3238 1604/2791/3236 1624/2797/3267 1625/2807/3268
f 1606/2809/3240 1605/2799/3238 1625/2807/3268 1626/2819/3269
f 1607/2821/3242 1606/2809/3240 1626/2819/3269 1627/2831/3270
f 1608/2833/3244 1607/2821/3242 1627/2831/3270 1628/2841/3271
f 1609/3175/3246 1608/3174/3244 1628/3178/3271 1629/3179/3272
f 1610/3181/3248 1609/3175/3246 1629/3179/3272 1630/3187/3273
f 1611/3189/3250 1610/3181/3248 1630/3187/3273 1631/3195/3274
f 1612/3197/3252 1611/3189/3250 1631/3195/3274 1632/3202/3275
f 1613/2753/3254 1612/2766/3252 1632/2776/3275 1633/2767/3276
f 1614/2742/3256 1613/2753/3254 1633/2767/3276 1634/2754/3277
f 1615/2732/3258 1614/2742/3256 1634/2754/3277 1635/2743/3278
f 1596/2727/3221 1615/2732/3258 1635/2743/3278 1616/2733/3259
f 1617/2734/3260 1616/2733/3259 1636/2744/3279 1637/2745/3280
f 1618/2746/3261 1617/2734/3260 1637/2745/3280 1638/2758/3281
f 1619/3144/3262 1618/3143/3261 1638/3150/3281 1639/3151/3282
f 1620/3152/3263 1619/3144/3262 1639/3151/3282 1640/3159/3283
f 1621/3160/3264 1620/3152/3263 1640/3159/3283 1641/3166/3284
f 1622/3167/3265 1621/3160/3264 1641/3166/3284 1642/3170/3285
f 1623/2796/3266 1622/2804/3265 1642/2815/3285 1643/2805/3286
f 1624/2797/3267 1623/2796/3266 1643/2805/3286 1644/2806/3287
f 1625/2807/3268 1624/2797/3267 1644/2806/3287 1645/2818/3288
f 1626/2819/3269 1625/2807/3268 1645/2818/3288 1646/2830/3289
f 1627/2831/3270 1626/2819/3269 1646/2830/3289 1647/2840/3290
f 1628/2841/3271 1627/2831/3270 1647/2840/3290 1648/2846/3291
f 1629/3179/3272 1628/3178/3271 1648/3185/3291 1649/3186/3292
f 1630/3187/3273 1629/3179/3272 1649/3186/3292 1650/3194/3293
f 1631/3195/3274 1630/3187/3273 1650/3194/3293 1651/3201/3294
f 1632/3202/3275 1631/3195/3274 1651/3201/3294 1652/3205/3295
f 1633/2767/3276 1632/2776/3275 1652/2782/3295 1653/2777/3296
f 1634/2754/3277 1633/2767/3276 1653/2777/3296 1654/2768/3297
f 1635/2743/3278 1634/2754/3277 1654/2768/3297 1655/2755/3298
f 1616/2733/3259 1635/2743/3278 1655/2755/3298 1636/2744/3279
f 1637/2745/3280 1636/2744/3279 1656/2756/3299 1657/2757/3300
f 1638/2758/3281 1637/2745/3280 1657/2757/3300 1658/2770/3301
f 1639/2997/3282 1638/2998/3281 1658/2985/3301 1659/2991/3302
f 1640/3007/3283 1639/2997/3282 1659/2991/3302 1660/2999/3303
f 1641/3015/3284 1640/3007/3283 1660/2999/3303 1661/3008/3304
f 1642/3025/3285 1641/3015/3284 1661/3008/3304 1662/3016/3305
f 1643/2805/3286 1642/2815/3285 1662/2828/3305 1663/2816/3306
f 1644/2806/3287 1643/2805/3286 1663/2816/3306 1664/2817/3307
f 1645/2818/3288 1644/2806/3287 1664/2817/3307 1665/2829/3308
f 1646/2830/3289 1645/2818/3288 1665/2829/3308 1666/2839/3309
f 1647/2840/3290 1646/2830/3289 1666/2839/3309 1667/2845/3310
f 1648/2846/3291 1647/2840/3290 1667/2845/3310 1668/2849/3311
f 1649/3038/3292 1648/3046/3291 1668/3039/3311 1669/3029/3312
f 1650/3028/3293 1649/3038/3292 1669/3029/3312 1670/3020/3313
f 1651/3019/3294 1650/3028/3293 1670/3020/3313 1671/3010/3314
f 1652/3018/3295 1651/3019/3294 1671/3010/3314 1672/3001/3315
f 1653/2777/3296 1652/2782/3295 1672/2786/3315 1673/2783/3316
f 1654/2768/3297 1653/2777/3296 1673/2783/3316 1674/2778/3317
f 1655/2755/3298 1654/2768/3297 1674/2778/3317 1675/2769/3318
f 1636/2744/3279 1655/2755/3298 1675/2769/3318 1656/2756/3299
f 1657/2977/3300 1656/2978/3299 1676/2979/3319 1677/2980/3320
f 1658/2985/3301 1657/2977/3300 1677/2980/3320 1678/2986/3321
f 1659/2991/3302 1658/2985/3301 1678/2986/3321 1679/2992/3322
f 1660/2999/3303 1659/2991/3302 1679/2992/3322 1680/3000/3323
f 1661/3008/3304 1660/2999/3303 1680/3000/3323 1681/3009/3324
f 1662/3016/3305 1661/3008/3304 1681/3009/3324 1682/3017/3325
f 1663/3026/3306 1662/3016/3305 1682/3017/3325 1683/3027/3326
f 1664/3036/3307 1663/3026/3306 1683/3027/3326 1684/3037/3327
f 1665/3044/3308 1664/3036/3307 1684/3037/3327 1685/3045/3328
f 1666/3052/3309 1665/3044/3308 1685/3045/3328 1686/3053/3329
f 1667/3047/3310 1666/3052/3309 1686/3053/3329 1687/3048/3330
f 1668/3039/3311 1667/3047/3310 1687/3048/3330 1688/3040/3331
f 1669/3029/3312 1668/3039/3311 1688/3040/3331 1689/3030/3332
f 1670/3020/3313 1669/3029/3312 1689/3030/3332 1690/3021/3333
f 1671/3010/3314 1670/3020/3313 1690/3021/3333 1691/3011/3334
f 1672/3001/3315 1671/3010/3314 1691/3011/3334 1692/3002/3335
f 1673/2993/3316 1672/3001/3315 1692/3002/3335 1693/2994/3336
f 1674/2987/3317 1673/2993/3316 1693/2994/3336 1694/2988/3337
f 1675/2981/3318 1674/2987/3317 1694/2988/3337 1695/2982/3338
f 1656/2978/3299 1675/2981/3318 1695/2982/3338 1676/2979/3319
f 1677/2980/3320 1676/2979/3319 1696/2983/3339 1697/2984/3340
f 1678/2986/3321 1677/2980/3320 1697/2984/3340 1698/2990/3341
f 1679/2992/3322 1678/2986/3321 1698/2990/3341 1699/2996/3342
f 1680/3000/3323 1679/2992/3322 1699/2996/3342 1700/3006/3343
f 1681/3009/3324 1680/3000/3323 1700/3006/3343 1701/3014/3344
f 1682/3017/3325 1681/3009/3324 1701/3014/3344 1702/3024/3345
f 1683/3027/3326 1682/3017/3325 1702/3024/3345 1703/3035/3346
f 1684/3037/3327 1683/3027/3326 1703/3035/3346 1704/3043/3347
f 1685/3045/3328 1684/3037/3327 1704/3043/3347 1705/3051/3348
f 1686/3053/3329 1685/3045/3328 1705/3051/3348 1706/3056/3349
f 1687/3048/3330 1686/3053/3329 1706/3056/3349 1707/3054/3350
f 1688/3040/3331 1687/3048/3330 1707/3054/3350 1708/3049/3351
f 1689/3030/3332 1688/3040/3331 1708/3049/3351 1709/3041/3352
f 1690/3021/3333 1689/3030/3332 1709/3041/3352 1710/3031/3353
f 1691/3011/3334 1690/3021/3333 1710/3031/3353 1711/3022/3354
f 1692/3002/3335 1691/3011/3334 1711/3022/3354 1712/3012/3355
f 1693/2994/3336 1692/3002/3335 1712/3012/3355 1713/3003/3356
f 1694/2988/3337 1693/2994/3336 1713/3003/3356 1714/2995/3357
f 1695/2982/3338 1694/2988/3337 1714/2995/3357 1715/2989/3358
f 1676/2979/3319 1695/2982/3338 1715/2989/3358 1696/2983/3339
f 1697/2855/3340 1696/2856/3339 1716/2852/3359 1717/2851/3360
f 1698/2864/3341 1697/2855/3340 1717/2851/3360 1718/2861/3361
f 1699/2996/3342 1698/2990/3341 1718/3004/3361 1719/3005/3362
f 1700/3006/3343 1699/2996/3342 1719/3005/3362 1720/3013/3363
f 1701/3014/3344 1700/3006/3343 1720/3013/3363 1721/3023/3364
f 1702/3024/3345 1701/3014/3344 1721/3023/3364 1722/3034/3365
f 1703/2919/3346 1702/2926/3345 1722/2920/3365 1723/2915/3366
f 1704/2918/3347 1703/2919/3346 1723/2915/3366 1724/2914/3367
f 1705/2927/3348 1704/2918/3347 1724/2914/3367 1725/2924/3368
f 1706/2934/3349 1705/2927/3348 1725/2924/3368 1726/2932/3369
f 1707/2942/3350 1706/2934/3349 1726/2932/3369 1727/2940/3370
f 1708/2951/3351 1707/2942/3350 1727/2940/3370 1728/2949/3371
f 1709/3041/3352 1708/3049/3351 1728/3055/3371 1729/3050/3372
f 1710/3031/3353 1709/3041/3352 1729/3050/3372 1730/3042/3373
f 1711/3022/3354 1710/3031/3353 1730/3042/3373 1731/3032/3374
f 1712/3012/3355 1711/3022/3354 1731/3032/3374 1732/3033/3375
f 1713/2879/3356 1712/2888/3355 1732/2880/3375 1733/2872/3376
f 1714/2871/3357 1713/2879/3356 1733/2872/3376 1734/2865/3377
f 1715/2863/3358 1714/2871/3357 1734/2865/3377 1735/2857/3378
f 1696/2856/3339 1715/2863/3358 1735/2857/3378 1716/2852/3359
f 1717/2851/3360 1716/2852/3359 1736/2853/3379 1737/2854/3380
f 1718/2861/3361 1717/2851/3360 1737/2854/3380 1738/2862/3381
f 1719/3207/3362 1718/3208/3361 1738/3209/3381 1739/3210/3382
f 1720/3213/3363 1719/3207/3362 1739/3210/3382 1740/3214/3383
f 1721/3218/3364 1720/3213/3363 1740/3214/3383 1741/3219/3384
f 1722/3224/3365 1721/3218/3364 1741/3219/3384 1742/3225/3385
f 1723/2915/3366 1722/2920/3365 1742/2921/3385 1743/2916/3386
f 1724/2914/3367 1723/2915/3366 1743/2916/3386 1744/2917/3387
f 1725/2924/3368 1724/2914/3367 1744/2917/3387 1745/2925/3388
f 1726/2932/3369 1725/2924/3368 1745/2925/3388 1746/2933/3389
f 1727/2940/3370 1726/2932/3369 1746/2933/3389 1747/2941/3390
f 1728/2949/3371 1727/2940/3370 1747/2941/3390 1748/2950/3391
f 1729/3242/3372 1728/3243/3371 1748/3244/3391 1749/3245/3392
f 1730/3248/3373 1729/3242/3372 1749/3245/3392 1750/3249/3393
f 1731/3253/3374 1730/3248/3373 1750/3249/3393 1751/3254/3394
f 1732/3259/3375 1731/3253/3374 1751/3254/3394 1752/3260/3395
f 1733/2872/3376 1732/2880/3375 1752/2881/3395 1753/2873/3396
f 1734/2865/3377 1733/2872/3376 1753/2873/3396 1754/2866/3397
f 1735/2857/3378 1734/2865/3377 1754/2866/3397 1755/2858/3398
f 1716/2852/3359 1735/2857/3378 1755/2858/3398 1736/2853/3379
f 1737/2854/3380 1736/2853/3379 1756/2859/3399 1757/2860/3400
f 1738/2862/3381 1737/2854/3380 1757/2860/3400 1758/2870/3401
f 1739/3210/3382 1738/3209/3381 1758/3211/3401 1759/3212/3402
f 1740/3214/3383 1739/3210/3382 1759/3212/3402 1760/3217/3403
f 1741/3219/3384 1740/3214/3383 1760/3217/3403 1761/3223/3404
f 1742/3225/3385 1741/3219/3384 1761/3223/3404 1762/3230/3405
f 1743/2916/3386 1742/2921/3385 1762/2928/3405 1763/2922/3406
f 1744/2917/3387 1743/2916/3386 1763/2922/3406 1764/2923/3407
f 1745/2925/3388 1744/2917/3387 1764/2923/3407 1765/2931/3408
f 1746/2933/3389 1745/2925/3388 1765/2931/3408 1766/2939/3409
f 1747/2941/3390 1746/2933/3389 1766/2939/3409 1767/2948/3410
f 1748/2950/3391 1747/2941/3390 1767/2948/3410 1768/2958/3411
f 1749/3245/3392 1748/3244/3391 1768/3246/3411 1769/3247/3412
f 1750/3249/3393 1749/3245/3392 1769/3247/3412 1770/3252/3413
f 1751/3254/3394 1750/3249/3393 1770/3252/3413 1771/3258/3414
f 1752/3260/3395 1751/3254/3394 1771/3258/3414 1772/3265/3415
f 1753/2873/3396 1752/2881/3395 1772/2889/3415 1773/2882/3416
f 1754/2866/3397 1753/2873/3396 1773/2882/3416 1774/2874/3417
f 1755/2858/3398 1754/2866/3397 1774/2874/3417 1775/2867/3418
f 1736/2853/3379 1755/2858/3398 1775/2867/3418 1756/2859/3399
f 1757/2860/3400 1756/2859/3399 1776/2868/3419 1777/2869/3420
f 1758/2870/3401 1757/2860/3400 1777/2869/3420 1778/2878/3421
f 1759/3212/3402 1758/3211/3401 1778/3215/3421 1779/3216/3422
f 1760/3217/3403 1759/3212/3402 1779/3216/3422 1780/3222/3423
f 1761/3223/3404 1760/3217/3403 1780/3222/3423 1781/3229/3424
f 1762/3230/3405 1761/3223/3404 1781/3229/3424 1782/3235/3425
f 1763/2922/3406 1762/2928/3405 1782/2935/3425 1783/2929/3426
f 1764/2923/3407 1763/2922/3406 1783/2929/3426 1784/2930/3427
f 1765/2931/3408 1764/2923/3407 1784/2930/3427 1785/2938/3428
f 1766/2939/3409 1765/2931/3408 1785/2938/3428 1786/2947/3429
f 1767/2948/3410 1766/2939/3409 1786/2947/3429 1787/2957/3430
f 1768/2958/3411 1767/2948/3410 1787/2957/3430 1788/2965/3431
f 1769/3247/3412 1768/3246/3411 1788/3250/3431 1789/3251/3432
f 1770/3252/3413 1769/3247/3412 1789/3251/3432 1790/3257/3433
f 1771/3258/3414 1770/3252/3413 1790/3257/3433 1791/3264/3434
f 1772/3265/3415 1771/3258/3414 1791/3264/3434 1792/3270/3435
f 1773/2882/3416 1772/2889/3415 1792/2896/3435 1793/2890/3436
f 1774/2874/3417 1773/2882/3416 1793/2890/3436 1794/2883/3437
f 1775/2867/3418 1774/2874/3417 1794/2883/3437 1795/2875/3438
f 1756/2859/3399 1775/2867/3418 1795/2875/3438 1776/2868/3419
f 1777/2869/3420 1776/2868/3419 1796/2876/3439 1797/2877/3440
f 1778/2878/3421 1777/2869/3420 1797/2877/3440 1798/2887/3441
f 1779/3216/3422 1778/3215/3421 1798/3220/3441 1799/3221/3442
f 1780/3222/3423 1779/3216/3422 1799/3221/3442 1800/3228/3443
f 1781/3229/3424 1780/3222/3423 1800/3228/3443 1801/3234/3444
f 1782/3235/3425 1781/3229/3424 1801/3234/3444 1802/3238/3445
f 1783/2929/3426 1782/2935/3425 1802/2943/3445 1803/2936/3446
f 1784/2930/3427 1783/2929/3426 1803/2936/3446 1804/2937/3447
f 1785/2938/3428 1784/2930/3427 1804/2937/3447 1805/2946/3448
f 1786/2947/3429 1785/2938/3428 1805/2946/3448 1806/2956/3449
f 1787/2957/3430 1786/2947/3429 1806/2956/3449 1807/2964/3450
f 1788/2965/3431 1787/2957/3430 1807/2964/3450 1808/2970/3451
f 1789/3251/3432 1788/3250/3431 1808/3255/3451 1809/3256/3452
f 1790/3257/3433 1789/3251/3432 1809/3256/3452 1810/3263/3453
f 1791/3264/3434 1790/3257/3433 1810/3263/3453 1811/3269/3454
f 1792/3270/3435 1791/3264/3434 1811/3269/3454 1812/3273/3455
f 1793/2890/3436 1792/2896/3435 1812/2903/3455 1813/2897/3456
f 1794/2883/3437 1793/2890/3436 1813/2897/3456 1814/2891/3457
f 1795/2875/3438 1794/2883/3437 1814/2891/3457 1815/2884/3458
f 1776/2868/3419 1795/2875/3438 1815/2884/3458 1796/2876/3439
f 1797/2877/3440 1796/2876/3439 1816/2885/3459 1817/2886/3460
f 1798/2887/3441 1797/2877/3440 1817/2886/3460 1818/2895/3461
f 1799/3221/3442 1798/3220/3441 1818/3226/3461 1819/3227/3462
f 1800/3228/3443 1799/3221/3442 1819/3227/3462 1820/3233/3463
f 1801/3234/3444 1800/3228/3443 1820/3233/3463 1821/3237/3464
f 1802/3238/3445 1801/3234/3444 1821/3237/3464 1822/3240/3465
f 1803/2936/3446 1802/2943/3445 1822/2952/3465 1823/2944/3466
f 1804/2937/3447 1803/2936/3446 1823/2944/3466 1824/2945/3467
f 1805/2946/3448 1804/2937/3447 1824/2945/3467 1825/2955/3468
f 1806/2956/3449 1805/2946/3448 1825/2955/3468 1826/2963/3469
f 1807/2964/3450 1806/2956/3449 1826/2963/3469 1827/2969/3470
f 1808/2970/3451 1807/2964/3450 1827/2969/3470 1828/2973/3471
f 1809/3256/3452 1808/3255/3451 1828/3261/3471 1829/3262/3472
f 1810/3263/3453 1809/3256/3452 1829/3262/3472 1830/3268/3473
f 1811/3269/3454 1810/3263/3453 1830/3268/3473 1831/3272/3474
f 1812/3273/3455 1811/3269/3454 1831/3272/3474 1832/3275/3475
f 1813/2897/3456 1812/2903/3455 1832/2908/3475 1833/2904/3476
f 1814/2891/3457 1813/2897/3456 1833/2904/3476 1834/2898/3477
f 1815/2884/3458 1814/2891/3457 1834/2898/3477 1835/2892/3478
f 1796/2876/3439 1815/2884/3458 1835/2892/3478 1816/2885/3459
f 1817/2886/3460 1816/2885/3459 1836/2893/3479 1837/2894/3480
f 1818/2895/3461 1817/2886/3460 1837/2894/3480 1838/2902/3481
f 1819/3227/3462 1818/3226/3461 1838/3231/3481 1839/3232/3482
f 1820/3233/3463 1819/3227/3462 1839/3232/3482 1840/3236/3483
f 1821/3237/3464 1820/3233/3463 1840/3236/3483 1841/3239/3484
f 1822/3240/3465 1821/3237/3464 1841/3239/3484 1842/3241/3485
f 1823/2944/3466 1822/2952/3465 1842/2959/3485 1843/2953/3486
f 1824/2945/3467 1823/2944/3466 1843/2953/3486 1844/2954/3487
f 1825/2955/3468 1824/2945/3467 1844/2954/3487 1845/2962/3488
f 1826/2963/3469 1825/2955/3468 1845/2962/3488 1846/2968/3489
f 1827/2969/3470 1826/2963/3469 1846/2968/3489 1847/2972/3490
f 1828/2973/3471 1827/2969/3470 1847/2972/3490 1848/2975/3491
f 1829/3262/3472 1828/3261/3471 1848/3266/3491 1849/3267/3492
f 1830/3268/3473 1829/3262/3472 1849/3267/3492 1850/3271/3493
f 1831/3272/3474 1830/3268/3473 1850/3271/3493 1851/3274/3494
f 1832/3275/3475 1831/3272/3474 1851/3274/3494 1852/3276/3495
f 1833/2904/3476 1832/2908/3475 1852/2911/3495 1853/2909/3496
f 1834/2898/3477 1833/2904/3476 1853/2909/3496 1854/2905/3497
f 1835/2892/3478 1834/2898/3477 1854/2905/3497 1855/2899/3498
f 1816/2885/3459 1835/2892/3478 1855/2899/3498 1836/2893/3479
f 1837/2894/3480 1836/2893/3479 1856/2900/3499 1857/2901/3500
f 1838/2902/3481 1837/2894/3480 1857/2901/3500 1858/2907/3501
f 1839/3077/3482 1838/3078/3481 1858/3065/3501 1859/3071/3502
f 1840/3087/3483 1839/3077/3482 1859/3071/3502 1860/3079/3503
f 1841/3095/3484 1840/3087/3483 1860/3079/3503 1861/3088/3504
f 1842/3105/3485 1841/3095/3484 1861/3088/3504 1862/3096/3505
f 1843/2953/3486 1842/2959/3485 1862/2966/3505 1863/2960/3506
f 1844/2954/3487 1843/2953/3486 1863/2960/3506 1864/2961/3507
f 1845/2962/3488 1844/2954/3487 1864/2961/3507 1865/2967/3508
f 1846/2968/3489 1845/2962/3488 1865/2967/3508 1866/2971/3509
f 1847/2972/3490 1846/2968/3489 1866/2971/3509 1867/2974/3510
f 1848/2975/3491 1847/2972/3490 1867/2974/3510 1868/2976/3511
f 1849/3118/3492 1848/3126/3491 1868/3119/3511 1869/3109/3512
f 1850/3108/3493 1849/3118/3492 1869/3109/3512 1870/3100/3513
f 1851/3099/3494 1850/3108/3493 1870/3100/3513 1871/3090/3514
f 1852/3098/3495 1851/3099/3494 1871/3090/3514 1872/3081/3515
f 1853/2909/3496 1852/2911/3495 1872/2913/3515 1873/2912/3516
f 1854/2905/3497 1853/2909/3496 1873/2912/3516 1874/2910/3517
f 1855/2899/3498 1854/2905/3497 1874/2910/3517 1875/2906/3518
f 1836/2893/3479 1855/2899/3498 1875/2906/3518 1856/2900/3499
f 1857/3057/3500 1856/3058/3499 1876/3059/3519 1877/3060/3520
f 1858/3065/3501 1857/3057/3500 1877/3060/3520 1878/3066/3521
f 1859/3071/3502 1858/3065/3501 1878/3066/3521 1879/3072/3522
f 1860/3079/3503 1859/3071/3502 1879/3072/3522 1880/3080/3523
f 1861/3088/3504 1860/3079/3503 1880/3080/3523 1881/3089/3524
f 1862/3096/3505 1861/3088/3504 1881/3089/3524 1882/3097/3525
f 1863/3106/3506 1862/3096/3505 1882/3097/3525 1883/3107/3526
f 1864/3116/3507 1863/3106/3506 1883/3107/3526 1884/3117/3527
f 1865/3124/3508 1864/3116/3507 1884/3117/3527 1885/3125/3528
f 1866/3132/3509 1865/3124/3508 1885/3125/3528 1886/3133/3529
f 1867/3127/3510 1866/3132/3509 1886/3133/3529 1887/3128/3530
f 1868/3119/3511 1867/3127/3510 1887/3128/3530 1888/3120/3531
f 1869/3109/3512 1868/3119/3511 1888/3120/3531 1889/3110/3532
f 1870/3100/3513 1869/3109/3512 1889/3110/3532 1890/3101/3533
f 1871/3090/3514 1870/3100/3513 1890/3101/3533 1891/3091/3534
f 1872/3081/3515 1871/3090/3514 1891/3091/3534 1892/3082/3535
f 1873/3073/3516 1872/3081/3515 1892/3082/3535 1893/3074/3536
f 1874/3067/3517 1873/3073/3516 1893/3074/3536 1894/3068/3537
f 1875/3061/3518 1874/3067/3517 1894/3068/3537 1895/3062/3538
f 1856/3058/3499 1875/3061/3518 1895/3062/3538 1876/3059/3519
f 1877/3060/3520 1876/3059/3519 1896/3063/3539 1897/3064/3540
f 1878/3066/3521 1877/3060/3520 1897/3064/3540 1898/3070/3541
f 1879/3072/3522 1878/3066/3521 1898/3070/3541 1899/3076/3542
f 1880/3080/3523 1879/3072/3522 1899/3076/3542 1900/3086/3543
f 1881/3089/3524 1880/3080/3523 1900/3086/3543 1901/3094/3544
f 1882/3097/3525 1881/3089/3524 1901/3094/3544 1902/3104/3545
f 1883/3107/3526 1882/3097/3525 1902/3104/3545 1903/3115/3546
f 1884/3117/3527 1883/3107/3526 1903/3115/3546 1904/3123/3547
f 1885/3125/3528 1884/3117/3527 1904/3123/3547 1905/3131/3548
f 1886/3133/3529 1885/3125/3528 1905/3131/3548 1906/3136/3549
f 1887/3128/3530 1886/3133/3529 1906/3136/3549 1907/3134/3550
f 1888/3120/3531 1887/3128/3530 1907/3134/3550 1908/3129/3551
f 1889/3110/3532 1888/3120/3531 1908/3129/3551 1909/3121/3552
f 1890/3101/3533 1889/3110/3532 1909/3121/3552 1910/3111/3553
f 1891/3091/3534 1890/3101/3533 1910/3111/3553 1911/3102/3554
f 1892/3082/3535 1891/3091/3534 1911/3102/3554 1912/3092/3555
f 1893/3074/3536 1892/3082/3535 1912/3092/3555 1913/3083/3556
f 1894/3068/3537 1893/3074/3536 1913/3083/3556 1914/3075/3557
f 1895/3062/3538 1894/3068/3537 1914/3075/3557 1915/3069/3558
f 1876/3059/3519 1895/3062/3538 1915/3069/3558 1896/3063/3539
f 1897/2759/3540 1896/2760/3539 1916/2748/3559 1917/2747/3560
f 1898/2772/3541 1897/2759/3540 1917/2747/3560 1918/2762/3561
f 1899/3076/3542 1898/3070/3541 1918/3084/3561 1919/3085/3562
f 1900/3086/3543 1899/3076/3542 1919/3085/3562 1920/3093/3563
f 1901/3094/3544 1900/3086/3543 1920/3093/3563 1921/3103/3564
f 1902/3104/3545 1901/3094/3544 1921/3103/3564 1922/3114/3565
f 1903/2823/3546 1902/2834/3545 1922/2824/3565 1923/2811/3566
f 1904/2822/3547 1903/2823/3546 1923/2811/3566 1924/2810/3567
f 1905/2835/3548 1904/2822/3547 1924/2810/3567 1925/2825/3568
f 1906/2842/3549 1905/2835/3548 1925/2825/3568 1926/2836/3569
f 1907/2847/3550 1906/2842/3549 1926/2836/3569 1927/2843/3570
f 1908/2850/3551 1907/2847/3550 1927/2843/3570 1928/2848/3571
f 1909/3121/3552 1908/3129/3551 1928/3135/3571 1929/3130/3572
f 1910/3111/3553 1909/3121/3552 1929/3130/3572 1930/3122/3573
f 1911/3102/3554 1910/3111/3553 1930/3122/3573 1931/3112/3574
f 1912/3092/3555 1911/3102/3554 1931/3112/3574 1932/3113/3575
f 1913/2784/3556 1912/2787/3555 1932/2785/3575 1933/2780/3576
f 1914/2779/3557 1913/2784/3556 1933/2780/3576 1934/2773/3577
f 1915/2771/3558 1914/2779/3557 1934/2773/3577 1935/2761/3578
f 1896/2760/3539 1915/2771/3558 1935/2761/3578 1916/2748/3559
f 1917/2747/3560 1916/2748/3559 1936/2738/3579 1937/2737/3580
f 1918/2762/3561 1917/2747/3560 1937/2737/3580 1938/2750/3581
f 1919/3155/3562 1918/3156/3561 1938/3148/3581 1939/3147/3582
f 1920/3163/3563 1919/3155/3562 1939/3147/3582 1940/3157/3583
f 1921/3168/3564 1920/3163/3563 1940/3157/3583 1941/3164/3584
f 1922/3171/3565 1921/3168/3564 1941/3164/3584 1942/3169/3585
f 1923/2811/3566 1922/2824/3565 1942/2812/3585 1943/2801/3586
f 1924/2810/3567 1923/2811/3566 1943/2801/3586 1944/2800/3587
f 1925/2825/3568 1924/2810/3567 1944/2800/3587 1945/2813/3588
f 1926/2836/3569 1925/2825/3568 1945/2813/3588 1946/2826/3589
f 1927/2843/3570 1926/2836/3569 1946/2826/3589 1947/2837/3590
f 1928/2848/3571 1927/2843/3570 1947/2837/3590 1948/2844/3591
f 1929/3190/3572 1928/3191/3571 1948/3183/3591 1949/3182/3592
f 1930/3198/3573 1929/3190/3572 1949/3182/3592 1950/3192/3593
f 1931/3203/3574 1930/3198/3573 1950/3192/3593 1951/3199/3594
f 1932/3206/3575 1931/3203/3574 1951/3199/3594 1952/3204/3595
f 1933/2780/3576 1932/2785/3575 1952/2781/3595 1953/2774/3596
f 1934/2773/3577 1933/2780/3576 1953/2774/3596 1954/2763/3597
f 1935/2761/3578 1934/2773/3577 1954/2763/3597 1955/2749/3598
f 1916/2748/3559 1935/2761/3578 1955/2749/3598 1936/2738/3579
f 1937/2737/3580 1936/2738/3579 1956/2730/3599 1957/2729/3600
f 1938/2750/3581 1937/2737/3580 1957/2729/3600 1958/2740/3601
f 1939/3147/3582 1938/3148/3581 1958/3142/3601 1959/3141/3602
f 1940/3157/3583 1939/3147/3582 1959/3141/3602 1960/3149/3603
f 1941/3164/3584 1940/3157/3583 1960/3149/3603 1961/3158/3604
f 1942/3169/3585 1941/3164/3584 1961/3158/3604 1962/3165/3605
f 1943/2801/3586 1942/2812/3585 1962/2802/3605 1963/2793/3606
f 1944/2800/3587 1943/2801/3586 1963/2793/3606 1964/2792/3607
f 1945/2813/3588 1944/2800/3587 1964/2792/3607 1965/2803/3608
f 1946/2826/3589 1945/2813/3588 1965/2803/3608 1966/2814/3609
f 1947/2837/3590 1946/2826/3589 1966/2814/3609 1967/2827/3610
f 1948/2844/3591 1947/2837/3590 1967/2827/3610 1968/2838/3611
f 1949/3182/3592 1948/3183/3591 1968/3177/3611 1969/3176/3612
f 1950/3192/3593 1949/3182/3592 1969/3176/3612 1970/3184/3613
f 1951/3199/3594 1950/3192/3593 1970/3184/3613 1971/3193/3614
f 1952/3204/3595 1951/3199/3594 1971/3193/3614 1972/3200/3615
f 1953/2774/3596 1952/2781/3595 1972/2775/3615 1973/2764/3616
f 1954/2763/3597 1953/2774/3596 1973/2764/3616 1974/2751/3617
f 1955/2749/3598 1954/2763/3597 1974/2751/3617 1975/2739/3618
f 1936/2738/3579 1955/2749/3598 1975/2739/3618 1956/2730/3599
f 1957/2729/3600 1956/2730/3599 1576/2726/3220 1577/2725/3219
f 1958/2740/3601 1957/2729/3600 1577/2725/3219 1578/2735/3223
f 1959/3141/3602 1958/3142/3601 1578/3138/3223 1579/3137/3225
f 1960/3149/3603 1959/3141/3602 1579/3137/3225 1580/3145/3227
f 1961/3158/3604 1960/3149/3603 1580/3145/3227 1581/3153/3229
f 1962/3165/3605 1961/3158/3604 1581/3153/3229 1582/3161/3231
f 1963/2793/3606 1962/2802/3605 1582/2794/3231 1583/2789/3233
f 1964/2792/3607 1963/2793/3606 1583/2789/3233 1584/2788/3235
f 1965/2803/3608 1964/2792/3607 1584/2788/3235 1585/2798/3237
f 1966/2814/3609 1965/2803/3608 1585/2798/3237 1586/2808/3239
f 1967/2827/3610 1966/2814/3609 1586/2808/3239 1587/2820/3241
f 1968/2838/3611 1967/2827/3610 1587/2820/3241 1588/2832/3243
f 1969/3176/3612 1968/3177/3611 1588/3173/3243 1589/3172/3245
f 1970/3184/3613 1969/3176/3612 1589/3172/3245 1590/3180/3247
f 1971/3193/3614 1970/3184/3613 1590/3180/3247 1591/3188/3249
f 1972/3200/3615 1971/3193/3614 1591/3188/3249 1592/3196/3251
f 1973/2764/3616 1972/2775/3615 1592/2765/3251 1593/2752/3253
f 1974/2751/3617 1973/2764/3616 1593/2752/3253 1594/2741/3255
f 1975/2739/3618 1974/2751/3617 1594/2741/3255 1595/2731/3257
f 1956/2730/3599 1975/2739/3618 1595/2731/3257 1576/2726/3220
g default
v -0.440778 -3.732237 1.402778
v -0.419205 -3.596029 1.402778
v -0.356597 -3.473154 1.402778
v -0.259083 -3.375640 1.402778
v -0.136208 -3.313032 1.402778
v 0.000000 -3.291459 1.402778
v 0.136208 -3.313032 1.402778
v 0.259083 -3.375640 1.402778
v 0.356597 -3.473154 1.402778
v 0.419205 -3.596029 1.402778
v 0.440778 -3.732237 1.402778
v -0.440778 -4.427170 1.402778
v 0.440778 -4.427170 1.402778
v -0.318340 -3.767536 1.402778
v -0.302759 -3.669164 1.402778
v -0.257542 -3.580421 1.402778
v -0.187115 -3.509994 1.402778
v -0.098373 -3.464777 1.402778
v 0.000000 -3.449196 1.402778
v 0.098372 -3.464777 1.402778
v 0.187115 -3.509994 1.402778
v 0.257542 -3.580421 1.402778
v 0.302759 -3.669164 1.402778
v 0.318340 -3.767536 1.402778
v -0.318340 -4.269432 1.402778
v 0.318340 -4.269432 1.402778
v -0.440778 -3.732237 0.560167
v -0.401833 -3.735301 0.521222
v -0.419205 -3.596029 0.560167
v -0.381704 -3.608213 0.521222
v -0.356597 -3.473154 0.560167
v -0.324697 -3.496330 0.521222
v -0.259083 -3.375640 0.560167
v -0.235906 -3.407539 0.521222
v -0.136208 -3.313032 0.560167
v -0.124023 -3.350533 0.521222
v 0.000000 -3.291458 0.560167
v -0.000000 -3.330889 0.521222
v 0.136208 -3.313032 0.560167
v 0.124023 -3.350533 0.521222
v 0.259083 -3.375640 0.560167
v 0.235906 -3.407539 0.521222
v 0.356597 -3.473154 0.560167
v 0.324697 -3.496330 0.521222
v 0.419205 -3.596029 0.560167
v 0.381704 -3.608213 0.521222
v 0.440778 -3.732237 0.560167
v 0.401833 -3.735301 0.521222
v -0.440778 -4.427170 0.560167
v -0.401833 -4.388225 0.521222
v 0.440778 -4.427170 0.560167
v 0.401833 -4.388225 0.521222
v -0.357285 -3.764471 0.521222
v -0.318340 -3.767536 0.560167
v -0.340260 -3.656979 0.521222
v -0.302759 -3.669163 0.560167
v -0.289442 -3.557244 0.521222
v -0.257542 -3.580421 0.560167
v -0.210292 -3.478094 0.521222
v -0.187115 -3.509994 0.560167
v -0.110557 -3.427276 0.521222
v -0.098373 -3.464777 0.560167
v 0.000000 -3.409766 0.521222
v 0.000000 -3.449196 0.560167
v 0.110557 -3.427277 0.521222
v 0.098372 -3.464777 0.560167
v 0.210292 -3.478094 0.521222
v 0.187115 -3.509994 0.560167
v 0.289442 -3.557244 0.521222
v 0.257542 -3.580421 0.560167
v 0.340259 -3.656979 0.521222
v 0.302759 -3.669163 0.560167
v 0.357285 -3.764471 0.521222
v 0.318340 -3.767536 0.560167
v -0.357285 -4.308377 0.521222
v -0.318340 -4.269432 0.560167
v 0.357285 -4.308377 0.521222
v 0.318340 -4.269432 0.560167
vt 0.255844 0.628845
vt 0.255312 0.636996
vt 0.206180 0.633734
vt 0.206659 0.625753
vt 0.254723 0.645142
vt 0.205504 0.641699
vt 0.203442 0.625592
vt 0.202980 0.633522
vt 0.208412 0.585284
vt 0.258101 0.587811
vt 0.254081 0.653256
vt 0.204597 0.649683
vt 0.202317 0.641258
vt 0.205073 0.587464
vt 0.201356 0.648754
vt 0.795625 0.844040
vt 0.795341 0.835889
vt 0.844648 0.834633
vt 0.844946 0.842630
vt 0.795110 0.827719
vt 0.844545 0.826646
vt 0.848127 0.842354
vt 0.847902 0.834566
vt 0.795931 0.852139
vt 0.845493 0.850679
vt 0.794539 0.786842
vt 0.844061 0.785953
vt 0.847764 0.826590
vt 0.848726 0.849880
vt 0.847330 0.788249
vt 0.935275 0.840691
vt 0.929464 0.840609
vt 0.929913 0.791012
vt 0.935808 0.791057
vt 0.900179 0.840423
vt 0.900303 0.791235
vt 0.929913 0.787786
vt 0.935951 0.787766
vt 0.941108 0.840788
vt 0.941663 0.791321
vt 0.897938 0.788026
vt 0.942368 0.788187
vt 0.946949 0.840887
vt 0.947512 0.791420
vt 0.916223 0.316752
vt 0.945665 0.316591
vt 0.946072 0.366129
vt 0.916601 0.366085
vt 0.951483 0.316523
vt 0.951960 0.366077
vt 0.946095 0.369357
vt 0.914264 0.369308
vt 0.957303 0.316438
vt 0.957831 0.365830
vt 0.952134 0.369379
vt 0.963145 0.316346
vt 0.963679 0.365739
vt 0.958494 0.368932
vt 0.066502 0.936623
vt 0.074601 0.936784
vt 0.073378 0.986143
vt 0.065305 0.986229
vt 0.082741 0.936966
vt 0.081394 0.986302
vt 0.065920 0.989503
vt 0.073479 0.989332
vt 0.090886 0.937199
vt 0.089399 0.986621
vt 0.081296 0.989510
vt 0.099014 0.937474
vt 0.097423 0.987162
vt 0.089097 0.989829
vt 0.096643 0.990445
vt 0.929085 0.682868
vt 0.879638 0.683104
vt 0.879391 0.631372
vt 0.928838 0.631136
vt 0.876395 0.680834
vt 0.876170 0.633673
vt 0.805470 0.917050
vt 0.842799 0.915464
vt 0.844898 0.964867
vt 0.807569 0.966453
vt 0.805423 0.969779
vt 0.847319 0.967999
vt 0.602440 0.286225
vt 0.596596 0.286363
vt 0.595280 0.236857
vt 0.601134 0.236922
vt 0.590774 0.286507
vt 0.589391 0.236973
vt 0.595386 0.233568
vt 0.601776 0.233784
vt 0.584957 0.286672
vt 0.583501 0.237214
vt 0.589266 0.233713
vt 0.579133 0.286855
vt 0.577638 0.237613
vt 0.583153 0.233979
vt 0.576857 0.234569
vt 0.828457 0.226866
vt 0.827191 0.218872
vt 0.834377 0.216801
vt 0.835291 0.222574
vt 0.827191 0.178091
vt 0.834377 0.187348
vt 0.832132 0.234076
vt 0.837944 0.227782
vt 0.878924 0.178091
vt 0.871739 0.187348
vt 0.837854 0.239799
vt 0.842077 0.231914
vt 0.878924 0.218872
vt 0.871739 0.216801
vt 0.845065 0.243473
vt 0.847285 0.234568
vt 0.877658 0.226866
vt 0.870825 0.222574
vt 0.853058 0.244739
vt 0.853058 0.235482
vt 0.873984 0.234076
vt 0.868171 0.227782
vt 0.861051 0.243473
vt 0.858831 0.234568
vt 0.868262 0.239799
vt 0.864039 0.231914
vt 0.874739 0.313648
vt 0.871952 0.316151
vt 0.875344 0.309042
vt 0.877302 0.311316
vt 0.869126 0.312652
vt 0.873421 0.305172
vt 0.880786 0.301905
vt 0.881500 0.306461
vt 0.866331 0.319713
vt 0.868867 0.322312
vt 0.888497 0.301116
vt 0.888490 0.305839
vt 0.865286 0.327080
vt 0.867965 0.328700
vt 0.896139 0.302522
vt 0.895647 0.307274
vt 0.865716 0.365162
vt 0.868317 0.360444
vt 0.904388 0.304420
vt 0.903227 0.308359
vt 0.912583 0.365390
vt 0.909986 0.360621
vt 0.909161 0.311999
vt 0.906073 0.315319
vt 0.912907 0.326776
vt 0.910234 0.328341
vt 0.911774 0.319181
vt 0.909303 0.321813
vt 0.901498 0.310429
vt 0.904510 0.312846
vn 0.000000 0.000000 1.000000
vn 0.000000 0.000000 1.000000
vn 0.000000 0.000000 1.000000
vn 0.000000 0.000000 1.000000
vn -0.000001 0.000000 1.000000
vn -0.000001 0.000000 1.000000
vn -0.000001 0.000000 1.000000
vn -0.000001 0.000000 1.000000
vn 0.000001 0.000000 1.000000
vn 0.000001 0.000000 1.000000
vn 0.000001 0.000000 1.000000
vn 0.000001 0.000000 1.000000
vn 0.000001 0.000000 1.000000
vn 0.000001 0.000000 1.000000
vn 0.000001 0.000000 1.000000
vn 0.000001 0.000000 1.000000
vn 0.000001 0.000000 1.000000
vn 0.000001 0.000000 1.000000
vn 0.000001 0.000000 1.000000
vn 0.000001 0.000000 1.000000
vn 0.000000 0.000000 1.000000
vn 0.000000 0.000000 1.000000
vn 0.000000 0.000000 1.000000
vn 0.000000 0.000000 1.000000
vn -0.000001 0.000000 1.000000
vn -0.000001 0.000000 1.000000
vn -0.000001 0.000000 1.000000
vn -0.000001 0.000000 1.000000
vn 0.000000 0.000000 1.000000
vn 0.000000 0.000000 1.000000
vn 0.000000 0.000000 1.000000
vn 0.000000 0.000000 1.000000
vn 0.000000 0.000000 1.000000
vn 0.000000 0.000000 1.000000
vn 0.000000 0.000000 1.000000
vn 0.000000 0.000000 1.000000
vn 0.000000 0.000000 1.000000
vn 0.000000 0.000000 1.000000
vn 0.000000 0.000000 1.000000
vn 0.000000 0.000000 1.000000
vn 0.000000 -0.000000 1.000000
vn 0.000000 -0.000000 1.000000
vn 0.000000 -0.000000 1.000000
vn 0.000000 -0.000000 1.000000
vn 0.000000 -0.000000 1.000000
vn 0.000000 -0.000000 1.000000
vn 0.000000 -0.000000 1.000000
vn 0.000000 -0.000000 1.000000
vn 0.000000 -0.000001 1.000000
vn 0.000000 -0.000001 1.000000
vn 0.000000 -0.000001 1.000000
vn 0.000000 -0.000001 1.000000
vn -0.706267 0.018281 -0.707709
vn -0.706267 0.018281 -0.707709
vn -0.707105 0.000000 -0.707108
vn -0.707105 0.000000 -0.707108
vn -0.668520 0.216531 -0.711474
vn -0.668520 0.216530 -0.711474
vn -0.568507 0.413044 -0.711473
vn -0.568507 0.413045 -0.711473
vn -0.413045 0.568508 -0.711472
vn -0.413045 0.568508 -0.711472
vn -0.217150 0.668318 -0.711475
vn -0.217150 0.668318 -0.711475
vn 0.000000 0.702709 -0.711478
vn -0.000000 0.702709 -0.711478
vn 0.217150 0.668319 -0.711474
vn 0.217150 0.668319 -0.711474
vn 0.413045 0.568508 -0.711472
vn 0.413045 0.568508 -0.711472
vn 0.568507 0.413044 -0.711473
vn 0.568507 0.413044 -0.711473
vn 0.668521 0.216530 -0.711473
vn 0.668521 0.216531 -0.711473
vn 0.706268 0.018280 -0.707709
vn 0.706268 0.018281 -0.707709
vn 0.707105 0.000000 -0.707108
vn 0.707105 0.000000 -0.707108
vn 0.000000 -0.707104 -0.707110
vn 0.000000 -0.707104 -0.707110
vn 0.000000 -0.707104 -0.707110
vn 0.000000 -0.707104 -0.707110
vn 0.706262 -0.018398 -0.707712
vn 0.706262 -0.018398 -0.707712
vn 0.707106 0.000000 -0.707108
vn 0.707106 0.000000 -0.707108
vn 0.668065 -0.217932 -0.711473
vn 0.668065 -0.217933 -0.711473
vn 0.568505 -0.413043 -0.711475
vn 0.568505 -0.413043 -0.711475
vn 0.413043 -0.568504 -0.711476
vn 0.413043 -0.568504 -0.711476
vn 0.217150 -0.668319 -0.711475
vn 0.217150 -0.668319 -0.711475
vn -0.000002 -0.702714 -0.711473
vn -0.000002 -0.702713 -0.711473
vn -0.217150 -0.668320 -0.711473
vn -0.217150 -0.668320 -0.711473
vn -0.413042 -0.568505 -0.711477
vn -0.413042 -0.568505 -0.711477
vn -0.568506 -0.413043 -0.711475
vn -0.568506 -0.413043 -0.711475
vn -0.668066 -0.217932 -0.711473
vn -0.668066 -0.217933 -0.711473
vn -0.706262 -0.018398 -0.707712
vn -0.706262 -0.018398 -0.707712
vn -0.707106 0.000000 -0.707108
vn -0.707106 0.000000 -0.707108
vn 0.000000 0.707110 -0.707103
vn 0.000000 0.707110 -0.707103
vn 0.000000 0.707110 -0.707103
vn 0.000000 0.707110 -0.707103
vn -0.999663 0.025947 0.000000
vn -0.951056 0.309017 0.000000
vn -0.951056 0.309017 0.000000
vn -0.999663 0.025947 0.000000
vn -0.809017 0.587786 0.000000
vn -0.809017 0.587786 0.000000
vn -0.587786 0.809017 0.000000
vn -0.587786 0.809017 0.000000
vn -0.309018 0.951056 0.000000
vn -0.309018 0.951056 0.000000
vn 0.000000 1.000000 0.000000
vn 0.000000 1.000000 0.000000
vn 0.309018 0.951056 0.000000
vn 0.309018 0.951056 0.000000
vn 0.587785 0.809017 0.000000
vn 0.587785 0.809017 0.000000
vn 0.809017 0.587785 0.000000
vn 0.809017 0.587785 0.000000
vn 0.951057 0.309017 -0.000000
vn 0.951057 0.309017 -0.000000
vn 0.999663 0.025947 -0.000000
vn 0.999663 0.025947 -0.000000
vn -1.000000 -0.000000 0.000000
vn -1.000000 -0.000000 0.000000
vn 1.000000 0.000000 0.000000
vn 1.000000 0.000000 0.000000
vn 0.000000 -1.000000 0.000000
vn 0.000000 -1.000000 0.000000
vn 0.000000 -1.000000 0.000000
vn 0.000000 -1.000000 0.000000
vn -0.000001 0.000000 -1.000000
vn -0.000001 0.000000 -1.000000
vn -0.000001 0.000000 -1.000000
vn -0.000001 0.000000 -1.000000
vn -0.000000 0.000000 -1.000000
vn -0.000000 0.000000 -1.000000
vn 0.000000 0.000000 -1.000000
vn 0.000000 0.000000 -1.000000
vn 0.000000 0.000000 -1.000000
vn 0.000000 0.000000 -1.000000
vn 0.000000 0.000000 -1.000000
vn 0.000000 0.000000 -1.000000
vn 0.000000 0.000000 -1.000000
vn 0.000000 0.000000 -1.000000
vn -0.000000 0.000000 -1.000000
vn -0.000000 0.000000 -1.000000
vn -0.000000 0.000000 -1.000000
vn -0.000000 0.000000 -1.000000
vn 0.000000 0.000000 -1.000000
vn 0.000000 0.000000 -1.000000
vn 0.000001 0.000000 -1.000000
vn 0.000001 0.000000 -1.000000
vn -0.000000 0.000000 -1.000000
vn -0.000000 0.000000 -1.000000
vn 0.000000 0.000000 -1.000000
vn 0.000000 0.000000 -1.000000
vn 0.951056 -0.309018 -0.000000
vn 0.999663 -0.025948 -0.000000
vn 0.999663 -0.025948 -0.000000
vn 0.951056 -0.309018 -0.000000
vn 1.000000 0.000000 0.000000
vn 1.000000 0.000000 0.000000
vn 0.000000 1.000000 0.000000
vn 0.000000 1.000000 0.000000
vn 0.000000 1.000000 0.000000
vn 0.000000 1.000000 0.000000
vn -1.000000 0.000000 0.000000
vn -0.999663 -0.025948 -0.000000
vn -0.999663 -0.025948 -0.000000
vn -1.000000 0.000000 0.000000
vn -0.951056 -0.309017 -0.000000
vn -0.951056 -0.309017 -0.000000
vn -0.809017 -0.587785 0.000000
vn -0.809017 -0.587785 0.000000
vn -0.587785 -0.809017 0.000000
vn -0.587785 -0.809017 0.000000
vn -0.309018 -0.951056 0.000000
vn -0.309018 -0.951056 0.000000
vn -0.000001 -1.000000 0.000000
vn -0.000001 -1.000000 0.000000
vn 0.309018 -0.951056 0.000000
vn 0.309018 -0.951056 0.000000
vn 0.587787 -0.809016 0.000000
vn 0.587787 -0.809016 0.000000
vn 0.809017 -0.587786 0.000000
vn 0.809017 -0.587786 0.000000
s off
g pCylinder7 polySurface17
usemtl initialShadingGroup
f 1977/3377/3619 1976/3378/3620 1989/3379/3621 1990/3380/3622
f 1978/3383/3623 1977/3377/3624 1990/3380/3625 1991/3384/3626
f 1979/3387/3627 1978/3383/3628 1991/3384/3629 1992/3388/3630
f 1980/3391/3631 1979/3387/3632 1992/3388/3633 1993/3392/3634
f 1981/3395/3635 1980/3391/3636 1993/3392/3637 1994/3396/3638
f 1982/3399/3639 1981/3395/3640 1994/3396/3641 1995/3400/3642
f 1983/3401/3643 1982/3399/3644 1995/3400/3645 1996/3402/3646
f 1984/3397/3647 1983/3401/3648 1996/3402/3649 1997/3398/3650
f 1985/3393/3651 1984/3397/3652 1997/3398/3653 1998/3394/3654
f 1986/3389/3655 1985/3393/3656 1998/3394/3657 1999/3390/3658
f 1976/3378/3659 1987/3381/3660 2000/3382/3661 1989/3379/3662
f 1988/3385/3663 1986/3389/3664 1999/3390/3665 2001/3386/3666
f 1987/3381/3667 1988/3385/3668 2001/3386/3669 2000/3382/3670
s 1
f 2002/3280/3671 2003/3283/3672 2025/3290/3673 2024/3285/3674
f 2003/3283/3672 2002/3280/3671 2004/3279/3675 2005/3284/3676
f 2005/3284/3676 2004/3279/3675 2006/3282/3677 2007/3289/3678
f 2007/3289/3678 2006/3282/3677 2008/3288/3679 2009/3291/3680
f 2009/3341/3680 2008/3338/3679 2010/3337/3681 2011/3342/3682
f 2011/3342/3682 2010/3337/3681 2012/3340/3683 2013/3345/3684
f 2013/3345/3684 2012/3340/3683 2014/3344/3685 2015/3348/3686
f 2015/3348/3686 2014/3344/3685 2016/3347/3687 2017/3349/3688
f 2017/3305/3688 2016/3301/3687 2018/3295/3689 2019/3298/3690
f 2019/3298/3690 2018/3295/3689 2020/3294/3691 2021/3299/3692
f 2021/3299/3692 2020/3294/3691 2022/3297/3693 2023/3304/3694
f 2023/3304/3694 2022/3297/3693 2026/3303/3695 2027/3306/3696
s off
f 2024/3351/3697 2025/3354/3698 2027/3355/3699 2026/3352/3700
s 2
f 2028/3313/3701 2029/3309/3702 2051/3312/3703 2050/3317/3704
f 2029/3309/3702 2028/3313/3701 2030/3314/3705 2031/3310/3706
f 2031/3310/3706 2030/3314/3705 2032/3318/3707 2033/3316/3708
f 2033/3403/3708 2032/3404/3707 2034/3405/3709 2035/3406/3710
f 2035/3374/3710 2034/3376/3709 2036/3375/3711 2037/3371/3712
f 2037/3371/3712 2036/3375/3711 2038/3372/3713 2039/3367/3714
f 2039/3367/3714 2038/3372/3713 2040/3368/3715 2041/3364/3716
f 2041/3364/3716 2040/3368/3715 2042/3369/3717 2043/3365/3718
f 2043/3431/3718 2042/3422/3717 2044/3426/3719 2045/3432/3720
f 2045/3330/3720 2044/3334/3719 2046/3331/3721 2047/3326/3722
f 2047/3326/3722 2046/3331/3721 2048/3327/3723 2049/3323/3724
f 2049/3323/3724 2048/3327/3723 2052/3328/3725 2053/3324/3726
s off
f 2050/3360/3727 2051/3359/3728 2053/3358/3729 2052/3361/3730
s 3
f 1976/3277/3731 1977/3278/3732 2004/3279/3733 2002/3280/3734
f 1977/3278/3732 1978/3281/3735 2006/3282/3736 2004/3279/3733
f 1978/3281/3735 1979/3287/3737 2008/3288/3738 2006/3282/3736
f 1979/3335/3737 1980/3336/3739 2010/3337/3740 2008/3338/3738
f 1980/3336/3739 1981/3339/3741 2012/3340/3742 2010/3337/3740
f 1981/3339/3741 1982/3343/3743 2014/3344/3744 2012/3340/3742
f 1982/3343/3743 1983/3346/3745 2016/3347/3746 2014/3344/3744
f 1983/3300/3745 1984/3292/3747 2018/3295/3748 2016/3301/3746
f 1984/3292/3747 1985/3293/3749 2020/3294/3750 2018/3295/3748
f 1985/3293/3749 1986/3296/3751 2022/3297/3752 2020/3294/3750
f 1976/3277/3731 2002/3280/3734 2024/3285/3753 1987/3286/3754
f 2022/3297/3752 1986/3296/3751 1988/3302/3755 2026/3303/3756
s off
f 1987/3350/3757 2024/3351/3758 2026/3352/3759 1988/3353/3760
s 4
f 2003/3415/3761 2005/3411/3762 2030/3412/3763 2028/3416/3764
f 2005/3411/3762 2007/3407/3765 2032/3404/3766 2030/3412/3763
f 2007/3407/3765 2009/3408/3767 2034/3405/3768 2032/3404/3766
f 2009/3408/3767 2011/3409/3769 2036/3410/3770 2034/3405/3768
f 2011/3409/3769 2013/3413/3771 2038/3414/3772 2036/3410/3770
f 2013/3413/3771 2015/3417/3773 2040/3418/3774 2038/3414/3772
f 2015/3417/3773 2017/3421/3775 2042/3422/3776 2040/3418/3774
f 2017/3421/3775 2019/3425/3777 2044/3426/3778 2042/3422/3776
f 2019/3425/3777 2021/3429/3779 2046/3430/3780 2044/3426/3778
f 2021/3429/3779 2023/3427/3781 2048/3428/3782 2046/3430/3780
f 2025/3419/3783 2003/3415/3761 2028/3416/3764 2050/3420/3784
f 2023/3427/3781 2027/3423/3785 2052/3424/3786 2048/3428/3782
f 2027/3423/3785 2025/3419/3783 2050/3420/3784 2052/3424/3786
s 5
f 1990/3307/3787 1989/3308/3788 2029/3309/3789 2031/3310/3790
f 1989/3308/3788 2000/3311/3791 2051/3312/3792 2029/3309/3789
s off
f 2000/3356/3793 2001/3357/3794 2053/3358/3795 2051/3359/3796
s 5
f 2001/3321/3797 1999/3322/3798 2049/3323/3799 2053/3324/3800
f 1999/3322/3798 1998/3325/3801 2047/3326/3802 2049/3323/3799
f 1998/3325/3801 1997/3329/3803 2045/3330/3804 2047/3326/3802
f 1997/3329/3803 1996/3332/3805 2043/3333/3806 2045/3330/3804
f 1996/3362/3805 1995/3363/3807 2041/3364/3808 2043/3365/3806
f 1995/3363/3807 1994/3366/3809 2039/3367/3810 2041/3364/3808
f 1994/3366/3809 1993/3370/3811 2037/3371/3812 2039/3367/3810
f 1993/3370/3811 1992/3373/3813 2035/3374/3814 2037/3371/3812
f 1992/3319/3813 1991/3315/3815 2033/3316/3816 2035/3320/3814
f 1991/3315/3815 1990/3307/3787 2031/3310/3790 2033/3316/3816
g default
v 0.329431 4.469136 -0.107038
v 0.280230 4.469136 -0.203599
v 0.203599 4.469136 -0.280230
v 0.107038 4.469136 -0.329431
v 0.000000 4.469136 -0.346384
v -0.107038 4.469136 -0.329431
v -0.203599 4.469136 -0.280230
v -0.280230 4.469136 -0.203599
v -0.329430 4.469136 -0.107038
v -0.346384 4.469136 0.000000
v -0.329430 4.469136 0.107038
v -0.280230 4.469136 0.203599
v -0.203599 4.469136 0.280230
v -0.107038 4.469136 0.329430
v -0.000000 4.469136 0.346384
v 0.107038 4.469136 0.329430
v 0.203599 4.469136 0.280230
v 0.280230 4.469136 0.203599
v 0.329430 4.469136 0.107038
v 0.346384 4.469136 0.000000
v 0.331688 4.501585 -0.107772
v 0.282151 4.501585 -0.204995
v 0.204995 4.501585 -0.282151
v 0.107772 4.501585 -0.331688
v 0.000000 4.501585 -0.348758
v -0.107772 4.501585 -0.331688
v -0.204995 4.501585 -0.282151
v -0.282151 4.501585 -0.204995
v -0.331688 4.501585 -0.107772
v -0.348758 4.501585 0.000000
v -0.331688 4.501585 0.107772
v -0.282151 4.501585 0.204995
v -0.204995 4.501585 0.282151
v -0.107772 4.501585 0.331688
v -0.000000 4.501585 0.348758
v 0.107772 4.501585 0.331688
v 0.204995 4.501585 0.282151
v 0.282151 4.501585 0.204995
v 0.331688 4.501585 0.107772
v 0.348758 4.501585 0.000000
v 0.338241 4.530857 -0.109901
v 0.287725 4.530857 -0.209044
v 0.209044 4.530857 -0.287725
v 0.109901 4.530857 -0.338241
v 0.000000 4.530857 -0.355648
v -0.109901 4.530857 -0.338241
v -0.209044 4.530857 -0.287725
v -0.287725 4.530857 -0.209044
v -0.338241 4.530857 -0.109901
v -0.355648 4.530857 0.000000
v -0.338241 4.530857 0.109901
v -0.287725 4.530857 0.209044
v -0.209044 4.530857 0.287725
v -0.109901 4.530857 0.338241
v -0.000000 4.530857 0.355648
v 0.109901 4.530857 0.338241
v 0.209044 4.530857 0.287725
v 0.287725 4.530857 0.209044
v 0.338241 4.530857 0.109901
v 0.355647 4.530857 0.000000
v 0.348447 4.554088 -0.113217
v 0.296407 4.554088 -0.215352
v 0.215352 4.554088 -0.296407
v 0.113217 4.554088 -0.348447
v 0.000000 4.554088 -0.366379
v -0.113217 4.554088 -0.348447
v -0.215352 4.554088 -0.296407
v -0.296407 4.554088 -0.215352
v -0.348447 4.554088 -0.113217
v -0.366379 4.554088 0.000000
v -0.348447 4.554088 0.113217
v -0.296407 4.554088 0.215352
v -0.215352 4.554088 0.296407
v -0.113217 4.554088 0.348447
v -0.000000 4.554088 0.366379
v 0.113217 4.554088 0.348447
v 0.215352 4.554088 0.296407
v 0.296407 4.554088 0.215352
v 0.348447 4.554088 0.113217
v 0.366379 4.554088 0.000000
v 0.361307 4.569003 -0.117396
v 0.307346 4.569003 -0.223300
v 0.223300 4.569003 -0.307346
v 0.117396 4.569003 -0.361307
v 0.000000 4.569003 -0.379901
v -0.117396 4.569003 -0.361307
v -0.223300 4.569003 -0.307346
v -0.307346 4.569003 -0.223300
v -0.361307 4.569003 -0.117396
v -0.379901 4.569003 0.000000
v -0.361307 4.569003 0.117396
v -0.307346 4.569003 0.223300
v -0.223300 4.569003 0.307346
v -0.117396 4.569003 0.361307
v -0.000000 4.569003 0.379901
v 0.117396 4.569003 0.361307
v 0.223300 4.569003 0.307346
v 0.307346 4.569003 0.223300
v 0.361307 4.569003 0.117396
v 0.379901 4.569003 0.000000
v 0.375563 4.574142 -0.122028
v 0.319473 4.574142 -0.232111
v 0.232111 4.574142 -0.319473
v 0.122028 4.574142 -0.375563
v 0.000000 4.574142 -0.394890
v -0.122028 4.574142 -0.375563
v -0.232111 4.574142 -0.319473
v -0.319473 4.574142 -0.232111
v -0.375563 4.574142 -0.122028
v -0.394890 4.574142 0.000000
v -0.375563 4.574142 0.122028
v -0.319473 4.574142 0.232110
v -0.232110 4.574142 0.319473
v -0.122028 4.574142 0.375563
v -0.000000 4.574142 0.394890
v 0.122028 4.574142 0.375563
v 0.232110 4.574142 0.319473
v 0.319473 4.574142 0.232110
v 0.375563 4.574142 0.122028
v 0.394890 4.574142 0.000000
v 0.389818 4.569003 -0.126660
v 0.331599 4.569003 -0.240921
v 0.240921 4.569003 -0.331599
v 0.126660 4.569003 -0.389818
v 0.000000 4.569003 -0.409879
v -0.126660 4.569003 -0.389818
v -0.240921 4.569003 -0.331599
v -0.331599 4.569003 -0.240921
v -0.389818 4.569003 -0.126660
v -0.409879 4.569003 0.000000
v -0.389818 4.569003 0.126660
v -0.331599 4.569003 0.240921
v -0.240921 4.569003 0.331599
v -0.126660 4.569003 0.389818
v -0.000000 4.569003 0.409879
v 0.126660 4.569003 0.389818
v 0.240921 4.569003 0.331599
v 0.331599 4.569003 0.240921
v 0.389818 4.569003 0.126660
v 0.409879 4.569003 0.000000
v 0.402679 4.554088 -0.130838
v 0.342539 4.554088 -0.248869
v 0.248869 4.554088 -0.342539
v 0.130838 4.554088 -0.402679
v 0.000000 4.554088 -0.423401
v -0.130838 4.554088 -0.402679
v -0.248869 4.554088 -0.342539
v -0.342539 4.554088 -0.248869
v -0.402679 4.554088 -0.130838
v -0.423401 4.554088 0.000000
v -0.402679 4.554088 0.130838
v -0.342539 4.554088 0.248869
v -0.248869 4.554088 0.342539
v -0.130838 4.554088 0.402678
v -0.000000 4.554088 0.423401
v 0.130838 4.554088 0.402678
v 0.248869 4.554088 0.342539
v 0.342539 4.554088 0.248869
v 0.402678 4.554088 0.130838
v 0.423401 4.554088 0.000000
v 0.412885 4.530857 -0.134154
v 0.351221 4.530857 -0.255177
v 0.255177 4.530857 -0.351221
v 0.134154 4.530857 -0.412884
v 0.000000 4.530857 -0.434132
v -0.134154 4.530857 -0.412884
v -0.255177 4.530857 -0.351220
v -0.351220 4.530857 -0.255177
v -0.412884 4.530857 -0.134154
v -0.434132 4.530857 0.000000
v -0.412884 4.530857 0.134154
v -0.351220 4.530857 0.255177
v -0.255177 4.530857 0.351220
v -0.134154 4.530857 0.412884
v -0.000000 4.530857 0.434132
v 0.134154 4.530857 0.412884
v 0.255177 4.530857 0.351220
v 0.351220 4.530857 0.255177
v 0.412884 4.530857 0.134154
v 0.434132 4.530857 0.000000
v 0.419437 4.501585 -0.136283
v 0.356795 4.501585 -0.259226
v 0.259226 4.501585 -0.356795
v 0.136283 4.501585 -0.419437
v 0.000000 4.501585 -0.441022
v -0.136283 4.501585 -0.419437
v -0.259226 4.501585 -0.356794
v -0.356794 4.501585 -0.259226
v -0.419437 4.501585 -0.136283
v -0.441022 4.501585 0.000000
v -0.419437 4.501585 0.136283
v -0.356794 4.501585 0.259226
v -0.259226 4.501585 0.356794
v -0.136283 4.501585 0.419437
v -0.000000 4.501585 0.441022
v 0.136283 4.501585 0.419437
v 0.259226 4.501585 0.356794
v 0.356794 4.501585 0.259226
v 0.419437 4.501585 0.136283
v 0.441022 4.501585 0.000000
v 0.421695 4.469136 -0.137017
v 0.358715 4.469136 -0.260622
v 0.260622 4.469136 -0.358715
v 0.137017 4.469136 -0.421695
v 0.000000 4.469136 -0.443396
v -0.137017 4.469136 -0.421695
v -0.260622 4.469136 -0.358715
v -0.358715 4.469136 -0.260622
v -0.421695 4.469136 -0.137017
v -0.443396 4.469136 0.000000
v -0.421695 4.469136 0.137017
v -0.358715 4.469136 0.260622
v -0.260622 4.469136 0.358715
v -0.137017 4.469136 0.421695
v -0.000000 4.469136 0.443396
v 0.137017 4.469136 0.421695
v 0.260622 4.469136 0.358715
v 0.358715 4.469136 0.260622
v 0.421695 4.469136 0.137017
v 0.443396 4.469136 0.000000
v 0.419437 4.436687 -0.136283
v 0.356795 4.436687 -0.259226
v 0.259226 4.436687 -0.356795
v 0.136283 4.436687 -0.419437
v 0.000000 4.436687 -0.441022
v -0.136283 4.436687 -0.419437
v -0.259226 4.436687 -0.356794
v -0.356794 4.436687 -0.259226
v -0.419437 4.436687 -0.136283
v -0.441022 4.436687 0.000000
v -0.419437 4.436687 0.136283
v -0.356794 4.436687 0.259226
v -0.259226 4.436687 0.356794
v -0.136283 4.436687 0.419437
v -0.000000 4.436687 0.441022
v 0.136283 4.436687 0.419437
v 0.259226 4.436687 0.356794
v 0.356794 4.436687 0.259226
v 0.419437 4.436687 0.136283
v 0.441022 4.436687 0.000000
v 0.412885 4.407415 -0.134154
v 0.351221 4.407415 -0.255177
v 0.255177 4.407415 -0.351221
v 0.134154 4.407415 -0.412884
v 0.000000 4.407415 -0.434132
v -0.134154 4.407415 -0.412884
v -0.255177 4.407415 -0.351220
v -0.351220 4.407415 -0.255177
v -0.412884 4.407415 -0.134154
v -0.434132 4.407415 0.000000
v -0.412884 4.407415 0.134154
v -0.351220 4.407415 0.255177
v -0.255177 4.407415 0.351220
v -0.134154 4.407415 0.412884
v -0.000000 4.407415 0.434132
v 0.134154 4.407415 0.412884
v 0.255177 4.407415 0.351220
v 0.351220 4.407415 0.255177
v 0.412884 4.407415 0.134154
v 0.434132 4.407415 0.000000
v 0.402679 4.384184 -0.130838
v 0.342539 4.384184 -0.248869
v 0.248869 4.384184 -0.342539
v 0.130838 4.384184 -0.402679
v 0.000000 4.384184 -0.423401
v -0.130838 4.384184 -0.402679
v -0.248869 4.384184 -0.342539
v -0.342539 4.384184 -0.248869
v -0.402679 4.384184 -0.130838
v -0.423401 4.384184 0.000000
v -0.402679 4.384184 0.130838
v -0.342539 4.384184 0.248869
v -0.248869 4.384184 0.342539
v -0.130838 4.384184 0.402678
v -0.000000 4.384184 0.423401
v 0.130838 4.384184 0.402678
v 0.248869 4.384184 0.342539
v 0.342539 4.384184 0.248869
v 0.402678 4.384184 0.130838
v 0.423401 4.384184 0.000000
v 0.389818 4.369269 -0.126660
v 0.331599 4.369269 -0.240921
v 0.240921 4.369269 -0.331599
v 0.126660 4.369269 -0.389818
v 0.000000 4.369269 -0.409879
v -0.126660 4.369269 -0.389818
v -0.240921 4.369269 -0.331599
v -0.331599 4.369269 -0.240921
v -0.389818 4.369269 -0.126660
v -0.409879 4.369269 0.000000
v -0.389818 4.369269 0.126660
v -0.331599 4.369269 0.240921
v -0.240921 4.369269 0.331599
v -0.126660 4.369269 0.389818
v -0.000000 4.369269 0.409879
v 0.126660 4.369269 0.389818
v 0.240921 4.369269 0.331599
v 0.331599 4.369269 0.240921
v 0.389818 4.369269 0.126660
v 0.409879 4.369269 0.000000
v 0.375563 4.364130 -0.122028
v 0.319473 4.364130 -0.232111
v 0.232111 4.364130 -0.319473
v 0.122028 4.364130 -0.375563
v 0.000000 4.364130 -0.394890
v -0.122028 4.364130 -0.375563
v -0.232111 4.364130 -0.319473
v -0.319473 4.364130 -0.232111
v -0.375563 4.364130 -0.122028
v -0.394890 4.364130 0.000000
v -0.375563 4.364130 0.122028
v -0.319473 4.364130 0.232110
v -0.232110 4.364130 0.319473
v -0.122028 4.364130 0.375563
v -0.000000 4.364130 0.394890
v 0.122028 4.364130 0.375563
v 0.232110 4.364130 0.319473
v 0.319473 4.364130 0.232110
v 0.375563 4.364130 0.122028
v 0.394890 4.364130 0.000000
v 0.361307 4.369269 -0.117396
v 0.307346 4.369269 -0.223300
v 0.223300 4.369269 -0.307346
v 0.117396 4.369269 -0.361307
v 0.000000 4.369269 -0.379901
v -0.117396 4.369269 -0.361307
v -0.223300 4.369269 -0.307346
v -0.307346 4.369269 -0.223300
v -0.361307 4.369269 -0.117396
v -0.379901 4.369269 0.000000
v -0.361307 4.369269 0.117396
v -0.307346 4.369269 0.223300
v -0.223300 4.369269 0.307346
v -0.117396 4.369269 0.361307
v -0.000000 4.369269 0.379901
v 0.117396 4.369269 0.361307
v 0.223300 4.369269 0.307346
v 0.307346 4.369269 0.223300
v 0.361307 4.369269 0.117396
v 0.379901 4.369269 0.000000
v 0.348447 4.384184 -0.113217
v 0.296407 4.384184 -0.215352
v 0.215352 4.384184 -0.296407
v 0.113217 4.384184 -0.348447
v 0.000000 4.384184 -0.366379
v -0.113217 4.384184 -0.348447
v -0.215352 4.384184 -0.296407
v -0.296407 4.384184 -0.215352
v -0.348447 4.384184 -0.113217
v -0.366379 4.384184 0.000000
v -0.348447 4.384184 0.113217
v -0.296407 4.384184 0.215352
v -0.215352 4.384184 0.296407
v -0.113217 4.384184 0.348447
v -0.000000 4.384184 0.366379
v 0.113217 4.384184 0.348447
v 0.215352 4.384184 0.296407
v 0.296407 4.384184 0.215352
v 0.348447 4.384184 0.113217
v 0.366379 4.384184 0.000000
v 0.338241 4.407415 -0.109901
v 0.287725 4.407415 -0.209044
v 0.209044 4.407415 -0.287725
v 0.109901 4.407415 -0.338241
v 0.000000 4.407415 -0.355648
v -0.109901 4.407415 -0.338241
v -0.209044 4.407415 -0.287725
v -0.287725 4.407415 -0.209044
v -0.338241 4.407415 -0.109901
v -0.355648 4.407415 0.000000
v -0.338241 4.407415 0.109901
v -0.287725 4.407415 0.209044
v -0.209044 4.407415 0.287725
v -0.109901 4.407415 0.338241
v -0.000000 4.407415 0.355648
v 0.109901 4.407415 0.338241
v 0.209044 4.407415 0.287725
v 0.287725 4.407415 0.209044
v 0.338241 4.407415 0.109901
v 0.355647 4.407415 0.000000
v 0.331688 4.436687 -0.107772
v 0.282151 4.436687 -0.204995
v 0.204995 4.436687 -0.282151
v 0.107772 4.436687 -0.331688
v 0.000000 4.436687 -0.348758
v -0.107772 4.436687 -0.331688
v -0.204995 4.436687 -0.282151
v -0.282151 4.436687 -0.204995
v -0.331688 4.436687 -0.107772
v -0.348758 4.436687 0.000000
v -0.331688 4.436687 0.107772
v -0.282151 4.436687 0.204995
v -0.204995 4.436687 0.282151
v -0.107772 4.436687 0.331688
v -0.000000 4.436687 0.348758
v 0.107772 4.436687 0.331688
v 0.204995 4.436687 0.282151
v 0.282151 4.436687 0.204995
v 0.331688 4.436687 0.107772
v 0.348758 4.436687 0.000000
vt 0.845260 0.220555
vt 0.845061 0.214058
vt 0.846984 0.214003
vt 0.847190 0.220509
vt 0.843330 0.220634
vt 0.843138 0.214119
vt 0.844876 0.207530
vt 0.846794 0.207474
vt 0.848757 0.213958
vt 0.848969 0.220491
vt 0.845492 0.226968
vt 0.847332 0.226946
vt 0.841549 0.220732
vt 0.841363 0.214180
vt 0.842958 0.207586
vt 0.843654 0.227085
vt 0.844691 0.201002
vt 0.846614 0.200941
vt 0.848564 0.207423
vt 0.850259 0.213922
vt 0.850476 0.220486
vt 0.849043 0.227011
vt 0.840040 0.220823
vt 0.839859 0.214230
vt 0.841188 0.207637
vt 0.841946 0.227277
vt 0.842768 0.201057
vt 0.844492 0.194505
vt 0.846422 0.194426
vt 0.848389 0.200880
vt 0.850066 0.207381
vt 0.851434 0.213894
vt 0.851652 0.220481
vt 0.850511 0.227129
vt 0.838861 0.220893
vt 0.838683 0.214267
vt 0.839687 0.207679
vt 0.840482 0.227502
vt 0.840995 0.201102
vt 0.842562 0.194551
vt 0.844260 0.188092
vt 0.846098 0.187975
vt 0.848203 0.194328
vt 0.849893 0.200830
vt 0.851240 0.207350
vt 0.851677 0.227267
vt 0.838512 0.207710
vt 0.839321 0.227725
vt 0.839493 0.201138
vt 0.840783 0.194569
vt 0.842420 0.188114
vt 0.847806 0.187783
vt 0.849712 0.194237
vt 0.851069 0.200793
vt 0.838318 0.201166
vt 0.839276 0.194574
vt 0.840709 0.188049
vt 0.849270 0.187558
vt 0.850891 0.194167
vt 0.838100 0.194579
vt 0.839241 0.187931
vt 0.850431 0.187335
vt 0.838076 0.187793
vt 0.844747 0.134383
vt 0.844520 0.127886
vt 0.846450 0.127799
vt 0.846670 0.134313
vt 0.842824 0.134446
vt 0.842591 0.127941
vt 0.844261 0.121475
vt 0.846099 0.121349
vt 0.848230 0.127694
vt 0.848444 0.134245
vt 0.844959 0.140910
vt 0.846877 0.140845
vt 0.841052 0.134498
vt 0.840811 0.127966
vt 0.842421 0.121504
vt 0.843041 0.140974
vt 0.847805 0.121150
vt 0.849739 0.127596
vt 0.849948 0.134188
vt 0.848647 0.140787
vt 0.845172 0.147437
vt 0.847094 0.147374
vt 0.839549 0.134540
vt 0.839305 0.127977
vt 0.840710 0.121447
vt 0.841272 0.141033
vt 0.843249 0.147506
vt 0.849269 0.120919
vt 0.850918 0.127522
vt 0.851123 0.134147
vt 0.850148 0.140739
vt 0.848867 0.147321
vt 0.845399 0.153933
vt 0.847328 0.153879
vt 0.838374 0.134573
vt 0.838129 0.127987
vt 0.839241 0.121335
vt 0.839770 0.141080
vt 0.841475 0.147574
vt 0.843469 0.154020
vt 0.850429 0.120691
vt 0.851323 0.140703
vt 0.850370 0.147279
vt 0.849107 0.153853
vt 0.845658 0.160345
vt 0.847497 0.160315
vt 0.838076 0.121201
vt 0.838596 0.141116
vt 0.839971 0.147631
vt 0.841688 0.154125
vt 0.843820 0.160470
vt 0.851544 0.147246
vt 0.850614 0.153842
vt 0.849208 0.160373
vt 0.838795 0.147672
vt 0.840180 0.154223
vt 0.842113 0.160669
vt 0.851790 0.153832
vt 0.850677 0.160484
vt 0.839000 0.154298
vt 0.840650 0.160900
vt 0.851843 0.160618
vt 0.839490 0.161128
vt 0.615662 0.268181
vt 0.615699 0.276085
vt 0.614203 0.276084
vt 0.614172 0.268150
vt 0.616833 0.268206
vt 0.616873 0.276086
vt 0.615732 0.284016
vt 0.614234 0.284020
vt 0.612443 0.276084
vt 0.612421 0.268125
vt 0.615825 0.260368
vt 0.614309 0.260210
vt 0.616907 0.284014
vt 0.617001 0.260538
vt 0.615749 0.291953
vt 0.614252 0.291960
vt 0.612471 0.284025
vt 0.610539 0.276087
vt 0.610526 0.268116
vt 0.612508 0.260094
vt 0.616924 0.291949
vt 0.615743 0.299874
vt 0.614249 0.299905
vt 0.612491 0.291967
vt 0.610563 0.284030
vt 0.608634 0.276093
vt 0.608631 0.268128
vt 0.610546 0.260045
vt 0.616918 0.299851
vt 0.615874 0.307728
vt 0.614350 0.307878
vt 0.612495 0.299932
vt 0.610587 0.291973
vt 0.608655 0.284035
vt 0.606874 0.276101
vt 0.606877 0.268155
vt 0.608583 0.260078
vt 0.617058 0.307562
vt 0.612543 0.307983
vt 0.610600 0.299945
vt 0.608683 0.291976
vt 0.606892 0.284040
vt 0.605376 0.276107
vt 0.605383 0.268186
vt 0.606776 0.260182
vt 0.610579 0.308015
vt 0.608705 0.299935
vt 0.606923 0.291976
vt 0.605393 0.284044
vt 0.604202 0.276111
vt 0.604208 0.268209
vt 0.605251 0.260332
vt 0.608618 0.307967
vt 0.606954 0.299910
vt 0.605427 0.291975
vt 0.604219 0.284046
vt 0.604067 0.260498
vt 0.606817 0.307850
vt 0.605464 0.299879
vt 0.604253 0.291975
vt 0.605300 0.307692
vt 0.604292 0.299854
vt 0.604125 0.307523
vt 0.702822 0.169551
vt 0.702786 0.177472
vt 0.701292 0.177497
vt 0.701324 0.169552
vt 0.703996 0.169551
vt 0.703961 0.177453
vt 0.702889 0.185327
vt 0.701364 0.185471
vt 0.699538 0.177518
vt 0.699564 0.169553
vt 0.702834 0.161614
vt 0.701336 0.161612
vt 0.704073 0.185165
vt 0.704008 0.161616
vt 0.699556 0.185569
vt 0.697643 0.177523
vt 0.697659 0.169552
vt 0.699573 0.161611
vt 0.702830 0.153683
vt 0.701334 0.153677
vt 0.704003 0.153688
vt 0.697593 0.185594
vt 0.695748 0.177507
vt 0.695755 0.169548
vt 0.697664 0.161609
vt 0.699574 0.153670
vt 0.702822 0.145779
vt 0.701332 0.145743
vt 0.703993 0.145808
vt 0.695631 0.185538
vt 0.693997 0.177475
vt 0.693995 0.169541
vt 0.695756 0.161607
vt 0.697670 0.153666
vt 0.699581 0.145711
vt 0.703014 0.137966
vt 0.701498 0.137803
vt 0.704189 0.138140
vt 0.693830 0.185415
vt 0.692507 0.177439
vt 0.692499 0.169535
vt 0.693993 0.161606
vt 0.695765 0.153665
vt 0.697686 0.145695
vt 0.699697 0.137680
vt 0.692315 0.185252
vt 0.691336 0.177410
vt 0.691325 0.169530
vt 0.692495 0.161604
vt 0.694004 0.153666
vt 0.695791 0.145700
vt 0.697736 0.137624
vt 0.691140 0.185078
vt 0.691321 0.161602
vt 0.692507 0.153667
vt 0.694037 0.145721
vt 0.695773 0.137649
vt 0.691333 0.153667
vt 0.692543 0.145746
vt 0.693965 0.137747
vt 0.691367 0.145765
vt 0.692440 0.137891
vt 0.691256 0.138053
vt 0.390389 0.457966
vt 0.393730 0.451741
vt 0.394613 0.452072
vt 0.391121 0.458555
vt 0.394988 0.444795
vt 0.395929 0.444841
vt 0.395496 0.452402
vt 0.391855 0.459146
vt 0.385208 0.462894
vt 0.385839 0.463602
vt 0.394039 0.437807
vt 0.394949 0.437566
vt 0.396870 0.444885
vt 0.386456 0.464312
vt 0.379840 0.467606
vt 0.380232 0.468427
vt 0.390981 0.431462
vt 0.391769 0.430949
vt 0.395859 0.437323
vt 0.380643 0.469255
vt 0.379146 0.466657
vt 0.384277 0.463695
vt 0.372739 0.469075
vt 0.372812 0.470017
vt 0.385985 0.426380
vt 0.386609 0.425647
vt 0.392563 0.430441
vt 0.387313 0.465148
vt 0.381197 0.470313
vt 0.372891 0.470957
vt 0.372647 0.467856
vt 0.365531 0.467923
vt 0.365171 0.468774
vt 0.379824 0.421436
vt 0.380185 0.420585
vt 0.387226 0.424924
vt 0.373003 0.472150
vt 0.364821 0.469640
vt 0.365999 0.466867
vt 0.359413 0.462992
vt 0.358816 0.463744
vt 0.384843 0.425728
vt 0.379347 0.422491
vt 0.372579 0.420271
vt 0.372508 0.419330
vt 0.380537 0.419720
vt 0.364386 0.470758
vt 0.358212 0.464478
vt 0.360533 0.463651
vt 0.354334 0.457929
vt 0.353570 0.458476
vt 0.372668 0.421489
vt 0.365443 0.421723
vt 0.365055 0.420901
vt 0.372431 0.418390
vt 0.380971 0.418603
vt 0.388023 0.424015
vt 0.357411 0.465384
vt 0.352801 0.459019
vt 0.351194 0.451572
vt 0.350296 0.451853
vt 0.366131 0.422675
vt 0.360013 0.426425
vt 0.359388 0.425712
vt 0.364648 0.420072
vt 0.372320 0.417197
vt 0.349397 0.452134
vt 0.350173 0.444564
vt 0.349233 0.444570
vt 0.360947 0.425626
vt 0.354752 0.431346
vt 0.354019 0.430751
vt 0.358779 0.424995
vt 0.364099 0.419011
vt 0.348291 0.444580
vt 0.351353 0.437591
vt 0.350454 0.437299
vt 0.353288 0.430152
vt 0.357928 0.424153
vt 0.349556 0.437014
vt 0.566815 0.430461
vt 0.570127 0.437471
vt 0.569215 0.437714
vt 0.566027 0.430978
vt 0.571047 0.445158
vt 0.570106 0.445095
vt 0.568305 0.437956
vt 0.565244 0.431499
vt 0.561368 0.424844
vt 0.560758 0.425575
vt 0.569445 0.452744
vt 0.568574 0.452382
vt 0.569164 0.445032
vt 0.560159 0.426331
vt 0.554454 0.419549
vt 0.554148 0.420436
vt 0.565591 0.459455
vt 0.564878 0.458837
vt 0.567703 0.452018
vt 0.553826 0.421310
vt 0.554857 0.418419
vt 0.562174 0.423938
vt 0.546247 0.418358
vt 0.546386 0.419291
vt 0.560023 0.464540
vt 0.559430 0.463807
vt 0.564167 0.458223
vt 0.558996 0.425667
vt 0.553389 0.422394
vt 0.546512 0.420225
vt 0.546049 0.417179
vt 0.538577 0.420138
vt 0.539023 0.420947
vt 0.554090 0.469355
vt 0.553706 0.468514
vt 0.558822 0.463076
vt 0.546660 0.421437
vt 0.539446 0.421749
vt 0.537974 0.419107
vt 0.532948 0.424991
vt 0.533580 0.425680
vt 0.560850 0.465407
vt 0.554610 0.470431
vt 0.546290 0.470914
vt 0.546238 0.469971
vt 0.553342 0.467681
vt 0.540185 0.422655
vt 0.534228 0.426364
vt 0.532058 0.424191
vt 0.527570 0.430038
vt 0.528309 0.430625
vt 0.546368 0.472110
vt 0.538251 0.469433
vt 0.538629 0.468578
vt 0.546192 0.469028
vt 0.552667 0.466720
vt 0.557853 0.463850
vt 0.535147 0.425554
vt 0.529046 0.431208
vt 0.523893 0.436697
vt 0.524778 0.437022
vt 0.537783 0.470537
vt 0.531807 0.464138
vt 0.532435 0.463426
vt 0.539014 0.467737
vt 0.546134 0.467806
vt 0.525664 0.437347
vt 0.522437 0.444147
vt 0.523379 0.444188
vt 0.530976 0.465018
vt 0.526548 0.458600
vt 0.527335 0.458082
vt 0.533057 0.462694
vt 0.539515 0.466696
vt 0.524321 0.444229
vt 0.523334 0.451686
vt 0.524244 0.451438
vt 0.528117 0.457560
vt 0.534165 0.463377
vt 0.525154 0.451190
vt 0.957552 0.071629
vt 0.957461 0.065227
vt 0.959335 0.065159
vt 0.959476 0.071597
vt 0.955630 0.071643
vt 0.955588 0.065218
vt 0.961076 0.065031
vt 0.961252 0.071555
vt 0.957624 0.078086
vt 0.959543 0.078065
vt 0.953858 0.071643
vt 0.953851 0.065143
vt 0.955704 0.078108
vt 0.962569 0.064875
vt 0.962756 0.071518
vt 0.961313 0.078045
vt 0.957695 0.084543
vt 0.959618 0.084529
vt 0.952359 0.071640
vt 0.952364 0.065030
vt 0.953934 0.078127
vt 0.955771 0.084576
vt 0.962813 0.078031
vt 0.961390 0.084530
vt 0.957787 0.090946
vt 0.959659 0.090955
vt 0.952434 0.078142
vt 0.953996 0.084618
vt 0.955912 0.091014
vt 0.962889 0.084533
vt 0.961397 0.091029
vt 0.952492 0.084655
vt 0.954171 0.091141
vt 0.962884 0.091143
vt 0.952679 0.091297
vt 0.827114 0.019699
vt 0.827216 0.026102
vt 0.825342 0.026173
vt 0.825190 0.019735
vt 0.829037 0.019682
vt 0.829089 0.026107
vt 0.823601 0.026304
vt 0.823415 0.019781
vt 0.827032 0.013243
vt 0.825112 0.013268
vt 0.830809 0.019680
vt 0.830827 0.026179
vt 0.828951 0.013218
vt 0.822109 0.026462
vt 0.821911 0.019820
vt 0.823342 0.013290
vt 0.826949 0.006786
vt 0.825027 0.006803
vt 0.832308 0.019680
vt 0.832314 0.026290
vt 0.830721 0.013195
vt 0.828873 0.006750
vt 0.821842 0.013307
vt 0.823255 0.006805
vt 0.826847 0.000383
vt 0.824974 0.000378
vt 0.832221 0.013178
vt 0.830648 0.006705
vt 0.828721 0.000312
vt 0.821756 0.006805
vt 0.823237 0.000306
vt 0.832152 0.006665
vt 0.830462 0.000182
vt 0.821749 0.000195
vt 0.831954 0.000023
vt 0.854940 0.128735
vt 0.855039 0.120846
vt 0.856549 0.120754
vt 0.856439 0.128751
vt 0.858336 0.120704
vt 0.858197 0.128772
vt 0.854780 0.136729
vt 0.856277 0.136758
vt 0.860273 0.120716
vt 0.860097 0.128804
vt 0.858037 0.136792
vt 0.854638 0.144717
vt 0.856132 0.144761
vt 0.862208 0.120793
vt 0.861996 0.128847
vt 0.859942 0.136829
vt 0.857887 0.144811
vt 0.854402 0.152578
vt 0.855899 0.152735
vt 0.863984 0.120923
vt 0.863751 0.128897
vt 0.861846 0.136866
vt 0.859786 0.144854
vt 0.857675 0.152865
vt 0.865481 0.121080
vt 0.865245 0.128941
vt 0.863606 0.136900
vt 0.861686 0.144886
vt 0.859610 0.152942
vt 0.865103 0.136929
vt 0.863444 0.144907
vt 0.861547 0.152954
vt 0.864943 0.144923
vt 0.863334 0.152904
vt 0.864844 0.152812
vt 0.881119 0.024141
vt 0.881173 0.032030
vt 0.879665 0.032151
vt 0.879621 0.024153
vt 0.877880 0.032235
vt 0.877862 0.024166
vt 0.881126 0.016145
vt 0.879629 0.016145
vt 0.875942 0.032261
vt 0.875962 0.024171
vt 0.877868 0.016144
vt 0.881113 0.008156
vt 0.879619 0.008140
vt 0.874007 0.032221
vt 0.874063 0.024164
vt 0.875963 0.016144
vt 0.877864 0.008125
vt 0.881199 0.000292
vt 0.879699 0.000163
vt 0.872227 0.032125
vt 0.872307 0.024148
vt 0.874058 0.016144
vt 0.875964 0.008118
vt 0.877920 0.000068
vt 0.870728 0.031997
vt 0.870813 0.024133
vt 0.872298 0.016144
vt 0.874064 0.008123
vt 0.875985 0.000028
vt 0.870800 0.016143
vt 0.872306 0.008136
vt 0.874047 0.000053
vt 0.870807 0.008148
vt 0.872262 0.000137
vt 0.870753 0.000259
vn -0.809017 0.000000 0.587785
vn -0.951057 0.000000 0.309016
vn -0.940280 0.150116 0.305514
vn -0.799849 0.150116 0.581125
vn -0.587785 0.000001 0.809017
vn -0.581125 0.150116 0.799850
vn -0.309017 0.000000 0.951057
vn -0.305515 0.150116 0.940280
vn 0.000000 0.000000 1.000000
vn 0.000000 0.150116 0.988668
vn 0.309017 0.000000 0.951056
vn 0.305515 0.150116 0.940279
vn 0.587785 0.000000 0.809017
vn 0.581125 0.150116 0.799849
vn 0.809017 0.000000 0.587785
vn 0.799850 0.150116 0.581125
vn 0.951057 0.000000 0.309017
vn 0.940279 0.150117 0.305515
vn 1.000000 0.000000 0.000000
vn 0.988668 0.150117 0.000000
vn 0.951056 0.000001 -0.309017
vn 0.940279 0.150117 -0.305515
vn 0.809017 0.000001 -0.587785
vn 0.799849 0.150116 -0.581125
vn 0.587785 0.000000 -0.809017
vn 0.581125 0.150116 -0.799850
vn 0.309017 0.000000 -0.951057
vn 0.305515 0.150116 -0.940280
vn -0.000000 0.000000 -1.000000
vn -0.000000 0.150116 -0.988668
vn -0.309017 0.000000 -0.951057
vn -0.305515 0.150116 -0.940279
vn -0.587785 0.000000 -0.809017
vn -0.581125 0.150116 -0.799850
vn -0.809017 0.000001 -0.587785
vn -0.799850 0.150116 -0.581125
vn -0.951057 0.000000 -0.309017
vn -0.940279 0.150116 -0.305515
vn -1.000000 0.000000 -0.000001
vn -0.988668 0.150117 -0.000001
vn -0.900270 0.322410 0.292515
vn -0.765815 0.322410 0.556398
vn -0.556397 0.322410 0.765816
vn -0.292515 0.322411 0.900270
vn 0.000000 0.322411 0.946600
vn 0.292516 0.322411 0.900270
vn 0.556398 0.322410 0.765815
vn 0.765816 0.322410 0.556397
vn 0.900270 0.322410 0.292515
vn 0.946600 0.322410 0.000000
vn 0.900270 0.322410 -0.292516
vn 0.765815 0.322410 -0.556398
vn 0.556397 0.322410 -0.765816
vn 0.292515 0.322410 -0.900270
vn -0.000000 0.322410 -0.946600
vn -0.292515 0.322410 -0.900270
vn -0.556397 0.322411 -0.765815
vn -0.765815 0.322411 -0.556397
vn -0.900270 0.322410 -0.292516
vn -0.946600 0.322410 -0.000001
vn -0.797082 0.545515 0.258987
vn -0.678038 0.545515 0.492624
vn -0.492623 0.545515 0.678038
vn -0.258987 0.545515 0.797082
vn 0.000000 0.545515 0.838101
vn 0.258988 0.545515 0.797082
vn 0.492624 0.545515 0.678038
vn 0.678038 0.545515 0.492623
vn 0.797082 0.545514 0.258988
vn 0.838102 0.545514 0.000000
vn 0.797082 0.545514 -0.258988
vn 0.678038 0.545515 -0.492624
vn 0.492624 0.545515 -0.678038
vn 0.258987 0.545515 -0.797082
vn -0.000000 0.545515 -0.838101
vn -0.258988 0.545515 -0.797082
vn -0.492624 0.545515 -0.678038
vn -0.678038 0.545515 -0.492623
vn -0.797082 0.545514 -0.258988
vn -0.838102 0.545514 -0.000001
vn -0.527360 0.832184 0.171349
vn -0.448599 0.832184 0.325926
vn -0.325926 0.832184 0.448599
vn -0.171350 0.832184 0.527360
vn 0.000000 0.832184 0.554499
vn 0.171350 0.832184 0.527360
vn 0.325926 0.832184 0.448599
vn 0.448599 0.832185 0.325926
vn 0.527360 0.832184 0.171350
vn 0.554499 0.832184 -0.000000
vn 0.527360 0.832184 -0.171350
vn 0.448599 0.832184 -0.325926
vn 0.325926 0.832184 -0.448599
vn 0.171350 0.832184 -0.527360
vn -0.000000 0.832184 -0.554499
vn -0.171350 0.832184 -0.527360
vn -0.325927 0.832184 -0.448599
vn -0.448599 0.832184 -0.325927
vn -0.527360 0.832184 -0.171350
vn -0.554500 0.832184 -0.000001
vn 0.036927 0.999246 -0.011998
vn 0.031412 0.999246 -0.022822
vn 0.022822 0.999246 -0.031412
vn 0.011998 0.999246 -0.036927
vn -0.000000 0.999246 -0.038828
vn -0.011998 0.999246 -0.036927
vn -0.022822 0.999246 -0.031412
vn -0.031412 0.999246 -0.022822
vn -0.036927 0.999246 -0.011998
vn -0.038828 0.999246 -0.000000
vn -0.036927 0.999246 0.011998
vn -0.031412 0.999246 0.022822
vn -0.022822 0.999246 0.031412
vn -0.011998 0.999246 0.036927
vn 0.000000 0.999246 0.038828
vn 0.011998 0.999246 0.036927
vn 0.022822 0.999246 0.031412
vn 0.031412 0.999246 0.022822
vn 0.036927 0.999246 0.011998
vn 0.038827 0.999246 0.000000
vn 0.566309 0.803391 -0.184004
vn 0.481731 0.803391 -0.349998
vn 0.349998 0.803391 -0.481731
vn 0.184005 0.803391 -0.566309
vn -0.000000 0.803391 -0.595452
vn -0.184005 0.803391 -0.566308
vn -0.349998 0.803391 -0.481731
vn -0.481731 0.803391 -0.349998
vn -0.566309 0.803391 -0.184005
vn -0.595452 0.803391 -0.000000
vn -0.566309 0.803391 0.184005
vn -0.481731 0.803391 0.349998
vn -0.349998 0.803391 0.481731
vn -0.184005 0.803391 0.566308
vn 0.000000 0.803391 0.595452
vn 0.184005 0.803391 0.566309
vn 0.349998 0.803391 0.481731
vn 0.481731 0.803390 0.349998
vn 0.566309 0.803391 0.184005
vn 0.595452 0.803391 0.000001
vn 0.807826 0.527753 -0.262478
vn 0.687177 0.527753 -0.499264
vn 0.499263 0.527753 -0.687177
vn 0.262478 0.527753 -0.807826
vn -0.000000 0.527753 -0.849398
vn -0.262479 0.527753 -0.807826
vn -0.499264 0.527753 -0.687177
vn -0.687178 0.527752 -0.499264
vn -0.807826 0.527752 -0.262479
vn -0.849399 0.527752 0.000000
vn -0.807826 0.527752 0.262479
vn -0.687178 0.527752 0.499264
vn -0.499264 0.527753 0.687178
vn -0.262478 0.527753 0.807826
vn 0.000000 0.527753 0.849398
vn 0.262479 0.527753 0.807826
vn 0.499264 0.527752 0.687178
vn 0.687178 0.527752 0.499264
vn 0.807826 0.527752 0.262478
vn 0.849398 0.527753 0.000001
vn 0.902920 0.314113 -0.293375
vn 0.768069 0.314112 -0.558035
vn 0.558035 0.314112 -0.768069
vn 0.293376 0.314113 -0.902920
vn -0.000000 0.314112 -0.949386
vn -0.293377 0.314112 -0.902920
vn -0.558035 0.314112 -0.768069
vn -0.768069 0.314112 -0.558035
vn -0.902920 0.314113 -0.293376
vn -0.949386 0.314112 0.000000
vn -0.902920 0.314112 0.293376
vn -0.768069 0.314112 0.558035
vn -0.558035 0.314112 0.768069
vn -0.293376 0.314112 0.902920
vn 0.000000 0.314112 0.949386
vn 0.293376 0.314112 0.902920
vn 0.558035 0.314112 0.768069
vn 0.768069 0.314112 0.558035
vn 0.902920 0.314112 0.293376
vn 0.949386 0.314112 0.000001
vn 0.940749 0.146833 -0.305667
vn 0.800248 0.146833 -0.581414
vn 0.581414 0.146833 -0.800248
vn 0.305668 0.146833 -0.940748
vn -0.000000 0.146833 -0.989161
vn -0.305668 0.146833 -0.940748
vn -0.581415 0.146833 -0.800248
vn -0.800248 0.146833 -0.581414
vn -0.940748 0.146833 -0.305667
vn -0.989161 0.146832 0.000000
vn -0.940748 0.146833 0.305668
vn -0.800248 0.146833 0.581415
vn -0.581414 0.146833 0.800248
vn -0.305668 0.146833 0.940748
vn 0.000000 0.146833 0.989161
vn 0.305668 0.146832 0.940748
vn 0.581414 0.146833 0.800248
vn 0.800248 0.146833 0.581414
vn 0.940748 0.146833 0.305668
vn 0.989161 0.146832 0.000001
vn 0.951057 -0.000000 -0.309016
vn 0.809017 0.000000 -0.587785
vn 0.587785 -0.000000 -0.809017
vn 0.309017 -0.000000 -0.951056
vn -0.000000 0.000000 -1.000000
vn -0.309017 0.000000 -0.951056
vn -0.587786 -0.000000 -0.809017
vn -0.809017 0.000000 -0.587785
vn -0.951057 -0.000000 -0.309017
vn -1.000000 0.000000 0.000000
vn -0.951057 -0.000000 0.309017
vn -0.809017 0.000000 0.587785
vn -0.587785 0.000000 0.809017
vn -0.309017 -0.000000 0.951056
vn -0.000000 0.000000 1.000000
vn 0.309017 0.000000 0.951056
vn 0.587785 0.000000 0.809017
vn 0.809017 0.000000 0.587785
vn 0.951057 -0.000000 0.309017
vn 1.000000 -0.000000 0.000001
vn 0.940749 -0.146833 -0.305667
vn 0.800248 -0.146833 -0.581414
vn 0.581414 -0.146833 -0.800248
vn 0.305668 -0.146833 -0.940748
vn -0.000000 -0.146833 -0.989161
vn -0.305668 -0.146833 -0.940748
vn -0.581415 -0.146833 -0.800248
vn -0.800248 -0.146833 -0.581414
vn -0.940748 -0.146833 -0.305667
vn -0.989161 -0.146832 0.000000
vn -0.940748 -0.146833 0.305668
vn -0.800248 -0.146833 0.581414
vn -0.581414 -0.146833 0.800248
vn -0.305668 -0.146833 0.940748
vn 0.000000 -0.146833 0.989161
vn 0.305668 -0.146832 0.940748
vn 0.581414 -0.146833 0.800248
vn 0.800248 -0.146833 0.581414
vn 0.940748 -0.146833 0.305668
vn 0.989161 -0.146832 0.000001
vn 0.902920 -0.314113 -0.293375
vn 0.768069 -0.314112 -0.558035
vn 0.558035 -0.314112 -0.768069
vn 0.293376 -0.314112 -0.902920
vn -0.000000 -0.314112 -0.949386
vn -0.293377 -0.314112 -0.902920
vn -0.558035 -0.314112 -0.768069
vn -0.768069 -0.314112 -0.558035
vn -0.902920 -0.314113 -0.293376
vn -0.949386 -0.314112 0.000000
vn -0.902920 -0.314112 0.293376
vn -0.768069 -0.314112 0.558035
vn -0.558035 -0.314112 0.768069
vn -0.293376 -0.314112 0.902920
vn 0.000000 -0.314112 0.949386
vn 0.293376 -0.314112 0.902920
vn 0.558035 -0.314112 0.768069
vn 0.768069 -0.314112 0.558035
vn 0.902920 -0.314112 0.293376
vn 0.949386 -0.314112 0.000001
vn 0.807826 -0.527752 -0.262478
vn 0.687178 -0.527753 -0.499264
vn 0.499264 -0.527753 -0.687178
vn 0.262478 -0.527752 -0.807826
vn -0.000000 -0.527752 -0.849398
vn -0.262479 -0.527752 -0.807826
vn -0.499264 -0.527752 -0.687178
vn -0.687178 -0.527752 -0.499264
vn -0.807826 -0.527752 -0.262479
vn -0.849399 -0.527752 0.000000
vn -0.807826 -0.527751 0.262479
vn -0.687178 -0.527752 0.499264
vn -0.499264 -0.527752 0.687178
vn -0.262478 -0.527752 0.807826
vn 0.000000 -0.527752 0.849398
vn 0.262479 -0.527752 0.807826
vn 0.499264 -0.527752 0.687178
vn 0.687178 -0.527752 0.499264
vn 0.807826 -0.527752 0.262479
vn 0.849398 -0.527752 0.000001
vn 0.566309 -0.803390 -0.184004
vn 0.481731 -0.803391 -0.349998
vn 0.349998 -0.803391 -0.481731
vn 0.184005 -0.803391 -0.566309
vn -0.000000 -0.803391 -0.595452
vn -0.184005 -0.803391 -0.566309
vn -0.349998 -0.803391 -0.481731
vn -0.481731 -0.803391 -0.349998
vn -0.566309 -0.803390 -0.184005
vn -0.595453 -0.803390 -0.000000
vn -0.566309 -0.803391 0.184005
vn -0.481731 -0.803391 0.349998
vn -0.349998 -0.803391 0.481731
vn -0.184005 -0.803391 0.566309
vn 0.000000 -0.803390 0.595453
vn 0.184005 -0.803390 0.566309
vn 0.349998 -0.803390 0.481731
vn 0.481731 -0.803390 0.349998
vn 0.566309 -0.803390 0.184005
vn 0.595453 -0.803390 0.000001
vn 0.036927 -0.999246 -0.011998
vn 0.031412 -0.999246 -0.022822
vn 0.022822 -0.999246 -0.031412
vn 0.011998 -0.999246 -0.036927
vn -0.000000 -0.999246 -0.038828
vn -0.011998 -0.999246 -0.036927
vn -0.022822 -0.999246 -0.031412
vn -0.031412 -0.999246 -0.022822
vn -0.036927 -0.999246 -0.011998
vn -0.038828 -0.999246 -0.000000
vn -0.036927 -0.999246 0.011998
vn -0.031412 -0.999246 0.022822
vn -0.022822 -0.999246 0.031412
vn -0.011998 -0.999246 0.036927
vn 0.000000 -0.999246 0.038828
vn 0.011998 -0.999246 0.036927
vn 0.022822 -0.999246 0.031412
vn 0.031412 -0.999246 0.022822
vn 0.036927 -0.999246 0.011998
vn 0.038827 -0.999246 0.000000
vn -0.527360 -0.832184 0.171349
vn -0.448599 -0.832184 0.325926
vn -0.325926 -0.832184 0.448599
vn -0.171349 -0.832184 0.527360
vn 0.000000 -0.832184 0.554499
vn 0.171350 -0.832184 0.527360
vn 0.325926 -0.832185 0.448599
vn 0.448599 -0.832184 0.325926
vn 0.527360 -0.832184 0.171350
vn 0.554499 -0.832184 0.000000
vn 0.527360 -0.832184 -0.171350
vn 0.448599 -0.832184 -0.325927
vn 0.325926 -0.832184 -0.448599
vn 0.171350 -0.832184 -0.527360
vn -0.000000 -0.832184 -0.554499
vn -0.171350 -0.832184 -0.527360
vn -0.325926 -0.832184 -0.448599
vn -0.448599 -0.832184 -0.325926
vn -0.527360 -0.832184 -0.171350
vn -0.554499 -0.832184 -0.000001
vn -0.797082 -0.545515 0.258987
vn -0.678038 -0.545515 0.492624
vn -0.492623 -0.545515 0.678038
vn -0.258987 -0.545515 0.797082
vn 0.000000 -0.545515 0.838101
vn 0.258988 -0.545515 0.797082
vn 0.492624 -0.545515 0.678038
vn 0.678038 -0.545515 0.492623
vn 0.797082 -0.545515 0.258987
vn 0.838102 -0.545514 0.000000
vn 0.797082 -0.545515 -0.258988
vn 0.678038 -0.545515 -0.492624
vn 0.492623 -0.545515 -0.678038
vn 0.258987 -0.545515 -0.797082
vn -0.000000 -0.545515 -0.838101
vn -0.258988 -0.545515 -0.797082
vn -0.492623 -0.545515 -0.678038
vn -0.678038 -0.545515 -0.492623
vn -0.797082 -0.545515 -0.258988
vn -0.838101 -0.545515 -0.000001
vn -0.900270 -0.322411 0.292515
vn -0.765815 -0.322411 0.556397
vn -0.556397 -0.322411 0.765815
vn -0.292515 -0.322411 0.900270
vn 0.000000 -0.322411 0.946600
vn 0.292516 -0.322410 0.900270
vn 0.556398 -0.322410 0.765815
vn 0.765816 -0.322410 0.556397
vn 0.900270 -0.322410 0.292515
vn 0.946600 -0.322410 0.000000
vn 0.900270 -0.322411 -0.292516
vn 0.765815 -0.322411 -0.556398
vn 0.556397 -0.322411 -0.765815
vn 0.292515 -0.322410 -0.900270
vn -0.000000 -0.322410 -0.946600
vn -0.292515 -0.322410 -0.900270
vn -0.556398 -0.322410 -0.765815
vn -0.765816 -0.322410 -0.556397
vn -0.900270 -0.322410 -0.292515
vn -0.946600 -0.322410 -0.000001
vn -0.940280 -0.150116 0.305514
vn -0.799849 -0.150116 0.581125
vn -0.581124 -0.150116 0.799850
vn -0.305515 -0.150116 0.940280
vn 0.000000 -0.150116 0.988668
vn 0.305515 -0.150116 0.940280
vn 0.581125 -0.150116 0.799849
vn 0.799850 -0.150116 0.581125
vn 0.940280 -0.150116 0.305515
vn 0.988668 -0.150116 0.000000
vn 0.940280 -0.150116 -0.305515
vn 0.799849 -0.150116 -0.581125
vn 0.581125 -0.150116 -0.799850
vn 0.305515 -0.150116 -0.940280
vn -0.000000 -0.150116 -0.988669
vn -0.305515 -0.150116 -0.940280
vn -0.581125 -0.150116 -0.799850
vn -0.799850 -0.150115 -0.581125
vn -0.940280 -0.150116 -0.305515
vn -0.988668 -0.150116 -0.000001
s 1
g pTorus1
usemtl initialShadingGroup
f 2055/3433/3817 2054/3434/3818 2074/3435/3819 2075/3436/3820
f 2056/3443/3821 2055/3433/3817 2075/3436/3820 2076/3444/3822
f 2057/3845/3823 2056/3846/3821 2076/3847/3822 2077/3848/3824
f 2058/3853/3825 2057/3845/3823 2077/3848/3824 2078/3854/3826
f 2059/3861/3827 2058/3853/3825 2078/3854/3826 2079/3862/3828
f 2060/3869/3829 2059/3861/3827 2079/3862/3828 2080/3870/3830
f 2061/3497/3831 2060/3502/3829 2080/3503/3830 2081/3498/3832
f 2062/3496/3833 2061/3497/3831 2081/3498/3832 2082/3499/3834
f 2063/3506/3835 2062/3496/3833 2082/3499/3834 2083/3507/3836
f 2064/3516/3837 2063/3506/3835 2083/3507/3836 2084/3517/3838
f 2065/3528/3839 2064/3516/3837 2084/3517/3838 2085/3529/3840
f 2066/3540/3841 2065/3528/3839 2085/3529/3840 2086/3541/3842
f 2067/3880/3843 2066/3881/3841 2086/3882/3842 2087/3883/3844
f 2068/3888/3845 2067/3880/3843 2087/3883/3844 2088/3889/3846
f 2069/3896/3847 2068/3888/3845 2088/3889/3846 2089/3897/3848
f 2070/3904/3849 2069/3896/3847 2089/3897/3848 2090/3905/3850
f 2071/3460/3851 2070/3473/3849 2090/3474/3850 2091/3461/3852
f 2072/3449/3853 2071/3460/3851 2091/3461/3852 2092/3450/3854
f 2073/3439/3855 2072/3449/3853 2092/3450/3854 2093/3440/3856
f 2054/3434/3818 2073/3439/3855 2093/3440/3856 2074/3435/3819
f 2075/3436/3820 2074/3435/3819 2094/3441/3857 2095/3442/3858
f 2076/3444/3822 2075/3436/3820 2095/3442/3858 2096/3454/3859
f 2077/3848/3824 2076/3847/3822 2096/3851/3859 2097/3852/3860
f 2078/3854/3826 2077/3848/3824 2097/3852/3860 2098/3860/3861
f 2079/3862/3828 2078/3854/3826 2098/3860/3861 2099/3868/3862
f 2080/3870/3830 2079/3862/3828 2099/3868/3862 2100/3875/3863
f 2081/3498/3832 2080/3503/3830 2100/3512/3863 2101/3504/3864
f 2082/3499/3834 2081/3498/3832 2101/3504/3864 2102/3505/3865
f 2083/3507/3836 2082/3499/3834 2102/3505/3865 2103/3515/3866
f 2084/3517/3838 2083/3507/3836 2103/3515/3866 2104/3527/3867
f 2085/3529/3840 2084/3517/3838 2104/3527/3867 2105/3539/3868
f 2086/3541/3842 2085/3529/3840 2105/3539/3868 2106/3549/3869
f 2087/3883/3844 2086/3882/3842 2106/3886/3869 2107/3887/3870
f 2088/3889/3846 2087/3883/3844 2107/3887/3870 2108/3895/3871
f 2089/3897/3848 2088/3889/3846 2108/3895/3871 2109/3903/3872
f 2090/3905/3850 2089/3897/3848 2109/3903/3872 2110/3910/3873
f 2091/3461/3852 2090/3474/3850 2110/3484/3873 2111/3475/3874
f 2092/3450/3854 2091/3461/3852 2111/3475/3874 2112/3462/3875
f 2093/3440/3856 2092/3450/3854 2112/3462/3875 2113/3451/3876
f 2074/3435/3819 2093/3440/3856 2113/3451/3876 2094/3441/3857
f 2095/3442/3858 2094/3441/3857 2114/3452/3877 2115/3453/3878
f 2096/3454/3859 2095/3442/3858 2115/3453/3878 2116/3466/3879
f 2097/3852/3860 2096/3851/3859 2116/3858/3879 2117/3859/3880
f 2098/3860/3861 2097/3852/3860 2117/3859/3880 2118/3867/3881
f 2099/3868/3862 2098/3860/3861 2118/3867/3881 2119/3874/3882
f 2100/3875/3863 2099/3868/3862 2119/3874/3882 2120/3878/3883
f 2101/3504/3864 2100/3512/3863 2120/3523/3883 2121/3513/3884
f 2102/3505/3865 2101/3504/3864 2121/3513/3884 2122/3514/3885
f 2103/3515/3866 2102/3505/3865 2122/3514/3885 2123/3526/3886
f 2104/3527/3867 2103/3515/3866 2123/3526/3886 2124/3538/3887
f 2105/3539/3868 2104/3527/3867 2124/3538/3887 2125/3548/3888
f 2106/3549/3869 2105/3539/3868 2125/3548/3888 2126/3554/3889
f 2107/3887/3870 2106/3886/3869 2126/3893/3889 2127/3894/3890
f 2108/3895/3871 2107/3887/3870 2127/3894/3890 2128/3902/3891
f 2109/3903/3872 2108/3895/3871 2128/3902/3891 2129/3909/3892
f 2110/3910/3873 2109/3903/3872 2129/3909/3892 2130/3913/3893
f 2111/3475/3874 2110/3484/3873 2130/3490/3893 2131/3485/3894
f 2112/3462/3875 2111/3475/3874 2131/3485/3894 2132/3476/3895
f 2113/3451/3876 2112/3462/3875 2132/3476/3895 2133/3463/3896
f 2094/3441/3857 2113/3451/3876 2133/3463/3896 2114/3452/3877
f 2115/3453/3878 2114/3452/3877 2134/3464/3897 2135/3465/3898
f 2116/3466/3879 2115/3453/3878 2135/3465/3898 2136/3478/3899
f 2117/3705/3880 2116/3706/3879 2136/3693/3899 2137/3699/3900
f 2118/3715/3881 2117/3705/3880 2137/3699/3900 2138/3707/3901
f 2119/3723/3882 2118/3715/3881 2138/3707/3901 2139/3716/3902
f 2120/3733/3883 2119/3723/3882 2139/3716/3902 2140/3724/3903
f 2121/3513/3884 2120/3523/3883 2140/3536/3903 2141/3524/3904
f 2122/3514/3885 2121/3513/3884 2141/3524/3904 2142/3525/3905
f 2123/3526/3886 2122/3514/3885 2142/3525/3905 2143/3537/3906
f 2124/3538/3887 2123/3526/3886 2143/3537/3906 2144/3547/3907
f 2125/3548/3888 2124/3538/3887 2144/3547/3907 2145/3553/3908
f 2126/3554/3889 2125/3548/3888 2145/3553/3908 2146/3557/3909
f 2127/3746/3890 2126/3754/3889 2146/3747/3909 2147/3737/3910
f 2128/3736/3891 2127/3746/3890 2147/3737/3910 2148/3728/3911
f 2129/3727/3892 2128/3736/3891 2148/3728/3911 2149/3718/3912
f 2130/3726/3893 2129/3727/3892 2149/3718/3912 2150/3709/3913
f 2131/3485/3894 2130/3490/3893 2150/3494/3913 2151/3491/3914
f 2132/3476/3895 2131/3485/3894 2151/3491/3914 2152/3486/3915
f 2133/3463/3896 2132/3476/3895 2152/3486/3915 2153/3477/3916
f 2114/3452/3877 2133/3463/3896 2153/3477/3916 2134/3464/3897
f 2135/3685/3898 2134/3686/3897 2154/3687/3917 2155/3688/3918
f 2136/3693/3899 2135/3685/3898 2155/3688/3918 2156/3694/3919
f 2137/3699/3900 2136/3693/3899 2156/3694/3919 2157/3700/3920
f 2138/3707/3901 2137/3699/3900 2157/3700/3920 2158/3708/3921
f 2139/3716/3902 2138/3707/3901 2158/3708/3921 2159/3717/3922
f 2140/3724/3903 2139/3716/3902 2159/3717/3922 2160/3725/3923
f 2141/3734/3904 2140/3724/3903 2160/3725/3923 2161/3735/3924
f 2142/3744/3905 2141/3734/3904 2161/3735/3924 2162/3745/3925
f 2143/3752/3906 2142/3744/3905 2162/3745/3925 2163/3753/3926
f 2144/3760/3907 2143/3752/3906 2163/3753/3926 2164/3761/3927
f 2145/3755/3908 2144/3760/3907 2164/3761/3927 2165/3756/3928
f 2146/3747/3909 2145/3755/3908 2165/3756/3928 2166/3748/3929
f 2147/3737/3910 2146/3747/3909 2166/3748/3929 2167/3738/3930
f 2148/3728/3911 2147/3737/3910 2167/3738/3930 2168/3729/3931
f 2149/3718/3912 2148/3728/3911 2168/3729/3931 2169/3719/3932
f 2150/3709/3913 2149/3718/3912 2169/3719/3932 2170/3710/3933
f 2151/3701/3914 2150/3709/3913 2170/3710/3933 2171/3702/3934
f 2152/3695/3915 2151/3701/3914 2171/3702/3934 2172/3696/3935
f 2153/3689/3916 2152/3695/3915 2172/3696/3935 2173/3690/3936
f 2134/3686/3897 2153/3689/3916 2173/3690/3936 2154/3687/3917
f 2155/3688/3918 2154/3687/3917 2174/3691/3937 2175/3692/3938
f 2156/3694/3919 2155/3688/3918 2175/3692/3938 2176/3698/3939
f 2157/3700/3920 2156/3694/3919 2176/3698/3939 2177/3704/3940
f 2158/3708/3921 2157/3700/3920 2177/3704/3940 2178/3714/3941
f 2159/3717/3922 2158/3708/3921 2178/3714/3941 2179/3722/3942
f 2160/3725/3923 2159/3717/3922 2179/3722/3942 2180/3732/3943
f 2161/3735/3924 2160/3725/3923 2180/3732/3943 2181/3743/3944
f 2162/3745/3925 2161/3735/3924 2181/3743/3944 2182/3751/3945
f 2163/3753/3926 2162/3745/3925 2182/3751/3945 2183/3759/3946
f 2164/3761/3927 2163/3753/3926 2183/3759/3946 2184/3764/3947
f 2165/3756/3928 2164/3761/3927 2184/3764/3947 2185/3762/3948
f 2166/3748/3929 2165/3756/3928 2185/3762/3948 2186/3757/3949
f 2167/3738/3930 2166/3748/3929 2186/3757/3949 2187/3749/3950
f 2168/3729/3931 2167/3738/3930 2187/3749/3950 2188/3739/3951
f 2169/3719/3932 2168/3729/3931 2188/3739/3951 2189/3730/3952
f 2170/3710/3933 2169/3719/3932 2189/3730/3952 2190/3720/3953
f 2171/3702/3934 2170/3710/3933 2190/3720/3953 2191/3711/3954
f 2172/3696/3935 2171/3702/3934 2191/3711/3954 2192/3703/3955
f 2173/3690/3936 2172/3696/3935 2192/3703/3955 2193/3697/3956
f 2154/3687/3917 2173/3690/3936 2193/3697/3956 2174/3691/3937
f 2175/3563/3938 2174/3564/3937 2194/3560/3957 2195/3559/3958
f 2176/3572/3939 2175/3563/3938 2195/3559/3958 2196/3569/3959
f 2177/3704/3940 2176/3698/3939 2196/3712/3959 2197/3713/3960
f 2178/3714/3941 2177/3704/3940 2197/3713/3960 2198/3721/3961
f 2179/3722/3942 2178/3714/3941 2198/3721/3961 2199/3731/3962
f 2180/3732/3943 2179/3722/3942 2199/3731/3962 2200/3742/3963
f 2181/3627/3944 2180/3634/3943 2200/3628/3963 2201/3623/3964
f 2182/3626/3945 2181/3627/3944 2201/3623/3964 2202/3622/3965
f 2183/3635/3946 2182/3626/3945 2202/3622/3965 2203/3632/3966
f 2184/3642/3947 2183/3635/3946 2203/3632/3966 2204/3640/3967
f 2185/3650/3948 2184/3642/3947 2204/3640/3967 2205/3648/3968
f 2186/3659/3949 2185/3650/3948 2205/3648/3968 2206/3657/3969
f 2187/3749/3950 2186/3757/3949 2206/3763/3969 2207/3758/3970
f 2188/3739/3951 2187/3749/3950 2207/3758/3970 2208/3750/3971
f 2189/3730/3952 2188/3739/3951 2208/3750/3971 2209/3740/3972
f 2190/3720/3953 2189/3730/3952 2209/3740/3972 2210/3741/3973
f 2191/3587/3954 2190/3596/3953 2210/3588/3973 2211/3580/3974
f 2192/3579/3955 2191/3587/3954 2211/3580/3974 2212/3573/3975
f 2193/3571/3956 2192/3579/3955 2212/3573/3975 2213/3565/3976
f 2174/3564/3937 2193/3571/3956 2213/3565/3976 2194/3560/3957
f 2195/3559/3958 2194/3560/3957 2214/3561/3977 2215/3562/3978
f 2196/3569/3959 2195/3559/3958 2215/3562/3978 2216/3570/3979
f 2197/3915/3960 2196/3916/3959 2216/3917/3979 2217/3918/3980
f 2198/3921/3961 2197/3915/3960 2217/3918/3980 2218/3922/3981
f 2199/3926/3962 2198/3921/3961 2218/3922/3981 2219/3927/3982
f 2200/3932/3963 2199/3926/3962 2219/3927/3982 2220/3933/3983
f 2201/3623/3964 2200/3628/3963 2220/3629/3983 2221/3624/3984
f 2202/3622/3965 2201/3623/3964 2221/3624/3984 2222/3625/3985
f 2203/3632/3966 2202/3622/3965 2222/3625/3985 2223/3633/3986
f 2204/3640/3967 2203/3632/3966 2223/3633/3986 2224/3641/3987
f 2205/3648/3968 2204/3640/3967 2224/3641/3987 2225/3649/3988
f 2206/3657/3969 2205/3648/3968 2225/3649/3988 2226/3658/3989
f 2207/3950/3970 2206/3951/3969 2226/3952/3989 2227/3953/3990
f 2208/3956/3971 2207/3950/3970 2227/3953/3990 2228/3957/3991
f 2209/3961/3972 2208/3956/3971 2228/3957/3991 2229/3962/3992
f 2210/3967/3973 2209/3961/3972 2229/3962/3992 2230/3968/3993
f 2211/3580/3974 2210/3588/3973 2230/3589/3993 2231/3581/3994
f 2212/3573/3975 2211/3580/3974 2231/3581/3994 2232/3574/3995
f 2213/3565/3976 2212/3573/3975 2232/3574/3995 2233/3566/3996
f 2194/3560/3957 2213/3565/3976 2233/3566/3996 2214/3561/3977
f 2215/3562/3978 2214/3561/3977 2234/3567/3997 2235/3568/3998
f 2216/3570/3979 2215/3562/3978 2235/3568/3998 2236/3578/3999
f 2217/3918/3980 2216/3917/3979 2236/3919/3999 2237/3920/4000
f 2218/3922/3981 2217/3918/3980 2237/3920/4000 2238/3925/4001
f 2219/3927/3982 2218/3922/3981 2238/3925/4001 2239/3931/4002
f 2220/3933/3983 2219/3927/3982 2239/3931/4002 2240/3938/4003
f 2221/3624/3984 2220/3629/3983 2240/3636/4003 2241/3630/4004
f 2222/3625/3985 2221/3624/3984 2241/3630/4004 2242/3631/4005
f 2223/3633/3986 2222/3625/3985 2242/3631/4005 2243/3639/4006
f 2224/3641/3987 2223/3633/3986 2243/3639/4006 2244/3647/4007
f 2225/3649/3988 2224/3641/3987 2244/3647/4007 2245/3656/4008
f 2226/3658/3989 2225/3649/3988 2245/3656/4008 2246/3666/4009
f 2227/3953/3990 2226/3952/3989 2246/3954/4009 2247/3955/4010
f 2228/3957/3991 2227/3953/3990 2247/3955/4010 2248/3960/4011
f 2229/3962/3992 2228/3957/3991 2248/3960/4011 2249/3966/4012
f 2230/3968/3993 2229/3962/3992 2249/3966/4012 2250/3973/4013
f 2231/3581/3994 2230/3589/3993 2250/3597/4013 2251/3590/4014
f 2232/3574/3995 2231/3581/3994 2251/3590/4014 2252/3582/4015
f 2233/3566/3996 2232/3574/3995 2252/3582/4015 2253/3575/4016
f 2214/3561/3977 2233/3566/3996 2253/3575/4016 2234/3567/3997
f 2235/3568/3998 2234/3567/3997 2254/3576/4017 2255/3577/4018
f 2236/3578/3999 2235/3568/3998 2255/3577/4018 2256/3586/4019
f 2237/3920/4000 2236/3919/3999 2256/3923/4019 2257/3924/4020
f 2238/3925/4001 2237/3920/4000 2257/3924/4020 2258/3930/4021
f 2239/3931/4002 2238/3925/4001 2258/3930/4021 2259/3937/4022
f 2240/3938/4003 2239/3931/4002 2259/3937/4022 2260/3943/4023
f 2241/3630/4004 2240/3636/4003 2260/3643/4023 2261/3637/4024
f 2242/3631/4005 2241/3630/4004 2261/3637/4024 2262/3638/4025
f 2243/3639/4006 2242/3631/4005 2262/3638/4025 2263/3646/4026
f 2244/3647/4007 2243/3639/4006 2263/3646/4026 2264/3655/4027
f 2245/3656/4008 2244/3647/4007 2264/3655/4027 2265/3665/4028
f 2246/3666/4009 2245/3656/4008 2265/3665/4028 2266/3673/4029
f 2247/3955/4010 2246/3954/4009 2266/3958/4029 2267/3959/4030
f 2248/3960/4011 2247/3955/4010 2267/3959/4030 2268/3965/4031
f 2249/3966/4012 2248/3960/4011 2268/3965/4031 2269/3972/4032
f 2250/3973/4013 2249/3966/4012 2269/3972/4032 2270/3978/4033
f 2251/3590/4014 2250/3597/4013 2270/3604/4033 2271/3598/4034
f 2252/3582/4015 2251/3590/4014 2271/3598/4034 2272/3591/4035
f 2253/3575/4016 2252/3582/4015 2272/3591/4035 2273/3583/4036
f 2234/3567/3997 2253/3575/4016 2273/3583/4036 2254/3576/4017
f 2255/3577/4018 2254/3576/4017 2274/3584/4037 2275/3585/4038
f 2256/3586/4019 2255/3577/4018 2275/3585/4038 2276/3595/4039
f 2257/3924/4020 2256/3923/4019 2276/3928/4039 2277/3929/4040
f 2258/3930/4021 2257/3924/4020 2277/3929/4040 2278/3936/4041
f 2259/3937/4022 2258/3930/4021 2278/3936/4041 2279/3942/4042
f 2260/3943/4023 2259/3937/4022 2279/3942/4042 2280/3946/4043
f 2261/3637/4024 2260/3643/4023 2280/3651/4043 2281/3644/4044
f 2262/3638/4025 2261/3637/4024 2281/3644/4044 2282/3645/4045
f 2263/3646/4026 2262/3638/4025 2282/3645/4045 2283/3654/4046
f 2264/3655/4027 2263/3646/4026 2283/3654/4046 2284/3664/4047
f 2265/3665/4028 2264/3655/4027 2284/3664/4047 2285/3672/4048
f 2266/3673/4029 2265/3665/4028 2285/3672/4048 2286/3678/4049
f 2267/3959/4030 2266/3958/4029 2286/3963/4049 2287/3964/4050
f 2268/3965/4031 2267/3959/4030 2287/3964/4050 2288/3971/4051
f 2269/3972/4032 2268/3965/4031 2288/3971/4051 2289/3977/4052
f 2270/3978/4033 2269/3972/4032 2289/3977/4052 2290/3981/4053
f 2271/3598/4034 2270/3604/4033 2290/3611/4053 2291/3605/4054
f 2272/3591/4035 2271/3598/4034 2291/3605/4054 2292/3599/4055
f 2273/3583/4036 2272/3591/4035 2292/3599/4055 2293/3592/4056
f 2254/3576/4017 2273/3583/4036 2293/3592/4056 2274/3584/4037
f 2275/3585/4038 2274/3584/4037 2294/3593/4057 2295/3594/4058
f 2276/3595/4039 2275/3585/4038 2295/3594/4058 2296/3603/4059
f 2277/3929/4040 2276/3928/4039 2296/3934/4059 2297/3935/4060
f 2278/3936/4041 2277/3929/4040 2297/3935/4060 2298/3941/4061
f 2279/3942/4042 2278/3936/4041 2298/3941/4061 2299/3945/4062
f 2280/3946/4043 2279/3942/4042 2299/3945/4062 2300/3948/4063
f 2281/3644/4044 2280/3651/4043 2300/3660/4063 2301/3652/4064
f 2282/3645/4045 2281/3644/4044 2301/3652/4064 2302/3653/4065
f 2283/3654/4046 2282/3645/4045 2302/3653/4065 2303/3663/4066
f 2284/3664/4047 2283/3654/4046 2303/3663/4066 2304/3671/4067
f 2285/3672/4048 2284/3664/4047 2304/3671/4067 2305/3677/4068
f 2286/3678/4049 2285/3672/4048 2305/3677/4068 2306/3681/4069
f 2287/3964/4050 2286/3963/4049 2306/3969/4069 2307/3970/4070
f 2288/3971/4051 2287/3964/4050 2307/3970/4070 2308/3976/4071
f 2289/3977/4052 2288/3971/4051 2308/3976/4071 2309/3980/4072
f 2290/3981/4053 2289/3977/4052 2309/3980/4072 2310/3983/4073
f 2291/3605/4054 2290/3611/4053 2310/3616/4073 2311/3612/4074
f 2292/3599/4055 2291/3605/4054 2311/3612/4074 2312/3606/4075
f 2293/3592/4056 2292/3599/4055 2312/3606/4075 2313/3600/4076
f 2274/3584/4037 2293/3592/4056 2313/3600/4076 2294/3593/4057
f 2295/3594/4058 2294/3593/4057 2314/3601/4077 2315/3602/4078
f 2296/3603/4059 2295/3594/4058 2315/3602/4078 2316/3610/4079
f 2297/3935/4060 2296/3934/4059 2316/3939/4079 2317/3940/4080
f 2298/3941/4061 2297/3935/4060 2317/3940/4080 2318/3944/4081
f 2299/3945/4062 2298/3941/4061 2318/3944/4081 2319/3947/4082
f 2300/3948/4063 2299/3945/4062 2319/3947/4082 2320/3949/4083
f 2301/3652/4064 2300/3660/4063 2320/3667/4083 2321/3661/4084
f 2302/3653/4065 2301/3652/4064 2321/3661/4084 2322/3662/4085
f 2303/3663/4066 2302/3653/4065 2322/3662/4085 2323/3670/4086
f 2304/3671/4067 2303/3663/4066 2323/3670/4086 2324/3676/4087
f 2305/3677/4068 2304/3671/4067 2324/3676/4087 2325/3680/4088
f 2306/3681/4069 2305/3677/4068 2325/3680/4088 2326/3683/4089
f 2307/3970/4070 2306/3969/4069 2326/3974/4089 2327/3975/4090
f 2308/3976/4071 2307/3970/4070 2327/3975/4090 2328/3979/4091
f 2309/3980/4072 2308/3976/4071 2328/3979/4091 2329/3982/4092
f 2310/3983/4073 2309/3980/4072 2329/3982/4092 2330/3984/4093
f 2311/3612/4074 2310/3616/4073 2330/3619/4093 2331/3617/4094
f 2312/3606/4075 2311/3612/4074 2331/3617/4094 2332/3613/4095
f 2313/3600/4076 2312/3606/4075 2332/3613/4095 2333/3607/4096
f 2294/3593/4057 2313/3600/4076 2333/3607/4096 2314/3601/4077
f 2315/3602/4078 2314/3601/4077 2334/3608/4097 2335/3609/4098
f 2316/3610/4079 2315/3602/4078 2335/3609/4098 2336/3615/4099
f 2317/3785/4080 2316/3786/4079 2336/3773/4099 2337/3779/4100
f 2318/3795/4081 2317/3785/4080 2337/3779/4100 2338/3787/4101
f 2319/3803/4082 2318/3795/4081 2338/3787/4101 2339/3796/4102
f 2320/3813/4083 2319/3803/4082 2339/3796/4102 2340/3804/4103
f 2321/3661/4084 2320/3667/4083 2340/3674/4103 2341/3668/4104
f 2322/3662/4085 2321/3661/4084 2341/3668/4104 2342/3669/4105
f 2323/3670/4086 2322/3662/4085 2342/3669/4105 2343/3675/4106
f 2324/3676/4087 2323/3670/4086 2343/3675/4106 2344/3679/4107
f 2325/3680/4088 2324/3676/4087 2344/3679/4107 2345/3682/4108
f 2326/3683/4089 2325/3680/4088 2345/3682/4108 2346/3684/4109
f 2327/3826/4090 2326/3834/4089 2346/3827/4109 2347/3817/4110
f 2328/3816/4091 2327/3826/4090 2347/3817/4110 2348/3808/4111
f 2329/3807/4092 2328/3816/4091 2348/3808/4111 2349/3798/4112
f 2330/3806/4093 2329/3807/4092 2349/3798/4112 2350/3789/4113
f 2331/3617/4094 2330/3619/4093 2350/3621/4113 2351/3620/4114
f 2332/3613/4095 2331/3617/4094 2351/3620/4114 2352/3618/4115
f 2333/3607/4096 2332/3613/4095 2352/3618/4115 2353/3614/4116
f 2314/3601/4077 2333/3607/4096 2353/3614/4116 2334/3608/4097
f 2335/3765/4098 2334/3766/4097 2354/3767/4117 2355/3768/4118
f 2336/3773/4099 2335/3765/4098 2355/3768/4118 2356/3774/4119
f 2337/3779/4100 2336/3773/4099 2356/3774/4119 2357/3780/4120
f 2338/3787/4101 2337/3779/4100 2357/3780/4120 2358/3788/4121
f 2339/3796/4102 2338/3787/4101 2358/3788/4121 2359/3797/4122
f 2340/3804/4103 2339/3796/4102 2359/3797/4122 2360/3805/4123
f 2341/3814/4104 2340/3804/4103 2360/3805/4123 2361/3815/4124
f 2342/3824/4105 2341/3814/4104 2361/3815/4124 2362/3825/4125
f 2343/3832/4106 2342/3824/4105 2362/3825/4125 2363/3833/4126
f 2344/3840/4107 2343/3832/4106 2363/3833/4126 2364/3841/4127
f 2345/3835/4108 2344/3840/4107 2364/3841/4127 2365/3836/4128
f 2346/3827/4109 2345/3835/4108 2365/3836/4128 2366/3828/4129
f 2347/3817/4110 2346/3827/4109 2366/3828/4129 2367/3818/4130
f 2348/3808/4111 2347/3817/4110 2367/3818/4130 2368/3809/4131
f 2349/3798/4112 2348/3808/4111 2368/3809/4131 2369/3799/4132
f 2350/3789/4113 2349/3798/4112 2369/3799/4132 2370/3790/4133
f 2351/3781/4114 2350/3789/4113 2370/3790/4133 2371/3782/4134
f 2352/3775/4115 2351/3781/4114 2371/3782/4134 2372/3776/4135
f 2353/3769/4116 2352/3775/4115 2372/3776/4135 2373/3770/4136
f 2334/3766/4097 2353/3769/4116 2373/3770/4136 2354/3767/4117
f 2355/3768/4118 2354/3767/4117 2374/3771/4137 2375/3772/4138
f 2356/3774/4119 2355/3768/4118 2375/3772/4138 2376/3778/4139
f 2357/3780/4120 2356/3774/4119 2376/3778/4139 2377/3784/4140
f 2358/3788/4121 2357/3780/4120 2377/3784/4140 2378/3794/4141
f 2359/3797/4122 2358/3788/4121 2378/3794/4141 2379/3802/4142
f 2360/3805/4123 2359/3797/4122 2379/3802/4142 2380/3812/4143
f 2361/3815/4124 2360/3805/4123 2380/3812/4143 2381/3823/4144
f 2362/3825/4125 2361/3815/4124 2381/3823/4144 2382/3831/4145
f 2363/3833/4126 2362/3825/4125 2382/3831/4145 2383/3839/4146
f 2364/3841/4127 2363/3833/4126 2383/3839/4146 2384/3844/4147
f 2365/3836/4128 2364/3841/4127 2384/3844/4147 2385/3842/4148
f 2366/3828/4129 2365/3836/4128 2385/3842/4148 2386/3837/4149
f 2367/3818/4130 2366/3828/4129 2386/3837/4149 2387/3829/4150
f 2368/3809/4131 2367/3818/4130 2387/3829/4150 2388/3819/4151
f 2369/3799/4132 2368/3809/4131 2388/3819/4151 2389/3810/4152
f 2370/3790/4133 2369/3799/4132 2389/3810/4152 2390/3800/4153
f 2371/3782/4134 2370/3790/4133 2390/3800/4153 2391/3791/4154
f 2372/3776/4135 2371/3782/4134 2391/3791/4154 2392/3783/4155
f 2373/3770/4136 2372/3776/4135 2392/3783/4155 2393/3777/4156
f 2354/3767/4117 2373/3770/4136 2393/3777/4156 2374/3771/4137
f 2375/3467/4138 2374/3468/4137 2394/3456/4157 2395/3455/4158
f 2376/3480/4139 2375/3467/4138 2395/3455/4158 2396/3470/4159
f 2377/3784/4140 2376/3778/4139 2396/3792/4159 2397/3793/4160
f 2378/3794/4141 2377/3784/4140 2397/3793/4160 2398/3801/4161
f 2379/3802/4142 2378/3794/4141 2398/3801/4161 2399/3811/4162
f 2380/3812/4143 2379/3802/4142 2399/3811/4162 2400/3822/4163
f 2381/3531/4144 2380/3542/4143 2400/3532/4163 2401/3519/4164
f 2382/3530/4145 2381/3531/4144 2401/3519/4164 2402/3518/4165
f 2383/3543/4146 2382/3530/4145 2402/3518/4165 2403/3533/4166
f 2384/3550/4147 2383/3543/4146 2403/3533/4166 2404/3544/4167
f 2385/3555/4148 2384/3550/4147 2404/3544/4167 2405/3551/4168
f 2386/3558/4149 2385/3555/4148 2405/3551/4168 2406/3556/4169
f 2387/3829/4150 2386/3837/4149 2406/3843/4169 2407/3838/4170
f 2388/3819/4151 2387/3829/4150 2407/3838/4170 2408/3830/4171
f 2389/3810/4152 2388/3819/4151 2408/3830/4171 2409/3820/4172
f 2390/3800/4153 2389/3810/4152 2409/3820/4172 2410/3821/4173
f 2391/3492/4154 2390/3495/4153 2410/3493/4173 2411/3488/4174
f 2392/3487/4155 2391/3492/4154 2411/3488/4174 2412/3481/4175
f 2393/3479/4156 2392/3487/4155 2412/3481/4175 2413/3469/4176
f 2374/3468/4137 2393/3479/4156 2413/3469/4176 2394/3456/4157
f 2395/3455/4158 2394/3456/4157 2414/3446/4177 2415/3445/4178
f 2396/3470/4159 2395/3455/4158 2415/3445/4178 2416/3458/4179
f 2397/3863/4160 2396/3864/4159 2416/3856/4179 2417/3855/4180
f 2398/3871/4161 2397/3863/4160 2417/3855/4180 2418/3865/4181
f 2399/3876/4162 2398/3871/4161 2418/3865/4181 2419/3872/4182
f 2400/3879/4163 2399/3876/4162 2419/3872/4182 2420/3877/4183
f 2401/3519/4164 2400/3532/4163 2420/3520/4183 2421/3509/4184
f 2402/3518/4165 2401/3519/4164 2421/3509/4184 2422/3508/4185
f 2403/3533/4166 2402/3518/4165 2422/3508/4185 2423/3521/4186
f 2404/3544/4167 2403/3533/4166 2423/3521/4186 2424/3534/4187
f 2405/3551/4168 2404/3544/4167 2424/3534/4187 2425/3545/4188
f 2406/3556/4169 2405/3551/4168 2425/3545/4188 2426/3552/4189
f 2407/3898/4170 2406/3899/4169 2426/3891/4189 2427/3890/4190
f 2408/3906/4171 2407/3898/4170 2427/3890/4190 2428/3900/4191
f 2409/3911/4172 2408/3906/4171 2428/3900/4191 2429/3907/4192
f 2410/3914/4173 2409/3911/4172 2429/3907/4192 2430/3912/4193
f 2411/3488/4174 2410/3493/4173 2430/3489/4193 2431/3482/4194
f 2412/3481/4175 2411/3488/4174 2431/3482/4194 2432/3471/4195
f 2413/3469/4176 2412/3481/4175 2432/3471/4195 2433/3457/4196
f 2394/3456/4157 2413/3469/4176 2433/3457/4196 2414/3446/4177
f 2415/3445/4178 2414/3446/4177 2434/3438/4197 2435/3437/4198
f 2416/3458/4179 2415/3445/4178 2435/3437/4198 2436/3448/4199
f 2417/3855/4180 2416/3856/4179 2436/3850/4199 2437/3849/4200
f 2418/3865/4181 2417/3855/4180 2437/3849/4200 2438/3857/4201
f 2419/3872/4182 2418/3865/4181 2438/3857/4201 2439/3866/4202
f 2420/3877/4183 2419/3872/4182 2439/3866/4202 2440/3873/4203
f 2421/3509/4184 2420/3520/4183 2440/3510/4203 2441/3501/4204
f 2422/3508/4185 2421/3509/4184 2441/3501/4204 2442/3500/4205
f 2423/3521/4186 2422/3508/4185 2442/3500/4205 2443/3511/4206
f 2424/3534/4187 2423/3521/4186 2443/3511/4206 2444/3522/4207
f 2425/3545/4188 2424/3534/4187 2444/3522/4207 2445/3535/4208
f 2426/3552/4189 2425/3545/4188 2445/3535/4208 2446/3546/4209
f 2427/3890/4190 2426/3891/4189 2446/3885/4209 2447/3884/4210
f 2428/3900/4191 2427/3890/4190 2447/3884/4210 2448/3892/4211
f 2429/3907/4192 2428/3900/4191 2448/3892/4211 2449/3901/4212
f 2430/3912/4193 2429/3907/4192 2449/3901/4212 2450/3908/4213
f 2431/3482/4194 2430/3489/4193 2450/3483/4213 2451/3472/4214
f 2432/3471/4195 2431/3482/4194 2451/3472/4214 2452/3459/4215
f 2433/3457/4196 2432/3471/4195 2452/3459/4215 2453/3447/4216
f 2414/3446/4177 2433/3457/4196 2453/3447/4216 2434/3438/4197
f 2435/3437/4198 2434/3438/4197 2054/3434/3818 2055/3433/3817
f 2436/3448/4199 2435/3437/4198 2055/3433/3817 2056/3443/3821
f 2437/3849/4200 2436/3850/4199 2056/3846/3821 2057/3845/3823
f 2438/3857/4201 2437/3849/4200 2057/3845/3823 2058/3853/3825
f 2439/3866/4202 2438/3857/4201 2058/3853/3825 2059/3861/3827
f 2440/3873/4203 2439/3866/4202 2059/3861/3827 2060/3869/3829
f 2441/3501/4204 2440/3510/4203 2060/3502/3829 2061/3497/3831
f 2442/3500/4205 2441/3501/4204 2061/3497/3831 2062/3496/3833
f 2443/3511/4206 2442/3500/4205 2062/3496/3833 2063/3506/3835
f 2444/3522/4207 2443/3511/4206 2063/3506/3835 2064/3516/3837
f 2445/3535/4208 2444/3522/4207 2064/3516/3837 2065/3528/3839
f 2446/3546/4209 2445/3535/4208 2065/3528/3839 2066/3540/3841
f 2447/3884/4210 2446/3885/4209 2066/3881/3841 2067/3880/3843
f 2448/3892/4211 2447/3884/4210 2067/3880/3843 2068/3888/3845
f 2449/3901/4212 2448/3892/4211 2068/3888/3845 2069/3896/3847
f 2450/3908/4213 2449/3901/4212 2069/3896/3847 2070/3904/3849
f 2451/3472/4214 2450/3483/4213 2070/3473/3849 2071/3460/3851
f 2452/3459/4215 2451/3472/4214 2071/3460/3851 2072/3449/3853
f 2453/3447/4216 2452/3459/4215 2072/3449/3853 2073/3439/3855
f 2434/3438/4197 2453/3447/4216 2073/3439/3855 2054/3434/3818
g default
v 0.521126 -1.633240 -0.440682
v 0.521126 -1.497033 -0.419108
v 0.521126 -1.374158 -0.356501
v 0.521126 -1.276643 -0.258986
v 0.521126 -1.214036 -0.136112
v 0.521126 -1.192462 0.000096
v 0.521126 -1.214036 0.136304
v 0.521126 -1.276643 0.259179
v 0.521126 -1.374158 0.356693
v 0.521126 -1.497033 0.419301
v 0.521126 -1.633240 0.440874
v 0.521126 -2.328173 -0.440682
v 0.521126 -2.328173 0.440874
v 0.521126 -1.668540 -0.318243
v 0.521126 -1.570167 -0.302663
v 0.521126 -1.481424 -0.257446
v 0.521126 -1.410998 -0.187019
v 0.521126 -1.365781 -0.098276
v 0.521126 -1.350200 0.000096
v 0.521126 -1.365781 0.098469
v 0.521126 -1.410998 0.187212
v 0.521126 -1.481424 0.257638
v 0.521126 -1.570167 0.302855
v 0.521126 -1.668540 0.318436
v 0.521126 -2.170435 -0.318243
v 0.521126 -2.170435 0.318436
v 1.363737 -1.633240 -0.440682
v 1.402682 -1.636305 -0.401737
v 1.363737 -1.497033 -0.419108
v 1.402682 -1.509217 -0.381608
v 1.363737 -1.374158 -0.356501
v 1.402682 -1.397334 -0.324601
v 1.363737 -1.276644 -0.258986
v 1.402682 -1.308543 -0.235810
v 1.363737 -1.214036 -0.136112
v 1.402682 -1.251536 -0.123927
v 1.363737 -1.192462 0.000096
v 1.402682 -1.231893 0.000096
v 1.363737 -1.214036 0.136304
v 1.402682 -1.251536 0.124120
v 1.363737 -1.276644 0.259179
v 1.402682 -1.308543 0.236002
v 1.363737 -1.374158 0.356693
v 1.402682 -1.397334 0.324793
v 1.363737 -1.497033 0.419301
v 1.402682 -1.509217 0.381800
v 1.363737 -1.633240 0.440874
v 1.402682 -1.636305 0.401929
v 1.363737 -2.328173 -0.440682
v 1.402682 -2.289228 -0.401737
v 1.363737 -2.328173 0.440874
v 1.402682 -2.289228 0.401929
v 1.402682 -1.665475 -0.357188
v 1.363737 -1.668540 -0.318243
v 1.402682 -1.557983 -0.340163
v 1.363737 -1.570167 -0.302663
v 1.402682 -1.458248 -0.289346
v 1.363737 -1.481424 -0.257446
v 1.402682 -1.379098 -0.210196
v 1.363737 -1.410998 -0.187019
v 1.402682 -1.328280 -0.110461
v 1.363737 -1.365781 -0.098276
v 1.402682 -1.310769 0.000096
v 1.363737 -1.350200 0.000096
v 1.402682 -1.328280 0.110653
v 1.363737 -1.365781 0.098469
v 1.402682 -1.379098 0.210388
v 1.363737 -1.410998 0.187212
v 1.402682 -1.458248 0.289538
v 1.363737 -1.481424 0.257638
v 1.402682 -1.557983 0.340356
v 1.363737 -1.570167 0.302855
v 1.402682 -1.665475 0.357381
v 1.363737 -1.668540 0.318436
v 1.402682 -2.209381 -0.357188
v 1.363737 -2.170436 -0.318243
v 1.402682 -2.209381 0.357381
v 1.363737 -2.170436 0.318436
vt 0.446316 0.563970
vt 0.445784 0.572121
vt 0.396652 0.568859
vt 0.397131 0.560878
vt 0.445195 0.580267
vt 0.395975 0.576824
vt 0.393914 0.560717
vt 0.393452 0.568647
vt 0.398884 0.520409
vt 0.448573 0.522936
vt 0.444553 0.588381
vt 0.395069 0.584808
vt 0.392789 0.576383
vt 0.395545 0.522589
vt 0.391828 0.583879
vt 0.338493 0.835681
vt 0.338209 0.827531
vt 0.387516 0.826274
vt 0.387814 0.834272
vt 0.337978 0.819360
vt 0.387413 0.818288
vt 0.390995 0.833995
vt 0.390770 0.826208
vt 0.338799 0.843780
vt 0.388361 0.842321
vt 0.337407 0.778483
vt 0.386929 0.777594
vt 0.390632 0.818231
vt 0.391594 0.841521
vt 0.390198 0.779890
vt 0.918057 0.479667
vt 0.912257 0.479487
vt 0.913574 0.429913
vt 0.919482 0.430017
vt 0.883004 0.478814
vt 0.883937 0.429689
vt 0.913594 0.426694
vt 0.919535 0.426752
vt 0.923866 0.479876
vt 0.925374 0.430262
vt 0.881612 0.426445
vt 0.925679 0.426985
vt 0.929703 0.480100
vt 0.931216 0.430689
vt 0.932050 0.427597
vt 0.916223 0.263821
vt 0.945665 0.263660
vt 0.946072 0.313199
vt 0.916601 0.313154
vt 0.951483 0.263592
vt 0.951960 0.313147
vt 0.946095 0.316427
vt 0.914264 0.316377
vt 0.957303 0.263507
vt 0.957831 0.312899
vt 0.952134 0.316448
vt 0.963145 0.263415
vt 0.963679 0.312809
vt 0.958494 0.316001
vt 0.958146 0.894856
vt 0.966247 0.894878
vt 0.965871 0.944251
vt 0.957801 0.944476
vt 0.974389 0.894921
vt 0.973889 0.944272
vt 0.958472 0.947738
vt 0.966028 0.947438
vt 0.982537 0.895014
vt 0.981898 0.944454
vt 0.973846 0.947482
vt 0.990669 0.895149
vt 0.989931 0.944858
vt 0.981651 0.947666
vt 0.989207 0.948153
vt 0.286923 0.926762
vt 0.237476 0.926998
vt 0.237229 0.875265
vt 0.286676 0.875029
vt 0.234233 0.924728
vt 0.234008 0.877566
vt 0.446294 0.564584
vt 0.483623 0.562997
vt 0.485723 0.612400
vt 0.448394 0.613987
vt 0.446248 0.617313
vt 0.488144 0.615532
vt 0.373874 0.614759
vt 0.368030 0.614897
vt 0.366714 0.565392
vt 0.372568 0.565456
vt 0.362208 0.615042
vt 0.360825 0.565508
vt 0.366820 0.562102
vt 0.373210 0.562318
vt 0.356391 0.615207
vt 0.354935 0.565749
vt 0.360700 0.562247
vt 0.350567 0.615389
vt 0.349072 0.566148
vt 0.354587 0.562513
vt 0.348291 0.563104
vt 0.828457 0.628523
vt 0.827191 0.620530
vt 0.834377 0.618458
vt 0.835291 0.624231
vt 0.827191 0.579749
vt 0.834377 0.589005
vt 0.832132 0.635734
vt 0.837944 0.629439
vt 0.878924 0.579749
vt 0.871739 0.589005
vt 0.837854 0.641456
vt 0.842077 0.633572
vt 0.878924 0.620530
vt 0.871739 0.618458
vt 0.845065 0.645130
vt 0.847285 0.636225
vt 0.877658 0.628523
vt 0.870825 0.624231
vt 0.853058 0.646396
vt 0.853058 0.637140
vt 0.873984 0.635734
vt 0.868171 0.629439
vt 0.861051 0.645130
vt 0.858831 0.636225
vt 0.868262 0.641456
vt 0.864038 0.633572
vt 0.148427 0.832437
vt 0.150103 0.829442
vt 0.154721 0.834446
vt 0.152260 0.833046
vt 0.151341 0.825295
vt 0.156820 0.830788
vt 0.160277 0.837451
vt 0.157955 0.840420
vt 0.144289 0.822670
vt 0.143797 0.827242
vt 0.161762 0.844977
vt 0.159205 0.846784
vt 0.136929 0.822041
vt 0.137190 0.826690
vt 0.163182 0.883450
vt 0.160384 0.878846
vt 0.129726 0.823582
vt 0.130726 0.828060
vt 0.115852 0.885339
vt 0.118279 0.880529
vt 0.123311 0.827217
vt 0.124982 0.831311
vt 0.114283 0.846928
vt 0.116974 0.848535
vt 0.118294 0.832648
vt 0.120501 0.836163
vt 0.115180 0.839381
vt 0.117732 0.842159
vn -1.000000 0.000001 0.000000
vn -1.000000 0.000001 0.000000
vn -1.000000 0.000001 0.000000
vn -1.000000 0.000001 0.000000
vn -1.000000 -0.000001 -0.000000
vn -1.000000 -0.000001 -0.000000
vn -1.000000 -0.000001 -0.000000
vn -1.000000 -0.000001 -0.000000
vn -1.000000 -0.000000 -0.000000
vn -1.000000 -0.000000 -0.000000
vn -1.000000 -0.000000 -0.000000
vn -1.000000 -0.000000 -0.000000
vn -1.000000 0.000000 0.000000
vn -1.000000 0.000000 0.000000
vn -1.000000 0.000000 0.000000
vn -1.000000 0.000000 0.000000
vn -1.000000 -0.000000 0.000000
vn -1.000000 -0.000000 0.000000
vn -1.000000 -0.000000 0.000000
vn -1.000000 -0.000000 0.000000
vn -1.000000 -0.000000 -0.000000
vn -1.000000 -0.000000 -0.000000
vn -1.000000 -0.000000 -0.000000
vn -1.000000 -0.000000 -0.000000
vn -1.000000 -0.000000 0.000000
vn -1.000000 -0.000000 0.000000
vn -1.000000 -0.000000 0.000000
vn -1.000000 -0.000000 0.000000
vn -1.000000 -0.000001 0.000000
vn -1.000000 -0.000001 0.000000
vn -1.000000 -0.000001 0.000000
vn -1.000000 -0.000001 0.000000
vn -1.000000 -0.000000 -0.000000
vn -1.000000 -0.000000 -0.000000
vn -1.000000 -0.000000 -0.000000
vn -1.000000 -0.000000 -0.000000
vn -1.000000 0.000000 -0.000001
vn -1.000000 0.000000 -0.000001
vn -1.000000 0.000000 -0.000001
vn -1.000000 0.000000 -0.000001
vn -1.000000 0.000000 0.000000
vn -1.000000 0.000000 0.000000
vn -1.000000 0.000000 0.000000
vn -1.000000 0.000000 0.000000
vn -1.000000 0.000000 -0.000000
vn -1.000000 0.000000 -0.000000
vn -1.000000 0.000000 -0.000000
vn -1.000000 0.000000 -0.000000
vn -1.000000 0.000001 0.000000
vn -1.000000 0.000001 0.000000
vn -1.000000 0.000001 0.000000
vn -1.000000 0.000001 0.000000
vn 0.707709 0.018281 -0.706268
vn 0.707709 0.018281 -0.706268
vn 0.707108 0.000000 -0.707105
vn 0.707108 0.000000 -0.707105
vn 0.711473 0.216531 -0.668521
vn 0.711473 0.216531 -0.668521
vn 0.711473 0.413045 -0.568507
vn 0.711473 0.413045 -0.568507
vn 0.711472 0.568508 -0.413045
vn 0.711472 0.568508 -0.413045
vn 0.711472 0.668321 -0.217151
vn 0.711472 0.668321 -0.217151
vn 0.711473 0.702714 0.000000
vn 0.711473 0.702714 0.000000
vn 0.711473 0.668320 0.217150
vn 0.711473 0.668321 0.217150
vn 0.711472 0.568508 0.413045
vn 0.711472 0.568508 0.413045
vn 0.711472 0.413045 0.568508
vn 0.711472 0.413045 0.568508
vn 0.711473 0.216530 0.668521
vn 0.711474 0.216531 0.668521
vn 0.707709 0.018281 0.706267
vn 0.707709 0.018281 0.706267
vn 0.707108 0.000000 0.707105
vn 0.707108 0.000000 0.707105
vn 0.707107 -0.707107 -0.000000
vn 0.707107 -0.707107 -0.000000
vn 0.707107 -0.707107 -0.000000
vn 0.707107 -0.707107 -0.000000
vn 0.707711 -0.018398 0.706263
vn 0.707711 -0.018398 0.706263
vn 0.707107 0.000000 0.707107
vn 0.707107 0.000000 0.707107
vn 0.711473 -0.217933 0.668065
vn 0.711473 -0.217933 0.668065
vn 0.711473 -0.413045 0.568507
vn 0.711473 -0.413045 0.568507
vn 0.711474 -0.568506 0.413045
vn 0.711474 -0.568506 0.413045
vn 0.711475 -0.668318 0.217151
vn 0.711475 -0.668318 0.217151
vn 0.711473 -0.702713 0.000000
vn 0.711473 -0.702713 0.000000
vn 0.711473 -0.668320 -0.217151
vn 0.711473 -0.668320 -0.217151
vn 0.711474 -0.568506 -0.413044
vn 0.711474 -0.568506 -0.413044
vn 0.711474 -0.413044 -0.568507
vn 0.711474 -0.413044 -0.568507
vn 0.711473 -0.217933 -0.668065
vn 0.711473 -0.217933 -0.668065
vn 0.707711 -0.018398 -0.706263
vn 0.707711 -0.018398 -0.706263
vn 0.707107 0.000000 -0.707107
vn 0.707107 0.000000 -0.707107
vn 0.707106 0.707108 -0.000000
vn 0.707106 0.707108 -0.000000
vn 0.707106 0.707108 -0.000000
vn 0.707106 0.707108 -0.000000
vn -0.000000 0.025948 -0.999663
vn -0.000000 0.309018 -0.951056
vn -0.000000 0.309018 -0.951056
vn -0.000000 0.025948 -0.999663
vn -0.000000 0.587785 -0.809017
vn -0.000000 0.587785 -0.809017
vn 0.000000 0.809017 -0.587786
vn 0.000000 0.809017 -0.587786
vn 0.000000 0.951056 -0.309018
vn 0.000000 0.951056 -0.309018
vn 0.000000 1.000000 0.000000
vn 0.000000 1.000000 0.000000
vn 0.000000 0.951056 0.309018
vn 0.000000 0.951056 0.309018
vn 0.000000 0.809017 0.587785
vn 0.000000 0.809017 0.587785
vn 0.000000 0.587785 0.809017
vn 0.000000 0.587785 0.809017
vn 0.000000 0.309017 0.951057
vn 0.000000 0.309017 0.951057
vn 0.000000 0.025947 0.999663
vn 0.000000 0.025947 0.999663
vn -0.000000 0.000000 -1.000000
vn -0.000000 0.000000 -1.000000
vn 0.000000 0.000000 1.000000
vn 0.000000 0.000000 1.000000
vn 0.000000 -1.000000 0.000000
vn 0.000000 -1.000000 0.000000
vn 0.000000 -1.000000 0.000000
vn 0.000000 -1.000000 0.000000
vn 1.000000 0.000000 -0.000001
vn 1.000000 0.000000 -0.000000
vn 1.000000 0.000000 0.000000
vn 1.000000 0.000000 -0.000001
vn 1.000000 0.000000 0.000000
vn 1.000000 0.000000 -0.000000
vn 1.000000 0.000000 0.000000
vn 1.000000 0.000000 0.000001
vn 1.000000 0.000000 0.000000
vn 1.000000 0.000000 0.000000
vn 1.000000 0.000000 -0.000000
vn 1.000000 0.000000 -0.000000
vn 1.000000 0.000000 -0.000001
vn 1.000000 0.000000 -0.000001
vn 1.000000 0.000000 -0.000001
vn 1.000000 0.000000 -0.000001
vn 1.000000 0.000000 0.000000
vn 1.000000 0.000000 0.000001
vn 1.000000 0.000000 0.000001
vn 1.000000 0.000000 0.000000
vn 1.000000 0.000000 0.000000
vn 1.000000 0.000000 0.000001
vn 1.000000 0.000000 -0.000000
vn 1.000000 0.000000 -0.000000
vn 1.000000 0.000000 0.000000
vn 1.000000 0.000000 0.000000
vn 0.000000 -0.309018 0.951056
vn 0.000000 -0.025948 0.999663
vn 0.000000 -0.025948 0.999663
vn 0.000000 -0.309018 0.951056
vn 0.000000 0.000000 1.000000
vn 0.000000 0.000000 1.000000
vn 0.000000 1.000000 -0.000000
vn 0.000000 1.000000 -0.000000
vn 0.000000 1.000000 -0.000000
vn 0.000000 1.000000 -0.000000
vn -0.000000 0.000000 -1.000000
vn 0.000000 -0.025948 -0.999663
vn 0.000000 -0.025948 -0.999663
vn -0.000000 0.000000 -1.000000
vn 0.000000 -0.309017 -0.951056
vn 0.000000 -0.309017 -0.951056
vn -0.000000 -0.587785 -0.809017
vn -0.000000 -0.587785 -0.809017
vn -0.000000 -0.809017 -0.587785
vn -0.000000 -0.809017 -0.587785
vn 0.000000 -0.951056 -0.309018
vn 0.000000 -0.951056 -0.309018
vn 0.000000 -1.000000 -0.000001
vn 0.000000 -1.000000 -0.000001
vn 0.000000 -0.951056 0.309018
vn 0.000000 -0.951056 0.309018
vn 0.000000 -0.809016 0.587786
vn 0.000000 -0.809016 0.587786
vn 0.000000 -0.587786 0.809016
vn 0.000000 -0.587786 0.809016
s off
g pCylinder8 polySurface9
usemtl initialShadingGroup
f 2455/4086/4217 2454/4087/4218 2467/4088/4219 2468/4089/4220
f 2456/4092/4221 2455/4086/4222 2468/4089/4223 2469/4093/4224
f 2457/4096/4225 2456/4092/4226 2469/4093/4227 2470/4097/4228
f 2458/4100/4229 2457/4096/4230 2470/4097/4231 2471/4101/4232
f 2459/4104/4233 2458/4100/4234 2471/4101/4235 2472/4105/4236
f 2460/4108/4237 2459/4104/4238 2472/4105/4239 2473/4109/4240
f 2461/4110/4241 2460/4108/4242 2473/4109/4243 2474/4111/4244
f 2462/4106/4245 2461/4110/4246 2474/4111/4247 2475/4107/4248
f 2463/4102/4249 2462/4106/4250 2475/4107/4251 2476/4103/4252
f 2464/4098/4253 2463/4102/4254 2476/4103/4255 2477/4099/4256
f 2454/4087/4257 2465/4090/4258 2478/4091/4259 2467/4088/4260
f 2466/4094/4261 2464/4098/4262 2477/4099/4263 2479/4095/4264
f 2465/4090/4265 2466/4094/4266 2479/4095/4267 2478/4091/4268
s 1
f 2480/3988/4269 2481/3991/4270 2503/3998/4271 2502/3993/4272
f 2481/3991/4270 2480/3988/4269 2482/3987/4273 2483/3992/4274
f 2483/3992/4274 2482/3987/4273 2484/3990/4275 2485/3997/4276
f 2485/3997/4276 2484/3990/4275 2486/3996/4277 2487/3999/4278
f 2487/4050/4278 2486/4047/4277 2488/4046/4279 2489/4051/4280
f 2489/4051/4280 2488/4046/4279 2490/4049/4281 2491/4054/4282
f 2491/4054/4282 2490/4049/4281 2492/4053/4283 2493/4057/4284
f 2493/4057/4284 2492/4053/4283 2494/4056/4285 2495/4058/4286
f 2495/4013/4286 2494/4009/4285 2496/4003/4287 2497/4006/4288
f 2497/4006/4288 2496/4003/4287 2498/4002/4289 2499/4007/4290
f 2499/4007/4290 2498/4002/4289 2500/4005/4291 2501/4012/4292
f 2501/4012/4292 2500/4005/4291 2504/4011/4293 2505/4014/4294
s off
f 2502/4060/4295 2503/4063/4296 2505/4064/4297 2504/4061/4298
s 2
f 2506/4021/4299 2507/4017/4300 2529/4020/4301 2528/4025/4302
f 2507/4017/4300 2506/4021/4299 2508/4022/4303 2509/4018/4304
f 2509/4018/4304 2508/4022/4303 2510/4026/4305 2511/4024/4306
f 2511/4024/4306 2510/4026/4305 2512/4029/4307 2513/4028/4308
f 2513/4083/4308 2512/4085/4307 2514/4084/4309 2515/4080/4310
f 2515/4080/4310 2514/4084/4309 2516/4081/4311 2517/4076/4312
f 2517/4076/4312 2516/4081/4311 2518/4077/4313 2519/4073/4314
f 2519/4073/4314 2518/4077/4313 2520/4078/4315 2521/4074/4316
f 2521/4112/4316 2520/4113/4315 2522/4114/4317 2523/4115/4318
f 2523/4039/4318 2522/4043/4317 2524/4040/4319 2525/4035/4320
f 2525/4035/4320 2524/4040/4319 2526/4036/4321 2527/4032/4322
f 2527/4032/4322 2526/4036/4321 2530/4037/4323 2531/4033/4324
s off
f 2528/4069/4325 2529/4068/4326 2531/4067/4327 2530/4070/4328
s 3
f 2454/3985/4329 2455/3986/4330 2482/3987/4331 2480/3988/4332
f 2455/3986/4330 2456/3989/4333 2484/3990/4334 2482/3987/4331
f 2456/3989/4333 2457/3995/4335 2486/3996/4336 2484/3990/4334
f 2457/4044/4335 2458/4045/4337 2488/4046/4338 2486/4047/4336
f 2458/4045/4337 2459/4048/4339 2490/4049/4340 2488/4046/4338
f 2459/4048/4339 2460/4052/4341 2492/4053/4342 2490/4049/4340
f 2460/4052/4341 2461/4055/4343 2494/4056/4344 2492/4053/4342
f 2461/4008/4343 2462/4000/4345 2496/4003/4346 2494/4009/4344
f 2462/4000/4345 2463/4001/4347 2498/4002/4348 2496/4003/4346
f 2463/4001/4347 2464/4004/4349 2500/4005/4350 2498/4002/4348
f 2454/3985/4329 2480/3988/4332 2502/3993/4351 2465/3994/4352
f 2500/4005/4350 2464/4004/4349 2466/4010/4353 2504/4011/4354
s off
f 2465/4059/4355 2502/4060/4356 2504/4061/4357 2466/4062/4358
s 4
f 2481/4134/4359 2483/4138/4360 2508/4139/4361 2506/4135/4362
f 2483/4138/4360 2485/4136/4363 2510/4137/4364 2508/4139/4361
f 2485/4136/4363 2487/4132/4365 2512/4133/4366 2510/4137/4364
f 2487/4132/4365 2489/4128/4367 2514/4129/4368 2512/4133/4366
f 2489/4128/4367 2491/4124/4369 2516/4125/4370 2514/4129/4368
f 2491/4124/4369 2493/4120/4371 2518/4121/4372 2516/4125/4370
f 2493/4120/4371 2495/4116/4373 2520/4113/4374 2518/4121/4372
f 2495/4116/4373 2497/4117/4375 2522/4114/4376 2520/4113/4374
f 2497/4117/4375 2499/4118/4377 2524/4119/4378 2522/4114/4376
f 2499/4118/4377 2501/4122/4379 2526/4123/4380 2524/4119/4378
f 2503/4130/4381 2481/4134/4359 2506/4135/4362 2528/4131/4382
f 2501/4122/4379 2505/4126/4383 2530/4127/4384 2526/4123/4380
f 2505/4126/4383 2503/4130/4381 2528/4131/4382 2530/4127/4384
s 5
f 2468/4015/4385 2467/4016/4386 2507/4017/4387 2509/4018/4388
f 2467/4016/4386 2478/4019/4389 2529/4020/4390 2507/4017/4387
s off
f 2478/4065/4391 2479/4066/4392 2531/4067/4393 2529/4068/4394
s 5
f 2479/4030/4395 2477/4031/4396 2527/4032/4397 2531/4033/4398
f 2477/4031/4396 2476/4034/4399 2525/4035/4400 2527/4032/4397
f 2476/4034/4399 2475/4038/4401 2523/4039/4402 2525/4035/4400
f 2475/4038/4401 2474/4041/4403 2521/4042/4404 2523/4039/4402
f 2474/4071/4403 2473/4072/4405 2519/4073/4406 2521/4074/4404
f 2473/4072/4405 2472/4075/4407 2517/4076/4408 2519/4073/4406
f 2472/4075/4407 2471/4079/4409 2515/4080/4410 2517/4076/4408
f 2471/4079/4409 2470/4082/4411 2513/4083/4412 2515/4080/4410
f 2470/4027/4411 2469/4023/4413 2511/4024/4414 2513/4028/4412
f 2469/4023/4413 2468/4015/4385 2509/4018/4388 2511/4024/4414
g default
v 0.982091 1.949324 -0.319101
v 0.835417 1.949324 -0.606966
v 0.606966 1.949324 -0.835417
v 0.319101 1.949324 -0.982091
v 0.000000 1.949324 -1.032632
v -0.319101 1.949324 -0.982091
v -0.606966 1.949324 -0.835417
v -0.835417 1.949324 -0.606966
v -0.982091 1.949324 -0.319101
v -1.032632 1.949324 0.000000
v -0.982091 1.949324 0.319101
v -0.835416 1.949324 0.606966
v -0.606966 1.949324 0.835416
v -0.319101 1.949324 0.982091
v -0.000000 1.949324 1.032632
v 0.319101 1.949324 0.982091
v 0.606966 1.949324 0.835416
v 0.835416 1.949324 0.606966
v 0.982091 1.949324 0.319101
v 1.032631 1.949324 0.000000
v 1.258063 1.910200 -0.408770
v 1.070172 1.910200 -0.777526
v 0.777526 1.910200 -1.070172
v 0.408770 1.910200 -1.258063
v 0.000000 1.910200 -1.322805
v -0.408770 1.910200 -1.258063
v -0.777526 1.910200 -1.070172
v -1.070172 1.910200 -0.777526
v -1.258062 1.910200 -0.408769
v -1.322805 1.910200 0.000000
v -1.258062 1.910200 0.408770
v -1.070172 1.910200 0.777526
v -0.777526 1.910200 1.070172
v -0.408769 1.910200 1.258062
v 0.000000 1.910200 1.322805
v 0.408769 1.910200 1.258062
v 0.777526 1.910200 1.070172
v 1.070172 1.910200 0.777526
v 1.258062 1.910200 0.408769
v 1.322805 1.910200 0.000000
v 1.357218 1.812622 -0.440987
v 1.154518 1.812622 -0.838807
v 0.838807 1.812622 -1.154518
v 0.440987 1.812622 -1.357218
v 0.000000 1.812622 -1.427063
v -0.440987 1.812622 -1.357218
v -0.838807 1.812622 -1.154518
v -1.154518 1.812622 -0.838807
v -1.357218 1.812622 -0.440987
v -1.427063 1.812622 0.000000
v -1.357218 1.812622 0.440987
v -1.154518 1.812622 0.838807
v -0.838807 1.812622 1.154518
v -0.440987 1.812622 1.357218
v 0.000000 1.812622 1.427063
v 0.440987 1.812622 1.357218
v 0.838807 1.812622 1.154518
v 1.154518 1.812622 0.838807
v 1.357217 1.812622 0.440987
v 1.427063 1.812622 0.000000
v 1.357218 1.710047 -0.440987
v 1.154518 1.710047 -0.838807
v 0.838807 1.710047 -1.154518
v 0.440987 1.710047 -1.357218
v 0.000000 1.710047 -1.427063
v -0.440987 1.710047 -1.357218
v -0.838807 1.710047 -1.154518
v -1.154518 1.710047 -0.838807
v -1.357218 1.710047 -0.440987
v -1.427063 1.710047 0.000000
v -1.357218 1.710047 0.440987
v -1.154518 1.710047 0.838807
v -0.838807 1.710047 1.154518
v -0.440987 1.710047 1.357218
v 0.000000 1.710047 1.427063
v 0.440987 1.710047 1.357218
v 0.838807 1.710047 1.154518
v 1.154518 1.710047 0.838807
v 1.357217 1.710047 0.440987
v 1.427063 1.710047 0.000000
v 1.238145 1.579659 -0.402298
v 1.053229 1.579659 -0.765216
v 0.765216 1.579659 -1.053229
v 0.402298 1.579659 -1.238145
v 0.000000 1.579659 -1.301862
v -0.402298 1.579659 -1.238145
v -0.765216 1.579659 -1.053229
v -1.053229 1.579659 -0.765216
v -1.238145 1.579659 -0.402298
v -1.301862 1.579659 0.000000
v -1.238145 1.579659 0.402298
v -1.053229 1.579659 0.765216
v -0.765216 1.579659 1.053228
v -0.402298 1.579659 1.238144
v 0.000000 1.579659 1.301862
v 0.402298 1.579659 1.238144
v 0.765216 1.579659 1.053228
v 1.053228 1.579659 0.765216
v 1.238144 1.579659 0.402298
v 1.301862 1.579659 0.000000
vt 0.815930 0.321172
vt 0.814526 0.346973
vt 0.808537 0.346681
vt 0.809857 0.321200
vt 0.824222 0.322756
vt 0.822765 0.347491
vt 0.813219 0.372260
vt 0.807206 0.371946
vt 0.797993 0.346204
vt 0.799178 0.321384
vt 0.814076 0.294893
vt 0.808041 0.295266
vt 0.821528 0.372723
vt 0.811814 0.397554
vt 0.805847 0.397210
vt 0.796677 0.371361
vt 0.797462 0.297204
vt 0.820137 0.397958
vt 0.810281 0.423402
vt 0.804255 0.422652
vt 0.795371 0.396498
vt 0.818838 0.422804
vt 0.805217 0.449303
vt 0.799237 0.448171
vt 0.793783 0.421193
vt 0.789097 0.444938
vt 0.021567 0.753399
vt 0.020659 0.779276
vt 0.014616 0.778671
vt 0.015593 0.753199
vt 0.029897 0.753601
vt 0.029199 0.778471
vt 0.016221 0.805292
vt 0.010215 0.804304
vt 0.004112 0.777466
vt 0.005103 0.752740
vt 0.022362 0.728078
vt 0.016343 0.727909
vt 0.030679 0.728341
vt 0.000000 0.801317
vt 0.005803 0.727578
vt 0.023058 0.702767
vt 0.017064 0.702619
vt 0.031308 0.703085
vt 0.006511 0.702397
vt 0.023840 0.676940
vt 0.017769 0.677114
vt 0.032167 0.678323
vt 0.007097 0.677556
vt 0.021352 0.650713
vt 0.015328 0.651232
vt 0.004798 0.653424
vt 0.126410 0.622410
vt 0.135301 0.605681
vt 0.151543 0.611319
vt 0.140116 0.632924
vt 0.138570 0.586986
vt 0.155765 0.587273
vt 0.112781 0.635518
vt 0.122496 0.649604
vt 0.135900 0.568196
vt 0.152307 0.563046
vt 0.146469 0.638411
vt 0.127219 0.656504
vt 0.095748 0.643862
vt 0.100754 0.660240
vt 0.127453 0.551184
vt 0.141455 0.541072
vt 0.103229 0.668249
vt 0.076999 0.646556
vt 0.076779 0.663700
vt 0.114174 0.537681
vt 0.124253 0.523861
vt 0.076695 0.672087
vt 0.058324 0.643353
vt 0.052895 0.659606
vt 0.097401 0.528930
vt 0.102808 0.512678
vt 0.129136 0.517038
vt 0.147988 0.535728
vt 0.050253 0.667567
vt 0.041511 0.634547
vt 0.031429 0.648359
vt 0.078762 0.525781
vt 0.079009 0.508626
vt 0.105435 0.504713
vt 0.026526 0.655168
vt 0.028286 0.621037
vt 0.014266 0.631118
vt 0.060046 0.528394
vt 0.055089 0.511996
vt 0.079106 0.500239
vt 0.007714 0.636437
vt 0.019896 0.604030
vt 0.003489 0.609181
vt 0.043033 0.536659
vt 0.033334 0.522566
vt 0.052650 0.503976
vt 0.017185 0.585239
vt 0.000000 0.585012
vt 0.029355 0.549781
vt 0.015655 0.539232
vt 0.028638 0.515647
vt 0.020415 0.566533
vt 0.004164 0.560917
vt 0.009324 0.533716
vt 0.954141 0.447778
vt 0.959087 0.421903
vt 0.965056 0.423019
vt 0.960113 0.448525
vt 0.975186 0.426221
vt 0.970564 0.449912
vt 0.952359 0.474134
vt 0.958378 0.474178
vt 0.968966 0.474275
vt 0.953743 0.500507
vt 0.959707 0.499858
vt 0.970234 0.498654
vt 0.958173 0.526431
vt 0.964126 0.525453
vt 0.974422 0.522463
vt 0.957078 0.603145
vt 0.952131 0.629021
vt 0.946163 0.627904
vt 0.951105 0.602398
vt 0.936032 0.624702
vt 0.940655 0.601011
vt 0.958860 0.576789
vt 0.952841 0.576746
vt 0.942253 0.576648
vt 0.957475 0.550416
vt 0.951512 0.551065
vt 0.940985 0.552269
vt 0.953046 0.524492
vt 0.947092 0.525470
vt 0.936796 0.528460
vn 0.108101 0.991033 -0.078540
vn 0.127081 0.991033 -0.041291
vn 0.127081 0.991033 -0.041291
vn 0.108101 0.991033 -0.078540
vn 0.078540 0.991033 -0.108101
vn 0.078540 0.991033 -0.108101
vn 0.041291 0.991033 -0.127081
vn 0.041291 0.991033 -0.127081
vn -0.000000 0.991033 -0.133621
vn 0.000000 0.991033 -0.133621
vn -0.041291 0.991033 -0.127081
vn -0.041291 0.991033 -0.127081
vn -0.078540 0.991033 -0.108101
vn -0.078540 0.991033 -0.108101
vn -0.108101 0.991033 -0.078540
vn -0.108101 0.991033 -0.078540
vn -0.127081 0.991033 -0.041291
vn -0.127081 0.991033 -0.041291
vn -0.133621 0.991033 -0.000000
vn -0.133621 0.991033 0.000000
vn -0.127081 0.991033 0.041291
vn -0.127081 0.991033 0.041291
vn -0.108101 0.991033 0.078540
vn -0.108101 0.991033 0.078540
vn -0.078540 0.991033 0.108101
vn -0.078540 0.991033 0.108101
vn -0.041291 0.991033 0.127080
vn -0.041291 0.991033 0.127080
vn -0.000000 0.991033 0.133620
vn 0.000000 0.991033 0.133620
vn 0.041291 0.991033 0.127081
vn 0.041291 0.991033 0.127081
vn 0.078540 0.991033 0.108101
vn 0.078540 0.991033 0.108101
vn 0.108101 0.991033 0.078540
vn 0.108101 0.991033 0.078540
vn 0.127081 0.991033 0.041291
vn 0.127081 0.991033 0.041291
vn 0.133621 0.991033 0.000000
vn 0.133621 0.991033 -0.000000
vn 0.552825 0.730110 -0.401651
vn 0.649885 0.730110 -0.211160
vn 0.649885 0.730110 -0.211160
vn 0.552825 0.730110 -0.401651
vn 0.401651 0.730110 -0.552825
vn 0.401651 0.730110 -0.552825
vn 0.211160 0.730110 -0.649885
vn 0.211160 0.730110 -0.649885
vn 0.000000 0.730111 -0.683329
vn 0.000000 0.730111 -0.683329
vn -0.211160 0.730110 -0.649885
vn -0.211160 0.730110 -0.649885
vn -0.401651 0.730110 -0.552825
vn -0.401651 0.730110 -0.552825
vn -0.552825 0.730110 -0.401651
vn -0.552825 0.730110 -0.401651
vn -0.649885 0.730110 -0.211161
vn -0.649885 0.730110 -0.211161
vn -0.683329 0.730110 -0.000000
vn -0.683329 0.730110 -0.000000
vn -0.649885 0.730111 0.211160
vn -0.649885 0.730111 0.211160
vn -0.552825 0.730111 0.401650
vn -0.552825 0.730111 0.401650
vn -0.401651 0.730110 0.552825
vn -0.401651 0.730110 0.552825
vn -0.211160 0.730110 0.649885
vn -0.211160 0.730110 0.649885
vn 0.000000 0.730110 0.683330
vn 0.000000 0.730110 0.683330
vn 0.211160 0.730110 0.649885
vn 0.211160 0.730110 0.649885
vn 0.401651 0.730111 0.552825
vn 0.401651 0.730111 0.552825
vn 0.552825 0.730110 0.401651
vn 0.552825 0.730110 0.401651
vn 0.649885 0.730110 0.211161
vn 0.649885 0.730110 0.211161
vn 0.683330 0.730110 0.000001
vn 0.683330 0.730110 0.000001
vn 0.809017 0.000000 -0.587785
vn 0.951057 0.000000 -0.309016
vn 0.951057 0.000000 -0.309016
vn 0.809017 0.000000 -0.587785
vn 0.587785 0.000000 -0.809017
vn 0.587785 0.000000 -0.809017
vn 0.309017 0.000000 -0.951057
vn 0.309017 0.000000 -0.951057
vn -0.000000 0.000000 -1.000000
vn -0.000000 0.000000 -1.000000
vn -0.309017 0.000000 -0.951057
vn -0.309017 0.000000 -0.951057
vn -0.587785 0.000000 -0.809017
vn -0.587785 0.000000 -0.809017
vn -0.809017 0.000000 -0.587785
vn -0.809017 0.000000 -0.587785
vn -0.951057 0.000000 -0.309017
vn -0.951057 0.000000 -0.309017
vn -1.000000 0.000000 0.000000
vn -1.000000 0.000000 0.000000
vn -0.951057 0.000000 0.309017
vn -0.951057 0.000000 0.309017
vn -0.809017 0.000000 0.587785
vn -0.809017 0.000000 0.587785
vn -0.587785 0.000000 0.809017
vn -0.587785 0.000000 0.809017
vn -0.309017 0.000000 0.951057
vn -0.309017 0.000000 0.951057
vn 0.000000 0.000000 1.000000
vn 0.000000 0.000000 1.000000
vn 0.309017 0.000000 0.951057
vn 0.309017 0.000000 0.951057
vn 0.587785 0.000000 0.809017
vn 0.587785 0.000000 0.809017
vn 0.809017 0.000000 0.587785
vn 0.809017 0.000000 0.587785
vn 0.951057 0.000000 0.309017
vn 0.951057 0.000000 0.309017
vn 1.000000 0.000000 0.000001
vn 1.000000 0.000000 0.000001
vn 0.583552 -0.692613 -0.423975
vn 0.686006 -0.692613 -0.222896
vn 0.686006 -0.692613 -0.222896
vn 0.583551 -0.692613 -0.423975
vn 0.423975 -0.692613 -0.583552
vn 0.423975 -0.692613 -0.583552
vn 0.222897 -0.692613 -0.686006
vn 0.222897 -0.692613 -0.686006
vn -0.000000 -0.692613 -0.721310
vn -0.000000 -0.692613 -0.721310
vn -0.222897 -0.692613 -0.686006
vn -0.222897 -0.692613 -0.686006
vn -0.423975 -0.692613 -0.583552
vn -0.423975 -0.692613 -0.583552
vn -0.583552 -0.692613 -0.423975
vn -0.583552 -0.692613 -0.423975
vn -0.686006 -0.692613 -0.222897
vn -0.686006 -0.692613 -0.222896
vn -0.721310 -0.692613 0.000000
vn -0.721310 -0.692613 0.000000
vn -0.686006 -0.692613 0.222897
vn -0.686006 -0.692613 0.222897
vn -0.583552 -0.692613 0.423975
vn -0.583552 -0.692613 0.423975
vn -0.423975 -0.692613 0.583551
vn -0.423975 -0.692613 0.583551
vn -0.222897 -0.692613 0.686006
vn -0.222897 -0.692613 0.686006
vn -0.000000 -0.692613 0.721309
vn -0.000000 -0.692613 0.721309
vn 0.222897 -0.692613 0.686006
vn 0.222897 -0.692613 0.686006
vn 0.423975 -0.692613 0.583552
vn 0.423975 -0.692613 0.583552
vn 0.583552 -0.692613 0.423975
vn 0.583552 -0.692613 0.423975
vn 0.686006 -0.692613 0.222897
vn 0.686007 -0.692613 0.222897
vn 0.721310 -0.692613 0.000000
vn 0.721310 -0.692613 0.000001
s 1
g pSphere4 polySurface3
usemtl initialShadingGroup
f 2533/4192/4415 2532/4193/4416 2552/4194/4417 2553/4195/4418
f 2534/4198/4419 2533/4192/4415 2553/4195/4418 2554/4199/4420
f 2535/4204/4421 2534/4198/4419 2554/4199/4420 2555/4205/4422
f 2536/4209/4423 2535/4204/4421 2555/4205/4422 2556/4210/4424
f 2537/4214/4425 2536/4209/4423 2556/4210/4424 2557/4215/4426
f 2538/4221/4427 2537/4214/4425 2557/4215/4426 2558/4222/4428
f 2539/4227/4429 2538/4221/4427 2558/4222/4428 2559/4228/4430
f 2540/4233/4431 2539/4227/4429 2559/4228/4430 2560/4234/4432
f 2541/4238/4433 2540/4233/4431 2560/4234/4432 2561/4239/4434
f 2542/4243/4435 2541/4238/4433 2561/4239/4434 2562/4244/4436
f 2543/4240/4437 2542/4243/4435 2562/4244/4436 2563/4241/4438
f 2544/4235/4439 2543/4240/4437 2563/4241/4438 2564/4236/4440
f 2545/4229/4441 2544/4235/4439 2564/4236/4440 2565/4230/4442
f 2546/4223/4443 2545/4229/4441 2565/4230/4442 2566/4224/4444
f 2547/4216/4445 2546/4223/4443 2566/4224/4444 2567/4217/4446
f 2548/4211/4447 2547/4216/4445 2567/4217/4446 2568/4212/4448
f 2549/4206/4449 2548/4211/4447 2568/4212/4448 2569/4207/4450
f 2550/4200/4451 2549/4206/4449 2569/4207/4450 2570/4201/4452
f 2551/4196/4453 2550/4200/4451 2570/4201/4452 2571/4197/4454
f 2532/4193/4416 2551/4196/4453 2571/4197/4454 2552/4194/4417
s 2
f 2553/4144/4455 2552/4145/4456 2572/4141/4457 2573/4140/4458
f 2554/4199/4459 2553/4195/4455 2573/4202/4458 2574/4203/4460
f 2555/4205/4461 2554/4199/4459 2574/4203/4460 2575/4208/4462
f 2556/4210/4463 2555/4205/4461 2575/4208/4462 2576/4213/4464
f 2557/4215/4465 2556/4210/4463 2576/4213/4464 2577/4220/4466
f 2558/4222/4467 2557/4215/4465 2577/4220/4466 2578/4226/4468
f 2559/4228/4469 2558/4222/4467 2578/4226/4468 2579/4232/4470
f 2560/4170/4471 2559/4171/4469 2579/4167/4470 2580/4166/4472
f 2561/4178/4473 2560/4170/4471 2580/4166/4472 2581/4176/4474
f 2562/4183/4475 2561/4178/4473 2581/4176/4474 2582/4181/4476
f 2563/4187/4477 2562/4183/4475 2582/4181/4476 2583/4185/4478
f 2564/4236/4479 2563/4241/4477 2583/4245/4478 2584/4242/4480
f 2565/4230/4481 2564/4236/4479 2584/4242/4480 2585/4237/4482
f 2566/4224/4483 2565/4230/4481 2585/4237/4482 2586/4231/4484
f 2567/4217/4485 2566/4224/4483 2586/4231/4484 2587/4225/4486
f 2568/4212/4487 2567/4217/4485 2587/4225/4486 2588/4218/4488
f 2569/4207/4489 2568/4212/4487 2588/4218/4488 2589/4219/4490
f 2570/4157/4491 2569/4161/4489 2589/4158/4490 2590/4153/4492
f 2571/4152/4493 2570/4157/4491 2590/4153/4492 2591/4146/4494
f 2552/4145/4456 2571/4152/4493 2591/4146/4494 2572/4141/4457
s 3
f 2573/4140/4495 2572/4141/4496 2592/4142/4497 2593/4143/4498
f 2574/4150/4499 2573/4140/4495 2593/4143/4498 2594/4151/4500
f 2575/4246/4501 2574/4247/4499 2594/4248/4500 2595/4249/4502
f 2576/4252/4503 2575/4246/4501 2595/4249/4502 2596/4253/4504
f 2577/4255/4505 2576/4252/4503 2596/4253/4504 2597/4256/4506
f 2578/4258/4507 2577/4255/4505 2597/4256/4506 2598/4259/4508
f 2579/4167/4509 2578/4172/4507 2598/4173/4508 2599/4168/4510
f 2580/4166/4511 2579/4167/4509 2599/4168/4510 2600/4169/4512
f 2581/4176/4513 2580/4166/4511 2600/4169/4512 2601/4177/4514
f 2582/4181/4515 2581/4176/4513 2601/4177/4514 2602/4182/4516
f 2583/4185/4517 2582/4181/4515 2602/4182/4516 2603/4186/4518
f 2584/4189/4519 2583/4185/4517 2603/4186/4518 2604/4190/4520
f 2585/4261/4521 2584/4262/4519 2604/4263/4520 2605/4264/4522
f 2586/4267/4523 2585/4261/4521 2605/4264/4522 2606/4268/4524
f 2587/4270/4525 2586/4267/4523 2606/4268/4524 2607/4271/4526
f 2588/4273/4527 2587/4270/4525 2607/4271/4526 2608/4274/4528
f 2589/4158/4529 2588/4162/4527 2608/4163/4528 2609/4159/4530
f 2590/4153/4531 2589/4158/4529 2609/4159/4530 2610/4154/4532
f 2591/4146/4533 2590/4153/4531 2610/4154/4532 2611/4147/4534
f 2572/4141/4496 2591/4146/4533 2611/4147/4534 2592/4142/4497
s 4
f 2593/4143/4535 2592/4142/4536 2612/4148/4537 2613/4149/4538
f 2594/4151/4539 2593/4143/4535 2613/4149/4538 2614/4156/4540
f 2595/4249/4541 2594/4248/4539 2614/4250/4540 2615/4251/4542
f 2596/4253/4543 2595/4249/4541 2615/4251/4542 2616/4254/4544
f 2597/4256/4545 2596/4253/4543 2616/4254/4544 2617/4257/4546
f 2598/4259/4547 2597/4256/4545 2617/4257/4546 2618/4260/4548
f 2599/4168/4549 2598/4173/4547 2618/4179/4548 2619/4174/4550
f 2600/4169/4551 2599/4168/4549 2619/4174/4550 2620/4175/4552
f 2601/4177/4553 2600/4169/4551 2620/4175/4552 2621/4180/4554
f 2602/4182/4555 2601/4177/4553 2621/4180/4554 2622/4184/4556
f 2603/4186/4557 2602/4182/4555 2622/4184/4556 2623/4188/4558
f 2604/4190/4559 2603/4186/4557 2623/4188/4558 2624/4191/4560
f 2605/4264/4561 2604/4263/4559 2624/4265/4560 2625/4266/4562
f 2606/4268/4563 2605/4264/4561 2625/4266/4562 2626/4269/4564
f 2607/4271/4565 2606/4268/4563 2626/4269/4564 2627/4272/4566
f 2608/4274/4567 2607/4271/4565 2627/4272/4566 2628/4275/4568
f 2609/4159/4569 2608/4163/4567 2628/4165/4568 2629/4164/4570
f 2610/4154/4571 2609/4159/4569 2629/4164/4570 2630/4160/4572
f 2611/4147/4573 2610/4154/4571 2630/4160/4572 2631/4155/4574
f 2592/4142/4536 2611/4147/4573 2631/4155/4574 2612/4148/4537
g default
v -0.440778 0.697947 -0.521030
v -0.419205 0.834155 -0.521030
v -0.356597 0.957030 -0.521030
v -0.259083 1.054544 -0.521030
v -0.136208 1.117152 -0.521030
v 0.000000 1.138725 -0.521030
v 0.136208 1.117152 -0.521030
v 0.259083 1.054544 -0.521030
v 0.356597 0.957030 -0.521030
v 0.419205 0.834155 -0.521030
v 0.440778 0.697947 -0.521030
v -0.440778 0.003014 -0.521030
v 0.440778 0.003014 -0.521030
v -0.318340 0.662648 -0.521030
v -0.302759 0.761020 -0.521030
v -0.257542 0.849763 -0.521030
v -0.187115 0.920190 -0.521030
v -0.098373 0.965407 -0.521030
v 0.000000 0.980988 -0.521030
v 0.098372 0.965407 -0.521030
v 0.187115 0.920190 -0.521030
v 0.257542 0.849763 -0.521030
v 0.302759 0.761020 -0.521030
v 0.318340 0.662648 -0.521030
v -0.318340 0.160752 -0.521030
v 0.318340 0.160752 -0.521030
v -0.440778 0.697947 -1.363641
v -0.401833 0.694882 -1.402586
v -0.419205 0.834155 -1.363641
v -0.381704 0.821970 -1.402586
v -0.356597 0.957030 -1.363641
v -0.324697 0.933853 -1.402586
v -0.259083 1.054544 -1.363641
v -0.235906 1.022644 -1.402586
v -0.136208 1.117152 -1.363641
v -0.124023 1.079651 -1.402586
v 0.000000 1.138725 -1.363641
v -0.000000 1.099295 -1.402586
v 0.136208 1.117152 -1.363641
v 0.124023 1.079651 -1.402586
v 0.259083 1.054544 -1.363641
v 0.235906 1.022644 -1.402586
v 0.356597 0.957030 -1.363641
v 0.324697 0.933853 -1.402586
v 0.419205 0.834155 -1.363641
v 0.381704 0.821970 -1.402586
v 0.440778 0.697947 -1.363641
v 0.401833 0.694882 -1.402586
v -0.440778 0.003014 -1.363641
v -0.401833 0.041959 -1.402586
v 0.440778 0.003014 -1.363641
v 0.401833 0.041959 -1.402586
v -0.357285 0.665713 -1.402586
v -0.318340 0.662648 -1.363641
v -0.340260 0.773205 -1.402586
v -0.302759 0.761020 -1.363641
v -0.289442 0.872940 -1.402586
v -0.257542 0.849763 -1.363641
v -0.210292 0.952090 -1.402586
v -0.187115 0.920190 -1.363641
v -0.110557 1.002908 -1.402586
v -0.098373 0.965407 -1.363641
v 0.000000 1.020418 -1.402586
v 0.000000 0.980988 -1.363641
v 0.110557 1.002907 -1.402586
v 0.098372 0.965407 -1.363641
v 0.210292 0.952090 -1.402586
v 0.187115 0.920190 -1.363641
v 0.289442 0.872940 -1.402586
v 0.257542 0.849763 -1.363641
v 0.340259 0.773205 -1.402586
v 0.302759 0.761020 -1.363641
v 0.357285 0.665713 -1.402586
v 0.318340 0.662648 -1.363641
v -0.357285 0.121807 -1.402586
v -0.318340 0.160752 -1.363641
v 0.357285 0.121807 -1.402586
v 0.318340 0.160752 -1.363641
vt 0.533388 0.398662
vt 0.532857 0.406813
vt 0.483724 0.403551
vt 0.484203 0.395570
vt 0.532268 0.414959
vt 0.483048 0.411516
vt 0.480987 0.395409
vt 0.480525 0.403339
vt 0.485957 0.355101
vt 0.535646 0.357628
vt 0.531626 0.423073
vt 0.482142 0.419500
vt 0.479861 0.411075
vt 0.482618 0.357281
vt 0.478900 0.418571
vt 0.392913 0.796667
vt 0.392630 0.788516
vt 0.441936 0.787260
vt 0.442234 0.795257
vt 0.392399 0.780346
vt 0.441834 0.779273
vt 0.445415 0.794981
vt 0.445191 0.787193
vt 0.393219 0.804766
vt 0.442781 0.803306
vt 0.391828 0.739469
vt 0.441349 0.738580
vt 0.445052 0.779217
vt 0.446014 0.802507
vt 0.444619 0.740876
vt 0.929833 0.787580
vt 0.924022 0.787498
vt 0.924471 0.737901
vt 0.930366 0.737946
vt 0.894737 0.787312
vt 0.894861 0.738123
vt 0.924471 0.734675
vt 0.930509 0.734655
vt 0.935666 0.787677
vt 0.936221 0.738210
vt 0.892496 0.734915
vt 0.936926 0.735075
vt 0.941507 0.787775
vt 0.942070 0.738309
vt 0.328481 0.924504
vt 0.357924 0.924342
vt 0.358331 0.973881
vt 0.328859 0.973837
vt 0.363742 0.924275
vt 0.364219 0.973829
vt 0.358354 0.977109
vt 0.326523 0.977060
vt 0.369562 0.924190
vt 0.370090 0.973582
vt 0.364393 0.977131
vt 0.375404 0.924098
vt 0.375938 0.973491
vt 0.370753 0.976684
vt 0.953556 0.734692
vt 0.961655 0.734853
vt 0.960432 0.784213
vt 0.952359 0.784299
vt 0.969795 0.735036
vt 0.968448 0.784371
vt 0.952974 0.787573
vt 0.960533 0.787402
vt 0.977940 0.735269
vt 0.976453 0.784691
vt 0.968350 0.787580
vt 0.986068 0.735544
vt 0.984477 0.785232
vt 0.976151 0.787898
vt 0.983697 0.788514
vt 0.733171 0.931722
vt 0.683724 0.931958
vt 0.683477 0.880226
vt 0.732924 0.879990
vt 0.680481 0.929688
vt 0.680256 0.882527
vt 0.936079 0.177933
vt 0.973408 0.176347
vt 0.975508 0.225750
vt 0.938179 0.227336
vt 0.936032 0.230662
vt 0.977928 0.228882
vt 0.548020 0.614811
vt 0.542176 0.614949
vt 0.540859 0.565444
vt 0.546714 0.565508
vt 0.536354 0.615094
vt 0.534970 0.565560
vt 0.540966 0.562155
vt 0.547355 0.562370
vt 0.530536 0.615259
vt 0.529081 0.565801
vt 0.534845 0.562299
vt 0.524712 0.615442
vt 0.523218 0.566200
vt 0.528732 0.562565
vt 0.522437 0.563156
vt 0.823015 0.700516
vt 0.821749 0.692523
vt 0.828935 0.690451
vt 0.829849 0.696224
vt 0.821749 0.651741
vt 0.828935 0.660998
vt 0.826689 0.707727
vt 0.832502 0.701432
vt 0.873482 0.651741
vt 0.866297 0.660998
vt 0.832412 0.713449
vt 0.836635 0.705565
vt 0.873482 0.692523
vt 0.866297 0.690451
vt 0.839623 0.717123
vt 0.841843 0.708218
vt 0.872216 0.700516
vt 0.865383 0.696224
vt 0.847616 0.718389
vt 0.847616 0.709133
vt 0.868542 0.707727
vt 0.862729 0.701432
vt 0.855609 0.717123
vt 0.853389 0.708218
vt 0.862820 0.713449
vt 0.858597 0.705565
vt 0.212686 0.822044
vt 0.209101 0.825465
vt 0.212059 0.819535
vt 0.213775 0.821001
vt 0.206052 0.822080
vt 0.210971 0.815788
vt 0.217612 0.814211
vt 0.218319 0.819084
vt 0.202896 0.829204
vt 0.205265 0.831909
vt 0.224686 0.812265
vt 0.225188 0.816840
vt 0.201356 0.837113
vt 0.204213 0.838247
vt 0.232425 0.812301
vt 0.232256 0.816919
vt 0.203528 0.875892
vt 0.205965 0.870132
vt 0.240276 0.814843
vt 0.238564 0.819051
vt 0.249766 0.874927
vt 0.246659 0.869531
vt 0.245765 0.822386
vt 0.242799 0.826385
vt 0.250731 0.837834
vt 0.247875 0.839126
vt 0.249207 0.829991
vt 0.246757 0.832812
vt 0.236571 0.821473
vt 0.239434 0.823917
vn 0.000000 0.000001 1.000000
vn 0.000000 0.000001 1.000000
vn 0.000000 0.000001 1.000000
vn 0.000000 0.000001 1.000000
vn 0.000000 -0.000001 1.000000
vn 0.000000 -0.000001 1.000000
vn 0.000000 -0.000001 1.000000
vn 0.000000 -0.000001 1.000000
vn 0.000000 -0.000000 1.000000
vn 0.000000 -0.000000 1.000000
vn 0.000000 -0.000000 1.000000
vn 0.000000 -0.000000 1.000000
vn -0.000000 0.000000 1.000000
vn -0.000000 0.000000 1.000000
vn -0.000000 0.000000 1.000000
vn -0.000000 0.000000 1.000000
vn 0.000000 0.000000 1.000000
vn 0.000000 0.000000 1.000000
vn 0.000000 0.000000 1.000000
vn 0.000000 0.000000 1.000000
vn 0.000000 0.000000 1.000000
vn 0.000000 0.000000 1.000000
vn 0.000000 0.000000 1.000000
vn 0.000000 0.000000 1.000000
vn 0.000000 0.000000 1.000000
vn 0.000000 0.000000 1.000000
vn 0.000000 0.000000 1.000000
vn 0.000000 0.000000 1.000000
vn 0.000000 -0.000000 1.000000
vn 0.000000 -0.000000 1.000000
vn 0.000000 -0.000000 1.000000
vn 0.000000 -0.000000 1.000000
vn 0.000000 -0.000001 1.000000
vn 0.000000 -0.000001 1.000000
vn 0.000000 -0.000001 1.000000
vn 0.000000 -0.000001 1.000000
vn 0.000000 0.000001 1.000000
vn 0.000000 0.000001 1.000000
vn 0.000000 0.000001 1.000000
vn 0.000000 0.000001 1.000000
vn 0.000000 0.000000 1.000000
vn 0.000000 0.000000 1.000000
vn 0.000000 0.000000 1.000000
vn 0.000000 0.000000 1.000000
vn -0.000000 0.000000 1.000000
vn -0.000000 0.000000 1.000000
vn -0.000000 0.000000 1.000000
vn -0.000000 0.000000 1.000000
vn 0.000000 0.000001 1.000000
vn 0.000000 0.000001 1.000000
vn 0.000000 0.000001 1.000000
vn 0.000000 0.000001 1.000000
vn -0.706268 0.018281 -0.707708
vn -0.706268 0.018281 -0.707708
vn -0.707106 0.000000 -0.707108
vn -0.707106 0.000000 -0.707108
vn -0.668521 0.216531 -0.711473
vn -0.668521 0.216531 -0.711473
vn -0.568507 0.413045 -0.711473
vn -0.568507 0.413045 -0.711473
vn -0.413046 0.568507 -0.711472
vn -0.413045 0.568507 -0.711472
vn -0.217150 0.668319 -0.711474
vn -0.217150 0.668319 -0.711474
vn 0.000001 0.702712 -0.711474
vn 0.000001 0.702712 -0.711474
vn 0.217150 0.668320 -0.711473
vn 0.217150 0.668320 -0.711473
vn 0.413045 0.568507 -0.711473
vn 0.413045 0.568507 -0.711473
vn 0.568507 0.413045 -0.711473
vn 0.568507 0.413045 -0.711473
vn 0.668520 0.216530 -0.711474
vn 0.668520 0.216530 -0.711474
vn 0.706268 0.018281 -0.707709
vn 0.706268 0.018281 -0.707709
vn 0.707106 0.000000 -0.707108
vn 0.707106 0.000000 -0.707108
vn 0.000000 -0.707106 -0.707107
vn 0.000000 -0.707106 -0.707107
vn 0.000000 -0.707106 -0.707107
vn 0.000000 -0.707106 -0.707107
vn 0.706263 -0.018398 -0.707711
vn 0.706263 -0.018398 -0.707711
vn 0.707107 0.000000 -0.707106
vn 0.707107 0.000000 -0.707106
vn 0.668065 -0.217933 -0.711473
vn 0.668065 -0.217933 -0.711473
vn 0.568507 -0.413044 -0.711474
vn 0.568507 -0.413044 -0.711474
vn 0.413045 -0.568506 -0.711474
vn 0.413045 -0.568506 -0.711474
vn 0.217151 -0.668320 -0.711473
vn 0.217151 -0.668320 -0.711473
vn -0.000000 -0.702713 -0.711473
vn -0.000000 -0.702713 -0.711473
vn -0.217150 -0.668320 -0.711474
vn -0.217150 -0.668320 -0.711474
vn -0.413044 -0.568507 -0.711474
vn -0.413044 -0.568507 -0.711474
vn -0.568507 -0.413044 -0.711473
vn -0.568507 -0.413044 -0.711473
vn -0.668066 -0.217932 -0.711473
vn -0.668066 -0.217933 -0.711473
vn -0.706263 -0.018398 -0.707711
vn -0.706263 -0.018398 -0.707711
vn -0.707107 0.000000 -0.707106
vn -0.707107 0.000000 -0.707106
vn 0.000000 0.707107 -0.707107
vn 0.000000 0.707107 -0.707107
vn 0.000000 0.707107 -0.707107
vn 0.000000 0.707107 -0.707107
vn -0.999663 0.025948 -0.000000
vn -0.951056 0.309018 -0.000000
vn -0.951056 0.309018 -0.000000
vn -0.999663 0.025948 -0.000000
vn -0.809017 0.587786 0.000000
vn -0.809017 0.587786 0.000000
vn -0.587786 0.809017 0.000000
vn -0.587786 0.809017 0.000000
vn -0.309018 0.951056 0.000000
vn -0.309018 0.951056 0.000000
vn 0.000000 1.000000 -0.000000
vn 0.000000 1.000000 -0.000000
vn 0.309018 0.951056 -0.000000
vn 0.309018 0.951056 -0.000000
vn 0.587786 0.809017 0.000000
vn 0.587786 0.809017 0.000000
vn 0.809017 0.587785 0.000000
vn 0.809017 0.587785 0.000000
vn 0.951057 0.309017 0.000000
vn 0.951057 0.309017 0.000000
vn 0.999663 0.025947 0.000000
vn 0.999663 0.025947 0.000000
vn -1.000000 0.000000 0.000000
vn -1.000000 0.000000 0.000000
vn 1.000000 0.000000 0.000000
vn 1.000000 0.000000 0.000000
vn 0.000000 -1.000000 -0.000000
vn 0.000000 -1.000000 -0.000000
vn 0.000000 -1.000000 -0.000000
vn 0.000000 -1.000000 -0.000000
vn 0.000001 0.000000 -1.000000
vn -0.000000 0.000000 -1.000000
vn 0.000000 0.000000 -1.000000
vn 0.000001 0.000000 -1.000000
vn -0.000000 0.000000 -1.000000
vn -0.000001 0.000000 -1.000000
vn 0.000001 0.000000 -1.000000
vn 0.000000 0.000000 -1.000000
vn 0.000001 0.000000 -1.000000
vn 0.000001 0.000000 -1.000000
vn 0.000000 0.000000 -1.000000
vn 0.000000 0.000000 -1.000000
vn 0.000000 0.000000 -1.000000
vn 0.000000 0.000000 -1.000000
vn 0.000000 0.000000 -1.000000
vn 0.000001 0.000000 -1.000000
vn 0.000001 0.000000 -1.000000
vn 0.000001 0.000000 -1.000000
vn 0.000000 0.000000 -1.000000
vn -0.000000 0.000000 -1.000000
vn -0.000001 0.000000 -1.000000
vn -0.000001 0.000000 -1.000000
vn 0.000000 0.000000 -1.000000
vn 0.000000 0.000000 -1.000000
vn -0.000000 0.000000 -1.000000
vn -0.000000 0.000000 -1.000000
vn 0.951056 -0.309018 0.000000
vn 0.999663 -0.025948 0.000000
vn 0.999663 -0.025948 0.000000
vn 0.951056 -0.309018 0.000000
vn 1.000000 0.000000 0.000000
vn 1.000000 0.000000 0.000000
vn 0.000000 1.000000 0.000000
vn 0.000000 1.000000 0.000000
vn 0.000000 1.000000 0.000000
vn 0.000000 1.000000 0.000000
vn -1.000000 0.000000 0.000000
vn -0.999663 -0.025948 0.000000
vn -0.999663 -0.025948 0.000000
vn -1.000000 0.000000 0.000000
vn -0.951057 -0.309017 0.000000
vn -0.951056 -0.309017 0.000000
vn -0.809017 -0.587785 0.000000
vn -0.809017 -0.587785 0.000000
vn -0.587785 -0.809017 0.000000
vn -0.587785 -0.809017 0.000000
vn -0.309018 -0.951056 0.000000
vn -0.309018 -0.951056 0.000000
vn -0.000001 -1.000000 0.000000
vn -0.000001 -1.000000 0.000000
vn 0.309018 -0.951056 0.000000
vn 0.309018 -0.951056 0.000000
vn 0.587786 -0.809017 0.000000
vn 0.587786 -0.809017 0.000000
vn 0.809017 -0.587786 0.000000
vn 0.809017 -0.587786 0.000000
s off
g pCylinder7 polySurface12
usemtl initialShadingGroup
f 2633/4376/4575 2632/4377/4576 2645/4378/4577 2646/4379/4578
f 2634/4382/4579 2633/4376/4580 2646/4379/4581 2647/4383/4582
f 2635/4386/4583 2634/4382/4584 2647/4383/4585 2648/4387/4586
f 2636/4390/4587 2635/4386/4588 2648/4387/4589 2649/4391/4590
f 2637/4394/4591 2636/4390/4592 2649/4391/4593 2650/4395/4594
f 2638/4398/4595 2637/4394/4596 2650/4395/4597 2651/4399/4598
f 2639/4400/4599 2638/4398/4600 2651/4399/4601 2652/4401/4602
f 2640/4396/4603 2639/4400/4604 2652/4401/4605 2653/4397/4606
f 2641/4392/4607 2640/4396/4608 2653/4397/4609 2654/4393/4610
f 2642/4388/4611 2641/4392/4612 2654/4393/4613 2655/4389/4614
f 2632/4377/4615 2643/4380/4616 2656/4381/4617 2645/4378/4618
f 2644/4384/4619 2642/4388/4620 2655/4389/4621 2657/4385/4622
f 2643/4380/4623 2644/4384/4624 2657/4385/4625 2656/4381/4626
s 1
f 2658/4279/4627 2659/4282/4628 2681/4289/4629 2680/4284/4630
f 2659/4282/4628 2658/4279/4627 2660/4278/4631 2661/4283/4632
f 2661/4283/4632 2660/4278/4631 2662/4281/4633 2663/4288/4634
f 2663/4288/4634 2662/4281/4633 2664/4287/4635 2665/4290/4636
f 2665/4340/4636 2664/4337/4635 2666/4336/4637 2667/4341/4638
f 2667/4341/4638 2666/4336/4637 2668/4339/4639 2669/4344/4640
f 2669/4344/4640 2668/4339/4639 2670/4343/4641 2671/4347/4642
f 2671/4347/4642 2670/4343/4641 2672/4346/4643 2673/4348/4644
f 2673/4304/4644 2672/4300/4643 2674/4294/4645 2675/4297/4646
f 2675/4297/4646 2674/4294/4645 2676/4293/4647 2677/4298/4648
f 2677/4298/4648 2676/4293/4647 2678/4296/4649 2679/4303/4650
f 2679/4303/4650 2678/4296/4649 2682/4302/4651 2683/4305/4652
s off
f 2680/4350/4653 2681/4353/4654 2683/4354/4655 2682/4351/4656
s 2
f 2684/4312/4657 2685/4308/4658 2707/4311/4659 2706/4316/4660
f 2685/4308/4658 2684/4312/4657 2686/4313/4661 2687/4309/4662
f 2687/4309/4662 2686/4313/4661 2688/4317/4663 2689/4315/4664
f 2689/4402/4664 2688/4403/4663 2690/4404/4665 2691/4405/4666
f 2691/4373/4666 2690/4375/4665 2692/4374/4667 2693/4370/4668
f 2693/4370/4668 2692/4374/4667 2694/4371/4669 2695/4366/4670
f 2695/4366/4670 2694/4371/4669 2696/4367/4671 2697/4363/4672
f 2697/4363/4672 2696/4367/4671 2698/4368/4673 2699/4364/4674
f 2699/4430/4674 2698/4421/4673 2700/4425/4675 2701/4431/4676
f 2701/4329/4676 2700/4333/4675 2702/4330/4677 2703/4325/4678
f 2703/4325/4678 2702/4330/4677 2704/4326/4679 2705/4322/4680
f 2705/4322/4680 2704/4326/4679 2708/4327/4681 2709/4323/4682
s off
f 2706/4359/4683 2707/4358/4684 2709/4357/4685 2708/4360/4686
s 3
f 2632/4276/4687 2633/4277/4688 2660/4278/4689 2658/4279/4690
f 2633/4277/4688 2634/4280/4691 2662/4281/4692 2660/4278/4689
f 2634/4280/4691 2635/4286/4693 2664/4287/4694 2662/4281/4692
f 2635/4334/4693 2636/4335/4695 2666/4336/4696 2664/4337/4694
f 2636/4335/4695 2637/4338/4697 2668/4339/4698 2666/4336/4696
f 2637/4338/4697 2638/4342/4699 2670/4343/4700 2668/4339/4698
f 2638/4342/4699 2639/4345/4701 2672/4346/4702 2670/4343/4700
f 2639/4299/4701 2640/4291/4703 2674/4294/4704 2672/4300/4702
f 2640/4291/4703 2641/4292/4705 2676/4293/4706 2674/4294/4704
f 2641/4292/4705 2642/4295/4707 2678/4296/4708 2676/4293/4706
f 2632/4276/4687 2658/4279/4690 2680/4284/4709 2643/4285/4710
f 2678/4296/4708 2642/4295/4707 2644/4301/4711 2682/4302/4712
s off
f 2643/4349/4713 2680/4350/4714 2682/4351/4715 2644/4352/4716
s 4
f 2659/4414/4717 2661/4410/4718 2686/4411/4719 2684/4415/4720
f 2661/4410/4718 2663/4406/4721 2688/4403/4722 2686/4411/4719
f 2663/4406/4721 2665/4407/4723 2690/4404/4724 2688/4403/4722
f 2665/4407/4723 2667/4408/4725 2692/4409/4726 2690/4404/4724
f 2667/4408/4725 2669/4412/4727 2694/4413/4728 2692/4409/4726
f 2669/4412/4727 2671/4416/4729 2696/4417/4730 2694/4413/4728
f 2671/4416/4729 2673/4420/4731 2698/4421/4732 2696/4417/4730
f 2673/4420/4731 2675/4424/4733 2700/4425/4734 2698/4421/4732
f 2675/4424/4733 2677/4428/4735 2702/4429/4736 2700/4425/4734
f 2677/4428/4735 2679/4426/4737 2704/4427/4738 2702/4429/4736
f 2681/4418/4739 2659/4414/4717 2684/4415/4720 2706/4419/4740
f 2679/4426/4737 2683/4422/4741 2708/4423/4742 2704/4427/4738
f 2683/4422/4741 2681/4418/4739 2706/4419/4740 2708/4423/4742
s 5
f 2646/4306/4743 2645/4307/4744 2685/4308/4745 2687/4309/4746
f 2645/4307/4744 2656/4310/4747 2707/4311/4748 2685/4308/4745
s off
f 2656/4355/4749 2657/4356/4750 2709/4357/4751 2707/4358/4752
s 5
f 2657/4320/4753 2655/4321/4754 2705/4322/4755 2709/4323/4756
f 2655/4321/4754 2654/4324/4757 2703/4325/4758 2705/4322/4755
f 2654/4324/4757 2653/4328/4759 2701/4329/4760 2703/4325/4758
f 2653/4328/4759 2652/4331/4761 2699/4332/4762 2701/4329/4760
f 2652/4361/4761 2651/4362/4763 2697/4363/4764 2699/4364/4762
f 2651/4362/4763 2650/4365/4765 2695/4366/4766 2697/4363/4764
f 2650/4365/4765 2649/4369/4767 2693/4370/4768 2695/4366/4766
f 2649/4369/4767 2648/4372/4769 2691/4373/4770 2693/4370/4768
f 2648/4318/4769 2647/4314/4771 2689/4315/4772 2691/4319/4770
f 2647/4314/4771 2646/4306/4743 2687/4309/4746 2689/4315/4772
g default
v 1.238145 -2.677450 -0.402298
v 1.238145 -2.359200 -0.402298
v 1.053229 -2.359200 -0.765216
v 1.053229 -2.677450 -0.765216
v 0.765216 -2.359200 -1.053229
v 0.765216 -2.677450 -1.053229
v 0.402298 -2.359200 -1.238145
v 0.402298 -2.677450 -1.238145
v 0.000000 -2.359200 -1.301862
v 0.000000 -2.677450 -1.301862
v -0.402298 -2.359200 -1.238145
v -0.402298 -2.677450 -1.238145
v -0.765216 -2.359200 -1.053229
v -0.765216 -2.677450 -1.053229
v -1.053229 -2.359200 -0.765216
v -1.053229 -2.677450 -0.765216
v -1.238145 -2.359200 -0.402298
v -1.238145 -2.677450 -0.402298
v -1.301862 -2.359200 0.000000
v -1.301862 -2.677450 0.000000
v -1.238145 -2.359200 0.402298
v -1.238145 -2.677450 0.402298
v -1.053229 -2.359200 0.765216
v -1.053229 -2.677450 0.765216
v -0.765216 -2.359200 1.053228
v -0.765216 -2.677450 1.053228
v -0.402298 -2.359200 1.238144
v -0.402298 -2.677450 1.238144
v 0.000000 -2.359200 1.301862
v 0.000000 -2.677450 1.301862
v 0.402298 -2.359200 1.238144
v 0.402298 -2.677450 1.238144
v 0.765216 -2.359200 1.053228
v 0.765216 -2.677450 1.053228
v 1.053228 -2.359200 0.765216
v 1.053228 -2.677450 0.765216
v 1.238144 -2.359200 0.402298
v 1.238144 -2.677450 0.402298
v 1.301862 -2.359200 0.000000
v 1.301862 -2.677450 0.000000
v 1.405104 -2.359200 -0.456546
v 1.481708 -2.438755 -0.481436
v 1.557959 -2.438755 0.000000
v 1.477412 -2.359200 0.000000
v 1.481708 -2.597896 -0.481436
v 1.405104 -2.677450 -0.456546
v 1.477412 -2.677450 0.000000
v 1.557959 -2.597896 0.000000
v 1.260416 -2.597896 -0.915746
v 1.195252 -2.677450 -0.868402
v 1.195252 -2.359200 -0.868402
v 1.260416 -2.438755 -0.915746
v 0.915746 -2.597896 -1.260416
v 0.868402 -2.677450 -1.195252
v 0.868402 -2.359200 -1.195252
v 0.915746 -2.438755 -1.260416
v 0.481436 -2.597896 -1.481707
v 0.456546 -2.677450 -1.405103
v 0.456546 -2.359200 -1.405103
v 0.481436 -2.438755 -1.481707
v 0.000000 -2.597896 -1.557959
v 0.000000 -2.677450 -1.477413
v 0.000000 -2.359200 -1.477413
v 0.000000 -2.438755 -1.557959
v -0.481436 -2.597896 -1.481707
v -0.456546 -2.677450 -1.405103
v -0.456546 -2.359200 -1.405103
v -0.481436 -2.438755 -1.481707
v -0.915746 -2.597896 -1.260415
v -0.868402 -2.677450 -1.195252
v -0.868402 -2.359200 -1.195252
v -0.915746 -2.438755 -1.260415
v -1.260415 -2.597896 -0.915746
v -1.195252 -2.677450 -0.868402
v -1.195252 -2.359200 -0.868402
v -1.260415 -2.438755 -0.915746
v -1.481707 -2.597896 -0.481436
v -1.405103 -2.677450 -0.456546
v -1.405103 -2.359200 -0.456546
v -1.481707 -2.438755 -0.481436
v -1.557959 -2.597896 0.000000
v -1.477412 -2.677450 0.000000
v -1.477412 -2.359200 0.000000
v -1.557959 -2.438755 0.000000
v -1.481707 -2.597896 0.481436
v -1.405103 -2.677450 0.456546
v -1.405103 -2.359200 0.456546
v -1.481707 -2.438755 0.481436
v -1.260415 -2.597896 0.915746
v -1.195252 -2.677450 0.868402
v -1.195252 -2.359200 0.868402
v -1.260415 -2.438755 0.915746
v -0.915746 -2.597896 1.260415
v -0.868402 -2.677450 1.195252
v -0.868402 -2.359200 1.195252
v -0.915746 -2.438755 1.260415
v -0.481436 -2.597896 1.481707
v -0.456546 -2.677450 1.405103
v -0.456546 -2.359200 1.405103
v -0.481436 -2.438755 1.481707
v 0.000000 -2.597896 1.557959
v 0.000000 -2.677450 1.477413
v 0.000000 -2.359200 1.477413
v 0.000000 -2.438755 1.557959
v 0.481436 -2.597896 1.481707
v 0.456546 -2.677450 1.405103
v 0.456546 -2.359200 1.405103
v 0.481436 -2.438755 1.481707
v 0.915746 -2.597896 1.260415
v 0.868402 -2.677450 1.195252
v 0.868402 -2.359200 1.195252
v 0.915746 -2.438755 1.260415
v 1.260415 -2.597896 0.915746
v 1.195252 -2.677450 0.868402
v 1.195252 -2.359200 0.868402
v 1.260415 -2.438755 0.915746
v 1.481707 -2.597896 0.481436
v 1.405103 -2.677450 0.456546
v 1.405103 -2.359200 0.456546
v 1.481707 -2.438755 0.481436
vt 0.772209 0.392941
vt 0.781523 0.393394
vt 0.780276 0.421445
vt 0.770939 0.421022
vt 0.773436 0.364452
vt 0.782782 0.365323
vt 0.788120 0.393708
vt 0.786871 0.421728
vt 0.778998 0.449497
vt 0.769717 0.449109
vt 0.765653 0.392699
vt 0.764345 0.420741
vt 0.766779 0.365023
vt 0.777648 0.335881
vt 0.786915 0.337212
vt 0.789399 0.365994
vt 0.785581 0.449729
vt 0.777938 0.477523
vt 0.768553 0.477663
vt 0.763122 0.448793
vt 0.793399 0.338954
vt 0.784548 0.477360
vt 0.780021 0.505850
vt 0.770605 0.506518
vt 0.761887 0.476544
vt 0.786568 0.504581
vt 0.816054 0.583171
vt 0.806677 0.583582
vt 0.807015 0.555007
vt 0.816303 0.555126
vt 0.818956 0.611425
vt 0.809563 0.612366
vt 0.799981 0.582657
vt 0.800413 0.554881
vt 0.807423 0.526896
vt 0.816769 0.527048
vt 0.822656 0.582816
vt 0.822890 0.555168
vt 0.825463 0.609968
vt 0.800824 0.526805
vt 0.807880 0.498789
vt 0.817204 0.498973
vt 0.823370 0.527141
vt 0.801321 0.498737
vt 0.808283 0.470277
vt 0.817651 0.470877
vt 0.823807 0.499096
vt 0.801645 0.471040
vt 0.811667 0.441596
vt 0.820968 0.442658
vt 0.824284 0.471356
vt 0.827501 0.444212
vt 0.667318 0.534134
vt 0.662259 0.538448
vt 0.642694 0.519751
vt 0.646469 0.514292
vt 0.654036 0.544722
vt 0.636871 0.528200
vt 0.618416 0.507840
vt 0.620380 0.501485
vt 0.615404 0.517678
vt 0.665250 0.565828
vt 0.674982 0.562437
vt 0.591611 0.504000
vt 0.591527 0.497346
vt 0.591759 0.514292
vt 0.669386 0.589406
vt 0.679688 0.589205
vt 0.564922 0.508623
vt 0.562798 0.502316
vt 0.568218 0.518364
vt 0.666038 0.613125
vt 0.675884 0.616176
vt 0.540971 0.521243
vt 0.537044 0.515871
vt 0.547056 0.529511
vt 0.655399 0.634610
vt 0.663795 0.640671
vt 0.521989 0.540538
vt 0.516772 0.536366
vt 0.530393 0.546574
vt 0.638664 0.651699
vt 0.644745 0.659971
vt 0.519830 0.568020
vt 0.509998 0.564938
vt 0.648657 0.665355
vt 0.669000 0.644859
vt 0.617540 0.662777
vt 0.620806 0.672532
vt 0.516419 0.591713
vt 0.506111 0.591835
vt 0.622904 0.678845
vt 0.594050 0.666778
vt 0.594193 0.677070
vt 0.520493 0.615309
vt 0.510749 0.618673
vt 0.594278 0.683724
vt 0.570438 0.663473
vt 0.567465 0.673317
vt 0.531770 0.636467
vt 0.523555 0.642755
vt 0.565526 0.679681
vt 0.548995 0.653030
vt 0.543177 0.661486
vt 0.539416 0.666954
vt 0.518506 0.647081
vt 0.578819 0.447967
vt 0.582310 0.424310
vt 0.592615 0.424180
vt 0.588648 0.451069
vt 0.578239 0.400743
vt 0.587986 0.397402
vt 0.568189 0.469378
vt 0.576569 0.475374
vt 0.567088 0.379598
vt 0.575318 0.373397
vt 0.551468 0.486427
vt 0.557579 0.494770
vt 0.549955 0.362964
vt 0.555874 0.354494
vt 0.530309 0.497425
vt 0.533564 0.507161
vt 0.528543 0.352493
vt 0.531573 0.342686
vt 0.561244 0.500351
vt 0.535650 0.513480
vt 0.506794 0.501502
vt 0.506975 0.511776
vt 0.504995 0.348955
vt 0.504931 0.338674
vt 0.533531 0.336343
vt 0.559387 0.348851
vt 0.507081 0.518427
vt 0.483162 0.498126
vt 0.480222 0.507958
vt 0.481493 0.352874
vt 0.478301 0.343117
vt 0.504910 0.332023
vt 0.478324 0.514317
vt 0.461663 0.487636
vt 0.455784 0.496148
vt 0.460276 0.363870
vt 0.454198 0.355489
vt 0.476269 0.336779
vt 0.452311 0.501820
vt 0.444403 0.470942
vt 0.436175 0.477147
vt 0.443467 0.380952
vt 0.435090 0.374950
vt 0.450564 0.349882
vt 0.433327 0.449721
vt 0.423559 0.453013
vt 0.432835 0.402404
vt 0.423006 0.399318
vt 0.429340 0.426101
vt 0.419038 0.426207
vt 0.213365 0.680454
vt 0.222703 0.680546
vt 0.222422 0.709149
vt 0.213084 0.709057
vt 0.222141 0.737752
vt 0.212802 0.737660
vt 0.221860 0.766355
vt 0.212521 0.766264
vt 0.221578 0.794959
vt 0.212240 0.794867
vt 0.988907 0.693082
vt 0.979569 0.692990
vt 0.979850 0.664387
vt 0.989189 0.664479
vt 0.980131 0.635784
vt 0.989470 0.635876
vt 0.980413 0.607181
vt 0.989751 0.607272
vt 0.980694 0.578577
vt 0.990032 0.578669
vn 0.668322 0.711471 -0.217151
vn 0.668322 0.711471 -0.217151
vn 0.568508 0.711471 -0.413047
vn 0.568508 0.711471 -0.413047
vn 0.702716 0.711471 0.000001
vn 0.702716 0.711471 0.000001
vn 0.668322 0.711471 0.217151
vn 0.668322 0.711471 0.217151
vn 0.668320 -0.711473 -0.217150
vn 0.668320 -0.711473 -0.217149
vn 0.568507 -0.711474 -0.413044
vn 0.568507 -0.711474 -0.413044
vn 0.702713 -0.711473 0.000001
vn 0.702713 -0.711473 0.000001
vn 0.668320 -0.711473 0.217149
vn 0.668320 -0.711473 0.217149
vn 0.413044 -0.711474 -0.568506
vn 0.413044 -0.711474 -0.568506
vn 0.413045 0.711472 -0.568508
vn 0.413045 0.711472 -0.568508
vn 0.217150 -0.711473 -0.668320
vn 0.217150 -0.711473 -0.668320
vn 0.217151 0.711473 -0.668320
vn 0.217151 0.711473 -0.668320
vn 0.000000 -0.711473 -0.702714
vn 0.000000 -0.711473 -0.702714
vn -0.000000 0.711471 -0.702715
vn -0.000000 0.711471 -0.702715
vn -0.217150 -0.711473 -0.668320
vn -0.217150 -0.711473 -0.668320
vn -0.217150 0.711470 -0.668324
vn -0.217150 0.711470 -0.668324
vn -0.413044 -0.711473 -0.568507
vn -0.413044 -0.711473 -0.568507
vn -0.413045 0.711471 -0.568509
vn -0.413045 0.711471 -0.568509
vn -0.568507 -0.711474 -0.413043
vn -0.568507 -0.711474 -0.413043
vn -0.568508 0.711471 -0.413046
vn -0.568508 0.711471 -0.413046
vn -0.668320 -0.711474 -0.217149
vn -0.668320 -0.711474 -0.217149
vn -0.668322 0.711471 -0.217151
vn -0.668322 0.711471 -0.217151
vn -0.702713 -0.711473 0.000000
vn -0.702713 -0.711473 0.000000
vn -0.702715 0.711471 0.000000
vn -0.702715 0.711471 0.000000
vn -0.668320 -0.711474 0.217149
vn -0.668320 -0.711474 0.217149
vn -0.668322 0.711471 0.217151
vn -0.668322 0.711471 0.217151
vn -0.568507 -0.711474 0.413044
vn -0.568507 -0.711474 0.413044
vn -0.568508 0.711471 0.413046
vn -0.568508 0.711471 0.413047
vn -0.413044 -0.711474 0.568507
vn -0.413044 -0.711474 0.568507
vn -0.413045 0.711472 0.568508
vn -0.413045 0.711472 0.568508
vn -0.217150 -0.711474 0.668319
vn -0.217150 -0.711474 0.668319
vn -0.217151 0.711473 0.668320
vn -0.217151 0.711473 0.668320
vn -0.000000 -0.711474 0.702713
vn -0.000000 -0.711474 0.702713
vn 0.000000 0.711474 0.702713
vn 0.000000 0.711474 0.702713
vn 0.217150 -0.711474 0.668319
vn 0.217150 -0.711474 0.668319
vn 0.217151 0.711473 0.668320
vn 0.217151 0.711473 0.668320
vn 0.413044 -0.711474 0.568506
vn 0.413044 -0.711474 0.568506
vn 0.413045 0.711472 0.568508
vn 0.413045 0.711472 0.568508
vn 0.568507 -0.711474 0.413043
vn 0.568507 -0.711474 0.413043
vn 0.568508 0.711471 0.413046
vn 0.568508 0.711471 0.413046
vn 0.951057 0.000000 -0.309016
vn 0.951057 0.000000 -0.309016
vn 1.000000 0.000000 0.000001
vn 1.000000 0.000000 0.000001
vn 0.809017 0.000000 -0.587786
vn 0.809017 0.000000 -0.587786
vn 0.587785 0.000000 -0.809017
vn 0.587785 0.000000 -0.809017
vn 0.309017 0.000000 -0.951057
vn 0.309017 0.000000 -0.951057
vn 0.000000 0.000000 -1.000000
vn 0.000000 0.000000 -1.000000
vn -0.309018 0.000000 -0.951056
vn -0.309018 0.000000 -0.951056
vn -0.587786 0.000000 -0.809017
vn -0.587786 0.000000 -0.809017
vn -0.809017 0.000000 -0.587785
vn -0.809017 0.000000 -0.587785
vn -0.951057 0.000000 -0.309017
vn -0.951057 0.000000 -0.309017
vn -1.000000 0.000000 0.000000
vn -1.000000 0.000000 0.000000
vn -0.951057 0.000000 0.309017
vn -0.951057 0.000000 0.309017
vn -0.809017 0.000000 0.587785
vn -0.809017 0.000000 0.587785
vn -0.587785 0.000000 0.809017
vn -0.587785 0.000000 0.809017
vn -0.309017 0.000000 0.951057
vn -0.309017 0.000000 0.951057
vn 0.000000 0.000000 1.000000
vn 0.000000 0.000000 1.000000
vn 0.309017 0.000000 0.951057
vn 0.309017 0.000000 0.951057
vn 0.587785 0.000000 0.809017
vn 0.587785 0.000000 0.809017
vn 0.809017 0.000000 0.587785
vn 0.809017 0.000000 0.587785
vn 0.951057 0.000000 0.309017
vn 0.951057 0.000000 0.309017
vn 0.000000 1.000000 0.000000
vn 0.000000 1.000000 0.000000
vn 0.000000 1.000000 0.000000
vn 0.000000 1.000000 0.000000
vn 0.000000 -1.000000 0.000000
vn 0.000000 -1.000000 0.000000
vn 0.000000 -1.000000 0.000000
vn 0.000000 -1.000000 0.000000
vn 0.000000 -1.000000 0.000001
vn 0.000000 -1.000000 0.000001
vn 0.000000 1.000000 0.000001
vn 0.000000 1.000000 0.000001
vn 0.000000 -1.000000 0.000000
vn 0.000000 -1.000000 0.000000
vn 0.000000 1.000000 0.000001
vn 0.000000 1.000000 0.000001
vn 0.000000 -1.000000 -0.000001
vn 0.000000 -1.000000 -0.000001
vn 0.000000 1.000000 -0.000001
vn 0.000000 1.000000 -0.000001
vn 0.000000 -1.000000 -0.000000
vn 0.000000 -1.000000 -0.000000
vn 0.000000 1.000000 -0.000000
vn 0.000000 1.000000 -0.000000
vn 0.000000 -1.000000 0.000000
vn 0.000000 -1.000000 0.000000
vn 0.000000 1.000000 0.000001
vn 0.000000 1.000000 0.000001
vn 0.000000 -1.000000 -0.000000
vn 0.000000 -1.000000 -0.000000
vn 0.000000 1.000000 0.000001
vn 0.000000 1.000000 0.000001
vn 0.000000 -1.000000 -0.000000
vn 0.000000 -1.000000 -0.000000
vn 0.000000 1.000000 0.000001
vn 0.000000 1.000000 0.000001
vn 0.000000 -1.000000 -0.000000
vn 0.000000 -1.000000 -0.000000
vn 0.000000 1.000000 0.000000
vn 0.000000 1.000000 0.000000
vn 0.000000 -1.000000 0.000000
vn 0.000000 -1.000000 0.000000
vn 0.000000 1.000000 0.000000
vn 0.000000 1.000000 0.000000
vn 0.000000 -1.000000 0.000000
vn 0.000000 -1.000000 0.000000
vn 0.000000 1.000000 -0.000001
vn 0.000000 1.000000 -0.000001
vn 0.000000 -1.000000 -0.000000
vn 0.000000 -1.000000 -0.000000
vn 0.000000 1.000000 -0.000001
vn 0.000000 1.000000 -0.000001
vn 0.000000 -1.000000 -0.000000
vn 0.000000 -1.000000 -0.000000
vn 0.000000 1.000000 0.000001
vn 0.000000 1.000000 0.000001
vn 0.000000 -1.000000 0.000001
vn 0.000000 -1.000000 0.000001
vn 0.000000 1.000000 0.000001
vn 0.000000 1.000000 0.000001
vn 0.000000 -1.000000 0.000001
vn 0.000000 -1.000000 0.000001
vn 0.000000 1.000000 0.000002
vn 0.000000 1.000000 0.000002
vn 0.000000 -1.000000 -0.000000
vn 0.000000 -1.000000 -0.000000
vn 0.000000 1.000000 0.000001
vn 0.000000 1.000000 0.000001
vn 0.000000 -1.000000 -0.000001
vn 0.000000 -1.000000 -0.000001
vn 0.000000 1.000000 0.000001
vn 0.000000 1.000000 0.000001
vn 0.000000 -1.000000 0.000000
vn 0.000000 -1.000000 0.000000
vn 0.000000 1.000000 -0.000000
vn 0.000000 1.000000 -0.000000
vn 0.000000 -1.000000 0.000000
vn 0.000000 -1.000000 0.000000
vn 0.000000 1.000000 -0.000000
vn 0.000000 1.000000 -0.000000
s 1
g pSphere5
usemtl initialShadingGroup
f 2750/4438/4773 2751/4433/4774 2761/4437/4775 2760/4447/4776
f 2751/4433/4774 2750/4438/4773 2753/4439/4777 2752/4434/4778
f 2752/4434/4778 2753/4439/4777 2828/4448/4779 2829/4440/4780
s 2
f 2754/4432/4781 2755/4442/4782 2759/4444/4783 2758/4436/4784
f 2755/4442/4782 2754/4432/4781 2757/4435/4785 2756/4443/4786
f 2756/4443/4786 2757/4435/4785 2826/4441/4787 2827/4451/4788
f 2758/4484/4784 2759/4485/4783 2763/4486/4789 2762/4487/4790
s 1
f 2760/4447/4776 2761/4437/4775 2765/4446/4791 2764/4452/4792
s 2
f 2762/4487/4790 2763/4486/4789 2767/4490/4793 2766/4491/4794
s 1
f 2764/4549/4792 2765/4556/4791 2769/4557/4795 2768/4553/4796
s 2
f 2766/4491/4794 2767/4490/4793 2771/4495/4797 2770/4496/4798
s 1
f 2768/4553/4796 2769/4557/4795 2773/4564/4799 2772/4559/4800
s 2
f 2770/4496/4798 2771/4495/4797 2775/4500/4801 2774/4501/4802
s 1
f 2772/4559/4800 2773/4564/4799 2777/4570/4803 2776/4566/4804
s 2
f 2774/4501/4802 2775/4500/4801 2779/4505/4805 2778/4506/4806
s 1
f 2776/4566/4804 2777/4570/4803 2781/4576/4807 2780/4572/4808
s 2
f 2778/4506/4806 2779/4505/4805 2783/4510/4809 2782/4511/4810
s 1
f 2780/4470/4808 2781/4462/4807 2785/4458/4811 2784/4468/4812
s 2
f 2782/4459/4810 2783/4464/4809 2787/4465/4813 2786/4460/4814
s 1
f 2784/4468/4812 2785/4458/4811 2789/4461/4815 2788/4469/4816
s 2
f 2786/4460/4814 2787/4465/4813 2791/4471/4817 2790/4466/4818
s 1
f 2788/4469/4816 2789/4461/4815 2793/4467/4819 2792/4474/4820
s 2
f 2790/4466/4818 2791/4471/4817 2795/4475/4821 2794/4472/4822
s 1
f 2792/4474/4820 2793/4467/4819 2797/4473/4823 2796/4478/4824
s 2
f 2794/4472/4822 2795/4475/4821 2799/4479/4825 2798/4476/4826
s 1
f 2796/4478/4824 2797/4473/4823 2801/4477/4827 2800/4482/4828
s 2
f 2798/4537/4826 2799/4532/4825 2803/4535/4829 2802/4536/4830
s 1
f 2800/4482/4828 2801/4477/4827 2805/4481/4831 2804/4483/4832
s 2
f 2802/4536/4830 2803/4535/4829 2807/4530/4833 2806/4533/4834
s 1
f 2804/4574/4832 2805/4581/4831 2809/4575/4835 2808/4568/4836
s 2
f 2806/4533/4834 2807/4530/4833 2811/4525/4837 2810/4528/4838
s 1
f 2808/4568/4836 2809/4575/4835 2813/4569/4839 2812/4561/4840
s 2
f 2810/4528/4838 2811/4525/4837 2815/4520/4841 2814/4523/4842
s 1
f 2812/4561/4840 2813/4569/4839 2817/4562/4843 2816/4555/4844
s 2
f 2814/4523/4842 2815/4520/4841 2819/4514/4845 2818/4517/4846
s 1
f 2816/4555/4844 2817/4562/4843 2821/4563/4847 2820/4551/4848
s 2
f 2818/4517/4846 2819/4514/4845 2823/4509/4849 2822/4518/4850
s 1
f 2820/4457/4848 2821/4454/4847 2825/4449/4851 2824/4453/4852
s 2
f 2822/4450/4850 2823/4456/4849 2827/4451/4788 2826/4441/4787
s 1
f 2824/4453/4852 2825/4449/4851 2829/4440/4780 2828/4448/4779
s 3
f 2754/4432/4853 2751/4433/4854 2752/4434/4855 2757/4435/4856
f 2751/4433/4854 2754/4432/4853 2758/4436/4857 2761/4437/4858
f 2761/4437/4858 2758/4436/4857 2762/4445/4859 2765/4446/4860
f 2765/4588/4860 2762/4589/4859 2766/4590/4861 2769/4591/4862
f 2769/4591/4862 2766/4590/4861 2770/4592/4863 2773/4593/4864
f 2773/4593/4864 2770/4592/4863 2774/4594/4865 2777/4595/4866
f 2777/4595/4866 2774/4594/4865 2778/4596/4867 2781/4597/4868
f 2781/4462/4868 2778/4463/4867 2782/4459/4869 2785/4458/4870
f 2785/4458/4870 2782/4459/4869 2786/4460/4871 2789/4461/4872
f 2789/4461/4872 2786/4460/4871 2790/4466/4873 2793/4467/4874
f 2793/4467/4874 2790/4466/4873 2794/4472/4875 2797/4473/4876
f 2797/4473/4876 2794/4472/4875 2798/4476/4877 2801/4477/4878
f 2801/4477/4878 2798/4476/4877 2802/4480/4879 2805/4481/4880
f 2805/4598/4880 2802/4599/4879 2806/4600/4881 2809/4601/4882
f 2809/4601/4882 2806/4600/4881 2810/4602/4883 2813/4603/4884
f 2813/4603/4884 2810/4602/4883 2814/4604/4885 2817/4605/4886
f 2817/4605/4886 2814/4604/4885 2818/4606/4887 2821/4607/4888
f 2821/4454/4888 2818/4455/4887 2822/4450/4889 2825/4449/4890
f 2825/4449/4890 2822/4450/4889 2826/4441/4891 2829/4440/4892
f 2829/4440/4892 2826/4441/4891 2757/4435/4856 2752/4434/4855
s 4
f 2711/4538/4893 2748/4539/4894 2753/4540/4895 2750/4541/4896
s 5
f 2749/4498/4897 2710/4493/4898 2755/4494/4899 2756/4499/4900
f 2710/4493/4898 2713/4488/4901 2759/4485/4902 2755/4494/4899
s 4
f 2712/4544/4903 2711/4538/4893 2750/4541/4896 2760/4545/4904
s 5
f 2713/4488/4901 2715/4489/4905 2763/4486/4906 2759/4485/4902
s 4
f 2714/4548/4907 2712/4544/4903 2760/4545/4904 2764/4549/4908
s 5
f 2715/4489/4905 2717/4492/4909 2767/4490/4910 2763/4486/4906
s 4
f 2716/4552/4911 2714/4548/4907 2764/4549/4908 2768/4553/4912
s 5
f 2717/4492/4909 2719/4497/4913 2771/4495/4914 2767/4490/4910
s 4
f 2718/4558/4915 2716/4552/4911 2768/4553/4912 2772/4559/4916
s 5
f 2719/4497/4913 2721/4502/4917 2775/4500/4918 2771/4495/4914
s 4
f 2720/4565/4919 2718/4558/4915 2772/4559/4916 2776/4566/4920
s 5
f 2721/4502/4917 2723/4507/4921 2779/4505/4922 2775/4500/4918
s 4
f 2722/4571/4923 2720/4565/4919 2776/4566/4920 2780/4572/4924
s 5
f 2723/4507/4921 2725/4512/4925 2783/4510/4926 2779/4505/4922
s 4
f 2724/4577/4927 2722/4571/4923 2780/4572/4924 2784/4578/4928
s 5
f 2725/4512/4925 2727/4515/4929 2787/4516/4930 2783/4510/4926
s 4
f 2726/4582/4931 2724/4577/4927 2784/4578/4928 2788/4583/4932
s 5
f 2727/4515/4929 2729/4521/4933 2791/4522/4934 2787/4516/4930
s 4
f 2728/4586/4935 2726/4582/4931 2788/4583/4932 2792/4587/4936
s 5
f 2729/4521/4933 2731/4526/4937 2795/4527/4938 2791/4522/4934
s 4
f 2730/4584/4939 2728/4586/4935 2792/4587/4936 2796/4585/4940
s 5
f 2731/4526/4937 2733/4531/4941 2799/4532/4942 2795/4527/4938
s 4
f 2732/4579/4943 2730/4584/4939 2796/4585/4940 2800/4580/4944
s 5
f 2733/4531/4941 2735/4534/4945 2803/4535/4946 2799/4532/4942
s 4
f 2734/4573/4947 2732/4579/4943 2800/4580/4944 2804/4574/4948
s 5
f 2735/4534/4945 2737/4529/4949 2807/4530/4950 2803/4535/4946
s 4
f 2736/4567/4951 2734/4573/4947 2804/4574/4948 2808/4568/4952
s 5
f 2737/4529/4949 2739/4524/4953 2811/4525/4954 2807/4530/4950
s 4
f 2738/4560/4955 2736/4567/4951 2808/4568/4952 2812/4561/4956
s 5
f 2739/4524/4953 2741/4519/4957 2815/4520/4958 2811/4525/4954
s 4
f 2740/4554/4959 2738/4560/4955 2812/4561/4956 2816/4555/4960
s 5
f 2741/4519/4957 2743/4513/4961 2819/4514/4962 2815/4520/4958
s 4
f 2742/4550/4963 2740/4554/4959 2816/4555/4960 2820/4551/4964
s 5
f 2743/4513/4961 2745/4508/4965 2823/4509/4966 2819/4514/4962
s 4
f 2744/4546/4967 2742/4550/4963 2820/4551/4964 2824/4547/4968
s 5
f 2745/4508/4965 2747/4503/4969 2827/4504/4970 2823/4509/4966
s 4
f 2746/4542/4971 2744/4546/4967 2824/4547/4968 2828/4543/4972
s 5
f 2747/4503/4969 2749/4498/4897 2756/4499/4900 2827/4504/4970
s 4
f 2748/4539/4894 2746/4542/4971 2828/4543/4972 2753/4540/4895
g default
v -1.402682 0.697947 -0.440682
v -1.402682 0.834155 -0.419108
v -1.402682 0.957030 -0.356501
v -1.402682 1.054544 -0.258986
v -1.402682 1.117152 -0.136112
v -1.402682 1.138725 0.000096
v -1.402682 1.117152 0.136304
v -1.402682 1.054544 0.259179
v -1.402682 0.957030 0.356693
v -1.402682 0.834155 0.419301
v -1.402682 0.697947 0.440874
v -1.402682 0.003014 -0.440682
v -1.402682 0.003014 0.440874
v -1.402682 0.662648 -0.318243
v -1.402682 0.761020 -0.302663
v -1.402682 0.849763 -0.257446
v -1.402682 0.920190 -0.187019
v -1.402682 0.965407 -0.098276
v -1.402682 0.980988 0.000096
v -1.402682 0.965407 0.098469
v -1.402682 0.920190 0.187212
v -1.402682 0.849763 0.257638
v -1.402682 0.761020 0.302855
v -1.402682 0.662648 0.318436
v -1.402682 0.160752 -0.318243
v -1.402682 0.160752 0.318436
v -0.560071 0.697947 -0.440682
v -0.521126 0.694882 -0.401737
v -0.560071 0.834155 -0.419108
v -0.521126 0.821970 -0.381608
v -0.560071 0.957030 -0.356501
v -0.521126 0.933853 -0.324601
v -0.560071 1.054544 -0.258986
v -0.521126 1.022644 -0.235810
v -0.560071 1.117152 -0.136112
v -0.521126 1.079651 -0.123927
v -0.560071 1.138725 0.000096
v -0.521126 1.099295 0.000096
v -0.560071 1.117152 0.136304
v -0.521126 1.079651 0.124120
v -0.560071 1.054544 0.259179
v -0.521126 1.022644 0.236002
v -0.560071 0.957030 0.356693
v -0.521126 0.933853 0.324793
v -0.560071 0.834155 0.419301
v -0.521126 0.821970 0.381800
v -0.560071 0.697947 0.440874
v -0.521126 0.694882 0.401929
v -0.560071 0.003014 -0.440682
v -0.521126 0.041959 -0.401737
v -0.560071 0.003014 0.440874
v -0.521126 0.041959 0.401929
v -0.521126 0.665713 -0.357188
v -0.560071 0.662648 -0.318243
v -0.521126 0.773205 -0.340163
v -0.560071 0.761020 -0.302663
v -0.521126 0.872940 -0.289346
v -0.560071 0.849763 -0.257446
v -0.521126 0.952090 -0.210196
v -0.560071 0.920190 -0.187019
v -0.521126 1.002908 -0.110461
v -0.560071 0.965407 -0.098276
v -0.521126 1.020418 0.000096
v -0.560071 0.980988 0.000096
v -0.521126 1.002907 0.110653
v -0.560071 0.965407 0.098469
v -0.521126 0.952090 0.210388
v -0.560071 0.920190 0.187212
v -0.521126 0.872940 0.289538
v -0.560071 0.849763 0.257638
v -0.521126 0.773205 0.340356
v -0.560071 0.761020 0.302855
v -0.521126 0.665713 0.357381
v -0.560071 0.662648 0.318436
v -0.521126 0.121807 -0.357188
v -0.560071 0.160752 -0.318243
v -0.521126 0.121807 0.357381
v -0.560071 0.160752 0.318436
vt 0.517062 0.463563
vt 0.516531 0.471714
vt 0.467398 0.468452
vt 0.467877 0.460471
vt 0.515941 0.479860
vt 0.466722 0.476417
vt 0.464661 0.460310
vt 0.464199 0.468240
vt 0.469630 0.420002
vt 0.519320 0.422529
vt 0.515299 0.487974
vt 0.465816 0.484401
vt 0.463535 0.475976
vt 0.466291 0.422182
vt 0.462574 0.483472
vt 0.594269 0.806411
vt 0.593986 0.798261
vt 0.643292 0.797004
vt 0.643590 0.805001
vt 0.593755 0.790090
vt 0.643189 0.789018
vt 0.646771 0.804725
vt 0.646547 0.796937
vt 0.594575 0.814510
vt 0.644137 0.813051
vt 0.593183 0.749213
vt 0.642705 0.748324
vt 0.646408 0.788961
vt 0.647370 0.812251
vt 0.645974 0.750620
vt 0.102641 0.936871
vt 0.096830 0.936789
vt 0.097280 0.887192
vt 0.103174 0.887236
vt 0.067546 0.936603
vt 0.067669 0.887414
vt 0.097280 0.883966
vt 0.103318 0.883946
vt 0.108475 0.936968
vt 0.109030 0.887500
vt 0.065305 0.884205
vt 0.109735 0.884366
vt 0.114316 0.937066
vt 0.114878 0.887600
vt 0.382902 0.904240
vt 0.412344 0.904078
vt 0.412751 0.953617
vt 0.383280 0.953573
vt 0.418162 0.904011
vt 0.418639 0.953565
vt 0.412774 0.956845
vt 0.380943 0.956796
vt 0.423983 0.903925
vt 0.424510 0.953318
vt 0.418814 0.956866
vt 0.429824 0.903833
vt 0.430359 0.953227
vt 0.425173 0.956420
vt 0.676011 0.748158
vt 0.684111 0.748319
vt 0.682887 0.797679
vt 0.674814 0.797765
vt 0.692250 0.748502
vt 0.690903 0.797837
vt 0.675429 0.801038
vt 0.682989 0.800868
vt 0.700395 0.748735
vt 0.698909 0.798157
vt 0.690806 0.801046
vt 0.708524 0.749010
vt 0.706933 0.798698
vt 0.698607 0.801364
vt 0.706152 0.801980
vt 0.379438 0.924053
vt 0.329991 0.924289
vt 0.329744 0.872557
vt 0.379191 0.872321
vt 0.326748 0.922019
vt 0.326523 0.874858
vt 0.593230 0.443914
vt 0.630559 0.442328
vt 0.632658 0.491731
vt 0.595329 0.493317
vt 0.593183 0.496644
vt 0.635079 0.494863
vt 0.460947 0.449386
vt 0.455103 0.449524
vt 0.453786 0.400018
vt 0.459641 0.400083
vt 0.449281 0.449668
vt 0.447897 0.400134
vt 0.453893 0.396729
vt 0.460283 0.396945
vt 0.443464 0.449833
vt 0.442008 0.400375
vt 0.447773 0.396874
vt 0.437640 0.450016
vt 0.436145 0.400774
vt 0.441660 0.397140
vt 0.435364 0.397730
vt 0.823015 0.767160
vt 0.821749 0.759166
vt 0.828935 0.757095
vt 0.829849 0.762868
vt 0.821749 0.718385
vt 0.828935 0.727642
vt 0.826689 0.774370
vt 0.832502 0.768076
vt 0.873482 0.718385
vt 0.866297 0.727642
vt 0.832412 0.780093
vt 0.836635 0.772208
vt 0.873482 0.759166
vt 0.866297 0.757095
vt 0.839623 0.783767
vt 0.841843 0.774862
vt 0.872216 0.767160
vt 0.865383 0.762868
vt 0.847616 0.785033
vt 0.847616 0.775776
vt 0.868542 0.774370
vt 0.862729 0.768076
vt 0.855609 0.783767
vt 0.853389 0.774862
vt 0.862820 0.780093
vt 0.858597 0.772208
vt 0.680702 0.826550
vt 0.677117 0.829971
vt 0.680076 0.824041
vt 0.681791 0.825508
vt 0.674068 0.826587
vt 0.678988 0.820294
vt 0.685628 0.818717
vt 0.686336 0.823590
vt 0.670913 0.833710
vt 0.673281 0.836416
vt 0.692702 0.816771
vt 0.693204 0.821346
vt 0.669372 0.841619
vt 0.672230 0.842753
vt 0.700441 0.816807
vt 0.700273 0.821425
vt 0.671544 0.880398
vt 0.673981 0.874639
vt 0.708292 0.819349
vt 0.706581 0.823557
vt 0.717783 0.879433
vt 0.714675 0.874037
vt 0.713781 0.826892
vt 0.710815 0.830891
vt 0.718747 0.842340
vt 0.715891 0.843632
vt 0.717223 0.834498
vt 0.714773 0.837318
vt 0.704587 0.825979
vt 0.707450 0.828423
vn -1.000000 0.000001 -0.000001
vn -1.000000 0.000001 -0.000001
vn -1.000000 0.000001 -0.000001
vn -1.000000 0.000001 -0.000001
vn -1.000000 -0.000001 0.000001
vn -1.000000 -0.000001 0.000001
vn -1.000000 -0.000001 0.000001
vn -1.000000 -0.000001 0.000001
vn -1.000000 -0.000001 0.000001
vn -1.000000 -0.000001 0.000001
vn -1.000000 -0.000001 0.000001
vn -1.000000 -0.000001 0.000001
vn -1.000000 0.000000 0.000001
vn -1.000000 0.000000 0.000001
vn -1.000000 0.000000 0.000001
vn -1.000000 0.000000 0.000001
vn -1.000000 0.000000 0.000001
vn -1.000000 0.000000 0.000001
vn -1.000000 0.000000 0.000001
vn -1.000000 0.000000 0.000001
vn -1.000000 0.000000 -0.000001
vn -1.000000 0.000000 -0.000001
vn -1.000000 0.000000 -0.000001
vn -1.000000 0.000000 -0.000001
vn -1.000000 0.000000 0.000001
vn -1.000000 0.000000 0.000001
vn -1.000000 0.000000 0.000001
vn -1.000000 0.000000 0.000001
vn -1.000000 -0.000001 -0.000001
vn -1.000000 -0.000001 -0.000001
vn -1.000000 -0.000001 -0.000001
vn -1.000000 -0.000001 -0.000001
vn -1.000000 -0.000001 -0.000000
vn -1.000000 -0.000001 -0.000000
vn -1.000000 -0.000001 -0.000000
vn -1.000000 -0.000001 -0.000000
vn -1.000000 0.000001 0.000001
vn -1.000000 0.000001 0.000001
vn -1.000000 0.000001 0.000001
vn -1.000000 0.000001 0.000001
vn -1.000000 0.000000 0.000001
vn -1.000000 0.000000 0.000001
vn -1.000000 0.000000 0.000001
vn -1.000000 0.000000 0.000001
vn -1.000000 0.000000 -0.000000
vn -1.000000 0.000000 -0.000000
vn -1.000000 0.000000 -0.000000
vn -1.000000 0.000000 -0.000000
vn -1.000000 0.000001 0.000000
vn -1.000000 0.000001 0.000000
vn -1.000000 0.000001 0.000000
vn -1.000000 0.000001 0.000000
vn 0.707708 0.018281 -0.706268
vn 0.707708 0.018281 -0.706268
vn 0.707107 0.000000 -0.707106
vn 0.707107 0.000000 -0.707106
vn 0.711473 0.216531 -0.668521
vn 0.711473 0.216531 -0.668521
vn 0.711472 0.413045 -0.568508
vn 0.711472 0.413045 -0.568508
vn 0.711473 0.568507 -0.413045
vn 0.711473 0.568507 -0.413045
vn 0.711474 0.668319 -0.217150
vn 0.711474 0.668320 -0.217150
vn 0.711474 0.702712 0.000000
vn 0.711474 0.702712 0.000000
vn 0.711473 0.668320 0.217150
vn 0.711473 0.668320 0.217150
vn 0.711473 0.568507 0.413045
vn 0.711473 0.568508 0.413045
vn 0.711473 0.413044 0.568507
vn 0.711473 0.413045 0.568507
vn 0.711473 0.216530 0.668521
vn 0.711473 0.216530 0.668521
vn 0.707708 0.018281 0.706268
vn 0.707708 0.018281 0.706268
vn 0.707107 0.000000 0.707106
vn 0.707107 0.000000 0.707106
vn 0.707107 -0.707106 -0.000000
vn 0.707107 -0.707106 -0.000000
vn 0.707107 -0.707106 -0.000000
vn 0.707107 -0.707106 -0.000000
vn 0.707711 -0.018398 0.706262
vn 0.707711 -0.018398 0.706262
vn 0.707107 0.000000 0.707107
vn 0.707107 0.000000 0.707107
vn 0.711473 -0.217933 0.668065
vn 0.711473 -0.217933 0.668065
vn 0.711474 -0.413044 0.568506
vn 0.711474 -0.413044 0.568506
vn 0.711474 -0.568506 0.413044
vn 0.711474 -0.568506 0.413044
vn 0.711474 -0.668320 0.217151
vn 0.711473 -0.668320 0.217151
vn 0.711474 -0.702713 -0.000000
vn 0.711474 -0.702713 -0.000000
vn 0.711474 -0.668319 -0.217151
vn 0.711474 -0.668320 -0.217151
vn 0.711474 -0.568507 -0.413044
vn 0.711474 -0.568507 -0.413044
vn 0.711473 -0.413044 -0.568507
vn 0.711473 -0.413044 -0.568507
vn 0.711473 -0.217933 -0.668066
vn 0.711473 -0.217933 -0.668066
vn 0.707711 -0.018398 -0.706262
vn 0.707711 -0.018398 -0.706262
vn 0.707107 0.000000 -0.707107
vn 0.707107 0.000000 -0.707107
vn 0.707107 0.707107 -0.000000
vn 0.707107 0.707107 -0.000000
vn 0.707107 0.707107 -0.000000
vn 0.707107 0.707107 -0.000000
vn 0.000000 0.025948 -0.999663
vn 0.000000 0.309018 -0.951056
vn 0.000000 0.309017 -0.951056
vn 0.000000 0.025948 -0.999663
vn -0.000000 0.587786 -0.809017
vn -0.000000 0.587786 -0.809017
vn -0.000000 0.809017 -0.587786
vn -0.000000 0.809017 -0.587786
vn -0.000000 0.951056 -0.309018
vn -0.000000 0.951056 -0.309018
vn 0.000000 1.000000 0.000000
vn 0.000000 1.000000 0.000000
vn 0.000000 0.951056 0.309018
vn 0.000000 0.951056 0.309018
vn -0.000000 0.809017 0.587786
vn -0.000000 0.809017 0.587786
vn -0.000000 0.587785 0.809017
vn -0.000000 0.587785 0.809017
vn 0.000000 0.309017 0.951057
vn 0.000000 0.309017 0.951057
vn 0.000000 0.025947 0.999663
vn 0.000000 0.025947 0.999663
vn -0.000000 0.000000 -1.000000
vn -0.000000 0.000000 -1.000000
vn 0.000000 0.000000 1.000000
vn 0.000000 0.000000 1.000000
vn 0.000000 -1.000000 -0.000000
vn 0.000000 -1.000000 -0.000000
vn 0.000000 -1.000000 -0.000000
vn 0.000000 -1.000000 -0.000000
vn 1.000000 0.000000 0.000000
vn 1.000000 0.000000 0.000000
vn 1.000000 0.000000 0.000000
vn 1.000000 0.000000 -0.000000
vn 1.000000 0.000000 0.000000
vn 1.000000 0.000000 0.000000
vn 1.000000 0.000000 -0.000000
vn 1.000000 0.000000 -0.000000
vn 1.000000 -0.000000 0.000000
vn 1.000000 -0.000000 -0.000000
vn 1.000000 -0.000000 0.000000
vn 1.000000 -0.000000 -0.000000
vn 1.000000 -0.000000 -0.000000
vn 1.000000 -0.000000 -0.000000
vn 1.000000 0.000000 0.000000
vn 1.000000 0.000000 0.000000
vn 1.000000 0.000000 0.000000
vn 1.000000 0.000000 0.000000
vn 1.000000 0.000000 -0.000000
vn 1.000000 0.000000 -0.000000
vn 1.000000 0.000000 -0.000000
vn 1.000000 0.000000 -0.000000
vn 1.000000 0.000000 -0.000000
vn 1.000000 0.000000 -0.000000
vn 1.000000 0.000000 -0.000000
vn 1.000000 0.000000 -0.000000
vn 0.000000 -0.309018 0.951056
vn 0.000000 -0.025948 0.999663
vn 0.000000 -0.025948 0.999663
vn 0.000000 -0.309018 0.951056
vn 0.000000 0.000000 1.000000
vn 0.000000 0.000000 1.000000
vn 0.000000 1.000000 0.000000
vn 0.000000 1.000000 0.000000
vn 0.000000 1.000000 0.000000
vn 0.000000 1.000000 0.000000
vn -0.000000 0.000000 -1.000000
vn -0.000000 -0.025948 -0.999663
vn -0.000000 -0.025948 -0.999663
vn -0.000000 0.000000 -1.000000
vn -0.000000 -0.309017 -0.951057
vn -0.000000 -0.309017 -0.951056
vn -0.000000 -0.587785 -0.809017
vn -0.000000 -0.587785 -0.809017
vn -0.000000 -0.809017 -0.587785
vn -0.000000 -0.809017 -0.587785
vn -0.000000 -0.951056 -0.309018
vn -0.000000 -0.951056 -0.309018
vn -0.000000 -1.000000 -0.000001
vn -0.000000 -1.000000 -0.000001
vn 0.000000 -0.951056 0.309018
vn 0.000000 -0.951056 0.309018
vn 0.000000 -0.809017 0.587786
vn 0.000000 -0.809017 0.587786
vn 0.000000 -0.587786 0.809017
vn 0.000000 -0.587786 0.809017
s off
g pCylinder8 polySurface7
usemtl initialShadingGroup
f 2831/4708/4973 2830/4709/4974 2843/4710/4975 2844/4711/4976
f 2832/4714/4977 2831/4708/4978 2844/4711/4979 2845/4715/4980
f 2833/4718/4981 2832/4714/4982 2845/4715/4983 2846/4719/4984
f 2834/4722/4985 2833/4718/4986 2846/4719/4987 2847/4723/4988
f 2835/4726/4989 2834/4722/4990 2847/4723/4991 2848/4727/4992
f 2836/4730/4993 2835/4726/4994 2848/4727/4995 2849/4731/4996
f 2837/4732/4997 2836/4730/4998 2849/4731/4999 2850/4733/5000
f 2838/4728/5001 2837/4732/5002 2850/4733/5003 2851/4729/5004
f 2839/4724/5005 2838/4728/5006 2851/4729/5007 2852/4725/5008
f 2840/4720/5009 2839/4724/5010 2852/4725/5011 2853/4721/5012
f 2830/4709/5013 2841/4712/5014 2854/4713/5015 2843/4710/5016
f 2842/4716/5017 2840/4720/5018 2853/4721/5019 2855/4717/5020
f 2841/4712/5021 2842/4716/5022 2855/4717/5023 2854/4713/5024
s 1
f 2856/4611/5025 2857/4614/5026 2879/4621/5027 2878/4616/5028
f 2857/4614/5026 2856/4611/5025 2858/4610/5029 2859/4615/5030
f 2859/4615/5030 2858/4610/5029 2860/4613/5031 2861/4620/5032
f 2861/4620/5032 2860/4613/5031 2862/4619/5033 2863/4622/5034
f 2863/4672/5034 2862/4669/5033 2864/4668/5035 2865/4673/5036
f 2865/4673/5036 2864/4668/5035 2866/4671/5037 2867/4676/5038
f 2867/4676/5038 2866/4671/5037 2868/4675/5039 2869/4679/5040
f 2869/4679/5040 2868/4675/5039 2870/4678/5041 2871/4680/5042
f 2871/4636/5042 2870/4632/5041 2872/4626/5043 2873/4629/5044
f 2873/4629/5044 2872/4626/5043 2874/4625/5045 2875/4630/5046
f 2875/4630/5046 2874/4625/5045 2876/4628/5047 2877/4635/5048
f 2877/4635/5048 2876/4628/5047 2880/4634/5049 2881/4637/5050
s off
f 2878/4682/5051 2879/4685/5052 2881/4686/5053 2880/4683/5054
s 2
f 2882/4644/5055 2883/4640/5056 2905/4643/5057 2904/4648/5058
f 2883/4640/5056 2882/4644/5055 2884/4645/5059 2885/4641/5060
f 2885/4641/5060 2884/4645/5059 2886/4649/5061 2887/4647/5062
f 2887/4734/5062 2886/4735/5061 2888/4736/5063 2889/4737/5064
f 2889/4705/5064 2888/4707/5063 2890/4706/5065 2891/4702/5066
f 2891/4702/5066 2890/4706/5065 2892/4703/5067 2893/4698/5068
f 2893/4698/5068 2892/4703/5067 2894/4699/5069 2895/4695/5070
f 2895/4695/5070 2894/4699/5069 2896/4700/5071 2897/4696/5072
f 2897/4762/5072 2896/4753/5071 2898/4757/5073 2899/4763/5074
f 2899/4661/5074 2898/4665/5073 2900/4662/5075 2901/4657/5076
f 2901/4657/5076 2900/4662/5075 2902/4658/5077 2903/4654/5078
f 2903/4654/5078 2902/4658/5077 2906/4659/5079 2907/4655/5080
s off
f 2904/4691/5081 2905/4690/5082 2907/4689/5083 2906/4692/5084
s 3
f 2830/4608/5085 2831/4609/5086 2858/4610/5087 2856/4611/5088
f 2831/4609/5086 2832/4612/5089 2860/4613/5090 2858/4610/5087
f 2832/4612/5089 2833/4618/5091 2862/4619/5092 2860/4613/5090
f 2833/4666/5091 2834/4667/5093 2864/4668/5094 2862/4669/5092
f 2834/4667/5093 2835/4670/5095 2866/4671/5096 2864/4668/5094
f 2835/4670/5095 2836/4674/5097 2868/4675/5098 2866/4671/5096
f 2836/4674/5097 2837/4677/5099 2870/4678/5100 2868/4675/5098
f 2837/4631/5099 2838/4623/5101 2872/4626/5102 2870/4632/5100
f 2838/4623/5101 2839/4624/5103 2874/4625/5104 2872/4626/5102
f 2839/4624/5103 2840/4627/5105 2876/4628/5106 2874/4625/5104
f 2830/4608/5085 2856/4611/5088 2878/4616/5107 2841/4617/5108
f 2876/4628/5106 2840/4627/5105 2842/4633/5109 2880/4634/5110
s off
f 2841/4681/5111 2878/4682/5112 2880/4683/5113 2842/4684/5114
s 4
f 2857/4746/5115 2859/4742/5116 2884/4743/5117 2882/4747/5118
f 2859/4742/5116 2861/4738/5119 2886/4735/5120 2884/4743/5117
f 2861/4738/5119 2863/4739/5121 2888/4736/5122 2886/4735/5120
f 2863/4739/5121 2865/4740/5123 2890/4741/5124 2888/4736/5122
f 2865/4740/5123 2867/4744/5125 2892/4745/5126 2890/4741/5124
f 2867/4744/5125 2869/4748/5127 2894/4749/5128 2892/4745/5126
f 2869/4748/5127 2871/4752/5129 2896/4753/5130 2894/4749/5128
f 2871/4752/5129 2873/4756/5131 2898/4757/5132 2896/4753/5130
f 2873/4756/5131 2875/4760/5133 2900/4761/5134 2898/4757/5132
f 2875/4760/5133 2877/4758/5135 2902/4759/5136 2900/4761/5134
f 2879/4750/5137 2857/4746/5115 2882/4747/5118 2904/4751/5138
f 2877/4758/5135 2881/4754/5139 2906/4755/5140 2902/4759/5136
f 2881/4754/5139 2879/4750/5137 2904/4751/5138 2906/4755/5140
s 5
f 2844/4638/5141 2843/4639/5142 2883/4640/5143 2885/4641/5144
f 2843/4639/5142 2854/4642/5145 2905/4643/5146 2883/4640/5143
s off
f 2854/4687/5147 2855/4688/5148 2907/4689/5149 2905/4690/5150
s 5
f 2855/4652/5151 2853/4653/5152 2903/4654/5153 2907/4655/5154
f 2853/4653/5152 2852/4656/5155 2901/4657/5156 2903/4654/5153
f 2852/4656/5155 2851/4660/5157 2899/4661/5158 2901/4657/5156
f 2851/4660/5157 2850/4663/5159 2897/4664/5160 2899/4661/5158
f 2850/4693/5159 2849/4694/5161 2895/4695/5162 2897/4696/5160
f 2849/4694/5161 2848/4697/5163 2893/4698/5164 2895/4695/5162
f 2848/4697/5163 2847/4701/5165 2891/4702/5166 2893/4698/5164
f 2847/4701/5165 2846/4704/5167 2889/4705/5168 2891/4702/5166
f 2846/4650/5167 2845/4646/5169 2887/4647/5170 2889/4651/5168
f 2845/4646/5169 2844/4638/5141 2885/4641/5144 2887/4647/5170
g default
v -0.440778 -1.633240 1.402778
v -0.419205 -1.497033 1.402778
v -0.356597 -1.374158 1.402778
v -0.259083 -1.276643 1.402778
v -0.136208 -1.214036 1.402778
v 0.000000 -1.192462 1.402778
v 0.136208 -1.214036 1.402778
v 0.259083 -1.276643 1.402778
v 0.356597 -1.374158 1.402778
v 0.419205 -1.497033 1.402778
v 0.440778 -1.633240 1.402778
v -0.440778 -2.328173 1.402778
v 0.440778 -2.328173 1.402778
v -0.318340 -1.668540 1.402778
v -0.302759 -1.570167 1.402778
v -0.257542 -1.481424 1.402778
v -0.187115 -1.410998 1.402778
v -0.098373 -1.365781 1.402778
v 0.000000 -1.350200 1.402778
v 0.098372 -1.365781 1.402778
v 0.187115 -1.410998 1.402778
v 0.257542 -1.481424 1.402778
v 0.302759 -1.570167 1.402778
v 0.318340 -1.668540 1.402778
v -0.318340 -2.170435 1.402778
v 0.318340 -2.170435 1.402778
v -0.440778 -1.633240 0.560167
v -0.401833 -1.636305 0.521222
v -0.419205 -1.497033 0.560167
v -0.381704 -1.509217 0.521222
v -0.356597 -1.374158 0.560167
v -0.324697 -1.397334 0.521222
v -0.259083 -1.276644 0.560167
v -0.235906 -1.308543 0.521222
v -0.136208 -1.214036 0.560167
v -0.124023 -1.251536 0.521222
v 0.000000 -1.192462 0.560167
v -0.000000 -1.231893 0.521222
v 0.136208 -1.214036 0.560167
v 0.124023 -1.251536 0.521222
v 0.259083 -1.276644 0.560167
v 0.235906 -1.308543 0.521222
v 0.356597 -1.374158 0.560167
v 0.324697 -1.397334 0.521222
v 0.419205 -1.497033 0.560167
v 0.381704 -1.509217 0.521222
v 0.440778 -1.633240 0.560167
v 0.401833 -1.636305 0.521222
v -0.440778 -2.328173 0.560167
v -0.401833 -2.289228 0.521222
v 0.440778 -2.328173 0.560167
v 0.401833 -2.289228 0.521222
v -0.357285 -1.665475 0.521222
v -0.318340 -1.668540 0.560167
v -0.340260 -1.557983 0.521222
v -0.302759 -1.570167 0.560167
v -0.289442 -1.458248 0.521222
v -0.257542 -1.481424 0.560167
v -0.210292 -1.379098 0.521222
v -0.187115 -1.410998 0.560167
v -0.110557 -1.328280 0.521222
v -0.098373 -1.365781 0.560167
v 0.000000 -1.310769 0.521222
v 0.000000 -1.350200 0.560167
v 0.110557 -1.328280 0.521222
v 0.098372 -1.365781 0.560167
v 0.210292 -1.379098 0.521222
v 0.187115 -1.410998 0.560167
v 0.289442 -1.458248 0.521222
v 0.257542 -1.481424 0.560167
v 0.340259 -1.557983 0.521222
v 0.302759 -1.570167 0.560167
v 0.357285 -1.665475 0.521222
v 0.318340 -1.668540 0.560167
v -0.357285 -2.209381 0.521222
v -0.318340 -2.170436 0.560167
v 0.357285 -2.209381 0.521222
v 0.318340 -2.170436 0.560167
vt 0.429989 0.628871
vt 0.429458 0.637022
vt 0.380325 0.633760
vt 0.380804 0.625779
vt 0.428869 0.645168
vt 0.379649 0.641725
vt 0.377588 0.625618
vt 0.377126 0.633548
vt 0.382558 0.585310
vt 0.432247 0.587837
vt 0.428227 0.653282
vt 0.378743 0.649709
vt 0.376462 0.641284
vt 0.379219 0.587490
vt 0.375501 0.648780
vt 0.240536 0.741095
vt 0.240252 0.732945
vt 0.289559 0.731688
vt 0.289857 0.739686
vt 0.240021 0.724774
vt 0.289456 0.723702
vt 0.293038 0.739409
vt 0.292813 0.731622
vt 0.240842 0.749194
vt 0.290404 0.747735
vt 0.239450 0.683897
vt 0.288972 0.683008
vt 0.292675 0.723645
vt 0.293637 0.746935
vt 0.292241 0.685304
vt 0.918057 0.156977
vt 0.912257 0.156797
vt 0.913574 0.107222
vt 0.919482 0.107327
vt 0.883004 0.156123
vt 0.883937 0.106999
vt 0.913594 0.104003
vt 0.919534 0.104062
vt 0.923866 0.157185
vt 0.925374 0.107572
vt 0.881612 0.103755
vt 0.925679 0.104294
vt 0.929702 0.157409
vt 0.931216 0.107998
vt 0.932050 0.104907
vt 0.464532 0.920623
vt 0.493975 0.920462
vt 0.494382 0.970001
vt 0.464911 0.969956
vt 0.499793 0.920394
vt 0.500270 0.969949
vt 0.494405 0.973229
vt 0.462574 0.973179
vt 0.505613 0.920309
vt 0.506141 0.969701
vt 0.500444 0.973250
vt 0.511455 0.920217
vt 0.511989 0.969611
vt 0.506804 0.972803
vt 0.963588 0.525591
vt 0.971689 0.525613
vt 0.971313 0.574986
vt 0.963243 0.575211
vt 0.979831 0.525656
vt 0.979331 0.575007
vt 0.963914 0.578473
vt 0.971470 0.578173
vt 0.987979 0.525749
vt 0.987340 0.575189
vt 0.979288 0.578217
vt 0.996111 0.525884
vt 0.995373 0.575592
vt 0.987094 0.578401
vt 0.994649 0.578888
vt 0.934527 0.103519
vt 0.885080 0.103755
vt 0.884833 0.052023
vt 0.934280 0.051787
vt 0.881837 0.101485
vt 0.881612 0.054324
vt 0.669418 0.933457
vt 0.706747 0.931871
vt 0.708847 0.981273
vt 0.671518 0.982860
vt 0.669372 0.986186
vt 0.711268 0.984406
vt 0.999710 0.483603
vt 0.993866 0.483741
vt 0.992549 0.434235
vt 0.998404 0.434300
vt 0.988044 0.483885
vt 0.986660 0.434351
vt 0.992656 0.430946
vt 0.999045 0.431162
vt 0.982226 0.484050
vt 0.980771 0.434592
vt 0.986536 0.431091
vt 0.976403 0.484233
vt 0.974908 0.434991
vt 0.980422 0.431357
vt 0.974127 0.431947
vt 0.284253 0.862121
vt 0.282987 0.854128
vt 0.290172 0.852057
vt 0.291086 0.857830
vt 0.282987 0.813347
vt 0.290172 0.822604
vt 0.287927 0.869332
vt 0.293739 0.863037
vt 0.334720 0.813347
vt 0.327534 0.822604
vt 0.293649 0.875055
vt 0.297872 0.867170
vt 0.334720 0.854128
vt 0.327534 0.852057
vt 0.300860 0.878729
vt 0.303080 0.869824
vt 0.333454 0.862121
vt 0.326620 0.857830
vt 0.308853 0.879995
vt 0.308853 0.870738
vt 0.329779 0.869332
vt 0.323967 0.863037
vt 0.316846 0.878729
vt 0.314626 0.869824
vt 0.324057 0.875055
vt 0.319834 0.867170
vt 0.034144 0.846550
vt 0.035820 0.843554
vt 0.040438 0.848558
vt 0.037977 0.847158
vt 0.037058 0.839408
vt 0.042537 0.844900
vt 0.045994 0.851563
vt 0.043672 0.854532
vt 0.030006 0.836782
vt 0.029514 0.841355
vt 0.047479 0.859090
vt 0.044921 0.860896
vt 0.022646 0.836153
vt 0.022907 0.840802
vt 0.048899 0.897563
vt 0.046101 0.892958
vt 0.015443 0.837694
vt 0.016443 0.842172
vt 0.001569 0.899451
vt 0.003996 0.894641
vt 0.009028 0.841329
vt 0.010698 0.845423
vt 0.000000 0.861040
vt 0.002691 0.862647
vt 0.004011 0.846760
vt 0.006218 0.850275
vt 0.000897 0.853493
vt 0.003449 0.856271
vn 0.000001 0.000001 1.000000
vn 0.000001 0.000001 1.000000
vn 0.000001 0.000001 1.000000
vn 0.000001 0.000001 1.000000
vn -0.000003 -0.000001 1.000000
vn -0.000003 -0.000001 1.000000
vn -0.000003 -0.000001 1.000000
vn -0.000003 -0.000001 1.000000
vn 0.000003 0.000000 1.000000
vn 0.000003 0.000000 1.000000
vn 0.000003 0.000000 1.000000
vn 0.000003 0.000000 1.000000
vn -0.000001 0.000000 1.000000
vn -0.000001 0.000000 1.000000
vn -0.000001 0.000000 1.000000
vn -0.000001 0.000000 1.000000
vn -0.000001 0.000000 1.000000
vn -0.000001 0.000000 1.000000
vn -0.000001 0.000000 1.000000
vn -0.000001 0.000000 1.000000
vn 0.000000 0.000000 1.000000
vn 0.000000 0.000000 1.000000
vn 0.000000 0.000000 1.000000
vn 0.000000 0.000000 1.000000
vn 0.000001 0.000000 1.000000
vn 0.000001 0.000000 1.000000
vn 0.000001 0.000000 1.000000
vn 0.000001 0.000000 1.000000
vn -0.000001 -0.000001 1.000000
vn -0.000001 -0.000001 1.000000
vn -0.000001 -0.000001 1.000000
vn -0.000001 -0.000001 1.000000
vn 0.000000 -0.000000 1.000000
vn 0.000000 -0.000000 1.000000
vn 0.000000 -0.000000 1.000000
vn 0.000000 -0.000000 1.000000
vn -0.000000 0.000000 1.000000
vn -0.000000 0.000000 1.000000
vn -0.000000 0.000000 1.000000
vn -0.000000 0.000000 1.000000
vn -0.000000 0.000000 1.000000
vn -0.000000 0.000000 1.000000
vn -0.000000 0.000000 1.000000
vn -0.000000 0.000000 1.000000
vn 0.000000 0.000000 1.000000
vn 0.000000 0.000000 1.000000
vn 0.000000 0.000000 1.000000
vn 0.000000 0.000000 1.000000
vn 0.000000 0.000000 1.000000
vn 0.000000 0.000000 1.000000
vn 0.000000 0.000000 1.000000
vn 0.000000 0.000000 1.000000
vn -0.706269 0.018281 -0.707708
vn -0.706268 0.018281 -0.707708
vn -0.707106 0.000000 -0.707107
vn -0.707106 0.000000 -0.707107
vn -0.668521 0.216531 -0.711473
vn -0.668521 0.216531 -0.711473
vn -0.568507 0.413045 -0.711473
vn -0.568507 0.413045 -0.711473
vn -0.413046 0.568508 -0.711472
vn -0.413045 0.568508 -0.711472
vn -0.217151 0.668321 -0.711472
vn -0.217151 0.668321 -0.711472
vn 0.000000 0.702714 -0.711473
vn 0.000000 0.702714 -0.711473
vn 0.217151 0.668320 -0.711473
vn 0.217151 0.668320 -0.711473
vn 0.413045 0.568508 -0.711472
vn 0.413045 0.568508 -0.711472
vn 0.568508 0.413045 -0.711472
vn 0.568508 0.413045 -0.711472
vn 0.668521 0.216530 -0.711473
vn 0.668521 0.216530 -0.711473
vn 0.706268 0.018281 -0.707708
vn 0.706268 0.018281 -0.707708
vn 0.707106 0.000000 -0.707107
vn 0.707106 0.000000 -0.707107
vn 0.000000 -0.707107 -0.707107
vn 0.000000 -0.707107 -0.707107
vn 0.000000 -0.707107 -0.707107
vn 0.000000 -0.707107 -0.707107
vn 0.706262 -0.018398 -0.707711
vn 0.706262 -0.018398 -0.707711
vn 0.707106 0.000000 -0.707107
vn 0.707106 0.000000 -0.707107
vn 0.668066 -0.217933 -0.711473
vn 0.668066 -0.217933 -0.711473
vn 0.568507 -0.413045 -0.711473
vn 0.568507 -0.413045 -0.711473
vn 0.413045 -0.568506 -0.711473
vn 0.413045 -0.568506 -0.711474
vn 0.217151 -0.668318 -0.711475
vn 0.217151 -0.668318 -0.711475
vn -0.000000 -0.702713 -0.711473
vn 0.000000 -0.702713 -0.711473
vn -0.217151 -0.668320 -0.711473
vn -0.217151 -0.668320 -0.711473
vn -0.413044 -0.568506 -0.711474
vn -0.413044 -0.568506 -0.711474
vn -0.568506 -0.413044 -0.711474
vn -0.568506 -0.413044 -0.711474
vn -0.668065 -0.217932 -0.711473
vn -0.668065 -0.217933 -0.711473
vn -0.706262 -0.018398 -0.707711
vn -0.706263 -0.018398 -0.707711
vn -0.707106 0.000000 -0.707107
vn -0.707106 0.000000 -0.707107
vn 0.000000 0.707108 -0.707106
vn 0.000000 0.707108 -0.707106
vn 0.000000 0.707108 -0.707106
vn 0.000000 0.707108 -0.707106
vn -0.999663 0.025948 0.000000
vn -0.951056 0.309018 0.000000
vn -0.951056 0.309018 0.000000
vn -0.999663 0.025948 0.000000
vn -0.809017 0.587785 0.000000
vn -0.809017 0.587785 0.000000
vn -0.587786 0.809017 -0.000000
vn -0.587786 0.809017 -0.000000
vn -0.309018 0.951056 -0.000000
vn -0.309018 0.951056 -0.000000
vn 0.000000 1.000000 0.000000
vn 0.000000 1.000000 0.000000
vn 0.309018 0.951056 0.000000
vn 0.309018 0.951056 0.000000
vn 0.587785 0.809017 0.000000
vn 0.587785 0.809017 0.000000
vn 0.809017 0.587785 0.000000
vn 0.809017 0.587785 0.000000
vn 0.951057 0.309017 0.000000
vn 0.951057 0.309017 0.000000
vn 0.999663 0.025947 0.000000
vn 0.999663 0.025947 0.000000
vn -1.000000 0.000000 0.000000
vn -1.000000 0.000000 0.000000
vn 1.000000 0.000000 0.000000
vn 1.000000 0.000000 0.000000
vn 0.000000 -1.000000 0.000000
vn 0.000000 -1.000000 0.000000
vn 0.000000 -1.000000 0.000000
vn 0.000000 -1.000000 0.000000
vn -0.000000 0.000000 -1.000000
vn 0.000000 0.000000 -1.000000
vn -0.000000 0.000000 -1.000000
vn -0.000000 0.000000 -1.000000
vn 0.000000 0.000000 -1.000000
vn 0.000000 0.000000 -1.000000
vn 0.000000 0.000000 -1.000000
vn 0.000000 0.000000 -1.000000
vn 0.000000 0.000000 -1.000000
vn 0.000000 0.000000 -1.000000
vn 0.000000 0.000000 -1.000000
vn 0.000000 0.000000 -1.000000
vn 0.000000 0.000000 -1.000000
vn 0.000000 0.000000 -1.000000
vn -0.000000 0.000000 -1.000000
vn -0.000000 0.000000 -1.000000
vn -0.000000 0.000000 -1.000000
vn -0.000001 0.000000 -1.000000
vn -0.000000 0.000000 -1.000000
vn 0.000000 0.000000 -1.000000
vn 0.000000 0.000000 -1.000000
vn -0.000000 0.000000 -1.000000
vn 0.000000 0.000000 -1.000000
vn 0.000000 0.000000 -1.000000
vn -0.000000 0.000000 -1.000000
vn -0.000000 0.000000 -1.000000
vn 0.951056 -0.309018 -0.000000
vn 0.999663 -0.025948 -0.000000
vn 0.999663 -0.025948 -0.000000
vn 0.951056 -0.309018 -0.000000
vn 1.000000 0.000000 0.000000
vn 1.000000 0.000000 0.000000
vn 0.000000 1.000000 -0.000000
vn 0.000000 1.000000 -0.000000
vn 0.000000 1.000000 -0.000000
vn 0.000000 1.000000 -0.000000
vn -1.000000 0.000000 0.000000
vn -0.999663 -0.025948 -0.000000
vn -0.999663 -0.025948 -0.000000
vn -1.000000 0.000000 0.000000
vn -0.951056 -0.309017 -0.000000
vn -0.951056 -0.309017 -0.000000
vn -0.809017 -0.587785 0.000000
vn -0.809017 -0.587785 0.000000
vn -0.587785 -0.809017 0.000000
vn -0.587785 -0.809017 0.000000
vn -0.309018 -0.951056 -0.000000
vn -0.309018 -0.951056 -0.000000
vn -0.000001 -1.000000 -0.000000
vn -0.000001 -1.000000 -0.000000
vn 0.309018 -0.951056 -0.000000
vn 0.309018 -0.951056 -0.000000
vn 0.587786 -0.809016 0.000000
vn 0.587786 -0.809016 0.000000
vn 0.809017 -0.587786 0.000000
vn 0.809017 -0.587786 0.000000
s off
g pCylinder7 polySurface14
usemtl initialShadingGroup
f 2909/4865/5171 2908/4866/5172 2921/4867/5173 2922/4868/5174
f 2910/4871/5175 2909/4865/5176 2922/4868/5177 2923/4872/5178
f 2911/4875/5179 2910/4871/5180 2923/4872/5181 2924/4876/5182
f 2912/4879/5183 2911/4875/5184 2924/4876/5185 2925/4880/5186
f 2913/4883/5187 2912/4879/5188 2925/4880/5189 2926/4884/5190
f 2914/4887/5191 2913/4883/5192 2926/4884/5193 2927/4888/5194
f 2915/4889/5195 2914/4887/5196 2927/4888/5197 2928/4890/5198
f 2916/4885/5199 2915/4889/5200 2928/4890/5201 2929/4886/5202
f 2917/4881/5203 2916/4885/5204 2929/4886/5205 2930/4882/5206
f 2918/4877/5207 2917/4881/5208 2930/4882/5209 2931/4878/5210
f 2908/4866/5211 2919/4869/5212 2932/4870/5213 2921/4867/5214
f 2920/4873/5215 2918/4877/5216 2931/4878/5217 2933/4874/5218
f 2919/4869/5219 2920/4873/5220 2933/4874/5221 2932/4870/5222
s 1
f 2934/4767/5223 2935/4770/5224 2957/4777/5225 2956/4772/5226
f 2935/4770/5224 2934/4767/5223 2936/4766/5227 2937/4771/5228
f 2937/4771/5228 2936/4766/5227 2938/4769/5229 2939/4776/5230
f 2939/4776/5230 2938/4769/5229 2940/4775/5231 2941/4778/5232
f 2941/4829/5232 2940/4826/5231 2942/4825/5233 2943/4830/5234
f 2943/4830/5234 2942/4825/5233 2944/4828/5235 2945/4833/5236
f 2945/4833/5236 2944/4828/5235 2946/4832/5237 2947/4836/5238
f 2947/4836/5238 2946/4832/5237 2948/4835/5239 2949/4837/5240
f 2949/4792/5240 2948/4788/5239 2950/4782/5241 2951/4785/5242
f 2951/4785/5242 2950/4782/5241 2952/4781/5243 2953/4786/5244
f 2953/4786/5244 2952/4781/5243 2954/4784/5245 2955/4791/5246
f 2955/4791/5246 2954/4784/5245 2958/4790/5247 2959/4793/5248
s off
f 2956/4839/5249 2957/4842/5250 2959/4843/5251 2958/4840/5252
s 2
f 2960/4800/5253 2961/4796/5254 2983/4799/5255 2982/4804/5256
f 2961/4796/5254 2960/4800/5253 2962/4801/5257 2963/4797/5258
f 2963/4797/5258 2962/4801/5257 2964/4805/5259 2965/4803/5260
f 2965/4803/5260 2964/4805/5259 2966/4808/5261 2967/4807/5262
f 2967/4862/5262 2966/4864/5261 2968/4863/5263 2969/4859/5264
f 2969/4859/5264 2968/4863/5263 2970/4860/5265 2971/4855/5266
f 2971/4855/5266 2970/4860/5265 2972/4856/5267 2973/4852/5268
f 2973/4852/5268 2972/4856/5267 2974/4857/5269 2975/4853/5270
f 2975/4891/5270 2974/4892/5269 2976/4893/5271 2977/4894/5272
f 2977/4818/5272 2976/4822/5271 2978/4819/5273 2979/4814/5274
f 2979/4814/5274 2978/4819/5273 2980/4815/5275 2981/4811/5276
f 2981/4811/5276 2980/4815/5275 2984/4816/5277 2985/4812/5278
s off
f 2982/4848/5279 2983/4847/5280 2985/4846/5281 2984/4849/5282
s 3
f 2908/4764/5283 2909/4765/5284 2936/4766/5285 2934/4767/5286
f 2909/4765/5284 2910/4768/5287 2938/4769/5288 2936/4766/5285
f 2910/4768/5287 2911/4774/5289 2940/4775/5290 2938/4769/5288
f 2911/4823/5289 2912/4824/5291 2942/4825/5292 2940/4826/5290
f 2912/4824/5291 2913/4827/5293 2944/4828/5294 2942/4825/5292
f 2913/4827/5293 2914/4831/5295 2946/4832/5296 2944/4828/5294
f 2914/4831/5295 2915/4834/5297 2948/4835/5298 2946/4832/5296
f 2915/4787/5297 2916/4779/5299 2950/4782/5300 2948/4788/5298
f 2916/4779/5299 2917/4780/5301 2952/4781/5302 2950/4782/5300
f 2917/4780/5301 2918/4783/5303 2954/4784/5304 2952/4781/5302
f 2908/4764/5283 2934/4767/5286 2956/4772/5305 2919/4773/5306
f 2954/4784/5304 2918/4783/5303 2920/4789/5307 2958/4790/5308
s off
f 2919/4838/5309 2956/4839/5310 2958/4840/5311 2920/4841/5312
s 4
f 2935/4913/5313 2937/4917/5314 2962/4918/5315 2960/4914/5316
f 2937/4917/5314 2939/4915/5317 2964/4916/5318 2962/4918/5315
f 2939/4915/5317 2941/4911/5319 2966/4912/5320 2964/4916/5318
f 2941/4911/5319 2943/4907/5321 2968/4908/5322 2966/4912/5320
f 2943/4907/5321 2945/4903/5323 2970/4904/5324 2968/4908/5322
f 2945/4903/5323 2947/4899/5325 2972/4900/5326 2970/4904/5324
f 2947/4899/5325 2949/4895/5327 2974/4892/5328 2972/4900/5326
f 2949/4895/5327 2951/4896/5329 2976/4893/5330 2974/4892/5328
f 2951/4896/5329 2953/4897/5331 2978/4898/5332 2976/4893/5330
f 2953/4897/5331 2955/4901/5333 2980/4902/5334 2978/4898/5332
f 2957/4909/5335 2935/4913/5313 2960/4914/5316 2982/4910/5336
f 2955/4901/5333 2959/4905/5337 2984/4906/5338 2980/4902/5334
f 2959/4905/5337 2957/4909/5335 2982/4910/5336 2984/4906/5338
s 5
f 2922/4794/5339 2921/4795/5340 2961/4796/5341 2963/4797/5342
f 2921/4795/5340 2932/4798/5343 2983/4799/5344 2961/4796/5341
s off
f 2932/4844/5345 2933/4845/5346 2985/4846/5347 2983/4847/5348
s 5
f 2933/4809/5349 2931/4810/5350 2981/4811/5351 2985/4812/5352
f 2931/4810/5350 2930/4813/5353 2979/4814/5354 2981/4811/5351
f 2930/4813/5353 2929/4817/5355 2977/4818/5356 2979/4814/5354
f 2929/4817/5355 2928/4820/5357 2975/4821/5358 2977/4818/5356
f 2928/4850/5357 2927/4851/5359 2973/4852/5360 2975/4853/5358
f 2927/4851/5359 2926/4854/5361 2971/4855/5362 2973/4852/5360
f 2926/4854/5361 2925/4858/5363 2969/4859/5364 2971/4855/5362
f 2925/4858/5363 2924/4861/5365 2967/4862/5366 2969/4859/5364
f 2924/4806/5365 2923/4802/5367 2965/4803/5368 2967/4807/5366
f 2923/4802/5367 2922/4794/5339 2963/4797/5342 2965/4803/5368
